seed,clients_by,training_mode,round,model,client_id,client_train_count,client_val_count,client_test_normal_count,fault_audit_count,decision_policy,p50,p90,p95,p99,roc_auc,pr_auc,precision,recall,f1,false_alarm_rate,miss_rate,uncertain_rate,mean_health_normal,mean_health_fault,health_gap,tn,fp,fn,tp
42,bearing,local-only,10,cnn-ae,K001,172,37,36,1956,hard_val_p95,1.0035855770111084,1.0055976867675782,1.0060633420944214,1.0064111471176147,0.49705322653942285,0.9828428036571997,1.0,0.034764826175869123,0.06719367588932806,0.0,0.9652351738241309,0.03614457831325301,0.07088207961389704,0.0910887142036987,0.020206634589801653,36,0,1888,68
42,bearing,local-only,10,cnn-ae,K001,172,37,36,1956,fuzzy_warning_as_alarm_hi50,1.0035855770111084,1.0055976867675782,1.0060633420944214,1.0064111471176147,0.49705322653942285,0.9828428036571997,1.0,0.034764826175869123,0.06719367588932806,0.0,0.9652351738241309,0.03614457831325301,0.07088207961389704,0.0910887142036987,0.020206634589801653,36,0,1888,68
42,bearing,local-only,10,cnn-ae,K001,172,37,36,1956,fuzzy_fault_only_hi75,1.0035855770111084,1.0055976867675782,1.0060633420944214,1.0064111471176147,0.49705322653942285,0.9828428036571997,1.0,0.027607361963190184,0.05373134328358209,0.0,0.9723926380368099,0.03614457831325301,0.07088207961389704,0.0910887142036987,0.020206634589801653,36,0,1902,54
42,bearing,local-only,10,cnn-ae,K002,172,37,36,1956,hard_val_p95,1.0012497901916504,1.0068542957305908,1.0085601806640625,1.0134482383728027,0.44437343785503297,0.9779545885022307,0.9703703703703703,0.06697341513292433,0.125298900047824,0.1111111111111111,0.9330265848670757,0.058734939759036146,0.14842731227924044,0.09706577651938614,-0.051361535759854304,32,4,1825,131
42,bearing,local-only,10,cnn-ae,K002,172,37,36,1956,fuzzy_warning_as_alarm_hi50,1.0012497901916504,1.0068542957305908,1.0085601806640625,1.0134482383728027,0.44437343785503297,0.9779545885022307,0.9703703703703703,0.06697341513292433,0.125298900047824,0.1111111111111111,0.9330265848670757,0.058734939759036146,0.14842731227924044,0.09706577651938614,-0.051361535759854304,32,4,1825,131
42,bearing,local-only,10,cnn-ae,K002,172,37,36,1956,fuzzy_fault_only_hi75,1.0012497901916504,1.0068542957305908,1.0085601806640625,1.0134482383728027,0.44437343785503297,0.9779545885022307,0.9722222222222222,0.03578732106339468,0.06903353057199212,0.05555555555555555,0.9642126789366053,0.058734939759036146,0.14842731227924044,0.09706577651938614,-0.051361535759854304,34,2,1886,70
42,bearing,local-only,10,cnn-ae,K003,172,37,37,1956,hard_val_p95,1.0038642883300781,1.0054959297180175,1.0061108112335204,1.0069592380523682,0.4085212513126623,0.9742263520795628,0.9344262295081968,0.029141104294478526,0.05651958353991076,0.10810810810810811,0.9708588957055214,0.04565980933266432,0.15460619332494127,0.07436136670621418,-0.08024482661872709,33,4,1899,57
42,bearing,local-only,10,cnn-ae,K003,172,37,37,1956,fuzzy_warning_as_alarm_hi50,1.0038642883300781,1.0054959297180175,1.0061108112335204,1.0069592380523682,0.4085212513126623,0.9742263520795628,0.9344262295081968,0.029141104294478526,0.05651958353991076,0.10810810810810811,0.9708588957055214,0.04565980933266432,0.15460619332494127,0.07436136670621418,-0.08024482661872709,33,4,1899,57
42,bearing,local-only,10,cnn-ae,K003,172,37,37,1956,fuzzy_fault_only_hi75,1.0038642883300781,1.0054959297180175,1.0061108112335204,1.0069592380523682,0.4085212513126623,0.9742263520795628,0.9166666666666666,0.01687116564417178,0.03313253012048193,0.08108108108108109,0.9831288343558282,0.04565980933266432,0.15460619332494127,0.07436136670621418,-0.08024482661872709,34,3,1923,33
42,bearing,local-only,10,cnn-ae,K004,171,37,36,1956,hard_val_p95,1.0016993284225464,1.0025067806243897,1.0031069278717042,1.0043242740631104,0.45694160418086804,0.9791887750098909,0.967948717948718,0.07719836400817996,0.14299242424242425,0.1388888888888889,0.9228016359918201,0.09387550200803213,0.14832511984685964,0.10338334109051275,-0.04494177875634689,31,5,1805,151
42,bearing,local-only,10,cnn-ae,K004,171,37,36,1956,fuzzy_warning_as_alarm_hi50,1.0016993284225464,1.0025067806243897,1.0031069278717042,1.0043242740631104,0.45694160418086804,0.9791887750098909,0.967948717948718,0.07719836400817996,0.14299242424242425,0.1388888888888889,0.9228016359918201,0.09387550200803213,0.14832511984685964,0.10338334109051275,-0.04494177875634689,31,5,1805,151
42,bearing,local-only,10,cnn-ae,K004,171,37,36,1956,fuzzy_fault_only_hi75,1.0016993284225464,1.0025067806243897,1.0031069278717042,1.0043242740631104,0.45694160418086804,0.9791887750098909,0.9701492537313433,0.033231083844580775,0.06426099851705389,0.05555555555555555,0.9667689161554193,0.09387550200803213,0.14832511984685964,0.10338334109051275,-0.04494177875634689,34,2,1891,65
42,bearing,local-only,10,cnn-ae,K005,172,37,36,1956,hard_val_p95,1.0008184909820557,1.0116329908370971,1.013269853591919,1.020529375076294,0.5978612815269257,0.9851676057636406,0.9878934624697336,0.2085889570552147,0.344449134655973,0.1388888888888889,0.7914110429447853,0.06375502008032129,0.1875112963914917,0.244935992316804,0.0574246959253123,31,5,1548,408
42,bearing,local-only,10,cnn-ae,K005,172,37,36,1956,fuzzy_warning_as_alarm_hi50,1.0008184909820557,1.0116329908370971,1.013269853591919,1.020529375076294,0.5978612815269257,0.9851676057636406,0.9878934624697336,0.2085889570552147,0.344449134655973,0.1388888888888889,0.7914110429447853,0.06375502008032129,0.1875112963914917,0.244935992316804,0.0574246959253123,31,5,1548,408
42,bearing,local-only,10,cnn-ae,K005,172,37,36,1956,fuzzy_fault_only_hi75,1.0008184909820557,1.0116329908370971,1.013269853591919,1.020529375076294,0.5978612815269257,0.9851676057636406,0.9845201238390093,0.16257668711656442,0.27906976744186046,0.1388888888888889,0.8374233128834356,0.06375502008032129,0.1875112963914917,0.244935992316804,0.0574246959253123,31,5,1638,318
42,bearing,local-only,10,cnn-ae,K006,171,37,36,1956,hard_val_p95,1.0041556358337402,1.0058966398239135,1.00649995803833,1.0071929359436036,0.45360429447852757,0.9785795372744153,0.9655172413793104,0.014314928425357873,0.028211586901763223,0.027777777777777776,0.9856850715746421,0.0356425702811245,0.08581017020937615,0.059072589068341105,-0.02673758114103504,35,1,1928,28
42,bearing,local-only,10,cnn-ae,K006,171,37,36,1956,fuzzy_warning_as_alarm_hi50,1.0041556358337402,1.0058966398239135,1.00649995803833,1.0071929359436036,0.45360429447852757,0.9785795372744153,0.9655172413793104,0.014314928425357873,0.028211586901763223,0.027777777777777776,0.9856850715746421,0.0356425702811245,0.08581017020937615,0.059072589068341105,-0.02673758114103504,35,1,1928,28
42,bearing,local-only,10,cnn-ae,K006,171,37,36,1956,fuzzy_fault_only_hi75,1.0041556358337402,1.0058966398239135,1.00649995803833,1.0071929359436036,0.45360429447852757,0.9785795372744153,1.0,0.007157464212678937,0.014213197969543147,0.0,0.9928425357873211,0.0356425702811245,0.08581017020937615,0.059072589068341105,-0.02673758114103504,36,0,1942,14
42,bearing,centralized,20,cnn-ae,K001,172,37,36,1956,hard_val_p95,1.001662254333496,1.0247388362884522,1.027163529396057,1.0281552934646607,0.3695892978868439,0.9630447442468546,0.4,0.0010224948875255625,0.002039775624681285,0.08333333333333333,0.9989775051124744,0.001004016064257028,0.14567973454446934,0.01819061429888622,-0.12748912024558312,33,3,1954,2
42,bearing,centralized,20,cnn-ae,K001,172,37,36,1956,fuzzy_warning_as_alarm_hi50,1.001662254333496,1.0247388362884522,1.027163529396057,1.0281552934646607,0.3695892978868439,0.9630447442468546,0.4,0.0010224948875255625,0.002039775624681285,0.08333333333333333,0.9989775051124744,0.001004016064257028,0.14567973454446934,0.01819061429888622,-0.12748912024558312,33,3,1954,2
42,bearing,centralized,20,cnn-ae,K001,172,37,36,1956,fuzzy_fault_only_hi75,1.001662254333496,1.0247388362884522,1.027163529396057,1.0281552934646607,0.3695892978868439,0.9630447442468546,0.4,0.0010224948875255625,0.002039775624681285,0.08333333333333333,0.9989775051124744,0.001004016064257028,0.14567973454446934,0.01819061429888622,-0.12748912024558312,33,3,1954,2
42,bearing,centralized,20,cnn-ae,K002,172,37,36,1956,hard_val_p95,1.000095248222351,1.0060131549835205,1.008162760734558,1.0110000562667847,0.4686008861622359,0.9796272855005467,0.9745762711864406,0.058793456032719835,0.11089681774349083,0.08333333333333333,0.9412065439672802,0.045180722891566265,0.11942987551148139,0.09263820409217453,-0.026791671419306856,33,3,1841,115
42,bearing,centralized,20,cnn-ae,K002,172,37,36,1956,fuzzy_warning_as_alarm_hi50,1.000095248222351,1.0060131549835205,1.008162760734558,1.0110000562667847,0.4686008861622359,0.9796272855005467,0.9745762711864406,0.058793456032719835,0.11089681774349083,0.08333333333333333,0.9412065439672802,0.045180722891566265,0.11942987551148139,0.09263820409217453,-0.026791671419306856,33,3,1841,115
42,bearing,centralized,20,cnn-ae,K002,172,37,36,1956,fuzzy_fault_only_hi75,1.000095248222351,1.0060131549835205,1.008162760734558,1.0110000562667847,0.4686008861622359,0.9796272855005467,0.9642857142857143,0.04141104294478527,0.07941176470588235,0.08333333333333333,0.9585889570552147,0.045180722891566265,0.11942987551148139,0.09263820409217453,-0.026791671419306856,33,3,1875,81
42,bearing,centralized,20,cnn-ae,K003,172,37,37,1956,hard_val_p95,1.0019865036010742,1.0232219696044922,1.0288974523544312,1.036727843284607,0.3115638644779749,0.9647886901063067,0.3333333333333333,0.0010224948875255625,0.0020387359836901123,0.10810810810810811,0.9989775051124744,0.0035122930255895636,0.1321830075322203,0.016046354303824967,-0.11613665322839532,33,4,1954,2
42,bearing,centralized,20,cnn-ae,K003,172,37,37,1956,fuzzy_warning_as_alarm_hi50,1.0019865036010742,1.0232219696044922,1.0288974523544312,1.036727843284607,0.3115638644779749,0.9647886901063067,0.3333333333333333,0.0010224948875255625,0.0020387359836901123,0.10810810810810811,0.9989775051124744,0.0035122930255895636,0.1321830075322203,0.016046354303824967,-0.11613665322839532,33,4,1954,2
42,bearing,centralized,20,cnn-ae,K003,172,37,37,1956,fuzzy_fault_only_hi75,1.0019865036010742,1.0232219696044922,1.0288974523544312,1.036727843284607,0.3115638644779749,0.9647886901063067,0.5,0.0005112474437627812,0.0010214504596527069,0.02702702702702703,0.9994887525562373,0.0035122930255895636,0.1321830075322203,0.016046354303824967,-0.11613665322839532,36,1,1955,1
42,bearing,centralized,20,cnn-ae,K004,171,37,36,1956,hard_val_p95,1.0000734329223633,1.0005834341049193,1.0010533571243285,1.0014937829971313,0.6459327425585095,0.9896794796858372,1.0,0.3001022494887526,0.46165945733385766,0.0,0.6998977505112475,0.03463855421686747,0.051295871313051966,0.3155675105020075,0.2642716391889555,36,0,1369,587
42,bearing,centralized,20,cnn-ae,K004,171,37,36,1956,fuzzy_warning_as_alarm_hi50,1.0000734329223633,1.0005834341049193,1.0010533571243285,1.0014937829971313,0.6459327425585095,0.9896794796858372,1.0,0.3001022494887526,0.46165945733385766,0.0,0.6998977505112475,0.03463855421686747,0.051295871313051966,0.3155675105020075,0.2642716391889555,36,0,1369,587
42,bearing,centralized,20,cnn-ae,K004,171,37,36,1956,fuzzy_fault_only_hi75,1.0000734329223633,1.0005834341049193,1.0010533571243285,1.0014937829971313,0.6459327425585095,0.9896794796858372,1.0,0.2888548057259714,0.44823482744942483,0.0,0.7111451942740287,0.03463855421686747,0.051295871313051966,0.3155675105020075,0.2642716391889555,36,0,1391,565
42,bearing,centralized,20,cnn-ae,K005,172,37,36,1956,hard_val_p95,1.0000218152999878,1.0001342296600342,1.000173854827881,1.0003209495544434,0.7061037264258122,0.9917165866475769,0.9963547995139733,0.41922290388548056,0.5901403382511695,0.08333333333333333,0.5807770961145194,0.058734939759036146,0.09554430754371933,0.43667807242471246,0.3411337648809931,33,3,1136,820
42,bearing,centralized,20,cnn-ae,K005,172,37,36,1956,fuzzy_warning_as_alarm_hi50,1.0000218152999878,1.0001342296600342,1.000173854827881,1.0003209495544434,0.7061037264258122,0.9917165866475769,0.9963547995139733,0.41922290388548056,0.5901403382511695,0.08333333333333333,0.5807770961145194,0.058734939759036146,0.09554430754371933,0.43667807242471246,0.3411337648809931,33,3,1136,820
42,bearing,centralized,20,cnn-ae,K005,172,37,36,1956,fuzzy_fault_only_hi75,1.0000218152999878,1.0001342296600342,1.000173854827881,1.0003209495544434,0.7061037264258122,0.9917165866475769,0.9973509933774835,0.38496932515337423,0.5555145702692733,0.05555555555555555,0.6150306748466258,0.058734939759036146,0.09554430754371933,0.43667807242471246,0.3411337648809931,34,2,1203,753
42,bearing,centralized,20,cnn-ae,K006,171,37,36,1956,hard_val_p95,1.0009922981262207,1.0217931270599365,1.0257311820983888,1.0303100776672363,0.31954385366962057,0.9696722480061719,0.6666666666666666,0.0010224948875255625,0.002041858090862685,0.027777777777777776,0.9989775051124744,0.002008032128514056,0.08861512760936963,0.02165788290503252,-0.0669572447043371,35,1,1954,2
42,bearing,centralized,20,cnn-ae,K006,171,37,36,1956,fuzzy_warning_as_alarm_hi50,1.0009922981262207,1.0217931270599365,1.0257311820983888,1.0303100776672363,0.31954385366962057,0.9696722480061719,0.6666666666666666,0.0010224948875255625,0.002041858090862685,0.027777777777777776,0.9989775051124744,0.002008032128514056,0.08861512760936963,0.02165788290503252,-0.0669572447043371,35,1,1954,2
42,bearing,centralized,20,cnn-ae,K006,171,37,36,1956,fuzzy_fault_only_hi75,1.0009922981262207,1.0217931270599365,1.0257311820983888,1.0303100776672363,0.31954385366962057,0.9696722480061719,0.6666666666666666,0.0010224948875255625,0.002041858090862685,0.027777777777777776,0.9989775051124744,0.002008032128514056,0.08861512760936963,0.02165788290503252,-0.0669572447043371,35,1,1954,2
42,bearing,federated,1,cnn-ae,K001,172,37,36,1956,hard_val_p95,1.009519338607788,1.0109557390213013,1.0111753225326539,1.0116961812973022,0.4250241422403999,0.9761622184250758,0.9230769230769231,0.018404907975460124,0.03609022556390978,0.08333333333333333,0.9815950920245399,0.023092369477911646,0.11914062733500026,0.05252696287266786,-0.06661366446233241,33,3,1920,36
42,bearing,federated,1,cnn-ae,K001,172,37,36,1956,fuzzy_warning_as_alarm_hi50,1.009519338607788,1.0109557390213013,1.0111753225326539,1.0116961812973022,0.4250241422403999,0.9761622184250758,0.9230769230769231,0.018404907975460124,0.03609022556390978,0.08333333333333333,0.9815950920245399,0.023092369477911646,0.11914062733500026,0.05252696287266786,-0.06661366446233241,33,3,1920,36
42,bearing,federated,1,cnn-ae,K001,172,37,36,1956,fuzzy_fault_only_hi75,1.009519338607788,1.0109557390213013,1.0111753225326539,1.0116961812973022,0.4250241422403999,0.9761622184250758,0.9130434782608695,0.010736196319018405,0.021222839818089943,0.05555555555555555,0.9892638036809815,0.023092369477911646,0.11914062733500026,0.05252696287266786,-0.06661366446233241,34,2,1935,21
42,bearing,federated,1,cnn-ae,K002,172,37,36,1956,hard_val_p95,1.0092673301696777,1.0105087757110596,1.010697889328003,1.0109065532684327,0.41910219268348103,0.976548354821288,0.9655172413793104,0.05725971370143149,0.10810810810810811,0.1111111111111111,0.9427402862985685,0.033634538152610444,0.17075400652358524,0.10191122468969933,-0.06884278183388591,32,4,1844,112
42,bearing,federated,1,cnn-ae,K002,172,37,36,1956,fuzzy_warning_as_alarm_hi50,1.0092673301696777,1.0105087757110596,1.010697889328003,1.0109065532684327,0.41910219268348103,0.976548354821288,0.9655172413793104,0.05725971370143149,0.10810810810810811,0.1111111111111111,0.9427402862985685,0.033634538152610444,0.17075400652358524,0.10191122468969933,-0.06884278183388591,32,4,1844,112
42,bearing,federated,1,cnn-ae,K002,172,37,36,1956,fuzzy_fault_only_hi75,1.0092673301696777,1.0105087757110596,1.010697889328003,1.0109065532684327,0.41910219268348103,0.976548354821288,0.9787234042553191,0.04703476482617587,0.0897560975609756,0.05555555555555555,0.9529652351738241,0.033634538152610444,0.17075400652358524,0.10191122468969933,-0.06884278183388591,34,2,1864,92
42,bearing,federated,1,cnn-ae,K003,172,37,37,1956,hard_val_p95,1.0093880891799927,1.0109677076339723,1.0110941410064698,1.0114537143707276,0.43963825788979166,0.9740645810422957,0.9411764705882353,0.024539877300613498,0.04783258594917788,0.08108108108108109,0.9754601226993865,0.019066733567486203,0.1392400783043141,0.06318782511631278,-0.07605225318800131,34,3,1908,48
42,bearing,federated,1,cnn-ae,K003,172,37,37,1956,fuzzy_warning_as_alarm_hi50,1.0093880891799927,1.0109677076339723,1.0110941410064698,1.0114537143707276,0.43963825788979166,0.9740645810422957,0.9411764705882353,0.024539877300613498,0.04783258594917788,0.08108108108108109,0.9754601226993865,0.019066733567486203,0.1392400783043141,0.06318782511631278,-0.07605225318800131,34,3,1908,48
42,bearing,federated,1,cnn-ae,K003,172,37,37,1956,fuzzy_fault_only_hi75,1.0093880891799927,1.0109677076339723,1.0110941410064698,1.0114537143707276,0.43963825788979166,0.9740645810422957,0.90625,0.014826175869120654,0.029175050301810865,0.08108108108108109,0.9851738241308794,0.019066733567486203,0.1392400783043141,0.06318782511631278,-0.07605225318800131,34,3,1927,29
42,bearing,federated,1,cnn-ae,K004,171,37,36,1956,hard_val_p95,1.0091273784637451,1.0099675178527832,1.010464859008789,1.0108438873291015,0.5476738241308794,0.9850989765938591,0.9940828402366864,0.08588957055214724,0.15811764705882353,0.027777777777777776,0.9141104294478528,0.08333333333333333,0.08549267130957562,0.13679742392628894,0.051304752616713314,35,1,1788,168
42,bearing,federated,1,cnn-ae,K004,171,37,36,1956,fuzzy_warning_as_alarm_hi50,1.0091273784637451,1.0099675178527832,1.010464859008789,1.0108438873291015,0.5476738241308794,0.9850989765938591,0.9940828402366864,0.08588957055214724,0.15811764705882353,0.027777777777777776,0.9141104294478528,0.08333333333333333,0.08549267130957562,0.13679742392628894,0.051304752616713314,35,1,1788,168
42,bearing,federated,1,cnn-ae,K004,171,37,36,1956,fuzzy_fault_only_hi75,1.0091273784637451,1.0099675178527832,1.010464859008789,1.0108438873291015,0.5476738241308794,0.9850989765938591,0.9919354838709677,0.06288343558282208,0.11826923076923077,0.027777777777777776,0.9371165644171779,0.08333333333333333,0.08549267130957562,0.13679742392628894,0.051304752616713314,35,1,1833,123
42,bearing,federated,1,cnn-ae,K005,172,37,36,1956,hard_val_p95,1.0089690685272217,1.0103459358215332,1.010815477371216,1.0112053394317626,0.49808282208588955,0.9828974169125013,0.989010989010989,0.046012269938650305,0.08793356130923302,0.027777777777777776,0.9539877300613497,0.0572289156626506,0.0903524485255698,0.10768192211686738,0.01732947359129758,35,1,1866,90
42,bearing,federated,1,cnn-ae,K005,172,37,36,1956,fuzzy_warning_as_alarm_hi50,1.0089690685272217,1.0103459358215332,1.010815477371216,1.0112053394317626,0.49808282208588955,0.9828974169125013,0.989010989010989,0.046012269938650305,0.08793356130923302,0.027777777777777776,0.9539877300613497,0.0572289156626506,0.0903524485255698,0.10768192211686738,0.01732947359129758,35,1,1866,90
42,bearing,federated,1,cnn-ae,K005,172,37,36,1956,fuzzy_fault_only_hi75,1.0089690685272217,1.0103459358215332,1.010815477371216,1.0112053394317626,0.49808282208588955,0.9828974169125013,0.9838709677419355,0.031186094069529654,0.06045589692765114,0.027777777777777776,0.9688139059304703,0.0572289156626506,0.0903524485255698,0.10768192211686738,0.01732947359129758,35,1,1895,61
42,bearing,federated,1,cnn-ae,K006,171,37,36,1956,hard_val_p95,1.0091097354888916,1.0105276584625245,1.0113147497177124,1.011715064048767,0.39204158145875934,0.9724530916356409,0.90625,0.014826175869120654,0.029175050301810865,0.08333333333333333,0.9851738241308794,0.045180722891566265,0.16544873443075878,0.07052000520093711,-0.09492872922982167,33,3,1927,29
42,bearing,federated,1,cnn-ae,K006,171,37,36,1956,fuzzy_warning_as_alarm_hi50,1.0091097354888916,1.0105276584625245,1.0113147497177124,1.011715064048767,0.39204158145875934,0.9724530916356409,0.90625,0.014826175869120654,0.029175050301810865,0.08333333333333333,0.9851738241308794,0.045180722891566265,0.16544873443075878,0.07052000520093711,-0.09492872922982167,33,3,1927,29
42,bearing,federated,1,cnn-ae,K006,171,37,36,1956,fuzzy_fault_only_hi75,1.0091097354888916,1.0105276584625245,1.0113147497177124,1.011715064048767,0.39204158145875934,0.9724530916356409,0.8333333333333334,0.007668711656441718,0.015197568389057751,0.08333333333333333,0.9923312883435583,0.045180722891566265,0.16544873443075878,0.07052000520093711,-0.09492872922982167,33,3,1941,15
42,bearing,federated,2,cnn-ae,K001,172,37,36,1956,hard_val_p95,1.0450009107589722,1.058550477027893,1.0608434438705445,1.0632358884811401,0.4108725289706885,0.9774884501258614,1.0,0.007668711656441718,0.015220700152207,0.0,0.9923312883435583,0.01857429718875502,0.07500563531871532,0.04141814456585269,-0.03358749075286263,36,0,1941,15
42,bearing,federated,2,cnn-ae,K001,172,37,36,1956,fuzzy_warning_as_alarm_hi50,1.0450009107589722,1.058550477027893,1.0608434438705445,1.0632358884811401,0.4108725289706885,0.9774884501258614,1.0,0.007668711656441718,0.015220700152207,0.0,0.9923312883435583,0.01857429718875502,0.07500563531871532,0.04141814456585269,-0.03358749075286263,36,0,1941,15
42,bearing,federated,2,cnn-ae,K001,172,37,36,1956,fuzzy_fault_only_hi75,1.0450009107589722,1.058550477027893,1.0608434438705445,1.0632358884811401,0.4108725289706885,0.9774884501258614,1.0,0.00408997955010225,0.008146639511201629,0.0,0.9959100204498977,0.01857429718875502,0.07500563531871532,0.04141814456585269,-0.03358749075286263,36,0,1948,8
42,bearing,federated,2,cnn-ae,K002,172,37,36,1956,hard_val_p95,1.035885214805603,1.0506418704986573,1.0580270290374756,1.05870343208313,0.41929391047489206,0.9781206905627577,0.9622641509433962,0.02607361963190184,0.0507715281234445,0.05555555555555555,0.9739263803680982,0.07580321285140562,0.1470225385172813,0.09764640930550456,-0.049376129211776754,34,2,1905,51
42,bearing,federated,2,cnn-ae,K002,172,37,36,1956,fuzzy_warning_as_alarm_hi50,1.035885214805603,1.0506418704986573,1.0580270290374756,1.05870343208313,0.41929391047489206,0.9781206905627577,0.9622641509433962,0.02607361963190184,0.0507715281234445,0.05555555555555555,0.9739263803680982,0.07580321285140562,0.1470225385172813,0.09764640930550456,-0.049376129211776754,34,2,1905,51
42,bearing,federated,2,cnn-ae,K002,172,37,36,1956,fuzzy_fault_only_hi75,1.035885214805603,1.0506418704986573,1.0580270290374756,1.05870343208313,0.41929391047489206,0.9781206905627577,0.96,0.024539877300613498,0.047856430707876374,0.05555555555555555,0.9754601226993865,0.07580321285140562,0.1470225385172813,0.09764640930550456,-0.049376129211776754,34,2,1908,48
42,bearing,federated,2,cnn-ae,K003,172,37,37,1956,hard_val_p95,1.046109914779663,1.0563069343566895,1.0607193946838378,1.065526580810547,0.36820869949704305,0.9764086324753454,0.9411764705882353,0.0081799591002045,0.016218955904713634,0.02702702702702703,0.9918200408997955,0.030105368790767688,0.08197320679886427,0.03888326349167817,-0.0430899433071861,36,1,1940,16
42,bearing,federated,2,cnn-ae,K003,172,37,37,1956,fuzzy_warning_as_alarm_hi50,1.046109914779663,1.0563069343566895,1.0607193946838378,1.065526580810547,0.36820869949704305,0.9764086324753454,0.9411764705882353,0.0081799591002045,0.016218955904713634,0.02702702702702703,0.9918200408997955,0.030105368790767688,0.08197320679886427,0.03888326349167817,-0.0430899433071861,36,1,1940,16
42,bearing,federated,2,cnn-ae,K003,172,37,37,1956,fuzzy_fault_only_hi75,1.046109914779663,1.0563069343566895,1.0607193946838378,1.065526580810547,0.36820869949704305,0.9764086324753454,1.0,0.002044989775051125,0.004081632653061225,0.0,0.9979550102249489,0.030105368790767688,0.08197320679886427,0.03888326349167817,-0.0430899433071861,37,0,1952,4
42,bearing,federated,2,cnn-ae,K004,171,37,36,1956,hard_val_p95,1.0319089889526367,1.042497730255127,1.0443816661834717,1.0467426204681396,0.6296580322653942,0.9898111923615558,0.998220640569395,0.28680981595092025,0.4455917394757744,0.027777777777777776,0.7131901840490797,0.06526104417670683,0.08465726391908278,0.3234889229340331,0.2388316590149503,35,1,1395,561
42,bearing,federated,2,cnn-ae,K004,171,37,36,1956,fuzzy_warning_as_alarm_hi50,1.0319089889526367,1.042497730255127,1.0443816661834717,1.0467426204681396,0.6296580322653942,0.9898111923615558,0.998220640569395,0.28680981595092025,0.4455917394757744,0.027777777777777776,0.7131901840490797,0.06526104417670683,0.08465726391908278,0.3234889229340331,0.2388316590149503,35,1,1395,561
42,bearing,federated,2,cnn-ae,K004,171,37,36,1956,fuzzy_fault_only_hi75,1.0319089889526367,1.042497730255127,1.0443816661834717,1.0467426204681396,0.6296580322653942,0.9898111923615558,1.0,0.25920245398773006,0.41169305724725946,0.0,0.74079754601227,0.06526104417670683,0.08465726391908278,0.3234889229340331,0.2388316590149503,36,0,1449,507
42,bearing,federated,2,cnn-ae,K005,172,37,36,1956,hard_val_p95,1.0299570560455322,1.0359288215637208,1.040083122253418,1.0440807342529297,0.7127641445126108,0.9920237007688352,0.9972527472527473,0.37116564417177916,0.5409836065573771,0.05555555555555555,0.6288343558282209,0.09738955823293173,0.10377650777817288,0.41108024862184056,0.3073037408436677,34,2,1230,726
42,bearing,federated,2,cnn-ae,K005,172,37,36,1956,fuzzy_warning_as_alarm_hi50,1.0299570560455322,1.0359288215637208,1.040083122253418,1.0440807342529297,0.7127641445126108,0.9920237007688352,0.9972527472527473,0.37116564417177916,0.5409836065573771,0.05555555555555555,0.6288343558282209,0.09738955823293173,0.10377650777817288,0.41108024862184056,0.3073037408436677,34,2,1230,726
42,bearing,federated,2,cnn-ae,K005,172,37,36,1956,fuzzy_fault_only_hi75,1.0299570560455322,1.0359288215637208,1.040083122253418,1.0440807342529297,0.7127641445126108,0.9920237007688352,0.996969696969697,0.33640081799591004,0.5030581039755352,0.05555555555555555,0.66359918200409,0.09738955823293173,0.10377650777817288,0.41108024862184056,0.3073037408436677,34,2,1298,658
42,bearing,federated,2,cnn-ae,K006,171,37,36,1956,hard_val_p95,1.0439894199371338,1.0507051944732666,1.0513927459716796,1.053718433380127,0.36499517155191996,0.9770074122504888,0.9676113360323887,0.1221881390593047,0.21697684975034046,0.2222222222222222,0.8778118609406953,0.0426706827309237,0.25538308905781354,0.13928669818150283,-0.11609639087631071,28,8,1717,239
42,bearing,federated,2,cnn-ae,K006,171,37,36,1956,fuzzy_warning_as_alarm_hi50,1.0439894199371338,1.0507051944732666,1.0513927459716796,1.053718433380127,0.36499517155191996,0.9770074122504888,0.9676113360323887,0.1221881390593047,0.21697684975034046,0.2222222222222222,0.8778118609406953,0.0426706827309237,0.25538308905781354,0.13928669818150283,-0.11609639087631071,28,8,1717,239
42,bearing,federated,2,cnn-ae,K006,171,37,36,1956,fuzzy_fault_only_hi75,1.0439894199371338,1.0507051944732666,1.0513927459716796,1.053718433380127,0.36499517155191996,0.9770074122504888,0.9646464646464646,0.09764826175869121,0.17734447539461468,0.19444444444444445,0.9023517382413088,0.0426706827309237,0.25538308905781354,0.13928669818150283,-0.11609639087631071,29,7,1765,191
42,bearing,federated,3,cnn-ae,K001,172,37,36,1956,hard_val_p95,1.0382583141326904,1.0754504203796387,1.0775740623474122,1.0837158393859863,0.382398886616678,0.9705561128555682,0.5,0.0005112474437627812,0.0010214504596527069,0.027777777777777776,0.9994887525562373,0.0015060240963855422,0.07834467545016228,0.022726742595224992,-0.055617932854937296,35,1,1955,1
42,bearing,federated,3,cnn-ae,K001,172,37,36,1956,fuzzy_warning_as_alarm_hi50,1.0382583141326904,1.0754504203796387,1.0775740623474122,1.0837158393859863,0.382398886616678,0.9705561128555682,0.5,0.0005112474437627812,0.0010214504596527069,0.027777777777777776,0.9994887525562373,0.0015060240963855422,0.07834467545016228,0.022726742595224992,-0.055617932854937296,35,1,1955,1
42,bearing,federated,3,cnn-ae,K001,172,37,36,1956,fuzzy_fault_only_hi75,1.0382583141326904,1.0754504203796387,1.0775740623474122,1.0837158393859863,0.382398886616678,0.9705561128555682,0.0,0.0,0.0,0.027777777777777776,1.0,0.0015060240963855422,0.07834467545016228,0.022726742595224992,-0.055617932854937296,35,1,1956,0
42,bearing,federated,3,cnn-ae,K002,172,37,36,1956,hard_val_p95,1.0148952007293701,1.0477765560150147,1.054053497314453,1.0635168647766113,0.42650817995910023,0.9798738528035622,0.9787234042553191,0.04703476482617587,0.0897560975609756,0.05555555555555555,0.9529652351738241,0.0788152610441767,0.1167735753886088,0.10511133818991229,-0.01166223719869651,34,2,1864,92
42,bearing,federated,3,cnn-ae,K002,172,37,36,1956,fuzzy_warning_as_alarm_hi50,1.0148952007293701,1.0477765560150147,1.054053497314453,1.0635168647766113,0.42650817995910023,0.9798738528035622,0.9787234042553191,0.04703476482617587,0.0897560975609756,0.05555555555555555,0.9529652351738241,0.0788152610441767,0.1167735753886088,0.10511133818991229,-0.01166223719869651,34,2,1864,92
42,bearing,federated,3,cnn-ae,K002,172,37,36,1956,fuzzy_fault_only_hi75,1.0148952007293701,1.0477765560150147,1.054053497314453,1.0635168647766113,0.42650817995910023,0.9798738528035622,1.0,0.020961145194274028,0.041061592388582875,0.0,0.9790388548057259,0.0788152610441767,0.1167735753886088,0.10511133818991229,-0.01166223719869651,36,0,1915,41
42,bearing,federated,3,cnn-ae,K003,172,37,37,1956,hard_val_p95,1.037182092666626,1.0712618827819824,1.0746213674545289,1.0789664030075072,0.33149560603548334,0.9659754538874651,0.5,0.002044989775051125,0.004073319755600814,0.10810810810810811,0.9979550102249489,0.004014049172102358,0.13943499440872714,0.02661156244503398,-0.11282343196369315,33,4,1952,4
42,bearing,federated,3,cnn-ae,K003,172,37,37,1956,fuzzy_warning_as_alarm_hi50,1.037182092666626,1.0712618827819824,1.0746213674545289,1.0789664030075072,0.33149560603548334,0.9659754538874651,0.5,0.002044989775051125,0.004073319755600814,0.10810810810810811,0.9979550102249489,0.004014049172102358,0.13943499440872714,0.02661156244503398,-0.11282343196369315,33,4,1952,4
42,bearing,federated,3,cnn-ae,K003,172,37,37,1956,fuzzy_fault_only_hi75,1.037182092666626,1.0712618827819824,1.0746213674545289,1.0789664030075072,0.33149560603548334,0.9659754538874651,0.3333333333333333,0.0005112474437627812,0.0010209290454313426,0.05405405405405406,0.9994887525562373,0.004014049172102358,0.13943499440872714,0.02661156244503398,-0.11282343196369315,35,2,1955,1
42,bearing,federated,3,cnn-ae,K004,171,37,36,1956,hard_val_p95,1.009698510169983,1.0249600410461426,1.0280772209167481,1.0307275581359863,0.5914635878209498,0.9879210671007851,0.9939393939393939,0.33537832310838445,0.5015290519877675,0.1111111111111111,0.6646216768916156,0.03313253012048193,0.17096376467541086,0.3661998765175412,0.19523611184213036,32,4,1300,656
42,bearing,federated,3,cnn-ae,K004,171,37,36,1956,fuzzy_warning_as_alarm_hi50,1.009698510169983,1.0249600410461426,1.0280772209167481,1.0307275581359863,0.5914635878209498,0.9879210671007851,0.9939393939393939,0.33537832310838445,0.5015290519877675,0.1111111111111111,0.6646216768916156,0.03313253012048193,0.17096376467541086,0.3661998765175412,0.19523611184213036,32,4,1300,656
42,bearing,federated,3,cnn-ae,K004,171,37,36,1956,fuzzy_fault_only_hi75,1.009698510169983,1.0249600410461426,1.0280772209167481,1.0307275581359863,0.5914635878209498,0.9879210671007851,0.9937597503900156,0.32566462167689164,0.49056603773584906,0.1111111111111111,0.6743353783231084,0.03313253012048193,0.17096376467541086,0.3661998765175412,0.19523611184213036,32,4,1319,637
42,bearing,federated,3,cnn-ae,K005,172,37,36,1956,hard_val_p95,1.0075008869171143,1.017883825302124,1.0226361751556396,1.023362627029419,0.7296921154283118,0.9930809094317141,0.9986449864498645,0.37678936605316976,0.5471417965850037,0.027777777777777776,0.6232106339468303,0.028112449799196786,0.07450291731216771,0.42463068711436647,0.35012776980219873,35,1,1219,737
42,bearing,federated,3,cnn-ae,K005,172,37,36,1956,fuzzy_warning_as_alarm_hi50,1.0075008869171143,1.017883825302124,1.0226361751556396,1.023362627029419,0.7296921154283118,0.9930809094317141,0.9986449864498645,0.37678936605316976,0.5471417965850037,0.027777777777777776,0.6232106339468303,0.028112449799196786,0.07450291731216771,0.42463068711436647,0.35012776980219873,35,1,1219,737
42,bearing,federated,3,cnn-ae,K005,172,37,36,1956,fuzzy_fault_only_hi75,1.0075008869171143,1.017883825302124,1.0226361751556396,1.023362627029419,0.7296921154283118,0.9930809094317141,0.998639455782313,0.37525562372188137,0.5455221107395021,0.027777777777777776,0.6247443762781186,0.028112449799196786,0.07450291731216771,0.42463068711436647,0.35012776980219873,35,1,1222,734
42,bearing,federated,3,cnn-ae,K006,171,37,36,1956,hard_val_p95,1.0359930992126465,1.0546598434448242,1.058840012550354,1.0657261896133423,0.395343387866394,0.9731435813532221,0.8913043478260869,0.020961145194274028,0.04095904095904096,0.1388888888888889,0.9790388548057259,0.024096385542168676,0.17033613413469947,0.0529730457868828,-0.11736308834781667,31,5,1915,41
42,bearing,federated,3,cnn-ae,K006,171,37,36,1956,fuzzy_warning_as_alarm_hi50,1.0359930992126465,1.0546598434448242,1.058840012550354,1.0657261896133423,0.395343387866394,0.9731435813532221,0.8913043478260869,0.020961145194274028,0.04095904095904096,0.1388888888888889,0.9790388548057259,0.024096385542168676,0.17033613413469947,0.0529730457868828,-0.11736308834781667,31,5,1915,41
42,bearing,federated,3,cnn-ae,K006,171,37,36,1956,fuzzy_fault_only_hi75,1.0359930992126465,1.0546598434448242,1.058840012550354,1.0657261896133423,0.395343387866394,0.9731435813532221,0.90625,0.014826175869120654,0.029175050301810865,0.08333333333333333,0.9851738241308794,0.024096385542168676,0.17033613413469947,0.0529730457868828,-0.11736308834781667,33,3,1927,29
42,bearing,federated,4,cnn-ae,K001,172,37,36,1956,hard_val_p95,1.0014913082122803,1.052053451538086,1.0568939924240113,1.0631419897079468,0.41163229947739144,0.9759222662589502,0.0,0.0,0.0,0.0,1.0,0.0,0.026385614733673866,0.012660552886435514,-0.013725061847238353,36,0,1956,0
42,bearing,federated,4,cnn-ae,K001,172,37,36,1956,fuzzy_warning_as_alarm_hi50,1.0014913082122803,1.052053451538086,1.0568939924240113,1.0631419897079468,0.41163229947739144,0.9759222662589502,0.0,0.0,0.0,0.0,1.0,0.0,0.026385614733673866,0.012660552886435514,-0.013725061847238353,36,0,1956,0
42,bearing,federated,4,cnn-ae,K001,172,37,36,1956,fuzzy_fault_only_hi75,1.0014913082122803,1.052053451538086,1.0568939924240113,1.0631419897079468,0.41163229947739144,0.9759222662589502,0.0,0.0,0.0,0.0,1.0,0.0,0.026385614733673866,0.012660552886435514,-0.013725061847238353,36,0,1956,0
42,bearing,federated,4,cnn-ae,K002,172,37,36,1956,hard_val_p95,1.0010753870010376,1.0030773878097534,1.0136393070220946,1.0248816394805909,0.43740769143376507,0.9814915707282403,1.0,0.04550102249488753,0.08704156479217603,0.0,0.9544989775051125,0.06676706827309237,0.05978087415440661,0.07091414675793208,0.011133272603525465,36,0,1867,89
42,bearing,federated,4,cnn-ae,K002,172,37,36,1956,fuzzy_warning_as_alarm_hi50,1.0010753870010376,1.0030773878097534,1.0136393070220946,1.0248816394805909,0.43740769143376507,0.9814915707282403,1.0,0.04550102249488753,0.08704156479217603,0.0,0.9544989775051125,0.06676706827309237,0.05978087415440661,0.07091414675793208,0.011133272603525465,36,0,1867,89
42,bearing,federated,4,cnn-ae,K002,172,37,36,1956,fuzzy_fault_only_hi75,1.0010753870010376,1.0030773878097534,1.0136393070220946,1.0248816394805909,0.43740769143376507,0.9814915707282403,1.0,0.023517382413087935,0.04595404595404595,0.0,0.976482617586912,0.06676706827309237,0.05978087415440661,0.07091414675793208,0.011133272603525465,36,0,1910,46
42,bearing,federated,4,cnn-ae,K003,172,37,37,1956,hard_val_p95,1.0042567253112793,1.028606939315796,1.0438638687133788,1.0518872451782226,0.343192118498867,0.9680706789437323,0.4,0.0010224948875255625,0.002039775624681285,0.08108108108108109,0.9989775051124744,0.008028098344204716,0.12025881699881423,0.012462819579373532,-0.1077959974194407,34,3,1954,2
42,bearing,federated,4,cnn-ae,K003,172,37,37,1956,fuzzy_warning_as_alarm_hi50,1.0042567253112793,1.028606939315796,1.0438638687133788,1.0518872451782226,0.343192118498867,0.9680706789437323,0.4,0.0010224948875255625,0.002039775624681285,0.08108108108108109,0.9989775051124744,0.008028098344204716,0.12025881699881423,0.012462819579373532,-0.1077959974194407,34,3,1954,2
42,bearing,federated,4,cnn-ae,K003,172,37,37,1956,fuzzy_fault_only_hi75,1.0042567253112793,1.028606939315796,1.0438638687133788,1.0518872451782226,0.343192118498867,0.9680706789437323,0.0,0.0,0.0,0.05405405405405406,1.0,0.008028098344204716,0.12025881699881423,0.012462819579373532,-0.1077959974194407,35,2,1956,0
42,bearing,federated,4,cnn-ae,K004,171,37,36,1956,hard_val_p95,1.0009772777557373,1.0017293453216554,1.0026090621948243,1.0058360290527344,0.4894839241081573,0.9838162238662931,0.9868073878627969,0.19120654396728015,0.3203426124197002,0.1388888888888889,0.8087934560327198,0.07781124497991967,0.1637897037940926,0.21431787477284328,0.050528170978750675,31,5,1582,374
42,bearing,federated,4,cnn-ae,K004,171,37,36,1956,fuzzy_warning_as_alarm_hi50,1.0009772777557373,1.0017293453216554,1.0026090621948243,1.0058360290527344,0.4894839241081573,0.9838162238662931,0.9868073878627969,0.19120654396728015,0.3203426124197002,0.1388888888888889,0.8087934560327198,0.07781124497991967,0.1637897037940926,0.21431787477284328,0.050528170978750675,31,5,1582,374
42,bearing,federated,4,cnn-ae,K004,171,37,36,1956,fuzzy_fault_only_hi75,1.0009772777557373,1.0017293453216554,1.0026090621948243,1.0058360290527344,0.4894839241081573,0.9838162238662931,0.99,0.15184049079754602,0.2632978723404255,0.08333333333333333,0.848159509202454,0.07781124497991967,0.1637897037940926,0.21431787477284328,0.050528170978750675,33,3,1659,297
42,bearing,federated,4,cnn-ae,K005,172,37,36,1956,hard_val_p95,1.00075101852417,1.0014174938201905,1.0019294977188111,1.002045865058899,0.5584171211088389,0.9880753311896401,0.9978354978354979,0.23568507157464214,0.3813068651778329,0.027777777777777776,0.7643149284253579,0.06927710843373494,0.11402290192535632,0.2974605212576161,0.18343761933225977,35,1,1495,461
42,bearing,federated,4,cnn-ae,K005,172,37,36,1956,fuzzy_warning_as_alarm_hi50,1.00075101852417,1.0014174938201905,1.0019294977188111,1.002045865058899,0.5584171211088389,0.9880753311896401,0.9978354978354979,0.23568507157464214,0.3813068651778329,0.027777777777777776,0.7643149284253579,0.06927710843373494,0.11402290192535632,0.2974605212576161,0.18343761933225977,35,1,1495,461
42,bearing,federated,4,cnn-ae,K005,172,37,36,1956,fuzzy_fault_only_hi75,1.00075101852417,1.0014174938201905,1.0019294977188111,1.002045865058899,0.5584171211088389,0.9880753311896401,0.9977973568281938,0.23159509202453987,0.3759336099585062,0.027777777777777776,0.7684049079754601,0.06927710843373494,0.11402290192535632,0.2974605212576161,0.18343761933225977,35,1,1503,453
42,bearing,federated,4,cnn-ae,K006,171,37,36,1956,hard_val_p95,1.0015590190887451,1.0145243167877198,1.0197149753570556,1.030563383102417,0.3911753010679391,0.9749337516500893,0.9166666666666666,0.022494887525562373,0.043912175648702596,0.1111111111111111,0.9775051124744376,0.021586345381526106,0.12902833529590818,0.041845755616869464,-0.08718257967903872,32,4,1912,44
42,bearing,federated,4,cnn-ae,K006,171,37,36,1956,fuzzy_warning_as_alarm_hi50,1.0015590190887451,1.0145243167877198,1.0197149753570556,1.030563383102417,0.3911753010679391,0.9749337516500893,0.9166666666666666,0.022494887525562373,0.043912175648702596,0.1111111111111111,0.9775051124744376,0.021586345381526106,0.12902833529590818,0.041845755616869464,-0.08718257967903872,32,4,1912,44
42,bearing,federated,4,cnn-ae,K006,171,37,36,1956,fuzzy_fault_only_hi75,1.0015590190887451,1.0145243167877198,1.0197149753570556,1.030563383102417,0.3911753010679391,0.9749337516500893,0.8787878787878788,0.014826175869120654,0.029160382101558573,0.1111111111111111,0.9851738241308794,0.021586345381526106,0.12902833529590818,0.041845755616869464,-0.08718257967903872,32,4,1927,29
42,bearing,federated,5,cnn-ae,K001,172,37,36,1956,hard_val_p95,1.0114054679870605,1.1143611669540405,1.1208444356918335,1.1292821073532104,0.41144768234492163,0.978782881486745,0.0,0.0,0.0,0.027777777777777776,1.0,0.000502008032128514,0.03208309707775245,0.015771249224449807,-0.01631184785330264,35,1,1956,0
42,bearing,federated,5,cnn-ae,K001,172,37,36,1956,fuzzy_warning_as_alarm_hi50,1.0114054679870605,1.1143611669540405,1.1208444356918335,1.1292821073532104,0.41144768234492163,0.978782881486745,0.0,0.0,0.0,0.027777777777777776,1.0,0.000502008032128514,0.03208309707775245,0.015771249224449807,-0.01631184785330264,35,1,1956,0
42,bearing,federated,5,cnn-ae,K001,172,37,36,1956,fuzzy_fault_only_hi75,1.0114054679870605,1.1143611669540405,1.1208444356918335,1.1292821073532104,0.41144768234492163,0.978782881486745,0.0,0.0,0.0,0.0,1.0,0.000502008032128514,0.03208309707775245,0.015771249224449807,-0.01631184785330264,36,0,1956,0
42,bearing,federated,5,cnn-ae,K002,172,37,36,1956,hard_val_p95,1.00044846534729,1.012323522567749,1.0335309505462644,1.0558601093292237,0.43385026130424903,0.9818708571196478,0.9838709677419355,0.06237218813905931,0.11730769230769231,0.05555555555555555,0.9376278118609407,0.1320281124497992,0.0928933593491092,0.10566738460183776,0.012774025252728569,34,2,1834,122
42,bearing,federated,5,cnn-ae,K002,172,37,36,1956,fuzzy_warning_as_alarm_hi50,1.00044846534729,1.012323522567749,1.0335309505462644,1.0558601093292237,0.43385026130424903,0.9818708571196478,0.9838709677419355,0.06237218813905931,0.11730769230769231,0.05555555555555555,0.9376278118609407,0.1320281124497992,0.0928933593491092,0.10566738460183776,0.012774025252728569,34,2,1834,122
42,bearing,federated,5,cnn-ae,K002,172,37,36,1956,fuzzy_fault_only_hi75,1.00044846534729,1.012323522567749,1.0335309505462644,1.0558601093292237,0.43385026130424903,0.9818708571196478,1.0,0.033231083844580775,0.06432459178624443,0.0,0.9667689161554193,0.1320281124497992,0.0928933593491092,0.10566738460183776,0.012774025252728569,36,0,1891,65
42,bearing,federated,5,cnn-ae,K003,172,37,37,1956,hard_val_p95,1.0167096853256226,1.065493679046631,1.0985730886459348,1.132563967704773,0.33377549328469575,0.9684662818729497,0.2857142857142857,0.0010224948875255625,0.0020376974019358125,0.13513513513513514,0.9989775051124744,0.009031610637230306,0.12986669631397155,0.015745264082770695,-0.11412143223120086,32,5,1954,2
42,bearing,federated,5,cnn-ae,K003,172,37,37,1956,fuzzy_warning_as_alarm_hi50,1.0167096853256226,1.065493679046631,1.0985730886459348,1.132563967704773,0.33377549328469575,0.9684662818729497,0.2857142857142857,0.0010224948875255625,0.0020376974019358125,0.13513513513513514,0.9989775051124744,0.009031610637230306,0.12986669631397155,0.015745264082770695,-0.11412143223120086,32,5,1954,2
42,bearing,federated,5,cnn-ae,K003,172,37,37,1956,fuzzy_fault_only_hi75,1.0167096853256226,1.065493679046631,1.0985730886459348,1.132563967704773,0.33377549328469575,0.9684662818729497,0.0,0.0,0.0,0.08108108108108109,1.0,0.009031610637230306,0.12986669631397155,0.015745264082770695,-0.11412143223120086,34,3,1956,0
42,bearing,federated,5,cnn-ae,K004,171,37,36,1956,hard_val_p95,1.0003942251205444,1.001039695739746,1.0046157598495482,1.0149991559982299,0.5721213928652579,0.9873137382907996,0.9898477157360406,0.299079754601227,0.45936395759717313,0.16666666666666666,0.700920245398773,0.05220883534136546,0.14499787535588735,0.29607220396866774,0.1510743286127804,30,6,1371,585
42,bearing,federated,5,cnn-ae,K004,171,37,36,1956,fuzzy_warning_as_alarm_hi50,1.0003942251205444,1.001039695739746,1.0046157598495482,1.0149991559982299,0.5721213928652579,0.9873137382907996,0.9898477157360406,0.299079754601227,0.45936395759717313,0.16666666666666666,0.700920245398773,0.05220883534136546,0.14499787535588735,0.29607220396866774,0.1510743286127804,30,6,1371,585
42,bearing,federated,5,cnn-ae,K004,171,37,36,1956,fuzzy_fault_only_hi75,1.0003942251205444,1.001039695739746,1.0046157598495482,1.0149991559982299,0.5721213928652579,0.9873137382907996,0.9942418426103646,0.26482617586912066,0.4182478805006056,0.08333333333333333,0.7351738241308794,0.05220883534136546,0.14499787535588735,0.29607220396866774,0.1510743286127804,33,3,1438,518
42,bearing,federated,5,cnn-ae,K005,172,37,36,1956,hard_val_p95,1.000267744064331,1.0007338523864746,1.000841736793518,1.0047607469558715,0.5914351851851851,0.9895179245455179,0.9985994397759104,0.36451942740286297,0.5340823970037453,0.027777777777777776,0.635480572597137,0.071285140562249,0.14064070375492224,0.3886635798177503,0.24802287606282805,35,1,1243,713
42,bearing,federated,5,cnn-ae,K005,172,37,36,1956,fuzzy_warning_as_alarm_hi50,1.000267744064331,1.0007338523864746,1.000841736793518,1.0047607469558715,0.5914351851851851,0.9895179245455179,0.9985994397759104,0.36451942740286297,0.5340823970037453,0.027777777777777776,0.635480572597137,0.071285140562249,0.14064070375492224,0.3886635798177503,0.24802287606282805,35,1,1243,713
42,bearing,federated,5,cnn-ae,K005,172,37,36,1956,fuzzy_fault_only_hi75,1.000267744064331,1.0007338523864746,1.000841736793518,1.0047607469558715,0.5914351851851851,0.9895179245455179,0.9983818770226537,0.315439672801636,0.4794094794094794,0.027777777777777776,0.684560327198364,0.071285140562249,0.14064070375492224,0.3886635798177503,0.24802287606282805,35,1,1339,617
42,bearing,federated,5,cnn-ae,K006,171,37,36,1956,hard_val_p95,1.0116649866104126,1.0288566589355468,1.0418561458587645,1.065044755935669,0.43332481254260397,0.977452209332275,0.9466666666666667,0.036298568507157465,0.06991629739044805,0.1111111111111111,0.9637014314928425,0.04216867469879518,0.134953748498027,0.060483188690018445,-0.07447055980800854,32,4,1885,71
42,bearing,federated,5,cnn-ae,K006,171,37,36,1956,fuzzy_warning_as_alarm_hi50,1.0116649866104126,1.0288566589355468,1.0418561458587645,1.065044755935669,0.43332481254260397,0.977452209332275,0.9466666666666667,0.036298568507157465,0.06991629739044805,0.1111111111111111,0.9637014314928425,0.04216867469879518,0.134953748498027,0.060483188690018445,-0.07447055980800854,32,4,1885,71
42,bearing,federated,5,cnn-ae,K006,171,37,36,1956,fuzzy_fault_only_hi75,1.0116649866104126,1.0288566589355468,1.0418561458587645,1.065044755935669,0.43332481254260397,0.977452209332275,0.9130434782608695,0.02147239263803681,0.04195804195804196,0.1111111111111111,0.9785276073619632,0.04216867469879518,0.134953748498027,0.060483188690018445,-0.07447055980800854,32,4,1914,42
42,bearing,federated,6,cnn-ae,K001,172,37,36,1956,hard_val_p95,1.0004372596740723,1.134775161743164,1.1617677927017211,1.1679805040359497,0.5075693024312657,0.9813137647743182,0.0,0.0,0.0,0.0,1.0,0.000502008032128514,0.009902627560680374,0.008732424889315955,-0.0011702026713644193,36,0,1956,0
42,bearing,federated,6,cnn-ae,K001,172,37,36,1956,fuzzy_warning_as_alarm_hi50,1.0004372596740723,1.134775161743164,1.1617677927017211,1.1679805040359497,0.5075693024312657,0.9813137647743182,0.0,0.0,0.0,0.0,1.0,0.000502008032128514,0.009902627560680374,0.008732424889315955,-0.0011702026713644193,36,0,1956,0
42,bearing,federated,6,cnn-ae,K001,172,37,36,1956,fuzzy_fault_only_hi75,1.0004372596740723,1.134775161743164,1.1617677927017211,1.1679805040359497,0.5075693024312657,0.9813137647743182,0.0,0.0,0.0,0.0,1.0,0.000502008032128514,0.009902627560680374,0.008732424889315955,-0.0011702026713644193,36,0,1956,0
42,bearing,federated,6,cnn-ae,K002,172,37,36,1956,hard_val_p95,1.0002899169921875,1.00070641040802,1.0097372531890867,1.0552569675445558,0.452390081799591,0.9828141628878585,0.99,0.10122699386503067,0.1836734693877551,0.05555555555555555,0.8987730061349694,0.10441767068273092,0.0548065088976074,0.0927857602189841,0.0379792513213767,34,2,1758,198
42,bearing,federated,6,cnn-ae,K002,172,37,36,1956,fuzzy_warning_as_alarm_hi50,1.0002899169921875,1.00070641040802,1.0097372531890867,1.0552569675445558,0.452390081799591,0.9828141628878585,0.99,0.10122699386503067,0.1836734693877551,0.05555555555555555,0.8987730061349694,0.10441767068273092,0.0548065088976074,0.0927857602189841,0.0379792513213767,34,2,1758,198
42,bearing,federated,6,cnn-ae,K002,172,37,36,1956,fuzzy_fault_only_hi75,1.0002899169921875,1.00070641040802,1.0097372531890867,1.0552569675445558,0.452390081799591,0.9828141628878585,1.0,0.032208588957055216,0.06240713224368499,0.0,0.9677914110429447,0.10441767068273092,0.0548065088976074,0.0927857602189841,0.0379792513213767,36,0,1893,63
42,bearing,federated,6,cnn-ae,K003,172,37,37,1956,hard_val_p95,1.000601053237915,1.0392818927764893,1.0904711723327634,1.1529094123840333,0.35130989885591113,0.9688884304397848,0.6875,0.005623721881390593,0.011156186612576065,0.13513513513513514,0.9943762781186094,0.013045659809332665,0.12143170332001677,0.016941974280308966,-0.1044897290397078,32,5,1945,11
42,bearing,federated,6,cnn-ae,K003,172,37,37,1956,fuzzy_warning_as_alarm_hi50,1.000601053237915,1.0392818927764893,1.0904711723327634,1.1529094123840333,0.35130989885591113,0.9688884304397848,0.6875,0.005623721881390593,0.011156186612576065,0.13513513513513514,0.9943762781186094,0.013045659809332665,0.12143170332001677,0.016941974280308966,-0.1044897290397078,32,5,1945,11
42,bearing,federated,6,cnn-ae,K003,172,37,37,1956,fuzzy_fault_only_hi75,1.000601053237915,1.0392818927764893,1.0904711723327634,1.1529094123840333,0.35130989885591113,0.9688884304397848,0.5,0.0010224948875255625,0.0020408163265306124,0.05405405405405406,0.9989775051124744,0.013045659809332665,0.12143170332001677,0.016941974280308966,-0.1044897290397078,35,2,1954,2
42,bearing,federated,6,cnn-ae,K004,171,37,36,1956,hard_val_p95,1.000291347503662,1.000700545310974,1.003029680252075,1.0115611362457275,0.5088119177459669,0.9832240011884862,0.987220447284345,0.1579754601226994,0.2723666813574262,0.1111111111111111,0.8420245398773006,0.05421686746987952,0.11527245587446505,0.15804773942952258,0.042775283555057525,32,4,1647,309
42,bearing,federated,6,cnn-ae,K004,171,37,36,1956,fuzzy_warning_as_alarm_hi50,1.000291347503662,1.000700545310974,1.003029680252075,1.0115611362457275,0.5088119177459669,0.9832240011884862,0.987220447284345,0.1579754601226994,0.2723666813574262,0.1111111111111111,0.8420245398773006,0.05421686746987952,0.11527245587446505,0.15804773942952258,0.042775283555057525,32,4,1647,309
42,bearing,federated,6,cnn-ae,K004,171,37,36,1956,fuzzy_fault_only_hi75,1.000291347503662,1.000700545310974,1.003029680252075,1.0115611362457275,0.5088119177459669,0.9832240011884862,0.9914529914529915,0.11860940695296524,0.21187214611872146,0.05555555555555555,0.8813905930470347,0.05421686746987952,0.11527245587446505,0.15804773942952258,0.042775283555057525,34,2,1724,232
42,bearing,federated,6,cnn-ae,K005,172,37,36,1956,hard_val_p95,1.0001343488693237,1.0005160570144653,1.0005633592605592,1.0014363527297974,0.5351695637355147,0.9864864806526012,0.9944029850746269,0.2724948875255624,0.42776886035313,0.08333333333333333,0.7275051124744376,0.10943775100401607,0.16866602502064387,0.2973834671648929,0.12871744214424902,33,3,1423,533
42,bearing,federated,6,cnn-ae,K005,172,37,36,1956,fuzzy_warning_as_alarm_hi50,1.0001343488693237,1.0005160570144653,1.0005633592605592,1.0014363527297974,0.5351695637355147,0.9864864806526012,0.9944029850746269,0.2724948875255624,0.42776886035313,0.08333333333333333,0.7275051124744376,0.10943775100401607,0.16866602502064387,0.2973834671648929,0.12871744214424902,33,3,1423,533
42,bearing,federated,6,cnn-ae,K005,172,37,36,1956,fuzzy_fault_only_hi75,1.0001343488693237,1.0005160570144653,1.0005633592605592,1.0014363527297974,0.5351695637355147,0.9864864806526012,0.9972972972972973,0.18865030674846625,0.3172828890799656,0.027777777777777776,0.8113496932515337,0.10943775100401607,0.16866602502064387,0.2973834671648929,0.12871744214424902,35,1,1587,369
42,bearing,federated,6,cnn-ae,K006,171,37,36,1956,hard_val_p95,1.0003902912139893,1.014811372756958,1.0230201959609986,1.03274254322052,0.4088062372188139,0.9769863698964322,0.956989247311828,0.04550102249488753,0.08687164470473402,0.1111111111111111,0.9544989775051125,0.01957831325301205,0.1339103025804676,0.062155243659686416,-0.07175505892078118,32,4,1867,89
42,bearing,federated,6,cnn-ae,K006,171,37,36,1956,fuzzy_warning_as_alarm_hi50,1.0003902912139893,1.014811372756958,1.0230201959609986,1.03274254322052,0.4088062372188139,0.9769863698964322,0.956989247311828,0.04550102249488753,0.08687164470473402,0.1111111111111111,0.9544989775051125,0.01957831325301205,0.1339103025804676,0.062155243659686416,-0.07175505892078118,32,4,1867,89
42,bearing,federated,6,cnn-ae,K006,171,37,36,1956,fuzzy_fault_only_hi75,1.0003902912139893,1.014811372756958,1.0230201959609986,1.03274254322052,0.4088062372188139,0.9769863698964322,0.9518072289156626,0.040388548057259714,0.07748896517900931,0.1111111111111111,0.9596114519427403,0.01957831325301205,0.1339103025804676,0.062155243659686416,-0.07175505892078118,32,4,1877,79
42,bearing,federated,7,cnn-ae,K001,172,37,36,1956,hard_val_p95,1.0002081394195557,1.129507064819336,1.1585494995117187,1.1677633476257325,0.46504345603271985,0.9803489554556273,0.0,0.0,0.0,0.0,1.0,0.001004016064257028,0.007927041487978875,0.006192196086971092,-0.001734845401007783,36,0,1956,0
42,bearing,federated,7,cnn-ae,K001,172,37,36,1956,fuzzy_warning_as_alarm_hi50,1.0002081394195557,1.129507064819336,1.1585494995117187,1.1677633476257325,0.46504345603271985,0.9803489554556273,0.0,0.0,0.0,0.0,1.0,0.001004016064257028,0.007927041487978875,0.006192196086971092,-0.001734845401007783,36,0,1956,0
42,bearing,federated,7,cnn-ae,K001,172,37,36,1956,fuzzy_fault_only_hi75,1.0002081394195557,1.129507064819336,1.1585494995117187,1.1677633476257325,0.46504345603271985,0.9803489554556273,0.0,0.0,0.0,0.0,1.0,0.001004016064257028,0.007927041487978875,0.006192196086971092,-0.001734845401007783,36,0,1956,0
42,bearing,federated,7,cnn-ae,K002,172,37,36,1956,hard_val_p95,1.0001848936080933,1.0004959106445312,1.0063501834869384,1.0468830585479736,0.46286355373778687,0.9822288746891032,0.9862068965517241,0.07310838445807771,0.13612565445026178,0.05555555555555555,0.9268916155419223,0.05973895582329317,0.039003862256222856,0.06774507552071682,0.028741213264493963,34,2,1813,143
42,bearing,federated,7,cnn-ae,K002,172,37,36,1956,fuzzy_warning_as_alarm_hi50,1.0001848936080933,1.0004959106445312,1.0063501834869384,1.0468830585479736,0.46286355373778687,0.9822288746891032,0.9862068965517241,0.07310838445807771,0.13612565445026178,0.05555555555555555,0.9268916155419223,0.05973895582329317,0.039003862256222856,0.06774507552071682,0.028741213264493963,34,2,1813,143
42,bearing,federated,7,cnn-ae,K002,172,37,36,1956,fuzzy_fault_only_hi75,1.0001848936080933,1.0004959106445312,1.0063501834869384,1.0468830585479736,0.46286355373778687,0.9822288746891032,1.0,0.02965235173824131,0.05759682224428997,0.0,0.9703476482617587,0.05973895582329317,0.039003862256222856,0.06774507552071682,0.028741213264493963,36,0,1898,58
42,bearing,federated,7,cnn-ae,K003,172,37,37,1956,hard_val_p95,1.0005077123641968,1.0261696577072144,1.0668027162551876,1.1520324754714966,0.34782788923893215,0.9717582278105379,0.8076923076923077,0.010736196319018405,0.02119071644803229,0.13513513513513514,0.9892638036809815,0.019066733567486203,0.11512779289202393,0.016158531565471645,-0.09896926132655229,32,5,1935,21
42,bearing,federated,7,cnn-ae,K003,172,37,37,1956,fuzzy_warning_as_alarm_hi50,1.0005077123641968,1.0261696577072144,1.0668027162551876,1.1520324754714966,0.34782788923893215,0.9717582278105379,0.8076923076923077,0.010736196319018405,0.02119071644803229,0.13513513513513514,0.9892638036809815,0.019066733567486203,0.11512779289202393,0.016158531565471645,-0.09896926132655229,32,5,1935,21
42,bearing,federated,7,cnn-ae,K003,172,37,37,1956,fuzzy_fault_only_hi75,1.0005077123641968,1.0261696577072144,1.0668027162551876,1.1520324754714966,0.34782788923893215,0.9717582278105379,0.5,0.0015337423312883436,0.0030581039755351682,0.08108108108108109,0.9984662576687117,0.019066733567486203,0.11512779289202393,0.016158531565471645,-0.09896926132655229,34,3,1953,3
42,bearing,federated,7,cnn-ae,K004,171,37,36,1956,hard_val_p95,1.0002210140228271,1.0005626201629638,1.0019515991210937,1.0095627212524414,0.5043953078845717,0.9832655916164568,0.985,0.10071574642126789,0.18274582560296845,0.08333333333333333,0.8992842535787321,0.030622489959839357,0.08627734809048258,0.10456535867867989,0.018288010588197304,33,3,1759,197
42,bearing,federated,7,cnn-ae,K004,171,37,36,1956,fuzzy_warning_as_alarm_hi50,1.0002210140228271,1.0005626201629638,1.0019515991210937,1.0095627212524414,0.5043953078845717,0.9832655916164568,0.985,0.10071574642126789,0.18274582560296845,0.08333333333333333,0.8992842535787321,0.030622489959839357,0.08627734809048258,0.10456535867867989,0.018288010588197304,33,3,1759,197
42,bearing,federated,7,cnn-ae,K004,171,37,36,1956,fuzzy_fault_only_hi75,1.0002210140228271,1.0005626201629638,1.0019515991210937,1.0095627212524414,0.5043953078845717,0.9832655916164568,0.9869281045751634,0.07719836400817996,0.14319582740635373,0.05555555555555555,0.9228016359918201,0.030622489959839357,0.08627734809048258,0.10456535867867989,0.018288010588197304,34,2,1805,151
42,bearing,federated,7,cnn-ae,K005,172,37,36,1956,hard_val_p95,1.0000510215759277,1.0002720355987549,1.0003273248672486,1.0003527307510376,0.5113965576005453,0.983901118688444,0.9872029250457038,0.27607361963190186,0.43148222133439873,0.19444444444444445,0.7239263803680982,0.06325301204819277,0.285445153912726,0.33548106753334617,0.050035913620620154,29,7,1416,540
42,bearing,federated,7,cnn-ae,K005,172,37,36,1956,fuzzy_warning_as_alarm_hi50,1.0000510215759277,1.0002720355987549,1.0003273248672486,1.0003527307510376,0.5113965576005453,0.983901118688444,0.9872029250457038,0.27607361963190186,0.43148222133439873,0.19444444444444445,0.7239263803680982,0.06325301204819277,0.285445153912726,0.33548106753334617,0.050035913620620154,29,7,1416,540
42,bearing,federated,7,cnn-ae,K005,172,37,36,1956,fuzzy_fault_only_hi75,1.0000510215759277,1.0002720355987549,1.0003273248672486,1.0003527307510376,0.5113965576005453,0.983901118688444,0.9866412213740458,0.26431492842535786,0.41693548387096774,0.19444444444444445,0.7356850715746421,0.06325301204819277,0.285445153912726,0.33548106753334617,0.050035913620620154,29,7,1439,517
42,bearing,federated,7,cnn-ae,K006,171,37,36,1956,hard_val_p95,1.0002373456954956,1.0085581302642823,1.0138486862182616,1.0206435012817383,0.3967067143830948,0.9755867837005325,0.9514563106796117,0.050102249488752554,0.09519184069936863,0.1388888888888889,0.9498977505112475,0.012550200803212851,0.131168679998652,0.05730690850460472,-0.07386177149404728,31,5,1858,98
42,bearing,federated,7,cnn-ae,K006,171,37,36,1956,fuzzy_warning_as_alarm_hi50,1.0002373456954956,1.0085581302642823,1.0138486862182616,1.0206435012817383,0.3967067143830948,0.9755867837005325,0.9514563106796117,0.050102249488752554,0.09519184069936863,0.1388888888888889,0.9498977505112475,0.012550200803212851,0.131168679998652,0.05730690850460472,-0.07386177149404728,31,5,1858,98
42,bearing,federated,7,cnn-ae,K006,171,37,36,1956,fuzzy_fault_only_hi75,1.0002373456954956,1.0085581302642823,1.0138486862182616,1.0206435012817383,0.3967067143830948,0.9755867837005325,0.9666666666666667,0.04447852760736196,0.08504398826979472,0.08333333333333333,0.9555214723926381,0.012550200803212851,0.131168679998652,0.05730690850460472,-0.07386177149404728,33,3,1869,87
42,bearing,federated,8,cnn-ae,K001,172,37,36,1956,hard_val_p95,1.000248670578003,1.0810402870178222,1.1094520568847657,1.112652702331543,0.4774199045671437,0.9791267141589193,0.0,0.0,0.0,0.0,1.0,0.001004016064257028,0.0063843409365210105,0.0036457654907507903,-0.0027385754457702203,36,0,1956,0
42,bearing,federated,8,cnn-ae,K001,172,37,36,1956,fuzzy_warning_as_alarm_hi50,1.000248670578003,1.0810402870178222,1.1094520568847657,1.112652702331543,0.4774199045671437,0.9791267141589193,0.0,0.0,0.0,0.0,1.0,0.001004016064257028,0.0063843409365210105,0.0036457654907507903,-0.0027385754457702203,36,0,1956,0
42,bearing,federated,8,cnn-ae,K001,172,37,36,1956,fuzzy_fault_only_hi75,1.000248670578003,1.0810402870178222,1.1094520568847657,1.112652702331543,0.4774199045671437,0.9791267141589193,0.0,0.0,0.0,0.0,1.0,0.001004016064257028,0.0063843409365210105,0.0036457654907507903,-0.0027385754457702203,36,0,1956,0
42,bearing,federated,8,cnn-ae,K002,172,37,36,1956,hard_val_p95,1.000191569328308,1.000624942779541,1.0012282371520995,1.0169252395629882,0.4170856055441945,0.9807274312054054,1.0,0.04141104294478527,0.07952871870397643,0.0,0.9585889570552147,0.02961847389558233,0.05411662939267662,0.06913804829331584,0.015021418900639218,36,0,1875,81
42,bearing,federated,8,cnn-ae,K002,172,37,36,1956,fuzzy_warning_as_alarm_hi50,1.000191569328308,1.000624942779541,1.0012282371520995,1.0169252395629882,0.4170856055441945,0.9807274312054054,1.0,0.04141104294478527,0.07952871870397643,0.0,0.9585889570552147,0.02961847389558233,0.05411662939267662,0.06913804829331584,0.015021418900639218,36,0,1875,81
42,bearing,federated,8,cnn-ae,K002,172,37,36,1956,fuzzy_fault_only_hi75,1.000191569328308,1.000624942779541,1.0012282371520995,1.0169252395629882,0.4170856055441945,0.9807274312054054,1.0,0.02607361963190184,0.05082212257100149,0.0,0.9739263803680982,0.02961847389558233,0.05411662939267662,0.06913804829331584,0.015021418900639218,36,0,1905,51
42,bearing,federated,8,cnn-ae,K003,172,37,37,1956,hard_val_p95,1.000277042388916,1.00441255569458,1.0411410331726072,1.0928909492492676,0.29188774664234785,0.9647291879377327,0.8421052631578947,0.0081799591002045,0.01620253164556962,0.08108108108108109,0.9918200408997955,0.01806322127446061,0.1005117342498822,0.011747894924812055,-0.08876383932507015,34,3,1940,16
42,bearing,federated,8,cnn-ae,K003,172,37,37,1956,fuzzy_warning_as_alarm_hi50,1.000277042388916,1.00441255569458,1.0411410331726072,1.0928909492492676,0.29188774664234785,0.9647291879377327,0.8421052631578947,0.0081799591002045,0.01620253164556962,0.08108108108108109,0.9918200408997955,0.01806322127446061,0.1005117342498822,0.011747894924812055,-0.08876383932507015,34,3,1940,16
42,bearing,federated,8,cnn-ae,K003,172,37,37,1956,fuzzy_fault_only_hi75,1.000277042388916,1.00441255569458,1.0411410331726072,1.0928909492492676,0.29188774664234785,0.9647291879377327,0.5,0.0010224948875255625,0.0020408163265306124,0.05405405405405406,0.9989775051124744,0.01806322127446061,0.1005117342498822,0.011747894924812055,-0.08876383932507015,35,2,1954,2
42,bearing,federated,8,cnn-ae,K004,171,37,36,1956,hard_val_p95,1.0002461671829224,1.0005460262298584,1.0006142616271974,1.0008104705810548,0.49404964780731647,0.9825098600431803,0.9827586206896551,0.08742331288343558,0.16056338028169015,0.08333333333333333,0.9125766871165644,0.0426706827309237,0.10717013927692715,0.11922124055276624,0.012051101275839096,33,3,1785,171
42,bearing,federated,8,cnn-ae,K004,171,37,36,1956,fuzzy_warning_as_alarm_hi50,1.0002461671829224,1.0005460262298584,1.0006142616271974,1.0008104705810548,0.49404964780731647,0.9825098600431803,0.9827586206896551,0.08742331288343558,0.16056338028169015,0.08333333333333333,0.9125766871165644,0.0426706827309237,0.10717013927692715,0.11922124055276624,0.012051101275839096,33,3,1785,171
42,bearing,federated,8,cnn-ae,K004,171,37,36,1956,fuzzy_fault_only_hi75,1.0002461671829224,1.0005460262298584,1.0006142616271974,1.0008104705810548,0.49404964780731647,0.9825098600431803,0.9926470588235294,0.06901840490797546,0.12906309751434034,0.027777777777777776,0.9309815950920245,0.0426706827309237,0.10717013927692715,0.11922124055276624,0.012051101275839096,35,1,1821,135
42,bearing,federated,8,cnn-ae,K005,172,37,36,1956,hard_val_p95,1.0000810623168945,1.0002735376358032,1.0002901554107666,1.0003770923614501,0.48750284026357643,0.9818907092654299,0.9784615384615385,0.32515337423312884,0.48810437452033767,0.3888888888888889,0.6748466257668712,0.07279116465863454,0.3772772960505181,0.3547348755627612,-0.022542420487756898,22,14,1320,636
42,bearing,federated,8,cnn-ae,K005,172,37,36,1956,fuzzy_warning_as_alarm_hi50,1.0000810623168945,1.0002735376358032,1.0002901554107666,1.0003770923614501,0.48750284026357643,0.9818907092654299,0.9784615384615385,0.32515337423312884,0.48810437452033767,0.3888888888888889,0.6748466257668712,0.07279116465863454,0.3772772960505181,0.3547348755627612,-0.022542420487756898,22,14,1320,636
42,bearing,federated,8,cnn-ae,K005,172,37,36,1956,fuzzy_fault_only_hi75,1.0000810623168945,1.0002735376358032,1.0002901554107666,1.0003770923614501,0.48750284026357643,0.9818907092654299,0.9854280510018215,0.2765848670756646,0.43193612774451096,0.2222222222222222,0.7234151329243353,0.07279116465863454,0.3772772960505181,0.3547348755627612,-0.022542420487756898,28,8,1415,541
42,bearing,federated,8,cnn-ae,K006,171,37,36,1956,hard_val_p95,1.0001975297927856,1.0006308078765869,1.0026601791381835,1.0095639038085937,0.3855160758918428,0.9737208050036001,0.9558823529411765,0.033231083844580775,0.06422924901185771,0.08333333333333333,0.9667689161554193,0.00853413654618474,0.1142103754445231,0.04920429511180125,-0.06500608033272184,33,3,1891,65
42,bearing,federated,8,cnn-ae,K006,171,37,36,1956,fuzzy_warning_as_alarm_hi50,1.0001975297927856,1.0006308078765869,1.0026601791381835,1.0095639038085937,0.3855160758918428,0.9737208050036001,0.9558823529411765,0.033231083844580775,0.06422924901185771,0.08333333333333333,0.9667689161554193,0.00853413654618474,0.1142103754445231,0.04920429511180125,-0.06500608033272184,33,3,1891,65
42,bearing,federated,8,cnn-ae,K006,171,37,36,1956,fuzzy_fault_only_hi75,1.0001975297927856,1.0006308078765869,1.0026601791381835,1.0095639038085937,0.3855160758918428,0.9737208050036001,0.9482758620689655,0.028118609406952964,0.05461767626613704,0.08333333333333333,0.971881390593047,0.00853413654618474,0.1142103754445231,0.04920429511180125,-0.06500608033272184,33,3,1901,55
42,bearing,federated,9,cnn-ae,K001,172,37,36,1956,hard_val_p95,1.000316858291626,1.1020905256271363,1.1437917232513428,1.1555086040496827,0.5042035900931606,0.9810400839779686,0.0,0.0,0.0,0.0,1.0,0.001004016064257028,0.008870608565921471,0.005982349555326454,-0.0028882590105950177,36,0,1956,0
42,bearing,federated,9,cnn-ae,K001,172,37,36,1956,fuzzy_warning_as_alarm_hi50,1.000316858291626,1.1020905256271363,1.1437917232513428,1.1555086040496827,0.5042035900931606,0.9810400839779686,0.0,0.0,0.0,0.0,1.0,0.001004016064257028,0.008870608565921471,0.005982349555326454,-0.0028882590105950177,36,0,1956,0
42,bearing,federated,9,cnn-ae,K001,172,37,36,1956,fuzzy_fault_only_hi75,1.000316858291626,1.1020905256271363,1.1437917232513428,1.1555086040496827,0.5042035900931606,0.9810400839779686,0.0,0.0,0.0,0.0,1.0,0.001004016064257028,0.008870608565921471,0.005982349555326454,-0.0028882590105950177,36,0,1956,0
42,bearing,federated,9,cnn-ae,K002,172,37,36,1956,hard_val_p95,1.0001047849655151,1.0004070281982422,1.004048442840576,1.0314267349243165,0.4533060668029993,0.9821899246683341,1.0,0.08537832310838446,0.15732454074422986,0.0,0.9146216768916156,0.06375502008032129,0.031214380381214483,0.07910797881121755,0.04789359843000306,36,0,1789,167
42,bearing,federated,9,cnn-ae,K002,172,37,36,1956,fuzzy_warning_as_alarm_hi50,1.0001047849655151,1.0004070281982422,1.004048442840576,1.0314267349243165,0.4533060668029993,0.9821899246683341,1.0,0.08537832310838446,0.15732454074422986,0.0,0.9146216768916156,0.06375502008032129,0.031214380381214483,0.07910797881121755,0.04789359843000306,36,0,1789,167
42,bearing,federated,9,cnn-ae,K002,172,37,36,1956,fuzzy_fault_only_hi75,1.0001047849655151,1.0004070281982422,1.004048442840576,1.0314267349243165,0.4533060668029993,0.9821899246683341,1.0,0.034764826175869123,0.06719367588932806,0.0,0.9652351738241309,0.06375502008032129,0.031214380381214483,0.07910797881121755,0.04789359843000306,36,0,1888,68
42,bearing,federated,9,cnn-ae,K003,172,37,37,1956,hard_val_p95,1.0002659559249878,1.013142466545105,1.0645833969116207,1.1247034454345703,0.4094608412093075,0.9716797130816128,0.85,0.008691206543967281,0.01720647773279352,0.08108108108108109,0.9913087934560327,0.02007024586051179,0.10351705754012923,0.01600938067118619,-0.08750767686894304,34,3,1939,17
42,bearing,federated,9,cnn-ae,K003,172,37,37,1956,fuzzy_warning_as_alarm_hi50,1.0002659559249878,1.013142466545105,1.0645833969116207,1.1247034454345703,0.4094608412093075,0.9716797130816128,0.85,0.008691206543967281,0.01720647773279352,0.08108108108108109,0.9913087934560327,0.02007024586051179,0.10351705754012923,0.01600938067118619,-0.08750767686894304,34,3,1939,17
42,bearing,federated,9,cnn-ae,K003,172,37,37,1956,fuzzy_fault_only_hi75,1.0002659559249878,1.013142466545105,1.0645833969116207,1.1247034454345703,0.4094608412093075,0.9716797130816128,0.6,0.0015337423312883436,0.0030596634370219276,0.05405405405405406,0.9984662576687117,0.02007024586051179,0.10351705754012923,0.01600938067118619,-0.08750767686894304,35,2,1953,3
42,bearing,federated,9,cnn-ae,K004,171,37,36,1956,hard_val_p95,1.0001801252365112,1.0004746437072753,1.0021918535232544,1.0103772211074828,0.518397807316519,0.983127900825046,0.9846938775510204,0.09867075664621677,0.17936802973977695,0.08333333333333333,0.9013292433537833,0.036646586345381524,0.07745756474791016,0.09914443750316047,0.021686872755250317,33,3,1763,193
42,bearing,federated,9,cnn-ae,K004,171,37,36,1956,fuzzy_warning_as_alarm_hi50,1.0001801252365112,1.0004746437072753,1.0021918535232544,1.0103772211074828,0.518397807316519,0.983127900825046,0.9846938775510204,0.09867075664621677,0.17936802973977695,0.08333333333333333,0.9013292433537833,0.036646586345381524,0.07745756474791016,0.09914443750316047,0.021686872755250317,33,3,1763,193
42,bearing,federated,9,cnn-ae,K004,171,37,36,1956,fuzzy_fault_only_hi75,1.0001801252365112,1.0004746437072753,1.0021918535232544,1.0103772211074828,0.518397807316519,0.983127900825046,0.9857142857142858,0.0705521472392638,0.1316793893129771,0.05555555555555555,0.9294478527607362,0.036646586345381524,0.07745756474791016,0.09914443750316047,0.021686872755250317,34,2,1818,138
42,bearing,federated,9,cnn-ae,K005,172,37,36,1956,hard_val_p95,1.0000815391540527,1.0002368211746215,1.0002837657928467,1.0003644466400146,0.4854720518064077,0.9823781730248008,0.9810964083175804,0.26533742331288346,0.41770623742454727,0.2777777777777778,0.7346625766871165,0.08734939759036145,0.3110445176417808,0.3006732980100807,-0.010371219631700124,26,10,1437,519
42,bearing,federated,9,cnn-ae,K005,172,37,36,1956,fuzzy_warning_as_alarm_hi50,1.0000815391540527,1.0002368211746215,1.0002837657928467,1.0003644466400146,0.4854720518064077,0.9823781730248008,0.9810964083175804,0.26533742331288346,0.41770623742454727,0.2777777777777778,0.7346625766871165,0.08734939759036145,0.3110445176417808,0.3006732980100807,-0.010371219631700124,26,10,1437,519
42,bearing,federated,9,cnn-ae,K005,172,37,36,1956,fuzzy_fault_only_hi75,1.0000815391540527,1.0002368211746215,1.0002837657928467,1.0003644466400146,0.4854720518064077,0.9823781730248008,0.9820627802690582,0.22392638036809817,0.3646960865945046,0.2222222222222222,0.7760736196319018,0.08734939759036145,0.3110445176417808,0.3006732980100807,-0.010371219631700124,28,8,1518,438
42,bearing,federated,9,cnn-ae,K006,171,37,36,1956,hard_val_p95,1.0002204179763794,1.0041090250015259,1.013954186439514,1.0247341585159302,0.3807302317655078,0.9760940345368811,0.9550561797752809,0.0434560327198364,0.08312958435207823,0.1111111111111111,0.9565439672801636,0.029116465863453816,0.11467559961943034,0.05190922354126642,-0.06276637607816393,32,4,1871,85
42,bearing,federated,9,cnn-ae,K006,171,37,36,1956,fuzzy_warning_as_alarm_hi50,1.0002204179763794,1.0041090250015259,1.013954186439514,1.0247341585159302,0.3807302317655078,0.9760940345368811,0.9550561797752809,0.0434560327198364,0.08312958435207823,0.1111111111111111,0.9565439672801636,0.029116465863453816,0.11467559961943034,0.05190922354126642,-0.06276637607816393,32,4,1871,85
42,bearing,federated,9,cnn-ae,K006,171,37,36,1956,fuzzy_fault_only_hi75,1.0002204179763794,1.0041090250015259,1.013954186439514,1.0247341585159302,0.3807302317655078,0.9760940345368811,0.9558823529411765,0.033231083844580775,0.06422924901185771,0.08333333333333333,0.9667689161554193,0.029116465863453816,0.11467559961943034,0.05190922354126642,-0.06276637607816393,33,3,1891,65
42,bearing,federated,10,cnn-ae,K001,172,37,36,1956,hard_val_p95,1.0003669261932373,1.0845130443572997,1.1197054862976072,1.1353667449951172,0.4657393206089525,0.9796008382582144,1.0,0.0005112474437627812,0.001021972406745018,0.0,0.9994887525562373,0.000502008032128514,0.006054323810999038,0.003745648304537146,-0.0023086755064618924,36,0,1955,1
42,bearing,federated,10,cnn-ae,K001,172,37,36,1956,fuzzy_warning_as_alarm_hi50,1.0003669261932373,1.0845130443572997,1.1197054862976072,1.1353667449951172,0.4657393206089525,0.9796008382582144,1.0,0.0005112474437627812,0.001021972406745018,0.0,0.9994887525562373,0.000502008032128514,0.006054323810999038,0.003745648304537146,-0.0023086755064618924,36,0,1955,1
42,bearing,federated,10,cnn-ae,K001,172,37,36,1956,fuzzy_fault_only_hi75,1.0003669261932373,1.0845130443572997,1.1197054862976072,1.1353667449951172,0.4657393206089525,0.9796008382582144,1.0,0.0005112474437627812,0.001021972406745018,0.0,0.9994887525562373,0.000502008032128514,0.006054323810999038,0.003745648304537146,-0.0023086755064618924,36,0,1955,1
42,bearing,federated,10,cnn-ae,K002,172,37,36,1956,hard_val_p95,1.0001977682113647,1.0005746364593506,1.001379370689392,1.0103392171859742,0.4692470461258805,0.9805380000340154,1.0,0.03987730061349693,0.07669616519174041,0.0,0.9601226993865031,0.029116465863453816,0.06269482782944931,0.07634083808951223,0.013646010260062916,36,0,1878,78
42,bearing,federated,10,cnn-ae,K002,172,37,36,1956,fuzzy_warning_as_alarm_hi50,1.0001977682113647,1.0005746364593506,1.001379370689392,1.0103392171859742,0.4692470461258805,0.9805380000340154,1.0,0.03987730061349693,0.07669616519174041,0.0,0.9601226993865031,0.029116465863453816,0.06269482782944931,0.07634083808951223,0.013646010260062916,36,0,1878,78
42,bearing,federated,10,cnn-ae,K002,172,37,36,1956,fuzzy_fault_only_hi75,1.0001977682113647,1.0005746364593506,1.001379370689392,1.0103392171859742,0.4692470461258805,0.9805380000340154,1.0,0.028629856850715747,0.055666003976143144,0.0,0.9713701431492843,0.029116465863453816,0.06269482782944931,0.07634083808951223,0.013646010260062916,36,0,1900,56
42,bearing,federated,10,cnn-ae,K003,172,37,37,1956,hard_val_p95,1.0003745555877686,1.0017593860626222,1.0437155961990354,1.103596386909485,0.30433731277289555,0.967684867639212,0.88,0.011247443762781187,0.02221100454316002,0.08108108108108109,0.9887525562372188,0.016056196688409432,0.08735884084747556,0.011848157069028005,-0.07551068377844755,34,3,1934,22
42,bearing,federated,10,cnn-ae,K003,172,37,37,1956,fuzzy_warning_as_alarm_hi50,1.0003745555877686,1.0017593860626222,1.0437155961990354,1.103596386909485,0.30433731277289555,0.967684867639212,0.88,0.011247443762781187,0.02221100454316002,0.08108108108108109,0.9887525562372188,0.016056196688409432,0.08735884084747556,0.011848157069028005,-0.07551068377844755,34,3,1934,22
42,bearing,federated,10,cnn-ae,K003,172,37,37,1956,fuzzy_fault_only_hi75,1.0003745555877686,1.0017593860626222,1.0437155961990354,1.103596386909485,0.30433731277289555,0.967684867639212,0.6666666666666666,0.002044989775051125,0.004077471967380225,0.05405405405405406,0.9979550102249489,0.016056196688409432,0.08735884084747556,0.011848157069028005,-0.07551068377844755,35,2,1952,4
42,bearing,federated,10,cnn-ae,K004,171,37,36,1956,hard_val_p95,1.000338077545166,1.000755524635315,1.0008878469467164,1.0024464750289916,0.4846483753692342,0.9815553651470091,0.991304347826087,0.05828220858895705,0.11009174311926606,0.027777777777777776,0.941717791411043,0.03614457831325301,0.07437679784544607,0.08124408343374748,0.006867285588301408,35,1,1842,114
42,bearing,federated,10,cnn-ae,K004,171,37,36,1956,fuzzy_warning_as_alarm_hi50,1.000338077545166,1.000755524635315,1.0008878469467164,1.0024464750289916,0.4846483753692342,0.9815553651470091,0.991304347826087,0.05828220858895705,0.11009174311926606,0.027777777777777776,0.941717791411043,0.03614457831325301,0.07437679784544607,0.08124408343374748,0.006867285588301408,35,1,1842,114
42,bearing,federated,10,cnn-ae,K004,171,37,36,1956,fuzzy_fault_only_hi75,1.000338077545166,1.000755524635315,1.0008878469467164,1.0024464750289916,0.4846483753692342,0.9815553651470091,0.9871794871794872,0.03936605316973415,0.07571288102261553,0.027777777777777776,0.9606339468302658,0.03614457831325301,0.07437679784544607,0.08124408343374748,0.006867285588301408,35,1,1879,77
42,bearing,federated,10,cnn-ae,K005,172,37,36,1956,hard_val_p95,1.0001716613769531,1.0004378795623778,1.0004666328430176,1.0005487251281737,0.4733654283117473,0.9816825130304416,0.9777777777777777,0.20245398773006135,0.3354510800508259,0.25,0.7975460122699386,0.05973895582329317,0.26468680542189005,0.24725940037691244,-0.017427405044977612,27,9,1560,396
42,bearing,federated,10,cnn-ae,K005,172,37,36,1956,fuzzy_warning_as_alarm_hi50,1.0001716613769531,1.0004378795623778,1.0004666328430176,1.0005487251281737,0.4733654283117473,0.9816825130304416,0.9777777777777777,0.20245398773006135,0.3354510800508259,0.25,0.7975460122699386,0.05973895582329317,0.26468680542189005,0.24725940037691244,-0.017427405044977612,27,9,1560,396
42,bearing,federated,10,cnn-ae,K005,172,37,36,1956,fuzzy_fault_only_hi75,1.0001716613769531,1.0004378795623778,1.0004666328430176,1.0005487251281737,0.4733654283117473,0.9816825130304416,0.9855491329479769,0.1743353783231084,0.29626411815812337,0.1388888888888889,0.8256646216768916,0.05973895582329317,0.26468680542189005,0.24725940037691244,-0.017427405044977612,31,5,1615,341
42,bearing,federated,10,cnn-ae,K006,171,37,36,1956,hard_val_p95,1.0002762079238892,1.0009010314941407,1.0036670684814453,1.0145051383972168,0.3700437400590775,0.972603022668557,0.9545454545454546,0.032208588957055216,0.06231454005934718,0.08333333333333333,0.9677914110429447,0.01104417670682731,0.10568935902481101,0.04236625216365611,-0.0633231068611549,33,3,1893,63
42,bearing,federated,10,cnn-ae,K006,171,37,36,1956,fuzzy_warning_as_alarm_hi50,1.0002762079238892,1.0009010314941407,1.0036670684814453,1.0145051383972168,0.3700437400590775,0.972603022668557,0.9545454545454546,0.032208588957055216,0.06231454005934718,0.08333333333333333,0.9677914110429447,0.01104417670682731,0.10568935902481101,0.04236625216365611,-0.0633231068611549,33,3,1893,63
42,bearing,federated,10,cnn-ae,K006,171,37,36,1956,fuzzy_fault_only_hi75,1.0002762079238892,1.0009010314941407,1.0036670684814453,1.0145051383972168,0.3700437400590775,0.972603022668557,0.9444444444444444,0.02607361963190184,0.050746268656716415,0.08333333333333333,0.9739263803680982,0.01104417670682731,0.10568935902481101,0.04236625216365611,-0.0633231068611549,33,3,1905,51
42,bearing,local-only,10,vae,K001,172,37,36,1956,hard_val_p95,1.002389907836914,1.0039661645889282,1.004692792892456,1.0048524951934814,0.48494660304476256,0.9794684891486114,1.0,0.0005112474437627812,0.001021972406745018,0.0,0.9994887525562373,0.0050200803212851405,0.03662166518708818,0.029295691804303782,-0.007325973382784401,36,0,1955,1
42,bearing,local-only,10,vae,K001,172,37,36,1956,fuzzy_warning_as_alarm_hi50,1.002389907836914,1.0039661645889282,1.004692792892456,1.0048524951934814,0.48494660304476256,0.9794684891486114,1.0,0.0005112474437627812,0.001021972406745018,0.0,0.9994887525562373,0.0050200803212851405,0.03662166518708818,0.029295691804303782,-0.007325973382784401,36,0,1955,1
42,bearing,local-only,10,vae,K001,172,37,36,1956,fuzzy_fault_only_hi75,1.002389907836914,1.0039661645889282,1.004692792892456,1.0048524951934814,0.48494660304476256,0.9794684891486114,1.0,0.0005112474437627812,0.001021972406745018,0.0,0.9994887525562373,0.0050200803212851405,0.03662166518708818,0.029295691804303782,-0.007325973382784401,36,0,1955,1
42,bearing,local-only,10,vae,K002,172,37,36,1956,hard_val_p95,1.0009278059005737,1.001328420639038,1.001482892036438,1.0015384721755982,0.45307884571688256,0.9773393559945923,0.96875,0.04754601226993865,0.09064327485380116,0.08333333333333333,0.9524539877300614,0.0426706827309237,0.158826313780119,0.09520906025249277,-0.06361725352762622,33,3,1863,93
42,bearing,local-only,10,vae,K002,172,37,36,1956,fuzzy_warning_as_alarm_hi50,1.0009278059005737,1.001328420639038,1.001482892036438,1.0015384721755982,0.45307884571688256,0.9773393559945923,0.96875,0.04754601226993865,0.09064327485380116,0.08333333333333333,0.9524539877300614,0.0426706827309237,0.158826313780119,0.09520906025249277,-0.06361725352762622,33,3,1863,93
42,bearing,local-only,10,vae,K002,172,37,36,1956,fuzzy_fault_only_hi75,1.0009278059005737,1.001328420639038,1.001482892036438,1.0015384721755982,0.45307884571688256,0.9773393559945923,0.9647058823529412,0.041922290388548056,0.08035276825085742,0.08333333333333333,0.9580777096114519,0.0426706827309237,0.158826313780119,0.09520906025249277,-0.06361725352762622,33,3,1874,82
42,bearing,local-only,10,vae,K003,172,37,37,1956,hard_val_p95,1.0057644844055176,1.0067705631256103,1.0071195125579835,1.007566442489624,0.4277275741999668,0.972837187360927,0.875,0.010736196319018405,0.021212121212121213,0.08108108108108109,0.9892638036809815,0.02207727044656297,0.11778518544705871,0.04741931253529943,-0.07036587291175928,34,3,1935,21
42,bearing,local-only,10,vae,K003,172,37,37,1956,fuzzy_warning_as_alarm_hi50,1.0057644844055176,1.0067705631256103,1.0071195125579835,1.007566442489624,0.4277275741999668,0.972837187360927,0.875,0.010736196319018405,0.021212121212121213,0.08108108108108109,0.9892638036809815,0.02207727044656297,0.11778518544705871,0.04741931253529943,-0.07036587291175928,34,3,1935,21
42,bearing,local-only,10,vae,K003,172,37,37,1956,fuzzy_fault_only_hi75,1.0057644844055176,1.0067705631256103,1.0071195125579835,1.007566442489624,0.4277275741999668,0.972837187360927,0.9166666666666666,0.005623721881390593,0.011178861788617886,0.02702702702702703,0.9943762781186094,0.02207727044656297,0.11778518544705871,0.04741931253529943,-0.07036587291175928,36,1,1945,11
42,bearing,local-only,10,vae,K004,171,37,36,1956,hard_val_p95,1.001516342163086,1.0018705368041991,1.0018903017044067,1.0019660806655883,0.4512681776868893,0.9763824975064144,0.9555555555555556,0.04396728016359918,0.08406647116324535,0.1111111111111111,0.9560327198364008,0.02459839357429719,0.1612699440454461,0.10151262102201257,-0.05975732302343352,32,4,1870,86
42,bearing,local-only,10,vae,K004,171,37,36,1956,fuzzy_warning_as_alarm_hi50,1.001516342163086,1.0018705368041991,1.0018903017044067,1.0019660806655883,0.4512681776868893,0.9763824975064144,0.9555555555555556,0.04396728016359918,0.08406647116324535,0.1111111111111111,0.9560327198364008,0.02459839357429719,0.1612699440454461,0.10151262102201257,-0.05975732302343352,32,4,1870,86
42,bearing,local-only,10,vae,K004,171,37,36,1956,fuzzy_fault_only_hi75,1.001516342163086,1.0018705368041991,1.0018903017044067,1.0019660806655883,0.4512681776868893,0.9763824975064144,0.9649122807017544,0.028118609406952964,0.0546448087431694,0.05555555555555555,0.971881390593047,0.02459839357429719,0.1612699440454461,0.10151262102201257,-0.05975732302343352,34,2,1901,55
42,bearing,local-only,10,vae,K005,172,37,36,1956,hard_val_p95,1.0016815662384033,1.0021870851516723,1.0023036479949952,1.0030568027496338,0.43767751647352876,0.9782414669416617,0.9754098360655737,0.06083844580777096,0.11453320500481232,0.08333333333333333,0.939161554192229,0.07781124497991967,0.13042462663828253,0.09762984636837677,-0.03279478026990576,33,3,1837,119
42,bearing,local-only,10,vae,K005,172,37,36,1956,fuzzy_warning_as_alarm_hi50,1.0016815662384033,1.0021870851516723,1.0023036479949952,1.0030568027496338,0.43767751647352876,0.9782414669416617,0.9754098360655737,0.06083844580777096,0.11453320500481232,0.08333333333333333,0.939161554192229,0.07781124497991967,0.13042462663828253,0.09762984636837677,-0.03279478026990576,33,3,1837,119
42,bearing,local-only,10,vae,K005,172,37,36,1956,fuzzy_fault_only_hi75,1.0016815662384033,1.0021870851516723,1.0023036479949952,1.0030568027496338,0.43767751647352876,0.9782414669416617,0.9642857142857143,0.013803680981595092,0.02721774193548387,0.027777777777777776,0.9861963190184049,0.07781124497991967,0.13042462663828253,0.09762984636837677,-0.03279478026990576,35,1,1929,27
42,bearing,local-only,10,vae,K006,171,37,36,1956,hard_val_p95,1.0017313957214355,1.002323055267334,1.0025243520736695,1.0026259374618531,0.4098358327652807,0.9744439508684553,0.9,0.004601226993865031,0.009155645981688708,0.027777777777777776,0.995398773006135,0.013052208835341365,0.07436724752244614,0.026947935213242895,-0.047419312309203245,35,1,1947,9
42,bearing,local-only,10,vae,K006,171,37,36,1956,fuzzy_warning_as_alarm_hi50,1.0017313957214355,1.002323055267334,1.0025243520736695,1.0026259374618531,0.4098358327652807,0.9744439508684553,0.9,0.004601226993865031,0.009155645981688708,0.027777777777777776,0.995398773006135,0.013052208835341365,0.07436724752244614,0.026947935213242895,-0.047419312309203245,35,1,1947,9
42,bearing,local-only,10,vae,K006,171,37,36,1956,fuzzy_fault_only_hi75,1.0017313957214355,1.002323055267334,1.0025243520736695,1.0026259374618531,0.4098358327652807,0.9744439508684553,1.0,0.002556237218813906,0.005099439061703213,0.0,0.9974437627811861,0.013052208835341365,0.07436724752244614,0.026947935213242895,-0.047419312309203245,36,0,1951,5
42,bearing,centralized,20,vae,K001,172,37,36,1956,hard_val_p95,1.0047177076339722,1.0059806108474731,1.0065530776977538,1.0073512840270995,0.39217649397864124,0.9735915449264283,0.9259259259259259,0.01278118609406953,0.025214321734745335,0.05555555555555555,0.9872188139059305,0.020582329317269075,0.12113082233385941,0.04003455022450248,-0.08109627210935694,34,2,1931,25
42,bearing,centralized,20,vae,K001,172,37,36,1956,fuzzy_warning_as_alarm_hi50,1.0047177076339722,1.0059806108474731,1.0065530776977538,1.0073512840270995,0.39217649397864124,0.9735915449264283,0.9259259259259259,0.01278118609406953,0.025214321734745335,0.05555555555555555,0.9872188139059305,0.020582329317269075,0.12113082233385941,0.04003455022450248,-0.08109627210935694,34,2,1931,25
42,bearing,centralized,20,vae,K001,172,37,36,1956,fuzzy_fault_only_hi75,1.0047177076339722,1.0059806108474731,1.0065530776977538,1.0073512840270995,0.39217649397864124,0.9735915449264283,0.875,0.007157464212678937,0.014198782961460446,0.05555555555555555,0.9928425357873211,0.020582329317269075,0.12113082233385941,0.04003455022450248,-0.08109627210935694,34,2,1942,14
42,bearing,centralized,20,vae,K002,172,37,36,1956,hard_val_p95,1.004427433013916,1.0054862737655639,1.00622661113739,1.0065700674057008,0.5374062713019768,0.9835301515940169,0.9761904761904762,0.020961145194274028,0.04104104104104104,0.027777777777777776,0.9790388548057259,0.035140562248995984,0.06240530762114391,0.07043891876438148,0.00803361114323757,35,1,1915,41
42,bearing,centralized,20,vae,K002,172,37,36,1956,fuzzy_warning_as_alarm_hi50,1.004427433013916,1.0054862737655639,1.00622661113739,1.0065700674057008,0.5374062713019768,0.9835301515940169,0.9761904761904762,0.020961145194274028,0.04104104104104104,0.027777777777777776,0.9790388548057259,0.035140562248995984,0.06240530762114391,0.07043891876438148,0.00803361114323757,35,1,1915,41
42,bearing,centralized,20,vae,K002,172,37,36,1956,fuzzy_fault_only_hi75,1.004427433013916,1.0054862737655639,1.00622661113739,1.0065700674057008,0.5374062713019768,0.9835301515940169,0.9714285714285714,0.017382413087934562,0.03415369161225515,0.027777777777777776,0.9826175869120655,0.035140562248995984,0.06240530762114391,0.07043891876438148,0.00803361114323757,35,1,1922,34
42,bearing,centralized,20,vae,K003,172,37,37,1956,hard_val_p95,1.0041625499725342,1.0058790922164917,1.0060433864593505,1.0062957859039308,0.43028381141878075,0.9732267967443483,0.9354838709677419,0.02965235173824131,0.057482656095143705,0.10810810810810811,0.9703476482617587,0.012042147516307075,0.1825250060674834,0.0960710473987026,-0.08645395866878079,33,4,1898,58
42,bearing,centralized,20,vae,K003,172,37,37,1956,fuzzy_warning_as_alarm_hi50,1.0041625499725342,1.0058790922164917,1.0060433864593505,1.0062957859039308,0.43028381141878075,0.9732267967443483,0.9354838709677419,0.02965235173824131,0.057482656095143705,0.10810810810810811,0.9703476482617587,0.012042147516307075,0.1825250060674834,0.0960710473987026,-0.08645395866878079,33,4,1898,58
42,bearing,centralized,20,vae,K003,172,37,37,1956,fuzzy_fault_only_hi75,1.0041625499725342,1.0058790922164917,1.0060433864593505,1.0062957859039308,0.43028381141878075,0.9732267967443483,0.9230769230769231,0.024539877300613498,0.04780876494023904,0.10810810810810811,0.9754601226993865,0.012042147516307075,0.1825250060674834,0.0960710473987026,-0.08645395866878079,33,4,1908,48
42,bearing,centralized,20,vae,K004,171,37,36,1956,hard_val_p95,1.0046321153640747,1.005531406402588,1.0058894157409668,1.0065685272216798,0.49931123608270855,0.9805414679983705,0.9733333333333334,0.037321063394683024,0.07188577055637617,0.05555555555555555,0.962678936605317,0.04618473895582329,0.08488974656373488,0.06960281752914468,-0.015286929034590196,34,2,1883,73
42,bearing,centralized,20,vae,K004,171,37,36,1956,fuzzy_warning_as_alarm_hi50,1.0046321153640747,1.005531406402588,1.0058894157409668,1.0065685272216798,0.49931123608270855,0.9805414679983705,0.9733333333333334,0.037321063394683024,0.07188577055637617,0.05555555555555555,0.962678936605317,0.04618473895582329,0.08488974656373488,0.06960281752914468,-0.015286929034590196,34,2,1883,73
42,bearing,centralized,20,vae,K004,171,37,36,1956,fuzzy_fault_only_hi75,1.0046321153640747,1.005531406402588,1.0058894157409668,1.0065685272216798,0.49931123608270855,0.9805414679983705,1.0,0.02044989775051125,0.04008016032064128,0.0,0.9795501022494888,0.04618473895582329,0.08488974656373488,0.06960281752914468,-0.015286929034590196,36,0,1916,40
42,bearing,centralized,20,vae,K005,172,37,36,1956,hard_val_p95,1.0045058727264404,1.005163836479187,1.005403423309326,1.0059718894958496,0.5542561349693252,0.9834852490491048,0.9891891891891892,0.09355828220858896,0.17094815506772537,0.05555555555555555,0.906441717791411,0.07178714859437751,0.09505753078104148,0.12347871809311804,0.02842118731207656,34,2,1773,183
42,bearing,centralized,20,vae,K005,172,37,36,1956,fuzzy_warning_as_alarm_hi50,1.0045058727264404,1.005163836479187,1.005403423309326,1.0059718894958496,0.5542561349693252,0.9834852490491048,0.9891891891891892,0.09355828220858896,0.17094815506772537,0.05555555555555555,0.906441717791411,0.07178714859437751,0.09505753078104148,0.12347871809311804,0.02842118731207656,34,2,1773,183
42,bearing,centralized,20,vae,K005,172,37,36,1956,fuzzy_fault_only_hi75,1.0045058727264404,1.005163836479187,1.005403423309326,1.0059718894958496,0.5542561349693252,0.9834852490491048,0.981651376146789,0.054703476482617586,0.1036319612590799,0.05555555555555555,0.9452965235173824,0.07178714859437751,0.09505753078104148,0.12347871809311804,0.02842118731207656,34,2,1849,107
42,bearing,centralized,20,vae,K006,171,37,36,1956,hard_val_p95,1.0045511722564697,1.0070298194885254,1.0075398921966552,1.007588472366333,0.46309787548284476,0.975162881845559,0.875,0.0035787321063394683,0.007128309572301426,0.027777777777777776,0.9964212678936605,0.0030120481927710845,0.07476500516538803,0.032697043286689376,-0.042067961878698656,35,1,1949,7
42,bearing,centralized,20,vae,K006,171,37,36,1956,fuzzy_warning_as_alarm_hi50,1.0045511722564697,1.0070298194885254,1.0075398921966552,1.007588472366333,0.46309787548284476,0.975162881845559,0.875,0.0035787321063394683,0.007128309572301426,0.027777777777777776,0.9964212678936605,0.0030120481927710845,0.07476500516538803,0.032697043286689376,-0.042067961878698656,35,1,1949,7
42,bearing,centralized,20,vae,K006,171,37,36,1956,fuzzy_fault_only_hi75,1.0045511722564697,1.0070298194885254,1.0075398921966552,1.007588472366333,0.46309787548284476,0.975162881845559,0.875,0.0035787321063394683,0.007128309572301426,0.027777777777777776,0.9964212678936605,0.0030120481927710845,0.07476500516538803,0.032697043286689376,-0.042067961878698656,35,1,1949,7
42,bearing,federated,1,vae,K001,172,37,36,1956,hard_val_p95,0.0,0.0,0.0,0.0,0.5,0.9819277108433735,0.0,0.0,0.0,0.0,1.0,0.0,0.0,0.0,0.0,36,0,1956,0
42,bearing,federated,1,vae,K001,172,37,36,1956,fuzzy_warning_as_alarm_hi50,0.0,0.0,0.0,0.0,0.5,0.9819277108433735,0.0,0.0,0.0,0.0,1.0,0.0,0.0,0.0,0.0,36,0,1956,0
42,bearing,federated,1,vae,K001,172,37,36,1956,fuzzy_fault_only_hi75,0.0,0.0,0.0,0.0,0.5,0.9819277108433735,0.0,0.0,0.0,0.0,1.0,0.0,0.0,0.0,0.0,36,0,1956,0
42,bearing,federated,1,vae,K002,172,37,36,1956,hard_val_p95,0.0,0.0,0.0,0.0,0.5,0.9819277108433735,0.0,0.0,0.0,0.0,1.0,0.0,0.0,0.0,0.0,36,0,1956,0
42,bearing,federated,1,vae,K002,172,37,36,1956,fuzzy_warning_as_alarm_hi50,0.0,0.0,0.0,0.0,0.5,0.9819277108433735,0.0,0.0,0.0,0.0,1.0,0.0,0.0,0.0,0.0,36,0,1956,0
42,bearing,federated,1,vae,K002,172,37,36,1956,fuzzy_fault_only_hi75,0.0,0.0,0.0,0.0,0.5,0.9819277108433735,0.0,0.0,0.0,0.0,1.0,0.0,0.0,0.0,0.0,36,0,1956,0
42,bearing,federated,1,vae,K003,172,37,37,1956,hard_val_p95,0.0,0.0,0.0,0.0,0.5,0.9814350225790266,0.0,0.0,0.0,0.0,1.0,0.0,0.0,0.0,0.0,37,0,1956,0
42,bearing,federated,1,vae,K003,172,37,37,1956,fuzzy_warning_as_alarm_hi50,0.0,0.0,0.0,0.0,0.5,0.9814350225790266,0.0,0.0,0.0,0.0,1.0,0.0,0.0,0.0,0.0,37,0,1956,0
42,bearing,federated,1,vae,K003,172,37,37,1956,fuzzy_fault_only_hi75,0.0,0.0,0.0,0.0,0.5,0.9814350225790266,0.0,0.0,0.0,0.0,1.0,0.0,0.0,0.0,0.0,37,0,1956,0
42,bearing,federated,1,vae,K004,171,37,36,1956,hard_val_p95,0.0,0.0,0.0,0.0,0.5,0.9819277108433735,0.0,0.0,0.0,0.0,1.0,0.0,0.0,0.0,0.0,36,0,1956,0
42,bearing,federated,1,vae,K004,171,37,36,1956,fuzzy_warning_as_alarm_hi50,0.0,0.0,0.0,0.0,0.5,0.9819277108433735,0.0,0.0,0.0,0.0,1.0,0.0,0.0,0.0,0.0,36,0,1956,0
42,bearing,federated,1,vae,K004,171,37,36,1956,fuzzy_fault_only_hi75,0.0,0.0,0.0,0.0,0.5,0.9819277108433735,0.0,0.0,0.0,0.0,1.0,0.0,0.0,0.0,0.0,36,0,1956,0
42,bearing,federated,1,vae,K005,172,37,36,1956,hard_val_p95,0.0,0.0,0.0,0.0,0.5,0.9819277108433735,0.0,0.0,0.0,0.0,1.0,0.0,0.0,0.0,0.0,36,0,1956,0
42,bearing,federated,1,vae,K005,172,37,36,1956,fuzzy_warning_as_alarm_hi50,0.0,0.0,0.0,0.0,0.5,0.9819277108433735,0.0,0.0,0.0,0.0,1.0,0.0,0.0,0.0,0.0,36,0,1956,0
42,bearing,federated,1,vae,K005,172,37,36,1956,fuzzy_fault_only_hi75,0.0,0.0,0.0,0.0,0.5,0.9819277108433735,0.0,0.0,0.0,0.0,1.0,0.0,0.0,0.0,0.0,36,0,1956,0
42,bearing,federated,1,vae,K006,171,37,36,1956,hard_val_p95,0.0,0.0,0.0,0.0,0.5,0.9819277108433735,0.0,0.0,0.0,0.0,1.0,0.0,0.0,0.0,0.0,36,0,1956,0
42,bearing,federated,1,vae,K006,171,37,36,1956,fuzzy_warning_as_alarm_hi50,0.0,0.0,0.0,0.0,0.5,0.9819277108433735,0.0,0.0,0.0,0.0,1.0,0.0,0.0,0.0,0.0,36,0,1956,0
42,bearing,federated,1,vae,K006,171,37,36,1956,fuzzy_fault_only_hi75,0.0,0.0,0.0,0.0,0.5,0.9819277108433735,0.0,0.0,0.0,0.0,1.0,0.0,0.0,0.0,0.0,36,0,1956,0
42,bearing,federated,2,vae,K001,172,37,36,1956,hard_val_p95,0.0,0.0,0.0,0.0,0.5,0.9819277108433735,0.0,0.0,0.0,0.0,1.0,0.0,0.0,0.0,0.0,36,0,1956,0
42,bearing,federated,2,vae,K001,172,37,36,1956,fuzzy_warning_as_alarm_hi50,0.0,0.0,0.0,0.0,0.5,0.9819277108433735,0.0,0.0,0.0,0.0,1.0,0.0,0.0,0.0,0.0,36,0,1956,0
42,bearing,federated,2,vae,K001,172,37,36,1956,fuzzy_fault_only_hi75,0.0,0.0,0.0,0.0,0.5,0.9819277108433735,0.0,0.0,0.0,0.0,1.0,0.0,0.0,0.0,0.0,36,0,1956,0
42,bearing,federated,2,vae,K002,172,37,36,1956,hard_val_p95,0.0,0.0,0.0,0.0,0.5,0.9819277108433735,0.0,0.0,0.0,0.0,1.0,0.0,0.0,0.0,0.0,36,0,1956,0
42,bearing,federated,2,vae,K002,172,37,36,1956,fuzzy_warning_as_alarm_hi50,0.0,0.0,0.0,0.0,0.5,0.9819277108433735,0.0,0.0,0.0,0.0,1.0,0.0,0.0,0.0,0.0,36,0,1956,0
42,bearing,federated,2,vae,K002,172,37,36,1956,fuzzy_fault_only_hi75,0.0,0.0,0.0,0.0,0.5,0.9819277108433735,0.0,0.0,0.0,0.0,1.0,0.0,0.0,0.0,0.0,36,0,1956,0
42,bearing,federated,2,vae,K003,172,37,37,1956,hard_val_p95,0.0,0.0,0.0,0.0,0.5,0.9814350225790266,0.0,0.0,0.0,0.0,1.0,0.0,0.0,0.0,0.0,37,0,1956,0
42,bearing,federated,2,vae,K003,172,37,37,1956,fuzzy_warning_as_alarm_hi50,0.0,0.0,0.0,0.0,0.5,0.9814350225790266,0.0,0.0,0.0,0.0,1.0,0.0,0.0,0.0,0.0,37,0,1956,0
42,bearing,federated,2,vae,K003,172,37,37,1956,fuzzy_fault_only_hi75,0.0,0.0,0.0,0.0,0.5,0.9814350225790266,0.0,0.0,0.0,0.0,1.0,0.0,0.0,0.0,0.0,37,0,1956,0
42,bearing,federated,2,vae,K004,171,37,36,1956,hard_val_p95,0.0,0.0,0.0,0.0,0.5,0.9819277108433735,0.0,0.0,0.0,0.0,1.0,0.0,0.0,0.0,0.0,36,0,1956,0
42,bearing,federated,2,vae,K004,171,37,36,1956,fuzzy_warning_as_alarm_hi50,0.0,0.0,0.0,0.0,0.5,0.9819277108433735,0.0,0.0,0.0,0.0,1.0,0.0,0.0,0.0,0.0,36,0,1956,0
42,bearing,federated,2,vae,K004,171,37,36,1956,fuzzy_fault_only_hi75,0.0,0.0,0.0,0.0,0.5,0.9819277108433735,0.0,0.0,0.0,0.0,1.0,0.0,0.0,0.0,0.0,36,0,1956,0
42,bearing,federated,2,vae,K005,172,37,36,1956,hard_val_p95,0.0,0.0,0.0,0.0,0.5,0.9819277108433735,0.0,0.0,0.0,0.0,1.0,0.0,0.0,0.0,0.0,36,0,1956,0
42,bearing,federated,2,vae,K005,172,37,36,1956,fuzzy_warning_as_alarm_hi50,0.0,0.0,0.0,0.0,0.5,0.9819277108433735,0.0,0.0,0.0,0.0,1.0,0.0,0.0,0.0,0.0,36,0,1956,0
42,bearing,federated,2,vae,K005,172,37,36,1956,fuzzy_fault_only_hi75,0.0,0.0,0.0,0.0,0.5,0.9819277108433735,0.0,0.0,0.0,0.0,1.0,0.0,0.0,0.0,0.0,36,0,1956,0
42,bearing,federated,2,vae,K006,171,37,36,1956,hard_val_p95,0.0,0.0,0.0,0.0,0.5,0.9819277108433735,0.0,0.0,0.0,0.0,1.0,0.0,0.0,0.0,0.0,36,0,1956,0
42,bearing,federated,2,vae,K006,171,37,36,1956,fuzzy_warning_as_alarm_hi50,0.0,0.0,0.0,0.0,0.5,0.9819277108433735,0.0,0.0,0.0,0.0,1.0,0.0,0.0,0.0,0.0,36,0,1956,0
42,bearing,federated,2,vae,K006,171,37,36,1956,fuzzy_fault_only_hi75,0.0,0.0,0.0,0.0,0.5,0.9819277108433735,0.0,0.0,0.0,0.0,1.0,0.0,0.0,0.0,0.0,36,0,1956,0
42,bearing,federated,3,vae,K001,172,37,36,1956,hard_val_p95,0.0,0.0,0.0,0.0,0.5,0.9819277108433735,0.0,0.0,0.0,0.0,1.0,0.0,0.0,0.0,0.0,36,0,1956,0
42,bearing,federated,3,vae,K001,172,37,36,1956,fuzzy_warning_as_alarm_hi50,0.0,0.0,0.0,0.0,0.5,0.9819277108433735,0.0,0.0,0.0,0.0,1.0,0.0,0.0,0.0,0.0,36,0,1956,0
42,bearing,federated,3,vae,K001,172,37,36,1956,fuzzy_fault_only_hi75,0.0,0.0,0.0,0.0,0.5,0.9819277108433735,0.0,0.0,0.0,0.0,1.0,0.0,0.0,0.0,0.0,36,0,1956,0
42,bearing,federated,3,vae,K002,172,37,36,1956,hard_val_p95,0.0,0.0,0.0,0.0,0.5,0.9819277108433735,0.0,0.0,0.0,0.0,1.0,0.0,0.0,0.0,0.0,36,0,1956,0
42,bearing,federated,3,vae,K002,172,37,36,1956,fuzzy_warning_as_alarm_hi50,0.0,0.0,0.0,0.0,0.5,0.9819277108433735,0.0,0.0,0.0,0.0,1.0,0.0,0.0,0.0,0.0,36,0,1956,0
42,bearing,federated,3,vae,K002,172,37,36,1956,fuzzy_fault_only_hi75,0.0,0.0,0.0,0.0,0.5,0.9819277108433735,0.0,0.0,0.0,0.0,1.0,0.0,0.0,0.0,0.0,36,0,1956,0
42,bearing,federated,3,vae,K003,172,37,37,1956,hard_val_p95,0.0,0.0,0.0,0.0,0.5,0.9814350225790266,0.0,0.0,0.0,0.0,1.0,0.0,0.0,0.0,0.0,37,0,1956,0
42,bearing,federated,3,vae,K003,172,37,37,1956,fuzzy_warning_as_alarm_hi50,0.0,0.0,0.0,0.0,0.5,0.9814350225790266,0.0,0.0,0.0,0.0,1.0,0.0,0.0,0.0,0.0,37,0,1956,0
42,bearing,federated,3,vae,K003,172,37,37,1956,fuzzy_fault_only_hi75,0.0,0.0,0.0,0.0,0.5,0.9814350225790266,0.0,0.0,0.0,0.0,1.0,0.0,0.0,0.0,0.0,37,0,1956,0
42,bearing,federated,3,vae,K004,171,37,36,1956,hard_val_p95,0.0,0.0,0.0,0.0,0.5,0.9819277108433735,0.0,0.0,0.0,0.0,1.0,0.0,0.0,0.0,0.0,36,0,1956,0
42,bearing,federated,3,vae,K004,171,37,36,1956,fuzzy_warning_as_alarm_hi50,0.0,0.0,0.0,0.0,0.5,0.9819277108433735,0.0,0.0,0.0,0.0,1.0,0.0,0.0,0.0,0.0,36,0,1956,0
42,bearing,federated,3,vae,K004,171,37,36,1956,fuzzy_fault_only_hi75,0.0,0.0,0.0,0.0,0.5,0.9819277108433735,0.0,0.0,0.0,0.0,1.0,0.0,0.0,0.0,0.0,36,0,1956,0
42,bearing,federated,3,vae,K005,172,37,36,1956,hard_val_p95,0.0,0.0,0.0,0.0,0.5,0.9819277108433735,0.0,0.0,0.0,0.0,1.0,0.0,0.0,0.0,0.0,36,0,1956,0
42,bearing,federated,3,vae,K005,172,37,36,1956,fuzzy_warning_as_alarm_hi50,0.0,0.0,0.0,0.0,0.5,0.9819277108433735,0.0,0.0,0.0,0.0,1.0,0.0,0.0,0.0,0.0,36,0,1956,0
42,bearing,federated,3,vae,K005,172,37,36,1956,fuzzy_fault_only_hi75,0.0,0.0,0.0,0.0,0.5,0.9819277108433735,0.0,0.0,0.0,0.0,1.0,0.0,0.0,0.0,0.0,36,0,1956,0
42,bearing,federated,3,vae,K006,171,37,36,1956,hard_val_p95,0.0,0.0,0.0,0.0,0.5,0.9819277108433735,0.0,0.0,0.0,0.0,1.0,0.0,0.0,0.0,0.0,36,0,1956,0
42,bearing,federated,3,vae,K006,171,37,36,1956,fuzzy_warning_as_alarm_hi50,0.0,0.0,0.0,0.0,0.5,0.9819277108433735,0.0,0.0,0.0,0.0,1.0,0.0,0.0,0.0,0.0,36,0,1956,0
42,bearing,federated,3,vae,K006,171,37,36,1956,fuzzy_fault_only_hi75,0.0,0.0,0.0,0.0,0.5,0.9819277108433735,0.0,0.0,0.0,0.0,1.0,0.0,0.0,0.0,0.0,36,0,1956,0
42,bearing,federated,4,vae,K001,172,37,36,1956,hard_val_p95,0.0,0.0,0.0,0.0,0.5,0.9819277108433735,0.0,0.0,0.0,0.0,1.0,0.0,0.0,0.0,0.0,36,0,1956,0
42,bearing,federated,4,vae,K001,172,37,36,1956,fuzzy_warning_as_alarm_hi50,0.0,0.0,0.0,0.0,0.5,0.9819277108433735,0.0,0.0,0.0,0.0,1.0,0.0,0.0,0.0,0.0,36,0,1956,0
42,bearing,federated,4,vae,K001,172,37,36,1956,fuzzy_fault_only_hi75,0.0,0.0,0.0,0.0,0.5,0.9819277108433735,0.0,0.0,0.0,0.0,1.0,0.0,0.0,0.0,0.0,36,0,1956,0
42,bearing,federated,4,vae,K002,172,37,36,1956,hard_val_p95,0.0,0.0,0.0,0.0,0.5,0.9819277108433735,0.0,0.0,0.0,0.0,1.0,0.0,0.0,0.0,0.0,36,0,1956,0
42,bearing,federated,4,vae,K002,172,37,36,1956,fuzzy_warning_as_alarm_hi50,0.0,0.0,0.0,0.0,0.5,0.9819277108433735,0.0,0.0,0.0,0.0,1.0,0.0,0.0,0.0,0.0,36,0,1956,0
42,bearing,federated,4,vae,K002,172,37,36,1956,fuzzy_fault_only_hi75,0.0,0.0,0.0,0.0,0.5,0.9819277108433735,0.0,0.0,0.0,0.0,1.0,0.0,0.0,0.0,0.0,36,0,1956,0
42,bearing,federated,4,vae,K003,172,37,37,1956,hard_val_p95,0.0,0.0,0.0,0.0,0.5,0.9814350225790266,0.0,0.0,0.0,0.0,1.0,0.0,0.0,0.0,0.0,37,0,1956,0
42,bearing,federated,4,vae,K003,172,37,37,1956,fuzzy_warning_as_alarm_hi50,0.0,0.0,0.0,0.0,0.5,0.9814350225790266,0.0,0.0,0.0,0.0,1.0,0.0,0.0,0.0,0.0,37,0,1956,0
42,bearing,federated,4,vae,K003,172,37,37,1956,fuzzy_fault_only_hi75,0.0,0.0,0.0,0.0,0.5,0.9814350225790266,0.0,0.0,0.0,0.0,1.0,0.0,0.0,0.0,0.0,37,0,1956,0
42,bearing,federated,4,vae,K004,171,37,36,1956,hard_val_p95,0.0,0.0,0.0,0.0,0.5,0.9819277108433735,0.0,0.0,0.0,0.0,1.0,0.0,0.0,0.0,0.0,36,0,1956,0
42,bearing,federated,4,vae,K004,171,37,36,1956,fuzzy_warning_as_alarm_hi50,0.0,0.0,0.0,0.0,0.5,0.9819277108433735,0.0,0.0,0.0,0.0,1.0,0.0,0.0,0.0,0.0,36,0,1956,0
42,bearing,federated,4,vae,K004,171,37,36,1956,fuzzy_fault_only_hi75,0.0,0.0,0.0,0.0,0.5,0.9819277108433735,0.0,0.0,0.0,0.0,1.0,0.0,0.0,0.0,0.0,36,0,1956,0
42,bearing,federated,4,vae,K005,172,37,36,1956,hard_val_p95,0.0,0.0,0.0,0.0,0.5,0.9819277108433735,0.0,0.0,0.0,0.0,1.0,0.0,0.0,0.0,0.0,36,0,1956,0
42,bearing,federated,4,vae,K005,172,37,36,1956,fuzzy_warning_as_alarm_hi50,0.0,0.0,0.0,0.0,0.5,0.9819277108433735,0.0,0.0,0.0,0.0,1.0,0.0,0.0,0.0,0.0,36,0,1956,0
42,bearing,federated,4,vae,K005,172,37,36,1956,fuzzy_fault_only_hi75,0.0,0.0,0.0,0.0,0.5,0.9819277108433735,0.0,0.0,0.0,0.0,1.0,0.0,0.0,0.0,0.0,36,0,1956,0
42,bearing,federated,4,vae,K006,171,37,36,1956,hard_val_p95,0.0,0.0,0.0,0.0,0.5,0.9819277108433735,0.0,0.0,0.0,0.0,1.0,0.0,0.0,0.0,0.0,36,0,1956,0
42,bearing,federated,4,vae,K006,171,37,36,1956,fuzzy_warning_as_alarm_hi50,0.0,0.0,0.0,0.0,0.5,0.9819277108433735,0.0,0.0,0.0,0.0,1.0,0.0,0.0,0.0,0.0,36,0,1956,0
42,bearing,federated,4,vae,K006,171,37,36,1956,fuzzy_fault_only_hi75,0.0,0.0,0.0,0.0,0.5,0.9819277108433735,0.0,0.0,0.0,0.0,1.0,0.0,0.0,0.0,0.0,36,0,1956,0
42,bearing,federated,5,vae,K001,172,37,36,1956,hard_val_p95,0.0,0.0,0.0,0.0,0.5,0.9819277108433735,0.0,0.0,0.0,0.0,1.0,0.0,0.0,0.0,0.0,36,0,1956,0
42,bearing,federated,5,vae,K001,172,37,36,1956,fuzzy_warning_as_alarm_hi50,0.0,0.0,0.0,0.0,0.5,0.9819277108433735,0.0,0.0,0.0,0.0,1.0,0.0,0.0,0.0,0.0,36,0,1956,0
42,bearing,federated,5,vae,K001,172,37,36,1956,fuzzy_fault_only_hi75,0.0,0.0,0.0,0.0,0.5,0.9819277108433735,0.0,0.0,0.0,0.0,1.0,0.0,0.0,0.0,0.0,36,0,1956,0
42,bearing,federated,5,vae,K002,172,37,36,1956,hard_val_p95,0.0,0.0,0.0,0.0,0.5,0.9819277108433735,0.0,0.0,0.0,0.0,1.0,0.0,0.0,0.0,0.0,36,0,1956,0
42,bearing,federated,5,vae,K002,172,37,36,1956,fuzzy_warning_as_alarm_hi50,0.0,0.0,0.0,0.0,0.5,0.9819277108433735,0.0,0.0,0.0,0.0,1.0,0.0,0.0,0.0,0.0,36,0,1956,0
42,bearing,federated,5,vae,K002,172,37,36,1956,fuzzy_fault_only_hi75,0.0,0.0,0.0,0.0,0.5,0.9819277108433735,0.0,0.0,0.0,0.0,1.0,0.0,0.0,0.0,0.0,36,0,1956,0
42,bearing,federated,5,vae,K003,172,37,37,1956,hard_val_p95,0.0,0.0,0.0,0.0,0.5,0.9814350225790266,0.0,0.0,0.0,0.0,1.0,0.0,0.0,0.0,0.0,37,0,1956,0
42,bearing,federated,5,vae,K003,172,37,37,1956,fuzzy_warning_as_alarm_hi50,0.0,0.0,0.0,0.0,0.5,0.9814350225790266,0.0,0.0,0.0,0.0,1.0,0.0,0.0,0.0,0.0,37,0,1956,0
42,bearing,federated,5,vae,K003,172,37,37,1956,fuzzy_fault_only_hi75,0.0,0.0,0.0,0.0,0.5,0.9814350225790266,0.0,0.0,0.0,0.0,1.0,0.0,0.0,0.0,0.0,37,0,1956,0
42,bearing,federated,5,vae,K004,171,37,36,1956,hard_val_p95,0.0,0.0,0.0,0.0,0.5,0.9819277108433735,0.0,0.0,0.0,0.0,1.0,0.0,0.0,0.0,0.0,36,0,1956,0
42,bearing,federated,5,vae,K004,171,37,36,1956,fuzzy_warning_as_alarm_hi50,0.0,0.0,0.0,0.0,0.5,0.9819277108433735,0.0,0.0,0.0,0.0,1.0,0.0,0.0,0.0,0.0,36,0,1956,0
42,bearing,federated,5,vae,K004,171,37,36,1956,fuzzy_fault_only_hi75,0.0,0.0,0.0,0.0,0.5,0.9819277108433735,0.0,0.0,0.0,0.0,1.0,0.0,0.0,0.0,0.0,36,0,1956,0
42,bearing,federated,5,vae,K005,172,37,36,1956,hard_val_p95,0.0,0.0,0.0,0.0,0.5,0.9819277108433735,0.0,0.0,0.0,0.0,1.0,0.0,0.0,0.0,0.0,36,0,1956,0
42,bearing,federated,5,vae,K005,172,37,36,1956,fuzzy_warning_as_alarm_hi50,0.0,0.0,0.0,0.0,0.5,0.9819277108433735,0.0,0.0,0.0,0.0,1.0,0.0,0.0,0.0,0.0,36,0,1956,0
42,bearing,federated,5,vae,K005,172,37,36,1956,fuzzy_fault_only_hi75,0.0,0.0,0.0,0.0,0.5,0.9819277108433735,0.0,0.0,0.0,0.0,1.0,0.0,0.0,0.0,0.0,36,0,1956,0
42,bearing,federated,5,vae,K006,171,37,36,1956,hard_val_p95,0.0,0.0,0.0,0.0,0.5,0.9819277108433735,0.0,0.0,0.0,0.0,1.0,0.0,0.0,0.0,0.0,36,0,1956,0
42,bearing,federated,5,vae,K006,171,37,36,1956,fuzzy_warning_as_alarm_hi50,0.0,0.0,0.0,0.0,0.5,0.9819277108433735,0.0,0.0,0.0,0.0,1.0,0.0,0.0,0.0,0.0,36,0,1956,0
42,bearing,federated,5,vae,K006,171,37,36,1956,fuzzy_fault_only_hi75,0.0,0.0,0.0,0.0,0.5,0.9819277108433735,0.0,0.0,0.0,0.0,1.0,0.0,0.0,0.0,0.0,36,0,1956,0
42,bearing,federated,6,vae,K001,172,37,36,1956,hard_val_p95,0.0,0.0,0.0,0.0,0.5,0.9819277108433735,0.0,0.0,0.0,0.0,1.0,0.0,0.0,0.0,0.0,36,0,1956,0
42,bearing,federated,6,vae,K001,172,37,36,1956,fuzzy_warning_as_alarm_hi50,0.0,0.0,0.0,0.0,0.5,0.9819277108433735,0.0,0.0,0.0,0.0,1.0,0.0,0.0,0.0,0.0,36,0,1956,0
42,bearing,federated,6,vae,K001,172,37,36,1956,fuzzy_fault_only_hi75,0.0,0.0,0.0,0.0,0.5,0.9819277108433735,0.0,0.0,0.0,0.0,1.0,0.0,0.0,0.0,0.0,36,0,1956,0
42,bearing,federated,6,vae,K002,172,37,36,1956,hard_val_p95,0.0,0.0,0.0,0.0,0.5,0.9819277108433735,0.0,0.0,0.0,0.0,1.0,0.0,0.0,0.0,0.0,36,0,1956,0
42,bearing,federated,6,vae,K002,172,37,36,1956,fuzzy_warning_as_alarm_hi50,0.0,0.0,0.0,0.0,0.5,0.9819277108433735,0.0,0.0,0.0,0.0,1.0,0.0,0.0,0.0,0.0,36,0,1956,0
42,bearing,federated,6,vae,K002,172,37,36,1956,fuzzy_fault_only_hi75,0.0,0.0,0.0,0.0,0.5,0.9819277108433735,0.0,0.0,0.0,0.0,1.0,0.0,0.0,0.0,0.0,36,0,1956,0
42,bearing,federated,6,vae,K003,172,37,37,1956,hard_val_p95,0.0,0.0,0.0,0.0,0.5,0.9814350225790266,0.0,0.0,0.0,0.0,1.0,0.0,0.0,0.0,0.0,37,0,1956,0
42,bearing,federated,6,vae,K003,172,37,37,1956,fuzzy_warning_as_alarm_hi50,0.0,0.0,0.0,0.0,0.5,0.9814350225790266,0.0,0.0,0.0,0.0,1.0,0.0,0.0,0.0,0.0,37,0,1956,0
42,bearing,federated,6,vae,K003,172,37,37,1956,fuzzy_fault_only_hi75,0.0,0.0,0.0,0.0,0.5,0.9814350225790266,0.0,0.0,0.0,0.0,1.0,0.0,0.0,0.0,0.0,37,0,1956,0
42,bearing,federated,6,vae,K004,171,37,36,1956,hard_val_p95,0.0,0.0,0.0,0.0,0.5,0.9819277108433735,0.0,0.0,0.0,0.0,1.0,0.0,0.0,0.0,0.0,36,0,1956,0
42,bearing,federated,6,vae,K004,171,37,36,1956,fuzzy_warning_as_alarm_hi50,0.0,0.0,0.0,0.0,0.5,0.9819277108433735,0.0,0.0,0.0,0.0,1.0,0.0,0.0,0.0,0.0,36,0,1956,0
42,bearing,federated,6,vae,K004,171,37,36,1956,fuzzy_fault_only_hi75,0.0,0.0,0.0,0.0,0.5,0.9819277108433735,0.0,0.0,0.0,0.0,1.0,0.0,0.0,0.0,0.0,36,0,1956,0
42,bearing,federated,6,vae,K005,172,37,36,1956,hard_val_p95,0.0,0.0,0.0,0.0,0.5,0.9819277108433735,0.0,0.0,0.0,0.0,1.0,0.0,0.0,0.0,0.0,36,0,1956,0
42,bearing,federated,6,vae,K005,172,37,36,1956,fuzzy_warning_as_alarm_hi50,0.0,0.0,0.0,0.0,0.5,0.9819277108433735,0.0,0.0,0.0,0.0,1.0,0.0,0.0,0.0,0.0,36,0,1956,0
42,bearing,federated,6,vae,K005,172,37,36,1956,fuzzy_fault_only_hi75,0.0,0.0,0.0,0.0,0.5,0.9819277108433735,0.0,0.0,0.0,0.0,1.0,0.0,0.0,0.0,0.0,36,0,1956,0
42,bearing,federated,6,vae,K006,171,37,36,1956,hard_val_p95,0.0,0.0,0.0,0.0,0.5,0.9819277108433735,0.0,0.0,0.0,0.0,1.0,0.0,0.0,0.0,0.0,36,0,1956,0
42,bearing,federated,6,vae,K006,171,37,36,1956,fuzzy_warning_as_alarm_hi50,0.0,0.0,0.0,0.0,0.5,0.9819277108433735,0.0,0.0,0.0,0.0,1.0,0.0,0.0,0.0,0.0,36,0,1956,0
42,bearing,federated,6,vae,K006,171,37,36,1956,fuzzy_fault_only_hi75,0.0,0.0,0.0,0.0,0.5,0.9819277108433735,0.0,0.0,0.0,0.0,1.0,0.0,0.0,0.0,0.0,36,0,1956,0
42,bearing,federated,7,vae,K001,172,37,36,1956,hard_val_p95,0.0,0.0,0.0,0.0,0.5,0.9819277108433735,0.0,0.0,0.0,0.0,1.0,0.0,0.0,0.0,0.0,36,0,1956,0
42,bearing,federated,7,vae,K001,172,37,36,1956,fuzzy_warning_as_alarm_hi50,0.0,0.0,0.0,0.0,0.5,0.9819277108433735,0.0,0.0,0.0,0.0,1.0,0.0,0.0,0.0,0.0,36,0,1956,0
42,bearing,federated,7,vae,K001,172,37,36,1956,fuzzy_fault_only_hi75,0.0,0.0,0.0,0.0,0.5,0.9819277108433735,0.0,0.0,0.0,0.0,1.0,0.0,0.0,0.0,0.0,36,0,1956,0
42,bearing,federated,7,vae,K002,172,37,36,1956,hard_val_p95,0.0,0.0,0.0,0.0,0.5,0.9819277108433735,0.0,0.0,0.0,0.0,1.0,0.0,0.0,0.0,0.0,36,0,1956,0
42,bearing,federated,7,vae,K002,172,37,36,1956,fuzzy_warning_as_alarm_hi50,0.0,0.0,0.0,0.0,0.5,0.9819277108433735,0.0,0.0,0.0,0.0,1.0,0.0,0.0,0.0,0.0,36,0,1956,0
42,bearing,federated,7,vae,K002,172,37,36,1956,fuzzy_fault_only_hi75,0.0,0.0,0.0,0.0,0.5,0.9819277108433735,0.0,0.0,0.0,0.0,1.0,0.0,0.0,0.0,0.0,36,0,1956,0
42,bearing,federated,7,vae,K003,172,37,37,1956,hard_val_p95,0.0,0.0,0.0,0.0,0.5,0.9814350225790266,0.0,0.0,0.0,0.0,1.0,0.0,0.0,0.0,0.0,37,0,1956,0
42,bearing,federated,7,vae,K003,172,37,37,1956,fuzzy_warning_as_alarm_hi50,0.0,0.0,0.0,0.0,0.5,0.9814350225790266,0.0,0.0,0.0,0.0,1.0,0.0,0.0,0.0,0.0,37,0,1956,0
42,bearing,federated,7,vae,K003,172,37,37,1956,fuzzy_fault_only_hi75,0.0,0.0,0.0,0.0,0.5,0.9814350225790266,0.0,0.0,0.0,0.0,1.0,0.0,0.0,0.0,0.0,37,0,1956,0
42,bearing,federated,7,vae,K004,171,37,36,1956,hard_val_p95,0.0,0.0,0.0,0.0,0.5,0.9819277108433735,0.0,0.0,0.0,0.0,1.0,0.0,0.0,0.0,0.0,36,0,1956,0
42,bearing,federated,7,vae,K004,171,37,36,1956,fuzzy_warning_as_alarm_hi50,0.0,0.0,0.0,0.0,0.5,0.9819277108433735,0.0,0.0,0.0,0.0,1.0,0.0,0.0,0.0,0.0,36,0,1956,0
42,bearing,federated,7,vae,K004,171,37,36,1956,fuzzy_fault_only_hi75,0.0,0.0,0.0,0.0,0.5,0.9819277108433735,0.0,0.0,0.0,0.0,1.0,0.0,0.0,0.0,0.0,36,0,1956,0
42,bearing,federated,7,vae,K005,172,37,36,1956,hard_val_p95,0.0,0.0,0.0,0.0,0.5,0.9819277108433735,0.0,0.0,0.0,0.0,1.0,0.0,0.0,0.0,0.0,36,0,1956,0
42,bearing,federated,7,vae,K005,172,37,36,1956,fuzzy_warning_as_alarm_hi50,0.0,0.0,0.0,0.0,0.5,0.9819277108433735,0.0,0.0,0.0,0.0,1.0,0.0,0.0,0.0,0.0,36,0,1956,0
42,bearing,federated,7,vae,K005,172,37,36,1956,fuzzy_fault_only_hi75,0.0,0.0,0.0,0.0,0.5,0.9819277108433735,0.0,0.0,0.0,0.0,1.0,0.0,0.0,0.0,0.0,36,0,1956,0
42,bearing,federated,7,vae,K006,171,37,36,1956,hard_val_p95,0.0,0.0,0.0,0.0,0.5,0.9819277108433735,0.0,0.0,0.0,0.0,1.0,0.0,0.0,0.0,0.0,36,0,1956,0
42,bearing,federated,7,vae,K006,171,37,36,1956,fuzzy_warning_as_alarm_hi50,0.0,0.0,0.0,0.0,0.5,0.9819277108433735,0.0,0.0,0.0,0.0,1.0,0.0,0.0,0.0,0.0,36,0,1956,0
42,bearing,federated,7,vae,K006,171,37,36,1956,fuzzy_fault_only_hi75,0.0,0.0,0.0,0.0,0.5,0.9819277108433735,0.0,0.0,0.0,0.0,1.0,0.0,0.0,0.0,0.0,36,0,1956,0
42,bearing,federated,8,vae,K001,172,37,36,1956,hard_val_p95,0.0,0.0,0.0,0.0,0.5,0.9819277108433735,0.0,0.0,0.0,0.0,1.0,0.0,0.0,0.0,0.0,36,0,1956,0
42,bearing,federated,8,vae,K001,172,37,36,1956,fuzzy_warning_as_alarm_hi50,0.0,0.0,0.0,0.0,0.5,0.9819277108433735,0.0,0.0,0.0,0.0,1.0,0.0,0.0,0.0,0.0,36,0,1956,0
42,bearing,federated,8,vae,K001,172,37,36,1956,fuzzy_fault_only_hi75,0.0,0.0,0.0,0.0,0.5,0.9819277108433735,0.0,0.0,0.0,0.0,1.0,0.0,0.0,0.0,0.0,36,0,1956,0
42,bearing,federated,8,vae,K002,172,37,36,1956,hard_val_p95,0.0,0.0,0.0,0.0,0.5,0.9819277108433735,0.0,0.0,0.0,0.0,1.0,0.0,0.0,0.0,0.0,36,0,1956,0
42,bearing,federated,8,vae,K002,172,37,36,1956,fuzzy_warning_as_alarm_hi50,0.0,0.0,0.0,0.0,0.5,0.9819277108433735,0.0,0.0,0.0,0.0,1.0,0.0,0.0,0.0,0.0,36,0,1956,0
42,bearing,federated,8,vae,K002,172,37,36,1956,fuzzy_fault_only_hi75,0.0,0.0,0.0,0.0,0.5,0.9819277108433735,0.0,0.0,0.0,0.0,1.0,0.0,0.0,0.0,0.0,36,0,1956,0
42,bearing,federated,8,vae,K003,172,37,37,1956,hard_val_p95,0.0,0.0,0.0,0.0,0.5,0.9814350225790266,0.0,0.0,0.0,0.0,1.0,0.0,0.0,0.0,0.0,37,0,1956,0
42,bearing,federated,8,vae,K003,172,37,37,1956,fuzzy_warning_as_alarm_hi50,0.0,0.0,0.0,0.0,0.5,0.9814350225790266,0.0,0.0,0.0,0.0,1.0,0.0,0.0,0.0,0.0,37,0,1956,0
42,bearing,federated,8,vae,K003,172,37,37,1956,fuzzy_fault_only_hi75,0.0,0.0,0.0,0.0,0.5,0.9814350225790266,0.0,0.0,0.0,0.0,1.0,0.0,0.0,0.0,0.0,37,0,1956,0
42,bearing,federated,8,vae,K004,171,37,36,1956,hard_val_p95,0.0,0.0,0.0,0.0,0.5,0.9819277108433735,0.0,0.0,0.0,0.0,1.0,0.0,0.0,0.0,0.0,36,0,1956,0
42,bearing,federated,8,vae,K004,171,37,36,1956,fuzzy_warning_as_alarm_hi50,0.0,0.0,0.0,0.0,0.5,0.9819277108433735,0.0,0.0,0.0,0.0,1.0,0.0,0.0,0.0,0.0,36,0,1956,0
42,bearing,federated,8,vae,K004,171,37,36,1956,fuzzy_fault_only_hi75,0.0,0.0,0.0,0.0,0.5,0.9819277108433735,0.0,0.0,0.0,0.0,1.0,0.0,0.0,0.0,0.0,36,0,1956,0
42,bearing,federated,8,vae,K005,172,37,36,1956,hard_val_p95,0.0,0.0,0.0,0.0,0.5,0.9819277108433735,0.0,0.0,0.0,0.0,1.0,0.0,0.0,0.0,0.0,36,0,1956,0
42,bearing,federated,8,vae,K005,172,37,36,1956,fuzzy_warning_as_alarm_hi50,0.0,0.0,0.0,0.0,0.5,0.9819277108433735,0.0,0.0,0.0,0.0,1.0,0.0,0.0,0.0,0.0,36,0,1956,0
42,bearing,federated,8,vae,K005,172,37,36,1956,fuzzy_fault_only_hi75,0.0,0.0,0.0,0.0,0.5,0.9819277108433735,0.0,0.0,0.0,0.0,1.0,0.0,0.0,0.0,0.0,36,0,1956,0
42,bearing,federated,8,vae,K006,171,37,36,1956,hard_val_p95,0.0,0.0,0.0,0.0,0.5,0.9819277108433735,0.0,0.0,0.0,0.0,1.0,0.0,0.0,0.0,0.0,36,0,1956,0
42,bearing,federated,8,vae,K006,171,37,36,1956,fuzzy_warning_as_alarm_hi50,0.0,0.0,0.0,0.0,0.5,0.9819277108433735,0.0,0.0,0.0,0.0,1.0,0.0,0.0,0.0,0.0,36,0,1956,0
42,bearing,federated,8,vae,K006,171,37,36,1956,fuzzy_fault_only_hi75,0.0,0.0,0.0,0.0,0.5,0.9819277108433735,0.0,0.0,0.0,0.0,1.0,0.0,0.0,0.0,0.0,36,0,1956,0
42,bearing,federated,9,vae,K001,172,37,36,1956,hard_val_p95,0.0,0.0,0.0,0.0,0.5,0.9819277108433735,0.0,0.0,0.0,0.0,1.0,0.0,0.0,0.0,0.0,36,0,1956,0
42,bearing,federated,9,vae,K001,172,37,36,1956,fuzzy_warning_as_alarm_hi50,0.0,0.0,0.0,0.0,0.5,0.9819277108433735,0.0,0.0,0.0,0.0,1.0,0.0,0.0,0.0,0.0,36,0,1956,0
42,bearing,federated,9,vae,K001,172,37,36,1956,fuzzy_fault_only_hi75,0.0,0.0,0.0,0.0,0.5,0.9819277108433735,0.0,0.0,0.0,0.0,1.0,0.0,0.0,0.0,0.0,36,0,1956,0
42,bearing,federated,9,vae,K002,172,37,36,1956,hard_val_p95,0.0,0.0,0.0,0.0,0.5,0.9819277108433735,0.0,0.0,0.0,0.0,1.0,0.0,0.0,0.0,0.0,36,0,1956,0
42,bearing,federated,9,vae,K002,172,37,36,1956,fuzzy_warning_as_alarm_hi50,0.0,0.0,0.0,0.0,0.5,0.9819277108433735,0.0,0.0,0.0,0.0,1.0,0.0,0.0,0.0,0.0,36,0,1956,0
42,bearing,federated,9,vae,K002,172,37,36,1956,fuzzy_fault_only_hi75,0.0,0.0,0.0,0.0,0.5,0.9819277108433735,0.0,0.0,0.0,0.0,1.0,0.0,0.0,0.0,0.0,36,0,1956,0
42,bearing,federated,9,vae,K003,172,37,37,1956,hard_val_p95,0.0,0.0,0.0,0.0,0.5,0.9814350225790266,0.0,0.0,0.0,0.0,1.0,0.0,0.0,0.0,0.0,37,0,1956,0
42,bearing,federated,9,vae,K003,172,37,37,1956,fuzzy_warning_as_alarm_hi50,0.0,0.0,0.0,0.0,0.5,0.9814350225790266,0.0,0.0,0.0,0.0,1.0,0.0,0.0,0.0,0.0,37,0,1956,0
42,bearing,federated,9,vae,K003,172,37,37,1956,fuzzy_fault_only_hi75,0.0,0.0,0.0,0.0,0.5,0.9814350225790266,0.0,0.0,0.0,0.0,1.0,0.0,0.0,0.0,0.0,37,0,1956,0
42,bearing,federated,9,vae,K004,171,37,36,1956,hard_val_p95,0.0,0.0,0.0,0.0,0.5,0.9819277108433735,0.0,0.0,0.0,0.0,1.0,0.0,0.0,0.0,0.0,36,0,1956,0
42,bearing,federated,9,vae,K004,171,37,36,1956,fuzzy_warning_as_alarm_hi50,0.0,0.0,0.0,0.0,0.5,0.9819277108433735,0.0,0.0,0.0,0.0,1.0,0.0,0.0,0.0,0.0,36,0,1956,0
42,bearing,federated,9,vae,K004,171,37,36,1956,fuzzy_fault_only_hi75,0.0,0.0,0.0,0.0,0.5,0.9819277108433735,0.0,0.0,0.0,0.0,1.0,0.0,0.0,0.0,0.0,36,0,1956,0
42,bearing,federated,9,vae,K005,172,37,36,1956,hard_val_p95,0.0,0.0,0.0,0.0,0.5,0.9819277108433735,0.0,0.0,0.0,0.0,1.0,0.0,0.0,0.0,0.0,36,0,1956,0
42,bearing,federated,9,vae,K005,172,37,36,1956,fuzzy_warning_as_alarm_hi50,0.0,0.0,0.0,0.0,0.5,0.9819277108433735,0.0,0.0,0.0,0.0,1.0,0.0,0.0,0.0,0.0,36,0,1956,0
42,bearing,federated,9,vae,K005,172,37,36,1956,fuzzy_fault_only_hi75,0.0,0.0,0.0,0.0,0.5,0.9819277108433735,0.0,0.0,0.0,0.0,1.0,0.0,0.0,0.0,0.0,36,0,1956,0
42,bearing,federated,9,vae,K006,171,37,36,1956,hard_val_p95,0.0,0.0,0.0,0.0,0.5,0.9819277108433735,0.0,0.0,0.0,0.0,1.0,0.0,0.0,0.0,0.0,36,0,1956,0
42,bearing,federated,9,vae,K006,171,37,36,1956,fuzzy_warning_as_alarm_hi50,0.0,0.0,0.0,0.0,0.5,0.9819277108433735,0.0,0.0,0.0,0.0,1.0,0.0,0.0,0.0,0.0,36,0,1956,0
42,bearing,federated,9,vae,K006,171,37,36,1956,fuzzy_fault_only_hi75,0.0,0.0,0.0,0.0,0.5,0.9819277108433735,0.0,0.0,0.0,0.0,1.0,0.0,0.0,0.0,0.0,36,0,1956,0
42,bearing,federated,10,vae,K001,172,37,36,1956,hard_val_p95,0.0,0.0,0.0,0.0,0.5,0.9819277108433735,0.0,0.0,0.0,0.0,1.0,0.0,0.0,0.0,0.0,36,0,1956,0
42,bearing,federated,10,vae,K001,172,37,36,1956,fuzzy_warning_as_alarm_hi50,0.0,0.0,0.0,0.0,0.5,0.9819277108433735,0.0,0.0,0.0,0.0,1.0,0.0,0.0,0.0,0.0,36,0,1956,0
42,bearing,federated,10,vae,K001,172,37,36,1956,fuzzy_fault_only_hi75,0.0,0.0,0.0,0.0,0.5,0.9819277108433735,0.0,0.0,0.0,0.0,1.0,0.0,0.0,0.0,0.0,36,0,1956,0
42,bearing,federated,10,vae,K002,172,37,36,1956,hard_val_p95,0.0,0.0,0.0,0.0,0.5,0.9819277108433735,0.0,0.0,0.0,0.0,1.0,0.0,0.0,0.0,0.0,36,0,1956,0
42,bearing,federated,10,vae,K002,172,37,36,1956,fuzzy_warning_as_alarm_hi50,0.0,0.0,0.0,0.0,0.5,0.9819277108433735,0.0,0.0,0.0,0.0,1.0,0.0,0.0,0.0,0.0,36,0,1956,0
42,bearing,federated,10,vae,K002,172,37,36,1956,fuzzy_fault_only_hi75,0.0,0.0,0.0,0.0,0.5,0.9819277108433735,0.0,0.0,0.0,0.0,1.0,0.0,0.0,0.0,0.0,36,0,1956,0
42,bearing,federated,10,vae,K003,172,37,37,1956,hard_val_p95,0.0,0.0,0.0,0.0,0.5,0.9814350225790266,0.0,0.0,0.0,0.0,1.0,0.0,0.0,0.0,0.0,37,0,1956,0
42,bearing,federated,10,vae,K003,172,37,37,1956,fuzzy_warning_as_alarm_hi50,0.0,0.0,0.0,0.0,0.5,0.9814350225790266,0.0,0.0,0.0,0.0,1.0,0.0,0.0,0.0,0.0,37,0,1956,0
42,bearing,federated,10,vae,K003,172,37,37,1956,fuzzy_fault_only_hi75,0.0,0.0,0.0,0.0,0.5,0.9814350225790266,0.0,0.0,0.0,0.0,1.0,0.0,0.0,0.0,0.0,37,0,1956,0
42,bearing,federated,10,vae,K004,171,37,36,1956,hard_val_p95,0.0,0.0,0.0,0.0,0.5,0.9819277108433735,0.0,0.0,0.0,0.0,1.0,0.0,0.0,0.0,0.0,36,0,1956,0
42,bearing,federated,10,vae,K004,171,37,36,1956,fuzzy_warning_as_alarm_hi50,0.0,0.0,0.0,0.0,0.5,0.9819277108433735,0.0,0.0,0.0,0.0,1.0,0.0,0.0,0.0,0.0,36,0,1956,0
42,bearing,federated,10,vae,K004,171,37,36,1956,fuzzy_fault_only_hi75,0.0,0.0,0.0,0.0,0.5,0.9819277108433735,0.0,0.0,0.0,0.0,1.0,0.0,0.0,0.0,0.0,36,0,1956,0
42,bearing,federated,10,vae,K005,172,37,36,1956,hard_val_p95,0.0,0.0,0.0,0.0,0.5,0.9819277108433735,0.0,0.0,0.0,0.0,1.0,0.0,0.0,0.0,0.0,36,0,1956,0
42,bearing,federated,10,vae,K005,172,37,36,1956,fuzzy_warning_as_alarm_hi50,0.0,0.0,0.0,0.0,0.5,0.9819277108433735,0.0,0.0,0.0,0.0,1.0,0.0,0.0,0.0,0.0,36,0,1956,0
42,bearing,federated,10,vae,K005,172,37,36,1956,fuzzy_fault_only_hi75,0.0,0.0,0.0,0.0,0.5,0.9819277108433735,0.0,0.0,0.0,0.0,1.0,0.0,0.0,0.0,0.0,36,0,1956,0
42,bearing,federated,10,vae,K006,171,37,36,1956,hard_val_p95,0.0,0.0,0.0,0.0,0.5,0.9819277108433735,0.0,0.0,0.0,0.0,1.0,0.0,0.0,0.0,0.0,36,0,1956,0
42,bearing,federated,10,vae,K006,171,37,36,1956,fuzzy_warning_as_alarm_hi50,0.0,0.0,0.0,0.0,0.5,0.9819277108433735,0.0,0.0,0.0,0.0,1.0,0.0,0.0,0.0,0.0,36,0,1956,0
42,bearing,federated,10,vae,K006,171,37,36,1956,fuzzy_fault_only_hi75,0.0,0.0,0.0,0.0,0.5,0.9819277108433735,0.0,0.0,0.0,0.0,1.0,0.0,0.0,0.0,0.0,36,0,1956,0
202,bearing,local-only,10,cnn-ae,K001,172,37,36,1956,hard_val_p95,1.0161677598953247,1.020242190361023,1.0217840194702148,1.0229938888549805,0.3129118382185867,0.9708519838637417,0.8823529411764706,0.007668711656441718,0.015205271160669031,0.05555555555555555,0.9923312883435583,0.012550200803212851,0.119811533130099,0.033750179744445115,-0.08606135338565388,34,2,1941,15
202,bearing,local-only,10,cnn-ae,K001,172,37,36,1956,fuzzy_warning_as_alarm_hi50,1.0161677598953247,1.020242190361023,1.0217840194702148,1.0229938888549805,0.3129118382185867,0.9708519838637417,0.8823529411764706,0.007668711656441718,0.015205271160669031,0.05555555555555555,0.9923312883435583,0.012550200803212851,0.119811533130099,0.033750179744445115,-0.08606135338565388,34,2,1941,15
202,bearing,local-only,10,cnn-ae,K001,172,37,36,1956,fuzzy_fault_only_hi75,1.0161677598953247,1.020242190361023,1.0217840194702148,1.0229938888549805,0.3129118382185867,0.9708519838637417,0.9230769230769231,0.006134969325153374,0.01218892839004571,0.027777777777777776,0.9938650306748467,0.012550200803212851,0.119811533130099,0.033750179744445115,-0.08606135338565388,35,1,1944,12
202,bearing,local-only,10,cnn-ae,K002,172,37,36,1956,hard_val_p95,0.9259604215621948,1.0176258563995362,1.0195697784423827,1.0213411903381349,0.8085804362644853,0.990763849577291,0.9818181818181818,0.027607361963190184,0.05370462456489309,0.027777777777777776,0.9723926380368099,0.0356425702811245,0.06988388374964324,0.2240194507942428,0.15413556704459955,35,1,1902,54
202,bearing,local-only,10,cnn-ae,K002,172,37,36,1956,fuzzy_warning_as_alarm_hi50,0.9259604215621948,1.0176258563995362,1.0195697784423827,1.0213411903381349,0.8085804362644853,0.990763849577291,0.9818181818181818,0.027607361963190184,0.05370462456489309,0.027777777777777776,0.9723926380368099,0.0356425702811245,0.06988388374964324,0.2240194507942428,0.15413556704459955,35,1,1902,54
202,bearing,local-only,10,cnn-ae,K002,172,37,36,1956,fuzzy_fault_only_hi75,0.9259604215621948,1.0176258563995362,1.0195697784423827,1.0213411903381349,0.8085804362644853,0.990763849577291,1.0,0.02198364008179959,0.04302151075537769,0.0,0.9780163599182005,0.0356425702811245,0.06988388374964324,0.2240194507942428,0.15413556704459955,36,0,1913,43
202,bearing,local-only,10,cnn-ae,K003,172,37,37,1956,hard_val_p95,1.0155518054962158,1.0224321365356446,1.0235369682312012,1.02547212600708,0.2996117282927099,0.9668457225074203,1.0,0.0005112474437627812,0.001021972406745018,0.0,0.9994887525562373,0.004014049172102358,0.08455661273562103,0.022546558451744605,-0.06201005428387642,37,0,1955,1
202,bearing,local-only,10,cnn-ae,K003,172,37,37,1956,fuzzy_warning_as_alarm_hi50,1.0155518054962158,1.0224321365356446,1.0235369682312012,1.02547212600708,0.2996117282927099,0.9668457225074203,1.0,0.0005112474437627812,0.001021972406745018,0.0,0.9994887525562373,0.004014049172102358,0.08455661273562103,0.022546558451744605,-0.06201005428387642,37,0,1955,1
202,bearing,local-only,10,cnn-ae,K003,172,37,37,1956,fuzzy_fault_only_hi75,1.0155518054962158,1.0224321365356446,1.0235369682312012,1.02547212600708,0.2996117282927099,0.9668457225074203,0.0,0.0,0.0,0.0,1.0,0.004014049172102358,0.08455661273562103,0.022546558451744605,-0.06201005428387642,37,0,1956,0
202,bearing,local-only,10,cnn-ae,K004,171,37,36,1956,hard_val_p95,1.0108267068862915,1.0142054080963134,1.014853048324585,1.016695318222046,0.5934730743012951,0.9866068511035161,0.9892086330935251,0.14059304703476483,0.24619516562220234,0.08333333333333333,0.8594069529652352,0.1285140562248996,0.1204691910992979,0.1914753731821334,0.07100618208283549,33,3,1681,275
202,bearing,local-only,10,cnn-ae,K004,171,37,36,1956,fuzzy_warning_as_alarm_hi50,1.0108267068862915,1.0142054080963134,1.014853048324585,1.016695318222046,0.5934730743012951,0.9866068511035161,0.9892086330935251,0.14059304703476483,0.24619516562220234,0.08333333333333333,0.8594069529652352,0.1285140562248996,0.1204691910992979,0.1914753731821334,0.07100618208283549,33,3,1681,275
202,bearing,local-only,10,cnn-ae,K004,171,37,36,1956,fuzzy_fault_only_hi75,1.0108267068862915,1.0142054080963134,1.014853048324585,1.016695318222046,0.5934730743012951,0.9866068511035161,0.9925925925925926,0.06850715746421268,0.12816834050693449,0.027777777777777776,0.9314928425357873,0.1285140562248996,0.1204691910992979,0.1914753731821334,0.07100618208283549,35,1,1822,134
202,bearing,local-only,10,cnn-ae,K005,172,37,36,1956,hard_val_p95,1.0057384967803955,1.0133551597595214,1.0145344018936158,1.0167165231704711,0.6122046125880483,0.9857235682808492,0.9895470383275261,0.14519427402862986,0.25323227819884087,0.08333333333333333,0.8548057259713702,0.08333333333333333,0.12911695684543345,0.2080683853204165,0.07895142847498304,33,3,1672,284
202,bearing,local-only,10,cnn-ae,K005,172,37,36,1956,fuzzy_warning_as_alarm_hi50,1.0057384967803955,1.0133551597595214,1.0145344018936158,1.0167165231704711,0.6122046125880483,0.9857235682808492,0.9895470383275261,0.14519427402862986,0.25323227819884087,0.08333333333333333,0.8548057259713702,0.08333333333333333,0.12911695684543345,0.2080683853204165,0.07895142847498304,33,3,1672,284
202,bearing,local-only,10,cnn-ae,K005,172,37,36,1956,fuzzy_fault_only_hi75,1.0057384967803955,1.0133551597595214,1.0145344018936158,1.0167165231704711,0.6122046125880483,0.9857235682808492,0.9904306220095693,0.1058282208588957,0.19122401847575057,0.05555555555555555,0.8941717791411042,0.08333333333333333,0.12911695684543345,0.2080683853204165,0.07895142847498304,34,2,1749,207
202,bearing,local-only,10,cnn-ae,K006,171,37,36,1956,hard_val_p95,1.0138286352157593,1.0167137145996095,1.0174072265625,1.0195434379577637,0.3667064303567371,0.9738553615762833,0.9024390243902439,0.018916155419222903,0.037055583375062595,0.1111111111111111,0.9810838445807771,0.027610441767068273,0.13091218714057767,0.044211686959537026,-0.08670050018104064,32,4,1919,37
202,bearing,local-only,10,cnn-ae,K006,171,37,36,1956,fuzzy_warning_as_alarm_hi50,1.0138286352157593,1.0167137145996095,1.0174072265625,1.0195434379577637,0.3667064303567371,0.9738553615762833,0.9024390243902439,0.018916155419222903,0.037055583375062595,0.1111111111111111,0.9810838445807771,0.027610441767068273,0.13091218714057767,0.044211686959537026,-0.08670050018104064,32,4,1919,37
202,bearing,local-only,10,cnn-ae,K006,171,37,36,1956,fuzzy_fault_only_hi75,1.0138286352157593,1.0167137145996095,1.0174072265625,1.0195434379577637,0.3667064303567371,0.9738553615762833,0.9411764705882353,0.0081799591002045,0.016218955904713634,0.027777777777777776,0.9918200408997955,0.027610441767068273,0.13091218714057767,0.044211686959537026,-0.08670050018104064,35,1,1940,16
202,bearing,centralized,20,cnn-ae,K001,172,37,36,1956,hard_val_p95,1.0079809427261353,1.016039204597473,1.018176531791687,1.0193507528305055,0.5294819359236538,0.9852200390971786,0.9966666666666667,0.15286298568507156,0.2650709219858156,0.027777777777777776,0.8471370143149284,0.045180722891566265,0.09856933767319195,0.1917660958386089,0.09319675816541695,35,1,1657,299
202,bearing,centralized,20,cnn-ae,K001,172,37,36,1956,fuzzy_warning_as_alarm_hi50,1.0079809427261353,1.016039204597473,1.018176531791687,1.0193507528305055,0.5294819359236538,0.9852200390971786,0.9966666666666667,0.15286298568507156,0.2650709219858156,0.027777777777777776,0.8471370143149284,0.045180722891566265,0.09856933767319195,0.1917660958386089,0.09319675816541695,35,1,1657,299
202,bearing,centralized,20,cnn-ae,K001,172,37,36,1956,fuzzy_fault_only_hi75,1.0079809427261353,1.016039204597473,1.018176531791687,1.0193507528305055,0.5294819359236538,0.9852200390971786,0.9963768115942029,0.14059304703476483,0.246415770609319,0.027777777777777776,0.8594069529652352,0.045180722891566265,0.09856933767319195,0.1917660958386089,0.09319675816541695,35,1,1681,275
202,bearing,centralized,20,cnn-ae,K002,172,37,36,1956,hard_val_p95,0.9812030792236328,1.0090576648712157,1.0150717496871948,1.0185128545761108,0.7722463644626221,0.9911482780290305,0.9903147699757869,0.2091002044989775,0.34529337273111016,0.1111111111111111,0.7908997955010225,0.19779116465863453,0.15136972021183112,0.35314374109183844,0.20177402088000732,32,4,1547,409
202,bearing,centralized,20,cnn-ae,K002,172,37,36,1956,fuzzy_warning_as_alarm_hi50,0.9812030792236328,1.0090576648712157,1.0150717496871948,1.0185128545761108,0.7722463644626221,0.9911482780290305,0.9903147699757869,0.2091002044989775,0.34529337273111016,0.1111111111111111,0.7908997955010225,0.19779116465863453,0.15136972021183112,0.35314374109183844,0.20177402088000732,32,4,1547,409
202,bearing,centralized,20,cnn-ae,K002,172,37,36,1956,fuzzy_fault_only_hi75,0.9812030792236328,1.0090576648712157,1.0150717496871948,1.0185128545761108,0.7722463644626221,0.9911482780290305,0.9913294797687862,0.17535787321063395,0.29800173761946136,0.08333333333333333,0.8246421267893661,0.19779116465863453,0.15136972021183112,0.35314374109183844,0.20177402088000732,33,3,1613,343
202,bearing,centralized,20,cnn-ae,K003,172,37,37,1956,hard_val_p95,1.009500503540039,1.0171761989593506,1.022894597053528,1.022942681312561,0.34254960481954344,0.9760146036995935,0.9693877551020408,0.09713701431492842,0.17657992565055763,0.16216216216216217,0.9028629856850716,0.042147516307074764,0.23782515527390086,0.13920051197774702,-0.09862464329615384,31,6,1766,190
202,bearing,centralized,20,cnn-ae,K003,172,37,37,1956,fuzzy_warning_as_alarm_hi50,1.009500503540039,1.0171761989593506,1.022894597053528,1.022942681312561,0.34254960481954344,0.9760146036995935,0.9693877551020408,0.09713701431492842,0.17657992565055763,0.16216216216216217,0.9028629856850716,0.042147516307074764,0.23782515527390086,0.13920051197774702,-0.09862464329615384,31,6,1766,190
202,bearing,centralized,20,cnn-ae,K003,172,37,37,1956,fuzzy_fault_only_hi75,1.009500503540039,1.0171761989593506,1.022894597053528,1.022942681312561,0.34254960481954344,0.9760146036995935,0.9693877551020408,0.09713701431492842,0.17657992565055763,0.16216216216216217,0.9028629856850716,0.042147516307074764,0.23782515527390086,0.13920051197774702,-0.09862464329615384,31,6,1766,190
202,bearing,centralized,20,cnn-ae,K004,171,37,36,1956,hard_val_p95,1.013733148574829,1.0315422534942627,1.0376224517822266,1.0435684967041017,0.4358739491024766,0.9798048615032797,1.0,0.02147239263803681,0.042042042042042045,0.0,0.9785276073619632,0.020582329317269075,0.048647343770182434,0.044224696985226825,-0.00442264678495561,36,0,1914,42
202,bearing,centralized,20,cnn-ae,K004,171,37,36,1956,fuzzy_warning_as_alarm_hi50,1.013733148574829,1.0315422534942627,1.0376224517822266,1.0435684967041017,0.4358739491024766,0.9798048615032797,1.0,0.02147239263803681,0.042042042042042045,0.0,0.9785276073619632,0.020582329317269075,0.048647343770182434,0.044224696985226825,-0.00442264678495561,36,0,1914,42
202,bearing,centralized,20,cnn-ae,K004,171,37,36,1956,fuzzy_fault_only_hi75,1.013733148574829,1.0315422534942627,1.0376224517822266,1.0435684967041017,0.4358739491024766,0.9798048615032797,1.0,0.015848670756646217,0.03120281831907398,0.0,0.9841513292433538,0.020582329317269075,0.048647343770182434,0.044224696985226825,-0.00442264678495561,36,0,1925,31
202,bearing,centralized,20,cnn-ae,K005,172,37,36,1956,hard_val_p95,1.0050833225250244,1.023380446434021,1.0291656017303468,1.037643976211548,0.5861025903203818,0.9865352785397656,1.0,0.05061349693251534,0.09635036496350365,0.0,0.9493865030674846,0.04317269076305221,0.049695967822733444,0.10516710021752503,0.05547113239479158,36,0,1857,99
202,bearing,centralized,20,cnn-ae,K005,172,37,36,1956,fuzzy_warning_as_alarm_hi50,1.0050833225250244,1.023380446434021,1.0291656017303468,1.037643976211548,0.5861025903203818,0.9865352785397656,1.0,0.05061349693251534,0.09635036496350365,0.0,0.9493865030674846,0.04317269076305221,0.049695967822733444,0.10516710021752503,0.05547113239479158,36,0,1857,99
202,bearing,centralized,20,cnn-ae,K005,172,37,36,1956,fuzzy_fault_only_hi75,1.0050833225250244,1.023380446434021,1.0291656017303468,1.037643976211548,0.5861025903203818,0.9865352785397656,1.0,0.033231083844580775,0.06432459178624443,0.0,0.9667689161554193,0.04317269076305221,0.049695967822733444,0.10516710021752503,0.05547113239479158,36,0,1891,65
202,bearing,centralized,20,cnn-ae,K006,171,37,36,1956,hard_val_p95,1.008992075920105,1.0156839847564698,1.0172316551208496,1.0173698997497558,0.5090391388320836,0.985178082679599,0.993920972644377,0.16717791411042945,0.2862144420131291,0.05555555555555555,0.8328220858895705,0.027610441767068273,0.10560787243275732,0.20389460251786867,0.09828673008511135,34,2,1629,327
202,bearing,centralized,20,cnn-ae,K006,171,37,36,1956,fuzzy_warning_as_alarm_hi50,1.008992075920105,1.0156839847564698,1.0172316551208496,1.0173698997497558,0.5090391388320836,0.985178082679599,0.993920972644377,0.16717791411042945,0.2862144420131291,0.05555555555555555,0.8328220858895705,0.027610441767068273,0.10560787243275732,0.20389460251786867,0.09828673008511135,34,2,1629,327
202,bearing,centralized,20,cnn-ae,K006,171,37,36,1956,fuzzy_fault_only_hi75,1.008992075920105,1.0156839847564698,1.0172316551208496,1.0173698997497558,0.5090391388320836,0.985178082679599,0.9938837920489296,0.1661554192229039,0.28471309680245294,0.05555555555555555,0.8338445807770961,0.027610441767068273,0.10560787243275732,0.20389460251786867,0.09828673008511135,34,2,1631,325
202,bearing,federated,1,cnn-ae,K001,172,37,36,1956,hard_val_p95,1.0099437236785889,1.011243987083435,1.0115942001342773,1.0121118545532226,0.4508776414451261,0.9806053426467171,1.0,0.019427402862985686,0.03811434302908726,0.0,0.9805725971370143,0.025100401606425703,0.062314902142759254,0.05432309404996551,-0.007991808092793741,36,0,1918,38
202,bearing,federated,1,cnn-ae,K001,172,37,36,1956,fuzzy_warning_as_alarm_hi50,1.0099437236785889,1.011243987083435,1.0115942001342773,1.0121118545532226,0.4508776414451261,0.9806053426467171,1.0,0.019427402862985686,0.03811434302908726,0.0,0.9805725971370143,0.025100401606425703,0.062314902142759254,0.05432309404996551,-0.007991808092793741,36,0,1918,38
202,bearing,federated,1,cnn-ae,K001,172,37,36,1956,fuzzy_fault_only_hi75,1.0099437236785889,1.011243987083435,1.0115942001342773,1.0121118545532226,0.4508776414451261,0.9806053426467171,1.0,0.009202453987730062,0.0182370820668693,0.0,0.99079754601227,0.025100401606425703,0.062314902142759254,0.05432309404996551,-0.007991808092793741,36,0,1938,18
202,bearing,federated,1,cnn-ae,K002,172,37,36,1956,hard_val_p95,1.0096780061721802,1.0107408523559571,1.0109753131866455,1.0110971736907959,0.47408969552374464,0.9800978514113596,0.9776119402985075,0.06697341513292433,0.12535885167464114,0.08333333333333333,0.9330265848670757,0.03714859437751004,0.14199179188076838,0.11958350117287861,-0.022408290707889772,33,3,1825,131
202,bearing,federated,1,cnn-ae,K002,172,37,36,1956,fuzzy_warning_as_alarm_hi50,1.0096780061721802,1.0107408523559571,1.0109753131866455,1.0110971736907959,0.47408969552374464,0.9800978514113596,0.9776119402985075,0.06697341513292433,0.12535885167464114,0.08333333333333333,0.9330265848670757,0.03714859437751004,0.14199179188076838,0.11958350117287861,-0.022408290707889772,33,3,1825,131
202,bearing,federated,1,cnn-ae,K002,172,37,36,1956,fuzzy_fault_only_hi75,1.0096780061721802,1.0107408523559571,1.0109753131866455,1.0110971736907959,0.47408969552374464,0.9800978514113596,0.9754098360655737,0.06083844580777096,0.11453320500481232,0.08333333333333333,0.939161554192229,0.03714859437751004,0.14199179188076838,0.11958350117287861,-0.022408290707889772,33,3,1837,119
202,bearing,federated,1,cnn-ae,K003,172,37,37,1956,hard_val_p95,1.0095412731170654,1.011031150817871,1.0113350868225097,1.0122250366210936,0.5062731443099541,0.9803811825820465,0.9558823529411765,0.033231083844580775,0.06422924901185771,0.08108108108108109,0.9667689161554193,0.04415454089312594,0.09795351202568132,0.08531364865327945,-0.012639863372401874,34,3,1891,65
202,bearing,federated,1,cnn-ae,K003,172,37,37,1956,fuzzy_warning_as_alarm_hi50,1.0095412731170654,1.011031150817871,1.0113350868225097,1.0122250366210936,0.5062731443099541,0.9803811825820465,0.9558823529411765,0.033231083844580775,0.06422924901185771,0.08108108108108109,0.9667689161554193,0.04415454089312594,0.09795351202568132,0.08531364865327945,-0.012639863372401874,34,3,1891,65
202,bearing,federated,1,cnn-ae,K003,172,37,37,1956,fuzzy_fault_only_hi75,1.0095412731170654,1.011031150817871,1.0113350868225097,1.0122250366210936,0.5062731443099541,0.9803811825820465,1.0,0.011758691206543968,0.023244062657908033,0.0,0.9882413087934561,0.04415454089312594,0.09795351202568132,0.08531364865327945,-0.012639863372401874,37,0,1933,23
202,bearing,federated,1,cnn-ae,K004,171,37,36,1956,hard_val_p95,1.0096962451934814,1.0107130050659179,1.010820484161377,1.0110390090942383,0.5074485912292661,0.9843642091859236,0.9943820224719101,0.09049079754601227,0.16588566073102157,0.027777777777777776,0.9095092024539877,0.033634538152610444,0.08751486936315594,0.13431491131816076,0.04680004195500481,35,1,1779,177
202,bearing,federated,1,cnn-ae,K004,171,37,36,1956,fuzzy_warning_as_alarm_hi50,1.0096962451934814,1.0107130050659179,1.010820484161377,1.0110390090942383,0.5074485912292661,0.9843642091859236,0.9943820224719101,0.09049079754601227,0.16588566073102157,0.027777777777777776,0.9095092024539877,0.033634538152610444,0.08751486936315594,0.13431491131816076,0.04680004195500481,35,1,1779,177
202,bearing,federated,1,cnn-ae,K004,171,37,36,1956,fuzzy_fault_only_hi75,1.0096962451934814,1.0107130050659179,1.010820484161377,1.0110390090942383,0.5074485912292661,0.9843642091859236,0.9932432432432432,0.07515337423312883,0.1397338403041825,0.027777777777777776,0.9248466257668712,0.033634538152610444,0.08751486936315594,0.13431491131816076,0.04680004195500481,35,1,1809,147
202,bearing,federated,1,cnn-ae,K005,172,37,36,1956,hard_val_p95,1.0092599391937256,1.0106031894683838,1.0107216119766236,1.0108815050125122,0.48304362644853444,0.9806390765586332,0.9771689497716894,0.10940695296523517,0.1967816091954023,0.1388888888888889,0.8905930470347648,0.041666666666666664,0.20446997921715007,0.1795657525944431,-0.02490422662270697,31,5,1742,214
202,bearing,federated,1,cnn-ae,K005,172,37,36,1956,fuzzy_warning_as_alarm_hi50,1.0092599391937256,1.0106031894683838,1.0107216119766236,1.0108815050125122,0.48304362644853444,0.9806390765586332,0.9771689497716894,0.10940695296523517,0.1967816091954023,0.1388888888888889,0.8905930470347648,0.041666666666666664,0.20446997921715007,0.1795657525944431,-0.02490422662270697,31,5,1742,214
202,bearing,federated,1,cnn-ae,K005,172,37,36,1956,fuzzy_fault_only_hi75,1.0092599391937256,1.0106031894683838,1.0107216119766236,1.0108815050125122,0.48304362644853444,0.9806390765586332,0.9789473684210527,0.0950920245398773,0.1733457595526561,0.1111111111111111,0.9049079754601227,0.041666666666666664,0.20446997921715007,0.1795657525944431,-0.02490422662270697,32,4,1770,186
202,bearing,federated,1,cnn-ae,K006,171,37,36,1956,hard_val_p95,1.009652853012085,1.0115669250488282,1.0118262767791748,1.0121069622039796,0.46702453987730064,0.9799943096936995,1.0,0.009713701431492843,0.019240506329113925,0.0,0.9902862985685071,0.012048192771084338,0.06885431991349833,0.059593352771778914,-0.009260967141719416,36,0,1937,19
202,bearing,federated,1,cnn-ae,K006,171,37,36,1956,fuzzy_warning_as_alarm_hi50,1.009652853012085,1.0115669250488282,1.0118262767791748,1.0121069622039796,0.46702453987730064,0.9799943096936995,1.0,0.009713701431492843,0.019240506329113925,0.0,0.9902862985685071,0.012048192771084338,0.06885431991349833,0.059593352771778914,-0.009260967141719416,36,0,1937,19
202,bearing,federated,1,cnn-ae,K006,171,37,36,1956,fuzzy_fault_only_hi75,1.009652853012085,1.0115669250488282,1.0118262767791748,1.0121069622039796,0.46702453987730064,0.9799943096936995,1.0,0.007668711656441718,0.015220700152207,0.0,0.9923312883435583,0.012048192771084338,0.06885431991349833,0.059593352771778914,-0.009260967141719416,36,0,1941,15
202,bearing,federated,2,cnn-ae,K001,172,37,36,1956,hard_val_p95,1.019831657409668,1.0231907844543457,1.0245697498321533,1.0249494457244872,0.4844850602135878,0.9837165776763668,1.0,0.034764826175869123,0.06719367588932806,0.0,0.9652351738241309,0.0391566265060241,0.05384484456347262,0.08072035680379543,0.026875512240322808,36,0,1888,68
202,bearing,federated,2,cnn-ae,K001,172,37,36,1956,fuzzy_warning_as_alarm_hi50,1.019831657409668,1.0231907844543457,1.0245697498321533,1.0249494457244872,0.4844850602135878,0.9837165776763668,1.0,0.034764826175869123,0.06719367588932806,0.0,0.9652351738241309,0.0391566265060241,0.05384484456347262,0.08072035680379543,0.026875512240322808,36,0,1888,68
202,bearing,federated,2,cnn-ae,K001,172,37,36,1956,fuzzy_fault_only_hi75,1.019831657409668,1.0231907844543457,1.0245697498321533,1.0249494457244872,0.4844850602135878,0.9837165776763668,1.0,0.029141104294478526,0.05663189269746647,0.0,0.9708588957055214,0.0391566265060241,0.05384484456347262,0.08072035680379543,0.026875512240322808,36,0,1899,57
202,bearing,federated,2,cnn-ae,K002,172,37,36,1956,hard_val_p95,1.019768476486206,1.0222284078598023,1.0231639862060546,1.0254890251159667,0.5326630311292888,0.9836269914996904,0.9879518072289156,0.08384458077709611,0.15457115928369464,0.05555555555555555,0.9161554192229039,0.09387550200803213,0.09587020208742143,0.1134600111877738,0.017589809100352363,34,2,1792,164
202,bearing,federated,2,cnn-ae,K002,172,37,36,1956,fuzzy_warning_as_alarm_hi50,1.019768476486206,1.0222284078598023,1.0231639862060546,1.0254890251159667,0.5326630311292888,0.9836269914996904,0.9879518072289156,0.08384458077709611,0.15457115928369464,0.05555555555555555,0.9161554192229039,0.09387550200803213,0.09587020208742143,0.1134600111877738,0.017589809100352363,34,2,1792,164
202,bearing,federated,2,cnn-ae,K002,172,37,36,1956,fuzzy_fault_only_hi75,1.019768476486206,1.0222284078598023,1.0231639862060546,1.0254890251159667,0.5326630311292888,0.9836269914996904,0.9736842105263158,0.03783231083844581,0.07283464566929133,0.05555555555555555,0.9621676891615542,0.09387550200803213,0.09587020208742143,0.1134600111877738,0.017589809100352363,34,2,1882,74
202,bearing,federated,2,cnn-ae,K003,172,37,37,1956,hard_val_p95,1.0196409225463867,1.0227789878845215,1.024651575088501,1.025770959854126,0.5263361521030232,0.9827541717663636,0.9838709677419355,0.031186094069529654,0.06045589692765114,0.02702702702702703,0.9688139059304703,0.05519317611640743,0.07407125441636561,0.08154912306555649,0.00747786864919088,36,1,1895,61
202,bearing,federated,2,cnn-ae,K003,172,37,37,1956,fuzzy_warning_as_alarm_hi50,1.0196409225463867,1.0227789878845215,1.024651575088501,1.025770959854126,0.5263361521030232,0.9827541717663636,0.9838709677419355,0.031186094069529654,0.06045589692765114,0.02702702702702703,0.9688139059304703,0.05519317611640743,0.07407125441636561,0.08154912306555649,0.00747786864919088,36,1,1895,61
202,bearing,federated,2,cnn-ae,K003,172,37,37,1956,fuzzy_fault_only_hi75,1.0196409225463867,1.0227789878845215,1.024651575088501,1.025770959854126,0.5263361521030232,0.9827541717663636,0.9772727272727273,0.02198364008179959,0.043,0.02702702702702703,0.9780163599182005,0.05519317611640743,0.07407125441636561,0.08154912306555649,0.00747786864919088,36,1,1913,43
202,bearing,federated,2,cnn-ae,K004,171,37,36,1956,hard_val_p95,1.019031047821045,1.022733783721924,1.0241848468780517,1.0247845935821533,0.5397494887525562,0.9845881978806095,1.0,0.0408997955010225,0.07858546168958742,0.0,0.9591002044989775,0.053714859437751006,0.0637170314618441,0.10443925298856849,0.04072222152672439,36,0,1876,80
202,bearing,federated,2,cnn-ae,K004,171,37,36,1956,fuzzy_warning_as_alarm_hi50,1.019031047821045,1.022733783721924,1.0241848468780517,1.0247845935821533,0.5397494887525562,0.9845881978806095,1.0,0.0408997955010225,0.07858546168958742,0.0,0.9591002044989775,0.053714859437751006,0.0637170314618441,0.10443925298856849,0.04072222152672439,36,0,1876,80
202,bearing,federated,2,cnn-ae,K004,171,37,36,1956,fuzzy_fault_only_hi75,1.019031047821045,1.022733783721924,1.0241848468780517,1.0247845935821533,0.5397494887525562,0.9845881978806095,1.0,0.03578732106339468,0.06910167818361303,0.0,0.9642126789366053,0.053714859437751006,0.0637170314618441,0.10443925298856849,0.04072222152672439,36,0,1886,70
202,bearing,federated,2,cnn-ae,K005,172,37,36,1956,hard_val_p95,1.0188425779342651,1.0214038610458374,1.021838092803955,1.0231705856323243,0.5574088275391955,0.9836809355683175,0.9829059829059829,0.17638036809815952,0.29908972691807545,0.16666666666666666,0.8236196319018405,0.08634538152610442,0.18023099149266722,0.2090025187577429,0.028771527265075675,30,6,1611,345
202,bearing,federated,2,cnn-ae,K005,172,37,36,1956,fuzzy_warning_as_alarm_hi50,1.0188425779342651,1.0214038610458374,1.021838092803955,1.0231705856323243,0.5574088275391955,0.9836809355683175,0.9829059829059829,0.17638036809815952,0.29908972691807545,0.16666666666666666,0.8236196319018405,0.08634538152610442,0.18023099149266722,0.2090025187577429,0.028771527265075675,30,6,1611,345
202,bearing,federated,2,cnn-ae,K005,172,37,36,1956,fuzzy_fault_only_hi75,1.0188425779342651,1.0214038610458374,1.021838092803955,1.0231705856323243,0.5574088275391955,0.9836809355683175,0.9882352941176471,0.12883435582822086,0.22795115332428764,0.08333333333333333,0.8711656441717791,0.08634538152610442,0.18023099149266722,0.2090025187577429,0.028771527265075675,33,3,1704,252
202,bearing,federated,2,cnn-ae,K006,171,37,36,1956,hard_val_p95,1.019458293914795,1.0230037927627564,1.0254172801971435,1.0266862392425538,0.43009401272438086,0.9812967560024592,1.0,0.02044989775051125,0.04008016032064128,0.0,0.9795501022494888,0.04718875502008032,0.07463562368766473,0.07138520500786337,-0.003250418679801359,36,0,1916,40
202,bearing,federated,2,cnn-ae,K006,171,37,36,1956,fuzzy_warning_as_alarm_hi50,1.019458293914795,1.0230037927627564,1.0254172801971435,1.0266862392425538,0.43009401272438086,0.9812967560024592,1.0,0.02044989775051125,0.04008016032064128,0.0,0.9795501022494888,0.04718875502008032,0.07463562368766473,0.07138520500786337,-0.003250418679801359,36,0,1916,40
202,bearing,federated,2,cnn-ae,K006,171,37,36,1956,fuzzy_fault_only_hi75,1.019458293914795,1.0230037927627564,1.0254172801971435,1.0266862392425538,0.43009401272438086,0.9812967560024592,1.0,0.012269938650306749,0.024242424242424242,0.0,0.9877300613496932,0.04718875502008032,0.07463562368766473,0.07138520500786337,-0.003250418679801359,36,0,1932,24
202,bearing,federated,3,cnn-ae,K001,172,37,36,1956,hard_val_p95,1.0190082788467407,1.0228080749511719,1.0241242170333862,1.0242843580245973,0.49357390365825954,0.9842445299793979,1.0,0.024539877300613498,0.04790419161676647,0.0,0.9754601226993865,0.03263052208835342,0.05399144654802978,0.07496832483388843,0.020976878285858654,36,0,1908,48
202,bearing,federated,3,cnn-ae,K001,172,37,36,1956,fuzzy_warning_as_alarm_hi50,1.0190082788467407,1.0228080749511719,1.0241242170333862,1.0242843580245973,0.49357390365825954,0.9842445299793979,1.0,0.024539877300613498,0.04790419161676647,0.0,0.9754601226993865,0.03263052208835342,0.05399144654802978,0.07496832483388843,0.020976878285858654,36,0,1908,48
202,bearing,federated,3,cnn-ae,K001,172,37,36,1956,fuzzy_fault_only_hi75,1.0190082788467407,1.0228080749511719,1.0241242170333862,1.0242843580245973,0.49357390365825954,0.9842445299793979,1.0,0.022494887525562373,0.044,0.0,0.9775051124744376,0.03263052208835342,0.05399144654802978,0.07496832483388843,0.020976878285858654,36,0,1912,44
202,bearing,federated,3,cnn-ae,K002,172,37,36,1956,hard_val_p95,1.0178906917572021,1.0220343828201295,1.0234997749328614,1.0250446891784668,0.5114249602363099,0.984004241100185,1.0,0.03680981595092025,0.07100591715976332,0.0,0.9631901840490797,0.07028112449799197,0.08271841857906856,0.10550047300367717,0.022782054424608608,36,0,1884,72
202,bearing,federated,3,cnn-ae,K002,172,37,36,1956,fuzzy_warning_as_alarm_hi50,1.0178906917572021,1.0220343828201295,1.0234997749328614,1.0250446891784668,0.5114249602363099,0.984004241100185,1.0,0.03680981595092025,0.07100591715976332,0.0,0.9631901840490797,0.07028112449799197,0.08271841857906856,0.10550047300367717,0.022782054424608608,36,0,1884,72
202,bearing,federated,3,cnn-ae,K002,172,37,36,1956,fuzzy_fault_only_hi75,1.0178906917572021,1.0220343828201295,1.0234997749328614,1.0250446891784668,0.5114249602363099,0.984004241100185,1.0,0.02147239263803681,0.042042042042042045,0.0,0.9785276073619632,0.07028112449799197,0.08271841857906856,0.10550047300367717,0.022782054424608608,36,0,1914,42
202,bearing,federated,3,cnn-ae,K003,172,37,37,1956,hard_val_p95,1.0181747674942017,1.0223068475723267,1.0227083206176757,1.023372859954834,0.5528588404355275,0.984758838386816,1.0,0.07208588957055215,0.13447782546494993,0.0,0.9279141104294478,0.03462117410938284,0.06795900705830676,0.1291126379437138,0.06115363088540704,37,0,1815,141
202,bearing,federated,3,cnn-ae,K003,172,37,37,1956,fuzzy_warning_as_alarm_hi50,1.0181747674942017,1.0223068475723267,1.0227083206176757,1.023372859954834,0.5528588404355275,0.984758838386816,1.0,0.07208588957055215,0.13447782546494993,0.0,0.9279141104294478,0.03462117410938284,0.06795900705830676,0.1291126379437138,0.06115363088540704,37,0,1815,141
202,bearing,federated,3,cnn-ae,K003,172,37,37,1956,fuzzy_fault_only_hi75,1.0181747674942017,1.0223068475723267,1.0227083206176757,1.023372859954834,0.5528588404355275,0.984758838386816,1.0,0.05674846625766871,0.10740203193033382,0.0,0.9432515337423313,0.03462117410938284,0.06795900705830676,0.1291126379437138,0.06115363088540704,37,0,1845,111
202,bearing,federated,3,cnn-ae,K004,171,37,36,1956,hard_val_p95,1.0178284645080566,1.0225787162780762,1.0230292320251464,1.0235642623901366,0.5023290161326971,0.983356466955893,0.9911504424778761,0.05725971370143149,0.1082648622522958,0.027777777777777776,0.9427402862985685,0.030120481927710843,0.10353305171870623,0.1232906549128309,0.01975760319412466,35,1,1844,112
202,bearing,federated,3,cnn-ae,K004,171,37,36,1956,fuzzy_warning_as_alarm_hi50,1.0178284645080566,1.0225787162780762,1.0230292320251464,1.0235642623901366,0.5023290161326971,0.983356466955893,0.9911504424778761,0.05725971370143149,0.1082648622522958,0.027777777777777776,0.9427402862985685,0.030120481927710843,0.10353305171870623,0.1232906549128309,0.01975760319412466,35,1,1844,112
202,bearing,federated,3,cnn-ae,K004,171,37,36,1956,fuzzy_fault_only_hi75,1.0178284645080566,1.0225787162780762,1.0230292320251464,1.0235642623901366,0.5023290161326971,0.983356466955893,0.9891304347826086,0.04652351738241309,0.0888671875,0.027777777777777776,0.9534764826175869,0.030120481927710843,0.10353305171870623,0.1232906549128309,0.01975760319412466,35,1,1865,91
202,bearing,federated,3,cnn-ae,K005,172,37,36,1956,hard_val_p95,1.0179519653320312,1.0199026823043824,1.0207485198974608,1.0229028701782226,0.5432572142694841,0.9818633334937997,0.9766899766899767,0.2142126789366053,0.35136268343815513,0.2777777777777778,0.7857873210633947,0.15863453815261044,0.2285481888605685,0.23091456914799482,0.002366380287426334,26,10,1537,419
202,bearing,federated,3,cnn-ae,K005,172,37,36,1956,fuzzy_warning_as_alarm_hi50,1.0179519653320312,1.0199026823043824,1.0207485198974608,1.0229028701782226,0.5432572142694841,0.9818633334937997,0.9766899766899767,0.2142126789366053,0.35136268343815513,0.2777777777777778,0.7857873210633947,0.15863453815261044,0.2285481888605685,0.23091456914799482,0.002366380287426334,26,10,1537,419
202,bearing,federated,3,cnn-ae,K005,172,37,36,1956,fuzzy_fault_only_hi75,1.0179519653320312,1.0199026823043824,1.0207485198974608,1.0229028701782226,0.5432572142694841,0.9818633334937997,0.9878048780487805,0.12423312883435583,0.22070844686648503,0.08333333333333333,0.8757668711656442,0.15863453815261044,0.2285481888605685,0.23091456914799482,0.002366380287426334,33,3,1713,243
202,bearing,federated,3,cnn-ae,K006,171,37,36,1956,hard_val_p95,1.0186560153961182,1.0231072902679443,1.02413969039917,1.0259843254089356,0.40998494660304485,0.9801365232551917,1.0,0.024028629856850715,0.046929605591612585,0.0,0.9759713701431493,0.040160642570281124,0.08509958464723676,0.073832187935126,-0.011267396712110758,36,0,1909,47
202,bearing,federated,3,cnn-ae,K006,171,37,36,1956,fuzzy_warning_as_alarm_hi50,1.0186560153961182,1.0231072902679443,1.02413969039917,1.0259843254089356,0.40998494660304485,0.9801365232551917,1.0,0.024028629856850715,0.046929605591612585,0.0,0.9759713701431493,0.040160642570281124,0.08509958464723676,0.073832187935126,-0.011267396712110758,36,0,1909,47
202,bearing,federated,3,cnn-ae,K006,171,37,36,1956,fuzzy_fault_only_hi75,1.0186560153961182,1.0231072902679443,1.02413969039917,1.0259843254089356,0.40998494660304485,0.9801365232551917,1.0,0.008691206543967281,0.017232640648758235,0.0,0.9913087934560327,0.040160642570281124,0.08509958464723676,0.073832187935126,-0.011267396712110758,36,0,1939,17
202,bearing,federated,4,cnn-ae,K001,172,37,36,1956,hard_val_p95,1.0155106782913208,1.018904972076416,1.020061731338501,1.020461072921753,0.4691476369007044,0.982626947581932,1.0,0.03578732106339468,0.06910167818361303,0.0,0.9642126789366053,0.0426706827309237,0.07120248944109032,0.09014186435499333,0.018939374913903004,36,0,1886,70
202,bearing,federated,4,cnn-ae,K001,172,37,36,1956,fuzzy_warning_as_alarm_hi50,1.0155106782913208,1.018904972076416,1.020061731338501,1.020461072921753,0.4691476369007044,0.982626947581932,1.0,0.03578732106339468,0.06910167818361303,0.0,0.9642126789366053,0.0426706827309237,0.07120248944109032,0.09014186435499333,0.018939374913903004,36,0,1886,70
202,bearing,federated,4,cnn-ae,K001,172,37,36,1956,fuzzy_fault_only_hi75,1.0155106782913208,1.018904972076416,1.020061731338501,1.020461072921753,0.4691476369007044,0.982626947581932,1.0,0.032208588957055216,0.06240713224368499,0.0,0.9677914110429447,0.0426706827309237,0.07120248944109032,0.09014186435499333,0.018939374913903004,36,0,1893,63
202,bearing,federated,4,cnn-ae,K002,172,37,36,1956,hard_val_p95,1.014697551727295,1.018211030960083,1.0198784112930297,1.022553105354309,0.48580578277664166,0.9817736252587401,0.9875,0.040388548057259714,0.07760314341846758,0.027777777777777776,0.9596114519427403,0.08835341365461848,0.10605637082432631,0.10446893478141189,-0.0015874360429144196,35,1,1877,79
202,bearing,federated,4,cnn-ae,K002,172,37,36,1956,fuzzy_warning_as_alarm_hi50,1.014697551727295,1.018211030960083,1.0198784112930297,1.022553105354309,0.48580578277664166,0.9817736252587401,0.9875,0.040388548057259714,0.07760314341846758,0.027777777777777776,0.9596114519427403,0.08835341365461848,0.10605637082432631,0.10446893478141189,-0.0015874360429144196,35,1,1877,79
202,bearing,federated,4,cnn-ae,K002,172,37,36,1956,fuzzy_fault_only_hi75,1.014697551727295,1.018211030960083,1.0198784112930297,1.022553105354309,0.48580578277664166,0.9817736252587401,1.0,0.013292433537832311,0.026236125126135216,0.0,0.9867075664621677,0.08835341365461848,0.10605637082432631,0.10446893478141189,-0.0015874360429144196,36,0,1930,26
202,bearing,federated,4,cnn-ae,K003,172,37,37,1956,hard_val_p95,1.0148417949676514,1.0184129238128663,1.0187201023101806,1.019058256149292,0.5174998618250152,0.9855384551319,0.9947368421052631,0.09662576687116564,0.17614165890027958,0.02702702702702703,0.9033742331288344,0.026593075765178123,0.08173108742993711,0.15638736282922086,0.07465627539928375,36,1,1767,189
202,bearing,federated,4,cnn-ae,K003,172,37,37,1956,fuzzy_warning_as_alarm_hi50,1.0148417949676514,1.0184129238128663,1.0187201023101806,1.019058256149292,0.5174998618250152,0.9855384551319,0.9947368421052631,0.09662576687116564,0.17614165890027958,0.02702702702702703,0.9033742331288344,0.026593075765178123,0.08173108742993711,0.15638736282922086,0.07465627539928375,36,1,1767,189
202,bearing,federated,4,cnn-ae,K003,172,37,37,1956,fuzzy_fault_only_hi75,1.0148417949676514,1.0184129238128663,1.0187201023101806,1.019058256149292,0.5174998618250152,0.9855384551319,1.0,0.08895705521472393,0.16338028169014085,0.0,0.911042944785276,0.026593075765178123,0.08173108742993711,0.15638736282922086,0.07465627539928375,37,0,1782,174
202,bearing,federated,4,cnn-ae,K004,171,37,36,1956,hard_val_p95,1.0149880647659302,1.018978524208069,1.019467258453369,1.0208029174804687,0.5121563281072483,0.982397833964082,0.9831932773109243,0.0598159509202454,0.11277108433734939,0.05555555555555555,0.9401840490797546,0.04718875502008032,0.10774127052549187,0.11096382917129914,0.003222558645807269,34,2,1839,117
202,bearing,federated,4,cnn-ae,K004,171,37,36,1956,fuzzy_warning_as_alarm_hi50,1.0149880647659302,1.018978524208069,1.019467258453369,1.0208029174804687,0.5121563281072483,0.982397833964082,0.9831932773109243,0.0598159509202454,0.11277108433734939,0.05555555555555555,0.9401840490797546,0.04718875502008032,0.10774127052549187,0.11096382917129914,0.003222558645807269,34,2,1839,117
202,bearing,federated,4,cnn-ae,K004,171,37,36,1956,fuzzy_fault_only_hi75,1.0149880647659302,1.018978524208069,1.019467258453369,1.0208029174804687,0.5121563281072483,0.982397833964082,0.9714285714285714,0.034764826175869123,0.06712734452122408,0.05555555555555555,0.9652351738241309,0.04718875502008032,0.10774127052549187,0.11096382917129914,0.003222558645807269,34,2,1888,68
202,bearing,federated,4,cnn-ae,K005,172,37,36,1956,hard_val_p95,1.014784812927246,1.01708824634552,1.0178363084793092,1.0199017190933228,0.49118098159509205,0.9786753323486501,0.9781931464174455,0.1605316973415133,0.27580149319279756,0.19444444444444445,0.8394683026584867,0.12248995983935743,0.2293509338040665,0.19084124511814204,-0.03850968868592444,29,7,1642,314
202,bearing,federated,4,cnn-ae,K005,172,37,36,1956,fuzzy_warning_as_alarm_hi50,1.014784812927246,1.01708824634552,1.0178363084793092,1.0199017190933228,0.49118098159509205,0.9786753323486501,0.9781931464174455,0.1605316973415133,0.27580149319279756,0.19444444444444445,0.8394683026584867,0.12248995983935743,0.2293509338040665,0.19084124511814204,-0.03850968868592444,29,7,1642,314
202,bearing,federated,4,cnn-ae,K005,172,37,36,1956,fuzzy_fault_only_hi75,1.014784812927246,1.01708824634552,1.0178363084793092,1.0199017190933228,0.49118098159509205,0.9786753323486501,0.967391304347826,0.09100204498977506,0.16635514018691588,0.16666666666666666,0.908997955010225,0.12248995983935743,0.2293509338040665,0.19084124511814204,-0.03850968868592444,30,6,1778,178
202,bearing,federated,4,cnn-ae,K006,171,37,36,1956,hard_val_p95,1.0152711868286133,1.019748067855835,1.0202754020690918,1.0223476600646972,0.4032464212678937,0.9789441116464688,0.96875,0.03169734151329243,0.061386138613861385,0.05555555555555555,0.9683026584867076,0.0321285140562249,0.10896841457022724,0.07977543263333821,-0.02919298193688903,34,2,1894,62
202,bearing,federated,4,cnn-ae,K006,171,37,36,1956,fuzzy_warning_as_alarm_hi50,1.0152711868286133,1.019748067855835,1.0202754020690918,1.0223476600646972,0.4032464212678937,0.9789441116464688,0.96875,0.03169734151329243,0.061386138613861385,0.05555555555555555,0.9683026584867076,0.0321285140562249,0.10896841457022724,0.07977543263333821,-0.02919298193688903,34,2,1894,62
202,bearing,federated,4,cnn-ae,K006,171,37,36,1956,fuzzy_fault_only_hi75,1.0152711868286133,1.019748067855835,1.0202754020690918,1.0223476600646972,0.4032464212678937,0.9789441116464688,1.0,0.012269938650306749,0.024242424242424242,0.0,0.9877300613496932,0.0321285140562249,0.10896841457022724,0.07977543263333821,-0.02919298193688903,36,0,1932,24
202,bearing,federated,5,cnn-ae,K001,172,37,36,1956,hard_val_p95,1.0123034715652466,1.015317153930664,1.0158716917037964,1.0167619848251344,0.43654141104294475,0.978244919207902,0.9769230769230769,0.06492842535787322,0.12176414189837009,0.08333333333333333,0.9350715746421268,0.045180722891566265,0.15982310243536796,0.11522080442406447,-0.044602298011303484,33,3,1829,127
202,bearing,federated,5,cnn-ae,K001,172,37,36,1956,fuzzy_warning_as_alarm_hi50,1.0123034715652466,1.015317153930664,1.0158716917037964,1.0167619848251344,0.43654141104294475,0.978244919207902,0.9769230769230769,0.06492842535787322,0.12176414189837009,0.08333333333333333,0.9350715746421268,0.045180722891566265,0.15982310243536796,0.11522080442406447,-0.044602298011303484,33,3,1829,127
202,bearing,federated,5,cnn-ae,K001,172,37,36,1956,fuzzy_fault_only_hi75,1.0123034715652466,1.015317153930664,1.0158716917037964,1.0167619848251344,0.43654141104294475,0.978244919207902,0.96875,0.04754601226993865,0.09064327485380116,0.08333333333333333,0.9524539877300614,0.045180722891566265,0.15982310243536796,0.11522080442406447,-0.044602298011303484,33,3,1863,93
202,bearing,federated,5,cnn-ae,K002,172,37,36,1956,hard_val_p95,1.011331558227539,1.0151817083358765,1.0161824226379395,1.018183650970459,0.5365470915700977,0.9837267636376409,0.9805825242718447,0.0516359918200409,0.09810587663914522,0.05555555555555555,0.9483640081799591,0.07580321285140562,0.10200165097531923,0.12152188505606913,0.019520234080749904,34,2,1855,101
202,bearing,federated,5,cnn-ae,K002,172,37,36,1956,fuzzy_warning_as_alarm_hi50,1.011331558227539,1.0151817083358765,1.0161824226379395,1.018183650970459,0.5365470915700977,0.9837267636376409,0.9805825242718447,0.0516359918200409,0.09810587663914522,0.05555555555555555,0.9483640081799591,0.07580321285140562,0.10200165097531923,0.12152188505606913,0.019520234080749904,34,2,1855,101
202,bearing,federated,5,cnn-ae,K002,172,37,36,1956,fuzzy_fault_only_hi75,1.011331558227539,1.0151817083358765,1.0161824226379395,1.018183650970459,0.5365470915700977,0.9837267636376409,1.0,0.02044989775051125,0.04008016032064128,0.0,0.9795501022494888,0.07580321285140562,0.10200165097531923,0.12152188505606913,0.019520234080749904,36,0,1916,40
202,bearing,federated,5,cnn-ae,K003,172,37,37,1956,hard_val_p95,1.0125625133514404,1.0144554138183595,1.015528678894043,1.0157054901123046,0.5263085171060631,0.9847055074650339,0.9940476190476191,0.08537832310838446,0.15725047080979285,0.02702702702702703,0.9146216768916156,0.06573005519317611,0.08297020229624799,0.1386825961978107,0.05571239390156271,36,1,1789,167
202,bearing,federated,5,cnn-ae,K003,172,37,37,1956,fuzzy_warning_as_alarm_hi50,1.0125625133514404,1.0144554138183595,1.015528678894043,1.0157054901123046,0.5263085171060631,0.9847055074650339,0.9940476190476191,0.08537832310838446,0.15725047080979285,0.02702702702702703,0.9146216768916156,0.06573005519317611,0.08297020229624799,0.1386825961978107,0.05571239390156271,36,1,1789,167
202,bearing,federated,5,cnn-ae,K003,172,37,37,1956,fuzzy_fault_only_hi75,1.0125625133514404,1.0144554138183595,1.015528678894043,1.0157054901123046,0.5263085171060631,0.9847055074650339,0.9935897435897436,0.07924335378323108,0.14678030303030304,0.02702702702702703,0.9207566462167689,0.06573005519317611,0.08297020229624799,0.1386825961978107,0.05571239390156271,36,1,1801,155
202,bearing,federated,5,cnn-ae,K004,171,37,36,1956,hard_val_p95,1.012516975402832,1.0156095981597901,1.0162521362304688,1.0165808296203613,0.5118438991138377,0.9819579139584493,0.979381443298969,0.04856850715746421,0.09254749147588895,0.05555555555555555,0.9514314928425358,0.03112449799196787,0.1080201315928757,0.10064162248880534,-0.007378509104070355,34,2,1861,95
202,bearing,federated,5,cnn-ae,K004,171,37,36,1956,fuzzy_warning_as_alarm_hi50,1.012516975402832,1.0156095981597901,1.0162521362304688,1.0165808296203613,0.5118438991138377,0.9819579139584493,0.979381443298969,0.04856850715746421,0.09254749147588895,0.05555555555555555,0.9514314928425358,0.03112449799196787,0.1080201315928757,0.10064162248880534,-0.007378509104070355,34,2,1861,95
202,bearing,federated,5,cnn-ae,K004,171,37,36,1956,fuzzy_fault_only_hi75,1.012516975402832,1.0156095981597901,1.0162521362304688,1.0165808296203613,0.5118438991138377,0.9819579139584493,0.9777777777777777,0.044989775051124746,0.08602150537634409,0.05555555555555555,0.9550102249488752,0.03112449799196787,0.1080201315928757,0.10064162248880534,-0.007378509104070355,34,2,1868,88
202,bearing,federated,5,cnn-ae,K005,172,37,36,1956,hard_val_p95,1.0118885040283203,1.0139789819717406,1.0147761583328248,1.0155391931533813,0.49649227448307204,0.9797393119875644,0.9789473684210527,0.14263803680981596,0.24899598393574296,0.16666666666666666,0.8573619631901841,0.09989959839357429,0.2259002263038886,0.1937414061604165,-0.0321588201434721,30,6,1677,279
202,bearing,federated,5,cnn-ae,K005,172,37,36,1956,fuzzy_warning_as_alarm_hi50,1.0118885040283203,1.0139789819717406,1.0147761583328248,1.0155391931533813,0.49649227448307204,0.9797393119875644,0.9789473684210527,0.14263803680981596,0.24899598393574296,0.16666666666666666,0.8573619631901841,0.09989959839357429,0.2259002263038886,0.1937414061604165,-0.0321588201434721,30,6,1677,279
202,bearing,federated,5,cnn-ae,K005,172,37,36,1956,fuzzy_fault_only_hi75,1.0118885040283203,1.0139789819717406,1.0147761583328248,1.0155391931533813,0.49649227448307204,0.9797393119875644,0.9726027397260274,0.10889570552147239,0.19586206896551725,0.16666666666666666,0.8911042944785276,0.09989959839357429,0.2259002263038886,0.1937414061604165,-0.0321588201434721,30,6,1743,213
202,bearing,federated,5,cnn-ae,K006,171,37,36,1956,hard_val_p95,1.0123906135559082,1.0156380653381347,1.016782855987549,1.0199534797668457,0.4512539763690071,0.9813462785159843,0.984375,0.032208588957055216,0.062376237623762376,0.027777777777777776,0.9677914110429447,0.05923694779116466,0.08528989469124332,0.0781271489795196,-0.00716274571172372,35,1,1893,63
202,bearing,federated,5,cnn-ae,K006,171,37,36,1956,fuzzy_warning_as_alarm_hi50,1.0123906135559082,1.0156380653381347,1.016782855987549,1.0199534797668457,0.4512539763690071,0.9813462785159843,0.984375,0.032208588957055216,0.062376237623762376,0.027777777777777776,0.9677914110429447,0.05923694779116466,0.08528989469124332,0.0781271489795196,-0.00716274571172372,35,1,1893,63
202,bearing,federated,5,cnn-ae,K006,171,37,36,1956,fuzzy_fault_only_hi75,1.0123906135559082,1.0156380653381347,1.016782855987549,1.0199534797668457,0.4512539763690071,0.9813462785159843,1.0,0.005623721881390593,0.011184544992374174,0.0,0.9943762781186094,0.05923694779116466,0.08528989469124332,0.0781271489795196,-0.00716274571172372,36,0,1945,11
202,bearing,federated,6,cnn-ae,K001,172,37,36,1956,hard_val_p95,1.0120131969451904,1.0148568630218506,1.0155689716339111,1.0162667942047119,0.43895563508293567,0.9789409367049198,0.9831932773109243,0.0598159509202454,0.11277108433734939,0.05555555555555555,0.9401840490797546,0.046686746987951805,0.1375302280003219,0.10296367879447303,-0.03456654920584888,34,2,1839,117
202,bearing,federated,6,cnn-ae,K001,172,37,36,1956,fuzzy_warning_as_alarm_hi50,1.0120131969451904,1.0148568630218506,1.0155689716339111,1.0162667942047119,0.43895563508293567,0.9789409367049198,0.9831932773109243,0.0598159509202454,0.11277108433734939,0.05555555555555555,0.9401840490797546,0.046686746987951805,0.1375302280003219,0.10296367879447303,-0.03456654920584888,34,2,1839,117
202,bearing,federated,6,cnn-ae,K001,172,37,36,1956,fuzzy_fault_only_hi75,1.0120131969451904,1.0148568630218506,1.0155689716339111,1.0162667942047119,0.43895563508293567,0.9789409367049198,0.9777777777777777,0.044989775051124746,0.08602150537634409,0.05555555555555555,0.9550102249488752,0.046686746987951805,0.1375302280003219,0.10296367879447303,-0.03456654920584888,34,2,1868,88
202,bearing,federated,6,cnn-ae,K002,172,37,36,1956,hard_val_p95,1.0102505683898926,1.0131659984588623,1.0142991542816162,1.0168889522552491,0.5875724267211997,0.9860090803128544,0.9961389961389961,0.13190184049079753,0.23295711060948082,0.027777777777777776,0.8680981595092024,0.15913654618473896,0.12670075866125724,0.19084338901101489,0.06414263034975765,35,1,1698,258
202,bearing,federated,6,cnn-ae,K002,172,37,36,1956,fuzzy_warning_as_alarm_hi50,1.0102505683898926,1.0131659984588623,1.0142991542816162,1.0168889522552491,0.5875724267211997,0.9860090803128544,0.9961389961389961,0.13190184049079753,0.23295711060948082,0.027777777777777776,0.8680981595092024,0.15913654618473896,0.12670075866125724,0.19084338901101489,0.06414263034975765,35,1,1698,258
202,bearing,federated,6,cnn-ae,K002,172,37,36,1956,fuzzy_fault_only_hi75,1.0102505683898926,1.0131659984588623,1.0142991542816162,1.0168889522552491,0.5875724267211997,0.9860090803128544,1.0,0.0598159509202454,0.11287988422575977,0.0,0.9401840490797546,0.15913654618473896,0.12670075866125724,0.19084338901101489,0.06414263034975765,36,0,1839,117
202,bearing,federated,6,cnn-ae,K003,172,37,37,1956,hard_val_p95,1.0123717784881592,1.0147101640701295,1.0149313449859618,1.016000452041626,0.5475321947714585,0.9859378621740529,1.0,0.09253578732106339,0.16939635002339729,0.0,0.9074642126789366,0.0386352232814852,0.03470913987642199,0.11637436275707592,0.08166522288065393,37,0,1775,181
202,bearing,federated,6,cnn-ae,K003,172,37,37,1956,fuzzy_warning_as_alarm_hi50,1.0123717784881592,1.0147101640701295,1.0149313449859618,1.016000452041626,0.5475321947714585,0.9859378621740529,1.0,0.09253578732106339,0.16939635002339729,0.0,0.9074642126789366,0.0386352232814852,0.03470913987642199,0.11637436275707592,0.08166522288065393,37,0,1775,181
202,bearing,federated,6,cnn-ae,K003,172,37,37,1956,fuzzy_fault_only_hi75,1.0123717784881592,1.0147101640701295,1.0149313449859618,1.016000452041626,0.5475321947714585,0.9859378621740529,1.0,0.061860940695296525,0.11651420317766009,0.0,0.9381390593047034,0.0386352232814852,0.03470913987642199,0.11637436275707592,0.08166522288065393,37,0,1835,121
202,bearing,federated,6,cnn-ae,K004,171,37,36,1956,hard_val_p95,1.0117155313491821,1.015418291091919,1.0164082050323486,1.0168711376190185,0.4808566234946603,0.982108207288064,0.9838709677419355,0.031186094069529654,0.06045589692765114,0.027777777777777776,0.9688139059304703,0.03313253012048193,0.08695747951171597,0.08460639857313668,-0.002351080938579289,35,1,1895,61
202,bearing,federated,6,cnn-ae,K004,171,37,36,1956,fuzzy_warning_as_alarm_hi50,1.0117155313491821,1.015418291091919,1.0164082050323486,1.0168711376190185,0.4808566234946603,0.982108207288064,0.9838709677419355,0.031186094069529654,0.06045589692765114,0.027777777777777776,0.9688139059304703,0.03313253012048193,0.08695747951171597,0.08460639857313668,-0.002351080938579289,35,1,1895,61
202,bearing,federated,6,cnn-ae,K004,171,37,36,1956,fuzzy_fault_only_hi75,1.0117155313491821,1.015418291091919,1.0164082050323486,1.0168711376190185,0.4808566234946603,0.982108207288064,0.9807692307692307,0.02607361963190184,0.05079681274900399,0.027777777777777776,0.9739263803680982,0.03313253012048193,0.08695747951171597,0.08460639857313668,-0.002351080938579289,35,1,1905,51
202,bearing,federated,6,cnn-ae,K005,172,37,36,1956,hard_val_p95,1.0104420185089111,1.0138566493988037,1.0148272514343262,1.0154349136352538,0.49996449670529425,0.978070526761992,0.964824120603015,0.09815950920245399,0.17819025522041762,0.19444444444444445,0.901840490797546,0.07781124497991967,0.24088275028210404,0.17489809612226376,-0.06598465415984028,29,7,1764,192
202,bearing,federated,6,cnn-ae,K005,172,37,36,1956,fuzzy_warning_as_alarm_hi50,1.0104420185089111,1.0138566493988037,1.0148272514343262,1.0154349136352538,0.49996449670529425,0.978070526761992,0.964824120603015,0.09815950920245399,0.17819025522041762,0.19444444444444445,0.901840490797546,0.07781124497991967,0.24088275028210404,0.17489809612226376,-0.06598465415984028,29,7,1764,192
202,bearing,federated,6,cnn-ae,K005,172,37,36,1956,fuzzy_fault_only_hi75,1.0104420185089111,1.0138566493988037,1.0148272514343262,1.0154349136352538,0.49996449670529425,0.978070526761992,0.9634146341463414,0.08077709611451943,0.1490566037735849,0.16666666666666666,0.9192229038854806,0.07781124497991967,0.24088275028210404,0.17489809612226376,-0.06598465415984028,30,6,1798,158
202,bearing,federated,6,cnn-ae,K006,171,37,36,1956,hard_val_p95,1.012140154838562,1.0148065328598022,1.01536967754364,1.0185822820663453,0.3913812201772324,0.9789054226929518,0.9851851851851852,0.0679959100204499,0.12721186035389764,0.05555555555555555,0.9320040899795501,0.07178714859437751,0.12271813493590583,0.09286364554153782,-0.02985448939436801,34,2,1823,133
202,bearing,federated,6,cnn-ae,K006,171,37,36,1956,fuzzy_warning_as_alarm_hi50,1.012140154838562,1.0148065328598022,1.01536967754364,1.0185822820663453,0.3913812201772324,0.9789054226929518,0.9851851851851852,0.0679959100204499,0.12721186035389764,0.05555555555555555,0.9320040899795501,0.07178714859437751,0.12271813493590583,0.09286364554153782,-0.02985448939436801,34,2,1823,133
202,bearing,federated,6,cnn-ae,K006,171,37,36,1956,fuzzy_fault_only_hi75,1.012140154838562,1.0148065328598022,1.01536967754364,1.0185822820663453,0.3913812201772324,0.9789054226929518,0.9761904761904762,0.020961145194274028,0.04104104104104104,0.027777777777777776,0.9790388548057259,0.07178714859437751,0.12271813493590583,0.09286364554153782,-0.02985448939436801,35,1,1915,41
202,bearing,federated,7,cnn-ae,K001,172,37,36,1956,hard_val_p95,1.0102745294570923,1.0130244255065919,1.0139239311218262,1.0147326850891114,0.41243467393774147,0.9795213334623935,0.9848484848484849,0.033231083844580775,0.06429277942631058,0.027777777777777776,0.9667689161554193,0.035140562248995984,0.09462952396812346,0.07035336287902759,-0.024276161089095874,35,1,1891,65
202,bearing,federated,7,cnn-ae,K001,172,37,36,1956,fuzzy_warning_as_alarm_hi50,1.0102745294570923,1.0130244255065919,1.0139239311218262,1.0147326850891114,0.41243467393774147,0.9795213334623935,0.9848484848484849,0.033231083844580775,0.06429277942631058,0.027777777777777776,0.9667689161554193,0.035140562248995984,0.09462952396812346,0.07035336287902759,-0.024276161089095874,35,1,1891,65
202,bearing,federated,7,cnn-ae,K001,172,37,36,1956,fuzzy_fault_only_hi75,1.0102745294570923,1.0130244255065919,1.0139239311218262,1.0147326850891114,0.41243467393774147,0.9795213334623935,0.98,0.025051124744376277,0.04885343968095713,0.027777777777777776,0.9749488752556237,0.035140562248995984,0.09462952396812346,0.07035336287902759,-0.024276161089095874,35,1,1907,49
202,bearing,federated,7,cnn-ae,K002,172,37,36,1956,hard_val_p95,1.0046110153198242,1.010770559310913,1.0115275382995605,1.0130928611755372,0.7512497159736424,0.9909231307925106,0.9890710382513661,0.18507157464212678,0.31180017226528856,0.1111111111111111,0.8149284253578732,0.15160642570281124,0.1394108596576025,0.28587261119613283,0.14646175153853033,32,4,1594,362
202,bearing,federated,7,cnn-ae,K002,172,37,36,1956,fuzzy_warning_as_alarm_hi50,1.0046110153198242,1.010770559310913,1.0115275382995605,1.0130928611755372,0.7512497159736424,0.9909231307925106,0.9890710382513661,0.18507157464212678,0.31180017226528856,0.1111111111111111,0.8149284253578732,0.15160642570281124,0.1394108596576025,0.28587261119613283,0.14646175153853033,32,4,1594,362
202,bearing,federated,7,cnn-ae,K002,172,37,36,1956,fuzzy_fault_only_hi75,1.0046110153198242,1.010770559310913,1.0115275382995605,1.0130928611755372,0.7512497159736424,0.9909231307925106,0.9912280701754386,0.11554192229038855,0.20695970695970695,0.05555555555555555,0.8844580777096115,0.15160642570281124,0.1394108596576025,0.28587261119613283,0.14646175153853033,34,2,1730,226
202,bearing,federated,7,cnn-ae,K003,172,37,37,1956,hard_val_p95,1.0099380016326904,1.0128834247589111,1.0132676601409911,1.0138593769073487,0.507751616647322,0.9832627909809926,0.990990990990991,0.05623721881390593,0.10643444605708757,0.02702702702702703,0.943762781186094,0.028600100351229302,0.06752566062522145,0.09581271409701793,0.028287053471796483,36,1,1846,110
202,bearing,federated,7,cnn-ae,K003,172,37,37,1956,fuzzy_warning_as_alarm_hi50,1.0099380016326904,1.0128834247589111,1.0132676601409911,1.0138593769073487,0.507751616647322,0.9832627909809926,0.990990990990991,0.05623721881390593,0.10643444605708757,0.02702702702702703,0.943762781186094,0.028600100351229302,0.06752566062522145,0.09581271409701793,0.028287053471796483,36,1,1846,110
202,bearing,federated,7,cnn-ae,K003,172,37,37,1956,fuzzy_fault_only_hi75,1.0099380016326904,1.0128834247589111,1.0132676601409911,1.0138593769073487,0.507751616647322,0.9832627909809926,0.9886363636363636,0.04447852760736196,0.08512720156555773,0.02702702702702703,0.9555214723926381,0.028600100351229302,0.06752566062522145,0.09581271409701793,0.028287053471796483,36,1,1869,87
202,bearing,federated,7,cnn-ae,K004,171,37,36,1956,hard_val_p95,1.0098907947540283,1.013340139389038,1.014100193977356,1.0151063776016236,0.466328675301068,0.9809363778299672,0.9833333333333333,0.03016359918200409,0.05853174603174603,0.027777777777777776,0.9698364008179959,0.029116465863453816,0.08516452966889995,0.07109749830545473,-0.014067031363445226,35,1,1897,59
202,bearing,federated,7,cnn-ae,K004,171,37,36,1956,fuzzy_warning_as_alarm_hi50,1.0098907947540283,1.013340139389038,1.014100193977356,1.0151063776016236,0.466328675301068,0.9809363778299672,0.9833333333333333,0.03016359918200409,0.05853174603174603,0.027777777777777776,0.9698364008179959,0.029116465863453816,0.08516452966889995,0.07109749830545473,-0.014067031363445226,35,1,1897,59
202,bearing,federated,7,cnn-ae,K004,171,37,36,1956,fuzzy_fault_only_hi75,1.0098907947540283,1.013340139389038,1.014100193977356,1.0151063776016236,0.466328675301068,0.9809363778299672,0.9722222222222222,0.01789366053169734,0.035140562248995984,0.027777777777777776,0.9821063394683026,0.029116465863453816,0.08516452966889995,0.07109749830545473,-0.014067031363445226,35,1,1921,35
202,bearing,federated,7,cnn-ae,K005,172,37,36,1956,hard_val_p95,1.007756233215332,1.0108147621154786,1.0109962463378905,1.011878490447998,0.5719793796864349,0.9850577165961787,0.983739837398374,0.2474437627811861,0.3954248366013072,0.2222222222222222,0.7525562372188139,0.07580321285140562,0.24118251297343793,0.2915781669644585,0.050395653991020556,28,8,1472,484
202,bearing,federated,7,cnn-ae,K005,172,37,36,1956,fuzzy_warning_as_alarm_hi50,1.007756233215332,1.0108147621154786,1.0109962463378905,1.011878490447998,0.5719793796864349,0.9850577165961787,0.983739837398374,0.2474437627811861,0.3954248366013072,0.2222222222222222,0.7525562372188139,0.07580321285140562,0.24118251297343793,0.2915781669644585,0.050395653991020556,28,8,1472,484
202,bearing,federated,7,cnn-ae,K005,172,37,36,1956,fuzzy_fault_only_hi75,1.007756233215332,1.0108147621154786,1.0109962463378905,1.011878490447998,0.5719793796864349,0.9850577165961787,0.9845360824742269,0.19529652351738241,0.32593856655290104,0.16666666666666666,0.8047034764826176,0.07580321285140562,0.24118251297343793,0.2915781669644585,0.050395653991020556,30,6,1574,382
202,bearing,federated,7,cnn-ae,K006,171,37,36,1956,hard_val_p95,1.0103785991668701,1.0124799251556396,1.0140939712524415,1.0164869117736817,0.4403544648943422,0.9788111969237294,0.9833333333333333,0.03016359918200409,0.05853174603174603,0.027777777777777776,0.9698364008179959,0.06275100401606426,0.09299506277236652,0.0627401725135917,-0.030254890258774828,35,1,1897,59
202,bearing,federated,7,cnn-ae,K006,171,37,36,1956,fuzzy_warning_as_alarm_hi50,1.0103785991668701,1.0124799251556396,1.0140939712524415,1.0164869117736817,0.4403544648943422,0.9788111969237294,0.9833333333333333,0.03016359918200409,0.05853174603174603,0.027777777777777776,0.9698364008179959,0.06275100401606426,0.09299506277236652,0.0627401725135917,-0.030254890258774828,35,1,1897,59
202,bearing,federated,7,cnn-ae,K006,171,37,36,1956,fuzzy_fault_only_hi75,1.0103785991668701,1.0124799251556396,1.0140939712524415,1.0164869117736817,0.4403544648943422,0.9788111969237294,0.9545454545454546,0.010736196319018405,0.021233569261880688,0.027777777777777776,0.9892638036809815,0.06275100401606426,0.09299506277236652,0.0627401725135917,-0.030254890258774828,35,1,1935,21
202,bearing,federated,8,cnn-ae,K001,172,37,36,1956,hard_val_p95,1.0097068548202515,1.0112257957458497,1.0126840114593505,1.0146794986724854,0.3611608157236992,0.9777894175429412,0.974025974025974,0.03834355828220859,0.07378258730939498,0.05555555555555555,0.9616564417177914,0.07078313253012049,0.12001974966161917,0.06485605294273823,-0.05516369671888094,34,2,1881,75
202,bearing,federated,8,cnn-ae,K001,172,37,36,1956,fuzzy_warning_as_alarm_hi50,1.0097068548202515,1.0112257957458497,1.0126840114593505,1.0146794986724854,0.3611608157236992,0.9777894175429412,0.974025974025974,0.03834355828220859,0.07378258730939498,0.05555555555555555,0.9616564417177914,0.07078313253012049,0.12001974966161917,0.06485605294273823,-0.05516369671888094,34,2,1881,75
202,bearing,federated,8,cnn-ae,K001,172,37,36,1956,fuzzy_fault_only_hi75,1.0097068548202515,1.0112257957458497,1.0126840114593505,1.0146794986724854,0.3611608157236992,0.9777894175429412,0.9714285714285714,0.017382413087934562,0.03415369161225515,0.027777777777777776,0.9826175869120655,0.07078313253012049,0.12001974966161917,0.06485605294273823,-0.05516369671888094,35,1,1922,34
202,bearing,federated,8,cnn-ae,K002,172,37,36,1956,hard_val_p95,0.9940940141677856,1.009207010269165,1.0113862991333007,1.012441349029541,0.7991365598727562,0.9915988625239867,0.9856459330143541,0.10531697341513292,0.19030023094688223,0.08333333333333333,0.8946830265848671,0.22238955823293172,0.12705686064752675,0.2800387056296628,0.15298184498213607,33,3,1750,206
202,bearing,federated,8,cnn-ae,K002,172,37,36,1956,fuzzy_warning_as_alarm_hi50,0.9940940141677856,1.009207010269165,1.0113862991333007,1.012441349029541,0.7991365598727562,0.9915988625239867,0.9856459330143541,0.10531697341513292,0.19030023094688223,0.08333333333333333,0.8946830265848671,0.22238955823293172,0.12705686064752675,0.2800387056296628,0.15298184498213607,33,3,1750,206
202,bearing,federated,8,cnn-ae,K002,172,37,36,1956,fuzzy_fault_only_hi75,0.9940940141677856,1.009207010269165,1.0113862991333007,1.012441349029541,0.7991365598727562,0.9915988625239867,0.993006993006993,0.07259713701431493,0.13530252501191042,0.027777777777777776,0.9274028629856851,0.22238955823293172,0.12705686064752675,0.2800387056296628,0.15298184498213607,35,1,1814,142
202,bearing,federated,8,cnn-ae,K003,172,37,37,1956,hard_val_p95,1.0093926191329956,1.0119570255279542,1.0125694751739502,1.0132437038421631,0.4395000829049908,0.980037711567636,0.9770114942528736,0.0434560327198364,0.08321096426823299,0.05405405405405406,0.9565439672801636,0.035122930255895635,0.09170746063706332,0.07432800781212638,-0.017379452824936942,35,2,1871,85
202,bearing,federated,8,cnn-ae,K003,172,37,37,1956,fuzzy_warning_as_alarm_hi50,1.0093926191329956,1.0119570255279542,1.0125694751739502,1.0132437038421631,0.4395000829049908,0.980037711567636,0.9770114942528736,0.0434560327198364,0.08321096426823299,0.05405405405405406,0.9565439672801636,0.035122930255895635,0.09170746063706332,0.07432800781212638,-0.017379452824936942,35,2,1871,85
202,bearing,federated,8,cnn-ae,K003,172,37,37,1956,fuzzy_fault_only_hi75,1.0093926191329956,1.0119570255279542,1.0125694751739502,1.0132437038421631,0.4395000829049908,0.980037711567636,0.9841269841269841,0.03169734151329243,0.06141654284299158,0.02702702702702703,0.9683026584867076,0.035122930255895635,0.09170746063706332,0.07432800781212638,-0.017379452824936942,36,1,1894,62
202,bearing,federated,8,cnn-ae,K004,171,37,36,1956,hard_val_p95,1.0095641613006592,1.0130709171295167,1.0138505697250366,1.0144991636276246,0.41306663258350373,0.979224050772354,0.967741935483871,0.015337423312883436,0.03019627579265224,0.027777777777777776,0.9846625766871165,0.01706827309236948,0.07192078917022489,0.044657953397388865,-0.027262835772836023,35,1,1926,30
202,bearing,federated,8,cnn-ae,K004,171,37,36,1956,fuzzy_warning_as_alarm_hi50,1.0095641613006592,1.0130709171295167,1.0138505697250366,1.0144991636276246,0.41306663258350373,0.979224050772354,0.967741935483871,0.015337423312883436,0.03019627579265224,0.027777777777777776,0.9846625766871165,0.01706827309236948,0.07192078917022489,0.044657953397388865,-0.027262835772836023,35,1,1926,30
202,bearing,federated,8,cnn-ae,K004,171,37,36,1956,fuzzy_fault_only_hi75,1.0095641613006592,1.0130709171295167,1.0138505697250366,1.0144991636276246,0.41306663258350373,0.979224050772354,0.9473684210526315,0.009202453987730062,0.018227848101265823,0.027777777777777776,0.99079754601227,0.01706827309236948,0.07192078917022489,0.044657953397388865,-0.027262835772836023,35,1,1938,18
202,bearing,federated,8,cnn-ae,K005,172,37,36,1956,hard_val_p95,1.006066083908081,1.010012722015381,1.0107654571533202,1.0117341804504394,0.6234520563508293,0.9864068599817326,0.9900990099009901,0.15337423312883436,0.2656042496679947,0.08333333333333333,0.8466257668711656,0.09889558232931726,0.14453011000759808,0.22563093667888082,0.08110082667128274,33,3,1656,300
202,bearing,federated,8,cnn-ae,K005,172,37,36,1956,fuzzy_warning_as_alarm_hi50,1.006066083908081,1.010012722015381,1.0107654571533202,1.0117341804504394,0.6234520563508293,0.9864068599817326,0.9900990099009901,0.15337423312883436,0.2656042496679947,0.08333333333333333,0.8466257668711656,0.09889558232931726,0.14453011000759808,0.22563093667888082,0.08110082667128274,33,3,1656,300
202,bearing,federated,8,cnn-ae,K005,172,37,36,1956,fuzzy_fault_only_hi75,1.006066083908081,1.010012722015381,1.0107654571533202,1.0117341804504394,0.6234520563508293,0.9864068599817326,0.9865470852017937,0.11247443762781185,0.20192748967416246,0.08333333333333333,0.8875255623721882,0.09889558232931726,0.14453011000759808,0.22563093667888082,0.08110082667128274,33,3,1736,220
202,bearing,federated,8,cnn-ae,K006,171,37,36,1956,hard_val_p95,1.0095610618591309,1.0126160860061646,1.0136552810668946,1.0152114295959473,0.3515678254942059,0.9749807465141177,0.9444444444444444,0.017382413087934562,0.03413654618473896,0.05555555555555555,0.9826175869120655,0.02610441767068273,0.1204681502970677,0.046465018600762215,-0.07400313169630549,34,2,1922,34
202,bearing,federated,8,cnn-ae,K006,171,37,36,1956,fuzzy_warning_as_alarm_hi50,1.0095610618591309,1.0126160860061646,1.0136552810668946,1.0152114295959473,0.3515678254942059,0.9749807465141177,0.9444444444444444,0.017382413087934562,0.03413654618473896,0.05555555555555555,0.9826175869120655,0.02610441767068273,0.1204681502970677,0.046465018600762215,-0.07400313169630549,34,2,1922,34
202,bearing,federated,8,cnn-ae,K006,171,37,36,1956,fuzzy_fault_only_hi75,1.0095610618591309,1.0126160860061646,1.0136552810668946,1.0152114295959473,0.3515678254942059,0.9749807465141177,0.8888888888888888,0.0081799591002045,0.016210739614994935,0.05555555555555555,0.9918200408997955,0.02610441767068273,0.1204681502970677,0.046465018600762215,-0.07400313169630549,34,2,1940,16
202,bearing,federated,9,cnn-ae,K001,172,37,36,1956,hard_val_p95,1.007613182067871,1.010288619995117,1.0105401992797851,1.011657543182373,0.2627314814814815,0.974033643049402,0.9565217391304348,0.044989775051124746,0.0859375,0.1111111111111111,0.9550102249488752,0.02359437751004016,0.18359042548582793,0.06839292505206704,-0.1151975004337609,32,4,1868,88
202,bearing,federated,9,cnn-ae,K001,172,37,36,1956,fuzzy_warning_as_alarm_hi50,1.007613182067871,1.010288619995117,1.0105401992797851,1.011657543182373,0.2627314814814815,0.974033643049402,0.9565217391304348,0.044989775051124746,0.0859375,0.1111111111111111,0.9550102249488752,0.02359437751004016,0.18359042548582793,0.06839292505206704,-0.1151975004337609,32,4,1868,88
202,bearing,federated,9,cnn-ae,K001,172,37,36,1956,fuzzy_fault_only_hi75,1.007613182067871,1.010288619995117,1.0105401992797851,1.011657543182373,0.2627314814814815,0.974033643049402,0.9354838709677419,0.02965235173824131,0.057482656095143705,0.1111111111111111,0.9703476482617587,0.02359437751004016,0.18359042548582793,0.06839292505206704,-0.1151975004337609,32,4,1898,58
202,bearing,federated,9,cnn-ae,K002,172,37,36,1956,hard_val_p95,0.9804959297180176,1.0090143203735351,1.0106062650680543,1.0108449125289918,0.7973684957964099,0.9909432665411305,0.9761904761904762,0.041922290388548056,0.0803921568627451,0.05555555555555555,0.9580777096114519,0.08785140562248996,0.09751575829011176,0.23382211505136252,0.13630635676125075,34,2,1874,82
202,bearing,federated,9,cnn-ae,K002,172,37,36,1956,fuzzy_warning_as_alarm_hi50,0.9804959297180176,1.0090143203735351,1.0106062650680543,1.0108449125289918,0.7973684957964099,0.9909432665411305,0.9761904761904762,0.041922290388548056,0.0803921568627451,0.05555555555555555,0.9580777096114519,0.08785140562248996,0.09751575829011176,0.23382211505136252,0.13630635676125075,34,2,1874,82
202,bearing,federated,9,cnn-ae,K002,172,37,36,1956,fuzzy_fault_only_hi75,0.9804959297180176,1.0090143203735351,1.0106062650680543,1.0108449125289918,0.7973684957964099,0.9909432665411305,0.9866666666666667,0.03783231083844581,0.07287050713934022,0.027777777777777776,0.9621676891615542,0.08785140562248996,0.09751575829011176,0.23382211505136252,0.13630635676125075,35,1,1882,74
202,bearing,federated,9,cnn-ae,K003,172,37,37,1956,hard_val_p95,1.006339430809021,1.0106118202209473,1.0107212305068969,1.0108684587478638,0.4510722378820538,0.9797617424192956,0.9736842105263158,0.03783231083844581,0.07283464566929133,0.05405405405405406,0.9621676891615542,0.006522829904666332,0.11397021488386624,0.08761565528604304,-0.026354559597823207,35,2,1882,74
202,bearing,federated,9,cnn-ae,K003,172,37,37,1956,fuzzy_warning_as_alarm_hi50,1.006339430809021,1.0106118202209473,1.0107212305068969,1.0108684587478638,0.4510722378820538,0.9797617424192956,0.9736842105263158,0.03783231083844581,0.07283464566929133,0.05405405405405406,0.9621676891615542,0.006522829904666332,0.11397021488386624,0.08761565528604304,-0.026354559597823207,35,2,1882,74
202,bearing,federated,9,cnn-ae,K003,172,37,37,1956,fuzzy_fault_only_hi75,1.006339430809021,1.0106118202209473,1.0107212305068969,1.0108684587478638,0.4510722378820538,0.9797617424192956,0.971830985915493,0.0352760736196319,0.06808090774543661,0.05405405405405406,0.9647239263803681,0.006522829904666332,0.11397021488386624,0.08761565528604304,-0.026354559597823207,35,2,1887,69
202,bearing,federated,9,cnn-ae,K004,171,37,36,1956,hard_val_p95,1.0080022811889648,1.0108362674713134,1.011347770690918,1.0129990577697754,0.40245114746648486,0.9799052145648992,0.9787234042553191,0.023517382413087935,0.04593110334498253,0.027777777777777776,0.976482617586912,0.02459839357429719,0.0677044943351722,0.04310571652382483,-0.024598777811347367,35,1,1910,46
202,bearing,federated,9,cnn-ae,K004,171,37,36,1956,fuzzy_warning_as_alarm_hi50,1.0080022811889648,1.0108362674713134,1.011347770690918,1.0129990577697754,0.40245114746648486,0.9799052145648992,0.9787234042553191,0.023517382413087935,0.04593110334498253,0.027777777777777776,0.976482617586912,0.02459839357429719,0.0677044943351722,0.04310571652382483,-0.024598777811347367,35,1,1910,46
202,bearing,federated,9,cnn-ae,K004,171,37,36,1956,fuzzy_fault_only_hi75,1.0080022811889648,1.0108362674713134,1.011347770690918,1.0129990577697754,0.40245114746648486,0.9799052145648992,0.9411764705882353,0.0081799591002045,0.016218955904713634,0.027777777777777776,0.9918200408997955,0.02459839357429719,0.0677044943351722,0.04310571652382483,-0.024598777811347367,35,1,1940,16
202,bearing,federated,9,cnn-ae,K005,172,37,36,1956,hard_val_p95,1.0040044784545898,1.0075758218765258,1.0079339504241944,1.0081778240203858,0.6307799363780959,0.9872175396366423,0.989451476793249,0.23977505112474437,0.3860082304526749,0.1388888888888889,0.7602249488752556,0.04819277108433735,0.1589189791115861,0.29429837840426437,0.13537939929267828,31,5,1487,469
202,bearing,federated,9,cnn-ae,K005,172,37,36,1956,fuzzy_warning_as_alarm_hi50,1.0040044784545898,1.0075758218765258,1.0079339504241944,1.0081778240203858,0.6307799363780959,0.9872175396366423,0.989451476793249,0.23977505112474437,0.3860082304526749,0.1388888888888889,0.7602249488752556,0.04819277108433735,0.1589189791115861,0.29429837840426437,0.13537939929267828,31,5,1487,469
202,bearing,federated,9,cnn-ae,K005,172,37,36,1956,fuzzy_fault_only_hi75,1.0040044784545898,1.0075758218765258,1.0079339504241944,1.0081778240203858,0.6307799363780959,0.9872175396366423,0.9910313901345291,0.22597137014314927,0.3680266444629475,0.1111111111111111,0.7740286298568507,0.04819277108433735,0.1589189791115861,0.29429837840426437,0.13537939929267828,32,4,1514,442
202,bearing,federated,9,cnn-ae,K006,171,37,36,1956,hard_val_p95,1.0078645944595337,1.009946632385254,1.0111408948898315,1.0134157514572144,0.30436264485344244,0.9725113707695443,0.95,0.029141104294478526,0.05654761904761905,0.08333333333333333,0.9708588957055214,0.05070281124497992,0.15659319435432695,0.049499100402369635,-0.10709409395195732,33,3,1899,57
202,bearing,federated,9,cnn-ae,K006,171,37,36,1956,fuzzy_warning_as_alarm_hi50,1.0078645944595337,1.009946632385254,1.0111408948898315,1.0134157514572144,0.30436264485344244,0.9725113707695443,0.95,0.029141104294478526,0.05654761904761905,0.08333333333333333,0.9708588957055214,0.05070281124497992,0.15659319435432695,0.049499100402369635,-0.10709409395195732,33,3,1899,57
202,bearing,federated,9,cnn-ae,K006,171,37,36,1956,fuzzy_fault_only_hi75,1.0078645944595337,1.009946632385254,1.0111408948898315,1.0134157514572144,0.30436264485344244,0.9725113707695443,0.8421052631578947,0.0081799591002045,0.01620253164556962,0.08333333333333333,0.9918200408997955,0.05070281124497992,0.15659319435432695,0.049499100402369635,-0.10709409395195732,33,3,1940,16
202,bearing,federated,10,cnn-ae,K001,172,37,36,1956,hard_val_p95,1.0078591108322144,1.0103852987289428,1.0109589338302611,1.0126288366317748,0.28805243126562147,0.9745217125611386,0.9523809523809523,0.03067484662576687,0.05943536404160475,0.08333333333333333,0.9693251533742331,0.0286144578313253,0.1348125321014607,0.04853480601833788,-0.08627772608312284,33,3,1896,60
202,bearing,federated,10,cnn-ae,K001,172,37,36,1956,fuzzy_warning_as_alarm_hi50,1.0078591108322144,1.0103852987289428,1.0109589338302611,1.0126288366317748,0.28805243126562147,0.9745217125611386,0.9523809523809523,0.03067484662576687,0.05943536404160475,0.08333333333333333,0.9693251533742331,0.0286144578313253,0.1348125321014607,0.04853480601833788,-0.08627772608312284,33,3,1896,60
202,bearing,federated,10,cnn-ae,K001,172,37,36,1956,fuzzy_fault_only_hi75,1.0078591108322144,1.0103852987289428,1.0109589338302611,1.0126288366317748,0.28805243126562147,0.9745217125611386,0.9655172413793104,0.014314928425357873,0.028211586901763223,0.027777777777777776,0.9856850715746421,0.0286144578313253,0.1348125321014607,0.04853480601833788,-0.08627772608312284,35,1,1928,28
202,bearing,federated,10,cnn-ae,K002,172,37,36,1956,hard_val_p95,0.9732192754745483,1.0088746070861816,1.009358549118042,1.0106485271453858,0.7953306066802999,0.9907048937379219,0.9840425531914894,0.09458077709611452,0.17257462686567165,0.08333333333333333,0.9054192229038854,0.06576305220883534,0.12794729907510338,0.25727045402176896,0.12932315494666557,33,3,1771,185
202,bearing,federated,10,cnn-ae,K002,172,37,36,1956,fuzzy_warning_as_alarm_hi50,0.9732192754745483,1.0088746070861816,1.009358549118042,1.0106485271453858,0.7953306066802999,0.9907048937379219,0.9840425531914894,0.09458077709611452,0.17257462686567165,0.08333333333333333,0.9054192229038854,0.06576305220883534,0.12794729907510338,0.25727045402176896,0.12932315494666557,33,3,1771,185
202,bearing,federated,10,cnn-ae,K002,172,37,36,1956,fuzzy_fault_only_hi75,0.9732192754745483,1.0088746070861816,1.009358549118042,1.0106485271453858,0.7953306066802999,0.9907048937379219,0.9745762711864406,0.058793456032719835,0.11089681774349083,0.08333333333333333,0.9412065439672802,0.06576305220883534,0.12794729907510338,0.25727045402176896,0.12932315494666557,33,3,1841,115
202,bearing,federated,10,cnn-ae,K003,172,37,37,1956,hard_val_p95,1.0065784454345703,1.0103506088256835,1.0109526872634889,1.0118187952041626,0.429219864035815,0.9806828663674398,1.0,0.03067484662576687,0.05952380952380952,0.0,0.9693251533742331,0.021073758153537382,0.06674104856917061,0.06917992259268536,0.0024388740235147532,37,0,1896,60
202,bearing,federated,10,cnn-ae,K003,172,37,37,1956,fuzzy_warning_as_alarm_hi50,1.0065784454345703,1.0103506088256835,1.0109526872634889,1.0118187952041626,0.429219864035815,0.9806828663674398,1.0,0.03067484662576687,0.05952380952380952,0.0,0.9693251533742331,0.021073758153537382,0.06674104856917061,0.06917992259268536,0.0024388740235147532,37,0,1896,60
202,bearing,federated,10,cnn-ae,K003,172,37,37,1956,fuzzy_fault_only_hi75,1.0065784454345703,1.0103506088256835,1.0109526872634889,1.0118187952041626,0.429219864035815,0.9806828663674398,1.0,0.023006134969325152,0.044977511244377814,0.0,0.9769938650306749,0.021073758153537382,0.06674104856917061,0.06917992259268536,0.0024388740235147532,37,0,1911,45
202,bearing,federated,10,cnn-ae,K004,171,37,36,1956,hard_val_p95,1.0079199075698853,1.0104082107543946,1.0111785888671876,1.0124030303955078,0.3644626221313338,0.9780730150159499,0.9636363636363636,0.0270961145194274,0.05271009448035803,0.05555555555555555,0.9729038854805726,0.026606425702811246,0.09628179928265362,0.045542618665183394,-0.05073918061747023,34,2,1903,53
202,bearing,federated,10,cnn-ae,K004,171,37,36,1956,fuzzy_warning_as_alarm_hi50,1.0079199075698853,1.0104082107543946,1.0111785888671876,1.0124030303955078,0.3644626221313338,0.9780730150159499,0.9636363636363636,0.0270961145194274,0.05271009448035803,0.05555555555555555,0.9729038854805726,0.026606425702811246,0.09628179928265362,0.045542618665183394,-0.05073918061747023,34,2,1903,53
202,bearing,federated,10,cnn-ae,K004,171,37,36,1956,fuzzy_fault_only_hi75,1.0079199075698853,1.0104082107543946,1.0111785888671876,1.0124030303955078,0.3644626221313338,0.9780730150159499,0.9655172413793104,0.014314928425357873,0.028211586901763223,0.027777777777777776,0.9856850715746421,0.026606425702811246,0.09628179928265362,0.045542618665183394,-0.05073918061747023,35,1,1928,28
202,bearing,federated,10,cnn-ae,K005,172,37,36,1956,hard_val_p95,1.0031342506408691,1.007106566429138,1.0079551696777345,1.0095151901245116,0.6497386957509658,0.9884280388459699,0.9951923076923077,0.2116564417177914,0.3490725126475548,0.05555555555555555,0.7883435582822086,0.14407630522088352,0.09899986801548168,0.24943555979821344,0.15043569178273175,34,2,1542,414
202,bearing,federated,10,cnn-ae,K005,172,37,36,1956,fuzzy_warning_as_alarm_hi50,1.0031342506408691,1.007106566429138,1.0079551696777345,1.0095151901245116,0.6497386957509658,0.9884280388459699,0.9951923076923077,0.2116564417177914,0.3490725126475548,0.05555555555555555,0.7883435582822086,0.14407630522088352,0.09899986801548168,0.24943555979821344,0.15043569178273175,34,2,1542,414
202,bearing,federated,10,cnn-ae,K005,172,37,36,1956,fuzzy_fault_only_hi75,1.0031342506408691,1.007106566429138,1.0079551696777345,1.0095151901245116,0.6497386957509658,0.9884280388459699,0.9962406015037594,0.13548057259713703,0.23852385238523852,0.027777777777777776,0.864519427402863,0.14407630522088352,0.09899986801548168,0.24943555979821344,0.15043569178273175,35,1,1691,265
202,bearing,federated,10,cnn-ae,K006,171,37,36,1956,hard_val_p95,1.0079026222229004,1.0104286193847656,1.0111053705215454,1.0131427812576295,0.30851653033401494,0.9716991623571576,0.9137931034482759,0.0270961145194274,0.05263157894736842,0.1388888888888889,0.9729038854805726,0.030622489959839357,0.16334209813741626,0.044334960642697964,-0.1190071374947183,31,5,1903,53
202,bearing,federated,10,cnn-ae,K006,171,37,36,1956,fuzzy_warning_as_alarm_hi50,1.0079026222229004,1.0104286193847656,1.0111053705215454,1.0131427812576295,0.30851653033401494,0.9716991623571576,0.9137931034482759,0.0270961145194274,0.05263157894736842,0.1388888888888889,0.9729038854805726,0.030622489959839357,0.16334209813741626,0.044334960642697964,-0.1190071374947183,31,5,1903,53
202,bearing,federated,10,cnn-ae,K006,171,37,36,1956,fuzzy_fault_only_hi75,1.0079026222229004,1.0104286193847656,1.0111053705215454,1.0131427812576295,0.30851653033401494,0.9716991623571576,0.9166666666666666,0.011247443762781187,0.022222222222222223,0.05555555555555555,0.9887525562372188,0.030622489959839357,0.16334209813741626,0.044334960642697964,-0.1190071374947183,34,2,1934,22
202,bearing,local-only,10,vae,K001,172,37,36,1956,hard_val_p95,1.0162780284881592,1.017948031425476,1.0186630010604858,1.0195815229415894,0.47937258577596004,0.979686609494442,0.9821428571428571,0.05623721881390593,0.10638297872340426,0.05555555555555555,0.943762781186094,0.10742971887550201,0.16110518246517638,0.15473872963953117,-0.0063664528256452135,34,2,1846,110
202,bearing,local-only,10,vae,K001,172,37,36,1956,fuzzy_warning_as_alarm_hi50,1.0162780284881592,1.017948031425476,1.0186630010604858,1.0195815229415894,0.47937258577596004,0.979686609494442,0.9821428571428571,0.05623721881390593,0.10638297872340426,0.05555555555555555,0.943762781186094,0.10742971887550201,0.16110518246517638,0.15473872963953117,-0.0063664528256452135,34,2,1846,110
202,bearing,local-only,10,vae,K001,172,37,36,1956,fuzzy_fault_only_hi75,1.0162780284881592,1.017948031425476,1.0186630010604858,1.0195815229415894,0.47937258577596004,0.979686609494442,0.9761904761904762,0.020961145194274028,0.04104104104104104,0.027777777777777776,0.9790388548057259,0.10742971887550201,0.16110518246517638,0.15473872963953117,-0.0063664528256452135,35,1,1915,41
202,bearing,local-only,10,vae,K002,172,37,36,1956,hard_val_p95,1.0043070316314697,1.0052173376083373,1.0052432060241698,1.0052936363220215,0.518497216541695,0.983797115787143,0.9922480620155039,0.065439672801636,0.12278177458033573,0.027777777777777776,0.934560327198364,0.015060240963855422,0.08774296710078164,0.13036484165897608,0.04262187455819444,35,1,1828,128
202,bearing,local-only,10,vae,K002,172,37,36,1956,fuzzy_warning_as_alarm_hi50,1.0043070316314697,1.0052173376083373,1.0052432060241698,1.0052936363220215,0.518497216541695,0.983797115787143,0.9922480620155039,0.065439672801636,0.12278177458033573,0.027777777777777776,0.934560327198364,0.015060240963855422,0.08774296710078164,0.13036484165897608,0.04262187455819444,35,1,1828,128
202,bearing,local-only,10,vae,K002,172,37,36,1956,fuzzy_fault_only_hi75,1.0043070316314697,1.0052173376083373,1.0052432060241698,1.0052936363220215,0.518497216541695,0.983797115787143,1.0,0.057770961145194276,0.10923151280811987,0.0,0.9422290388548057,0.015060240963855422,0.08774296710078164,0.13036484165897608,0.04262187455819444,36,0,1843,113
202,bearing,local-only,10,vae,K003,172,37,37,1956,hard_val_p95,1.0104864835739136,1.0117507696151733,1.0120114088058472,1.0121915578842162,0.4839578842646327,0.9741873850039724,0.8787878787878788,0.014826175869120654,0.029160382101558573,0.10810810810810811,0.9851738241308794,0.017059708981435023,0.1427118075304014,0.06818898949221884,-0.07452281803818257,33,4,1927,29
202,bearing,local-only,10,vae,K003,172,37,37,1956,fuzzy_warning_as_alarm_hi50,1.0104864835739136,1.0117507696151733,1.0120114088058472,1.0121915578842162,0.4839578842646327,0.9741873850039724,0.8787878787878788,0.014826175869120654,0.029160382101558573,0.10810810810810811,0.9851738241308794,0.017059708981435023,0.1427118075304014,0.06818898949221884,-0.07452281803818257,33,4,1927,29
202,bearing,local-only,10,vae,K003,172,37,37,1956,fuzzy_fault_only_hi75,1.0104864835739136,1.0117507696151733,1.0120114088058472,1.0121915578842162,0.4839578842646327,0.9741873850039724,0.875,0.010736196319018405,0.021212121212121213,0.08108108108108109,0.9892638036809815,0.017059708981435023,0.1427118075304014,0.06818898949221884,-0.07452281803818257,34,3,1935,21
202,bearing,local-only,10,vae,K004,171,37,36,1956,hard_val_p95,1.010119080543518,1.0107292413711548,1.0109117031097412,1.0109498310089111,0.332843387866394,0.9707014414714018,0.9386503067484663,0.07822085889570553,0.14440773949976404,0.2777777777777778,0.9217791411042945,0.04919678714859438,0.33202317972962564,0.14408051628947707,-0.18794266344014857,26,10,1803,153
202,bearing,local-only,10,vae,K004,171,37,36,1956,fuzzy_warning_as_alarm_hi50,1.010119080543518,1.0107292413711548,1.0109117031097412,1.0109498310089111,0.332843387866394,0.9707014414714018,0.9386503067484663,0.07822085889570553,0.14440773949976404,0.2777777777777778,0.9217791411042945,0.04919678714859438,0.33202317972962564,0.14408051628947707,-0.18794266344014857,26,10,1803,153
202,bearing,local-only,10,vae,K004,171,37,36,1956,fuzzy_fault_only_hi75,1.010119080543518,1.0107292413711548,1.0109117031097412,1.0109498310089111,0.332843387866394,0.9707014414714018,0.9470198675496688,0.07310838445807771,0.13573801613668723,0.2222222222222222,0.9268916155419223,0.04919678714859438,0.33202317972962564,0.14408051628947707,-0.18794266344014857,28,8,1813,143
202,bearing,local-only,10,vae,K005,172,37,36,1956,hard_val_p95,1.0135397911071777,1.014482069015503,1.0151240825653076,1.0154122447967528,0.47634770506703017,0.9813709245291693,1.0,0.007157464212678937,0.014213197969543147,0.0,0.9928425357873211,0.02208835341365462,0.04113405684701552,0.03937803755171547,-0.0017560192953000528,36,0,1942,14
202,bearing,local-only,10,vae,K005,172,37,36,1956,fuzzy_warning_as_alarm_hi50,1.0135397911071777,1.014482069015503,1.0151240825653076,1.0154122447967528,0.47634770506703017,0.9813709245291693,1.0,0.007157464212678937,0.014213197969543147,0.0,0.9928425357873211,0.02208835341365462,0.04113405684701552,0.03937803755171547,-0.0017560192953000528,36,0,1942,14
202,bearing,local-only,10,vae,K005,172,37,36,1956,fuzzy_fault_only_hi75,1.0135397911071777,1.014482069015503,1.0151240825653076,1.0154122447967528,0.47634770506703017,0.9813709245291693,1.0,0.00408997955010225,0.008146639511201629,0.0,0.9959100204498977,0.02208835341365462,0.04113405684701552,0.03937803755171547,-0.0017560192953000528,36,0,1948,8
202,bearing,local-only,10,vae,K006,171,37,36,1956,hard_val_p95,1.0048290491104126,1.0054428100585937,1.0054654836654664,1.0057345914840699,0.531718643490116,0.9772321413674933,0.9193548387096774,0.029141104294478526,0.05649157581764123,0.1388888888888889,0.9708588957055214,0.02208835341365462,0.14292145089952454,0.08389421822532271,-0.05902723267420183,31,5,1899,57
202,bearing,local-only,10,vae,K006,171,37,36,1956,fuzzy_warning_as_alarm_hi50,1.0048290491104126,1.0054428100585937,1.0054654836654664,1.0057345914840699,0.531718643490116,0.9772321413674933,0.9193548387096774,0.029141104294478526,0.05649157581764123,0.1388888888888889,0.9708588957055214,0.02208835341365462,0.14292145089952454,0.08389421822532271,-0.05902723267420183,31,5,1899,57
202,bearing,local-only,10,vae,K006,171,37,36,1956,fuzzy_fault_only_hi75,1.0048290491104126,1.0054428100585937,1.0054654836654664,1.0057345914840699,0.531718643490116,0.9772321413674933,0.9285714285714286,0.013292433537832311,0.02620967741935484,0.05555555555555555,0.9867075664621677,0.02208835341365462,0.14292145089952454,0.08389421822532271,-0.05902723267420183,34,2,1930,26
202,bearing,centralized,20,vae,K001,172,37,36,1956,hard_val_p95,1.0152357816696167,1.0266316413879395,1.0321586370468139,1.035670428276062,0.7401442853896842,0.9934928814432447,1.0,0.4003067484662577,0.5717415115005476,0.0,0.5996932515337423,0.0642570281124498,0.03623967617901766,0.4380918983433968,0.4018522221643791,36,0,1173,783
202,bearing,centralized,20,vae,K001,172,37,36,1956,fuzzy_warning_as_alarm_hi50,1.0152357816696167,1.0266316413879395,1.0321586370468139,1.035670428276062,0.7401442853896842,0.9934928814432447,1.0,0.4003067484662577,0.5717415115005476,0.0,0.5996932515337423,0.0642570281124498,0.03623967617901766,0.4380918983433968,0.4018522221643791,36,0,1173,783
202,bearing,centralized,20,vae,K001,172,37,36,1956,fuzzy_fault_only_hi75,1.0152357816696167,1.0266316413879395,1.0321586370468139,1.035670428276062,0.7401442853896842,0.9934928814432447,1.0,0.3829243353783231,0.5537892791127541,0.0,0.6170756646216768,0.0642570281124498,0.03623967617901766,0.4380918983433968,0.4018522221643791,36,0,1207,749
202,bearing,centralized,20,vae,K002,172,37,36,1956,hard_val_p95,1.0317769050598145,1.073762798309326,1.0898265361785888,1.1164058589935304,0.4561605316973415,0.9818032015422709,0.9905660377358491,0.05368098159509203,0.10184287099903007,0.027777777777777776,0.946319018404908,0.07178714859437751,0.09304972910533749,0.09000488114190085,-0.0030448479634366393,35,1,1851,105
202,bearing,centralized,20,vae,K002,172,37,36,1956,fuzzy_warning_as_alarm_hi50,1.0317769050598145,1.073762798309326,1.0898265361785888,1.1164058589935304,0.4561605316973415,0.9818032015422709,0.9905660377358491,0.05368098159509203,0.10184287099903007,0.027777777777777776,0.946319018404908,0.07178714859437751,0.09304972910533749,0.09000488114190085,-0.0030448479634366393,35,1,1851,105
202,bearing,centralized,20,vae,K002,172,37,36,1956,fuzzy_fault_only_hi75,1.0317769050598145,1.073762798309326,1.0898265361785888,1.1164058589935304,0.4561605316973415,0.9818032015422709,0.98,0.025051124744376277,0.04885343968095713,0.027777777777777776,0.9749488752556237,0.07178714859437751,0.09304972910533749,0.09000488114190085,-0.0030448479634366393,35,1,1907,49
202,bearing,centralized,20,vae,K003,172,37,37,1956,hard_val_p95,1.0227584838867188,1.0473120212554932,1.0539188861846924,1.0575085735321046,0.6099734704029183,0.9892414853296435,1.0,0.2142126789366053,0.3528421052631579,0.0,0.7857873210633947,0.053186151530356246,0.04405309613124881,0.2557383803270896,0.21168528419584082,37,0,1537,419
202,bearing,centralized,20,vae,K003,172,37,37,1956,fuzzy_warning_as_alarm_hi50,1.0227584838867188,1.0473120212554932,1.0539188861846924,1.0575085735321046,0.6099734704029183,0.9892414853296435,1.0,0.2142126789366053,0.3528421052631579,0.0,0.7857873210633947,0.053186151530356246,0.04405309613124881,0.2557383803270896,0.21168528419584082,37,0,1537,419
202,bearing,centralized,20,vae,K003,172,37,37,1956,fuzzy_fault_only_hi75,1.0227584838867188,1.0473120212554932,1.0539188861846924,1.0575085735321046,0.6099734704029183,0.9892414853296435,1.0,0.20245398773006135,0.336734693877551,0.0,0.7975460122699386,0.053186151530356246,0.04405309613124881,0.2557383803270896,0.21168528419584082,37,0,1560,396
202,bearing,centralized,20,vae,K004,171,37,36,1956,hard_val_p95,1.0261322259902954,1.0608241081237793,1.0684927225112915,1.0805854654312135,0.5704598386730289,0.9875855577349779,1.0,0.1329243353783231,0.23465703971119134,0.0,0.8670756646216768,0.0642570281124498,0.04688804100986155,0.1701233016627618,0.12323526065290025,36,0,1696,260
202,bearing,centralized,20,vae,K004,171,37,36,1956,fuzzy_warning_as_alarm_hi50,1.0261322259902954,1.0608241081237793,1.0684927225112915,1.0805854654312135,0.5704598386730289,0.9875855577349779,1.0,0.1329243353783231,0.23465703971119134,0.0,0.8670756646216768,0.0642570281124498,0.04688804100986155,0.1701233016627618,0.12323526065290025,36,0,1696,260
202,bearing,centralized,20,vae,K004,171,37,36,1956,fuzzy_fault_only_hi75,1.0261322259902954,1.0608241081237793,1.0684927225112915,1.0805854654312135,0.5704598386730289,0.9875855577349779,1.0,0.10378323108384459,0.18805002315886984,0.0,0.8962167689161554,0.0642570281124498,0.04688804100986155,0.1701233016627618,0.12323526065290025,36,0,1753,203
202,bearing,centralized,20,vae,K005,172,37,36,1956,hard_val_p95,1.0433030128479004,1.0916054725646973,1.1059956312179564,1.1278163290023804,0.41009145648716194,0.9771424272134451,0.9302325581395349,0.02044989775051125,0.0400200100050025,0.08333333333333333,0.9795501022494888,0.030120481927710843,0.11033864305273317,0.052152762538069775,-0.05818588051466339,33,3,1916,40
202,bearing,centralized,20,vae,K005,172,37,36,1956,fuzzy_warning_as_alarm_hi50,1.0433030128479004,1.0916054725646973,1.1059956312179564,1.1278163290023804,0.41009145648716194,0.9771424272134451,0.9302325581395349,0.02044989775051125,0.0400200100050025,0.08333333333333333,0.9795501022494888,0.030120481927710843,0.11033864305273317,0.052152762538069775,-0.05818588051466339,33,3,1916,40
202,bearing,centralized,20,vae,K005,172,37,36,1956,fuzzy_fault_only_hi75,1.0433030128479004,1.0916054725646973,1.1059956312179564,1.1278163290023804,0.41009145648716194,0.9771424272134451,0.9523809523809523,0.010224948875255624,0.020232675771370764,0.027777777777777776,0.9897750511247444,0.030120481927710843,0.11033864305273317,0.052152762538069775,-0.05818588051466339,35,1,1936,20
202,bearing,centralized,20,vae,K006,171,37,36,1956,hard_val_p95,1.0143024921417236,1.0263880014419555,1.029018759727478,1.0387989568710327,0.6466428084526243,0.9900851626651002,0.9930232558139535,0.43660531697341515,0.6065340909090909,0.16666666666666666,0.5633946830265849,0.07680722891566265,0.2102236774127095,0.45290873457527153,0.24268505716256203,30,6,1102,854
202,bearing,centralized,20,vae,K006,171,37,36,1956,fuzzy_warning_as_alarm_hi50,1.0143024921417236,1.0263880014419555,1.029018759727478,1.0387989568710327,0.6466428084526243,0.9900851626651002,0.9930232558139535,0.43660531697341515,0.6065340909090909,0.16666666666666666,0.5633946830265849,0.07680722891566265,0.2102236774127095,0.45290873457527153,0.24268505716256203,30,6,1102,854
202,bearing,centralized,20,vae,K006,171,37,36,1956,fuzzy_fault_only_hi75,1.0143024921417236,1.0263880014419555,1.029018759727478,1.0387989568710327,0.6466428084526243,0.9900851626651002,0.9933774834437086,0.3834355828220859,0.5533013648100332,0.1388888888888889,0.6165644171779141,0.07680722891566265,0.2102236774127095,0.45290873457527153,0.24268505716256203,31,5,1206,750
202,bearing,federated,1,vae,K001,172,37,36,1956,hard_val_p95,0.0,0.0,0.0,0.0,0.5,0.9819277108433735,0.0,0.0,0.0,0.0,1.0,0.0,0.0,0.0,0.0,36,0,1956,0
202,bearing,federated,1,vae,K001,172,37,36,1956,fuzzy_warning_as_alarm_hi50,0.0,0.0,0.0,0.0,0.5,0.9819277108433735,0.0,0.0,0.0,0.0,1.0,0.0,0.0,0.0,0.0,36,0,1956,0
202,bearing,federated,1,vae,K001,172,37,36,1956,fuzzy_fault_only_hi75,0.0,0.0,0.0,0.0,0.5,0.9819277108433735,0.0,0.0,0.0,0.0,1.0,0.0,0.0,0.0,0.0,36,0,1956,0
202,bearing,federated,1,vae,K002,172,37,36,1956,hard_val_p95,0.0,0.0,0.0,0.0,0.5,0.9819277108433735,0.0,0.0,0.0,0.0,1.0,0.0,0.0,0.0,0.0,36,0,1956,0
202,bearing,federated,1,vae,K002,172,37,36,1956,fuzzy_warning_as_alarm_hi50,0.0,0.0,0.0,0.0,0.5,0.9819277108433735,0.0,0.0,0.0,0.0,1.0,0.0,0.0,0.0,0.0,36,0,1956,0
202,bearing,federated,1,vae,K002,172,37,36,1956,fuzzy_fault_only_hi75,0.0,0.0,0.0,0.0,0.5,0.9819277108433735,0.0,0.0,0.0,0.0,1.0,0.0,0.0,0.0,0.0,36,0,1956,0
202,bearing,federated,1,vae,K003,172,37,37,1956,hard_val_p95,0.0,0.0,0.0,0.0,0.5,0.9814350225790266,0.0,0.0,0.0,0.0,1.0,0.0,0.0,0.0,0.0,37,0,1956,0
202,bearing,federated,1,vae,K003,172,37,37,1956,fuzzy_warning_as_alarm_hi50,0.0,0.0,0.0,0.0,0.5,0.9814350225790266,0.0,0.0,0.0,0.0,1.0,0.0,0.0,0.0,0.0,37,0,1956,0
202,bearing,federated,1,vae,K003,172,37,37,1956,fuzzy_fault_only_hi75,0.0,0.0,0.0,0.0,0.5,0.9814350225790266,0.0,0.0,0.0,0.0,1.0,0.0,0.0,0.0,0.0,37,0,1956,0
202,bearing,federated,1,vae,K004,171,37,36,1956,hard_val_p95,0.0,0.0,0.0,0.0,0.5,0.9819277108433735,0.0,0.0,0.0,0.0,1.0,0.0,0.0,0.0,0.0,36,0,1956,0
202,bearing,federated,1,vae,K004,171,37,36,1956,fuzzy_warning_as_alarm_hi50,0.0,0.0,0.0,0.0,0.5,0.9819277108433735,0.0,0.0,0.0,0.0,1.0,0.0,0.0,0.0,0.0,36,0,1956,0
202,bearing,federated,1,vae,K004,171,37,36,1956,fuzzy_fault_only_hi75,0.0,0.0,0.0,0.0,0.5,0.9819277108433735,0.0,0.0,0.0,0.0,1.0,0.0,0.0,0.0,0.0,36,0,1956,0
202,bearing,federated,1,vae,K005,172,37,36,1956,hard_val_p95,0.0,0.0,0.0,0.0,0.5,0.9819277108433735,0.0,0.0,0.0,0.0,1.0,0.0,0.0,0.0,0.0,36,0,1956,0
202,bearing,federated,1,vae,K005,172,37,36,1956,fuzzy_warning_as_alarm_hi50,0.0,0.0,0.0,0.0,0.5,0.9819277108433735,0.0,0.0,0.0,0.0,1.0,0.0,0.0,0.0,0.0,36,0,1956,0
202,bearing,federated,1,vae,K005,172,37,36,1956,fuzzy_fault_only_hi75,0.0,0.0,0.0,0.0,0.5,0.9819277108433735,0.0,0.0,0.0,0.0,1.0,0.0,0.0,0.0,0.0,36,0,1956,0
202,bearing,federated,1,vae,K006,171,37,36,1956,hard_val_p95,0.0,0.0,0.0,0.0,0.5,0.9819277108433735,0.0,0.0,0.0,0.0,1.0,0.0,0.0,0.0,0.0,36,0,1956,0
202,bearing,federated,1,vae,K006,171,37,36,1956,fuzzy_warning_as_alarm_hi50,0.0,0.0,0.0,0.0,0.5,0.9819277108433735,0.0,0.0,0.0,0.0,1.0,0.0,0.0,0.0,0.0,36,0,1956,0
202,bearing,federated,1,vae,K006,171,37,36,1956,fuzzy_fault_only_hi75,0.0,0.0,0.0,0.0,0.5,0.9819277108433735,0.0,0.0,0.0,0.0,1.0,0.0,0.0,0.0,0.0,36,0,1956,0
202,bearing,federated,2,vae,K001,172,37,36,1956,hard_val_p95,0.0,0.0,0.0,0.0,0.5,0.9819277108433735,0.0,0.0,0.0,0.0,1.0,0.0,0.0,0.0,0.0,36,0,1956,0
202,bearing,federated,2,vae,K001,172,37,36,1956,fuzzy_warning_as_alarm_hi50,0.0,0.0,0.0,0.0,0.5,0.9819277108433735,0.0,0.0,0.0,0.0,1.0,0.0,0.0,0.0,0.0,36,0,1956,0
202,bearing,federated,2,vae,K001,172,37,36,1956,fuzzy_fault_only_hi75,0.0,0.0,0.0,0.0,0.5,0.9819277108433735,0.0,0.0,0.0,0.0,1.0,0.0,0.0,0.0,0.0,36,0,1956,0
202,bearing,federated,2,vae,K002,172,37,36,1956,hard_val_p95,0.0,0.0,0.0,0.0,0.5,0.9819277108433735,0.0,0.0,0.0,0.0,1.0,0.0,0.0,0.0,0.0,36,0,1956,0
202,bearing,federated,2,vae,K002,172,37,36,1956,fuzzy_warning_as_alarm_hi50,0.0,0.0,0.0,0.0,0.5,0.9819277108433735,0.0,0.0,0.0,0.0,1.0,0.0,0.0,0.0,0.0,36,0,1956,0
202,bearing,federated,2,vae,K002,172,37,36,1956,fuzzy_fault_only_hi75,0.0,0.0,0.0,0.0,0.5,0.9819277108433735,0.0,0.0,0.0,0.0,1.0,0.0,0.0,0.0,0.0,36,0,1956,0
202,bearing,federated,2,vae,K003,172,37,37,1956,hard_val_p95,0.0,0.0,0.0,0.0,0.5,0.9814350225790266,0.0,0.0,0.0,0.0,1.0,0.0,0.0,0.0,0.0,37,0,1956,0
202,bearing,federated,2,vae,K003,172,37,37,1956,fuzzy_warning_as_alarm_hi50,0.0,0.0,0.0,0.0,0.5,0.9814350225790266,0.0,0.0,0.0,0.0,1.0,0.0,0.0,0.0,0.0,37,0,1956,0
202,bearing,federated,2,vae,K003,172,37,37,1956,fuzzy_fault_only_hi75,0.0,0.0,0.0,0.0,0.5,0.9814350225790266,0.0,0.0,0.0,0.0,1.0,0.0,0.0,0.0,0.0,37,0,1956,0
202,bearing,federated,2,vae,K004,171,37,36,1956,hard_val_p95,0.0,0.0,0.0,0.0,0.5,0.9819277108433735,0.0,0.0,0.0,0.0,1.0,0.0,0.0,0.0,0.0,36,0,1956,0
202,bearing,federated,2,vae,K004,171,37,36,1956,fuzzy_warning_as_alarm_hi50,0.0,0.0,0.0,0.0,0.5,0.9819277108433735,0.0,0.0,0.0,0.0,1.0,0.0,0.0,0.0,0.0,36,0,1956,0
202,bearing,federated,2,vae,K004,171,37,36,1956,fuzzy_fault_only_hi75,0.0,0.0,0.0,0.0,0.5,0.9819277108433735,0.0,0.0,0.0,0.0,1.0,0.0,0.0,0.0,0.0,36,0,1956,0
202,bearing,federated,2,vae,K005,172,37,36,1956,hard_val_p95,0.0,0.0,0.0,0.0,0.5,0.9819277108433735,0.0,0.0,0.0,0.0,1.0,0.0,0.0,0.0,0.0,36,0,1956,0
202,bearing,federated,2,vae,K005,172,37,36,1956,fuzzy_warning_as_alarm_hi50,0.0,0.0,0.0,0.0,0.5,0.9819277108433735,0.0,0.0,0.0,0.0,1.0,0.0,0.0,0.0,0.0,36,0,1956,0
202,bearing,federated,2,vae,K005,172,37,36,1956,fuzzy_fault_only_hi75,0.0,0.0,0.0,0.0,0.5,0.9819277108433735,0.0,0.0,0.0,0.0,1.0,0.0,0.0,0.0,0.0,36,0,1956,0
202,bearing,federated,2,vae,K006,171,37,36,1956,hard_val_p95,0.0,0.0,0.0,0.0,0.5,0.9819277108433735,0.0,0.0,0.0,0.0,1.0,0.0,0.0,0.0,0.0,36,0,1956,0
202,bearing,federated,2,vae,K006,171,37,36,1956,fuzzy_warning_as_alarm_hi50,0.0,0.0,0.0,0.0,0.5,0.9819277108433735,0.0,0.0,0.0,0.0,1.0,0.0,0.0,0.0,0.0,36,0,1956,0
202,bearing,federated,2,vae,K006,171,37,36,1956,fuzzy_fault_only_hi75,0.0,0.0,0.0,0.0,0.5,0.9819277108433735,0.0,0.0,0.0,0.0,1.0,0.0,0.0,0.0,0.0,36,0,1956,0
202,bearing,federated,3,vae,K001,172,37,36,1956,hard_val_p95,0.0,0.0,0.0,0.0,0.5,0.9819277108433735,0.0,0.0,0.0,0.0,1.0,0.0,0.0,0.0,0.0,36,0,1956,0
202,bearing,federated,3,vae,K001,172,37,36,1956,fuzzy_warning_as_alarm_hi50,0.0,0.0,0.0,0.0,0.5,0.9819277108433735,0.0,0.0,0.0,0.0,1.0,0.0,0.0,0.0,0.0,36,0,1956,0
202,bearing,federated,3,vae,K001,172,37,36,1956,fuzzy_fault_only_hi75,0.0,0.0,0.0,0.0,0.5,0.9819277108433735,0.0,0.0,0.0,0.0,1.0,0.0,0.0,0.0,0.0,36,0,1956,0
202,bearing,federated,3,vae,K002,172,37,36,1956,hard_val_p95,0.0,0.0,0.0,0.0,0.5,0.9819277108433735,0.0,0.0,0.0,0.0,1.0,0.0,0.0,0.0,0.0,36,0,1956,0
202,bearing,federated,3,vae,K002,172,37,36,1956,fuzzy_warning_as_alarm_hi50,0.0,0.0,0.0,0.0,0.5,0.9819277108433735,0.0,0.0,0.0,0.0,1.0,0.0,0.0,0.0,0.0,36,0,1956,0
202,bearing,federated,3,vae,K002,172,37,36,1956,fuzzy_fault_only_hi75,0.0,0.0,0.0,0.0,0.5,0.9819277108433735,0.0,0.0,0.0,0.0,1.0,0.0,0.0,0.0,0.0,36,0,1956,0
202,bearing,federated,3,vae,K003,172,37,37,1956,hard_val_p95,0.0,0.0,0.0,0.0,0.5,0.9814350225790266,0.0,0.0,0.0,0.0,1.0,0.0,0.0,0.0,0.0,37,0,1956,0
202,bearing,federated,3,vae,K003,172,37,37,1956,fuzzy_warning_as_alarm_hi50,0.0,0.0,0.0,0.0,0.5,0.9814350225790266,0.0,0.0,0.0,0.0,1.0,0.0,0.0,0.0,0.0,37,0,1956,0
202,bearing,federated,3,vae,K003,172,37,37,1956,fuzzy_fault_only_hi75,0.0,0.0,0.0,0.0,0.5,0.9814350225790266,0.0,0.0,0.0,0.0,1.0,0.0,0.0,0.0,0.0,37,0,1956,0
202,bearing,federated,3,vae,K004,171,37,36,1956,hard_val_p95,0.0,0.0,0.0,0.0,0.5,0.9819277108433735,0.0,0.0,0.0,0.0,1.0,0.0,0.0,0.0,0.0,36,0,1956,0
202,bearing,federated,3,vae,K004,171,37,36,1956,fuzzy_warning_as_alarm_hi50,0.0,0.0,0.0,0.0,0.5,0.9819277108433735,0.0,0.0,0.0,0.0,1.0,0.0,0.0,0.0,0.0,36,0,1956,0
202,bearing,federated,3,vae,K004,171,37,36,1956,fuzzy_fault_only_hi75,0.0,0.0,0.0,0.0,0.5,0.9819277108433735,0.0,0.0,0.0,0.0,1.0,0.0,0.0,0.0,0.0,36,0,1956,0
202,bearing,federated,3,vae,K005,172,37,36,1956,hard_val_p95,0.0,0.0,0.0,0.0,0.5,0.9819277108433735,0.0,0.0,0.0,0.0,1.0,0.0,0.0,0.0,0.0,36,0,1956,0
202,bearing,federated,3,vae,K005,172,37,36,1956,fuzzy_warning_as_alarm_hi50,0.0,0.0,0.0,0.0,0.5,0.9819277108433735,0.0,0.0,0.0,0.0,1.0,0.0,0.0,0.0,0.0,36,0,1956,0
202,bearing,federated,3,vae,K005,172,37,36,1956,fuzzy_fault_only_hi75,0.0,0.0,0.0,0.0,0.5,0.9819277108433735,0.0,0.0,0.0,0.0,1.0,0.0,0.0,0.0,0.0,36,0,1956,0
202,bearing,federated,3,vae,K006,171,37,36,1956,hard_val_p95,0.0,0.0,0.0,0.0,0.5,0.9819277108433735,0.0,0.0,0.0,0.0,1.0,0.0,0.0,0.0,0.0,36,0,1956,0
202,bearing,federated,3,vae,K006,171,37,36,1956,fuzzy_warning_as_alarm_hi50,0.0,0.0,0.0,0.0,0.5,0.9819277108433735,0.0,0.0,0.0,0.0,1.0,0.0,0.0,0.0,0.0,36,0,1956,0
202,bearing,federated,3,vae,K006,171,37,36,1956,fuzzy_fault_only_hi75,0.0,0.0,0.0,0.0,0.5,0.9819277108433735,0.0,0.0,0.0,0.0,1.0,0.0,0.0,0.0,0.0,36,0,1956,0
202,bearing,federated,4,vae,K001,172,37,36,1956,hard_val_p95,0.0,0.0,0.0,0.0,0.5,0.9819277108433735,0.0,0.0,0.0,0.0,1.0,0.0,0.0,0.0,0.0,36,0,1956,0
202,bearing,federated,4,vae,K001,172,37,36,1956,fuzzy_warning_as_alarm_hi50,0.0,0.0,0.0,0.0,0.5,0.9819277108433735,0.0,0.0,0.0,0.0,1.0,0.0,0.0,0.0,0.0,36,0,1956,0
202,bearing,federated,4,vae,K001,172,37,36,1956,fuzzy_fault_only_hi75,0.0,0.0,0.0,0.0,0.5,0.9819277108433735,0.0,0.0,0.0,0.0,1.0,0.0,0.0,0.0,0.0,36,0,1956,0
202,bearing,federated,4,vae,K002,172,37,36,1956,hard_val_p95,0.0,0.0,0.0,0.0,0.5,0.9819277108433735,0.0,0.0,0.0,0.0,1.0,0.0,0.0,0.0,0.0,36,0,1956,0
202,bearing,federated,4,vae,K002,172,37,36,1956,fuzzy_warning_as_alarm_hi50,0.0,0.0,0.0,0.0,0.5,0.9819277108433735,0.0,0.0,0.0,0.0,1.0,0.0,0.0,0.0,0.0,36,0,1956,0
202,bearing,federated,4,vae,K002,172,37,36,1956,fuzzy_fault_only_hi75,0.0,0.0,0.0,0.0,0.5,0.9819277108433735,0.0,0.0,0.0,0.0,1.0,0.0,0.0,0.0,0.0,36,0,1956,0
202,bearing,federated,4,vae,K003,172,37,37,1956,hard_val_p95,0.0,0.0,0.0,0.0,0.5,0.9814350225790266,0.0,0.0,0.0,0.0,1.0,0.0,0.0,0.0,0.0,37,0,1956,0
202,bearing,federated,4,vae,K003,172,37,37,1956,fuzzy_warning_as_alarm_hi50,0.0,0.0,0.0,0.0,0.5,0.9814350225790266,0.0,0.0,0.0,0.0,1.0,0.0,0.0,0.0,0.0,37,0,1956,0
202,bearing,federated,4,vae,K003,172,37,37,1956,fuzzy_fault_only_hi75,0.0,0.0,0.0,0.0,0.5,0.9814350225790266,0.0,0.0,0.0,0.0,1.0,0.0,0.0,0.0,0.0,37,0,1956,0
202,bearing,federated,4,vae,K004,171,37,36,1956,hard_val_p95,0.0,0.0,0.0,0.0,0.5,0.9819277108433735,0.0,0.0,0.0,0.0,1.0,0.0,0.0,0.0,0.0,36,0,1956,0
202,bearing,federated,4,vae,K004,171,37,36,1956,fuzzy_warning_as_alarm_hi50,0.0,0.0,0.0,0.0,0.5,0.9819277108433735,0.0,0.0,0.0,0.0,1.0,0.0,0.0,0.0,0.0,36,0,1956,0
202,bearing,federated,4,vae,K004,171,37,36,1956,fuzzy_fault_only_hi75,0.0,0.0,0.0,0.0,0.5,0.9819277108433735,0.0,0.0,0.0,0.0,1.0,0.0,0.0,0.0,0.0,36,0,1956,0
202,bearing,federated,4,vae,K005,172,37,36,1956,hard_val_p95,0.0,0.0,0.0,0.0,0.5,0.9819277108433735,0.0,0.0,0.0,0.0,1.0,0.0,0.0,0.0,0.0,36,0,1956,0
202,bearing,federated,4,vae,K005,172,37,36,1956,fuzzy_warning_as_alarm_hi50,0.0,0.0,0.0,0.0,0.5,0.9819277108433735,0.0,0.0,0.0,0.0,1.0,0.0,0.0,0.0,0.0,36,0,1956,0
202,bearing,federated,4,vae,K005,172,37,36,1956,fuzzy_fault_only_hi75,0.0,0.0,0.0,0.0,0.5,0.9819277108433735,0.0,0.0,0.0,0.0,1.0,0.0,0.0,0.0,0.0,36,0,1956,0
202,bearing,federated,4,vae,K006,171,37,36,1956,hard_val_p95,0.0,0.0,0.0,0.0,0.5,0.9819277108433735,0.0,0.0,0.0,0.0,1.0,0.0,0.0,0.0,0.0,36,0,1956,0
202,bearing,federated,4,vae,K006,171,37,36,1956,fuzzy_warning_as_alarm_hi50,0.0,0.0,0.0,0.0,0.5,0.9819277108433735,0.0,0.0,0.0,0.0,1.0,0.0,0.0,0.0,0.0,36,0,1956,0
202,bearing,federated,4,vae,K006,171,37,36,1956,fuzzy_fault_only_hi75,0.0,0.0,0.0,0.0,0.5,0.9819277108433735,0.0,0.0,0.0,0.0,1.0,0.0,0.0,0.0,0.0,36,0,1956,0
202,bearing,federated,5,vae,K001,172,37,36,1956,hard_val_p95,0.0,0.0,0.0,0.0,0.5,0.9819277108433735,0.0,0.0,0.0,0.0,1.0,0.0,0.0,0.0,0.0,36,0,1956,0
202,bearing,federated,5,vae,K001,172,37,36,1956,fuzzy_warning_as_alarm_hi50,0.0,0.0,0.0,0.0,0.5,0.9819277108433735,0.0,0.0,0.0,0.0,1.0,0.0,0.0,0.0,0.0,36,0,1956,0
202,bearing,federated,5,vae,K001,172,37,36,1956,fuzzy_fault_only_hi75,0.0,0.0,0.0,0.0,0.5,0.9819277108433735,0.0,0.0,0.0,0.0,1.0,0.0,0.0,0.0,0.0,36,0,1956,0
202,bearing,federated,5,vae,K002,172,37,36,1956,hard_val_p95,0.0,0.0,0.0,0.0,0.5,0.9819277108433735,0.0,0.0,0.0,0.0,1.0,0.0,0.0,0.0,0.0,36,0,1956,0
202,bearing,federated,5,vae,K002,172,37,36,1956,fuzzy_warning_as_alarm_hi50,0.0,0.0,0.0,0.0,0.5,0.9819277108433735,0.0,0.0,0.0,0.0,1.0,0.0,0.0,0.0,0.0,36,0,1956,0
202,bearing,federated,5,vae,K002,172,37,36,1956,fuzzy_fault_only_hi75,0.0,0.0,0.0,0.0,0.5,0.9819277108433735,0.0,0.0,0.0,0.0,1.0,0.0,0.0,0.0,0.0,36,0,1956,0
202,bearing,federated,5,vae,K003,172,37,37,1956,hard_val_p95,0.0,0.0,0.0,0.0,0.5,0.9814350225790266,0.0,0.0,0.0,0.0,1.0,0.0,0.0,0.0,0.0,37,0,1956,0
202,bearing,federated,5,vae,K003,172,37,37,1956,fuzzy_warning_as_alarm_hi50,0.0,0.0,0.0,0.0,0.5,0.9814350225790266,0.0,0.0,0.0,0.0,1.0,0.0,0.0,0.0,0.0,37,0,1956,0
202,bearing,federated,5,vae,K003,172,37,37,1956,fuzzy_fault_only_hi75,0.0,0.0,0.0,0.0,0.5,0.9814350225790266,0.0,0.0,0.0,0.0,1.0,0.0,0.0,0.0,0.0,37,0,1956,0
202,bearing,federated,5,vae,K004,171,37,36,1956,hard_val_p95,0.0,0.0,0.0,0.0,0.5,0.9819277108433735,0.0,0.0,0.0,0.0,1.0,0.0,0.0,0.0,0.0,36,0,1956,0
202,bearing,federated,5,vae,K004,171,37,36,1956,fuzzy_warning_as_alarm_hi50,0.0,0.0,0.0,0.0,0.5,0.9819277108433735,0.0,0.0,0.0,0.0,1.0,0.0,0.0,0.0,0.0,36,0,1956,0
202,bearing,federated,5,vae,K004,171,37,36,1956,fuzzy_fault_only_hi75,0.0,0.0,0.0,0.0,0.5,0.9819277108433735,0.0,0.0,0.0,0.0,1.0,0.0,0.0,0.0,0.0,36,0,1956,0
202,bearing,federated,5,vae,K005,172,37,36,1956,hard_val_p95,0.0,0.0,0.0,0.0,0.5,0.9819277108433735,0.0,0.0,0.0,0.0,1.0,0.0,0.0,0.0,0.0,36,0,1956,0
202,bearing,federated,5,vae,K005,172,37,36,1956,fuzzy_warning_as_alarm_hi50,0.0,0.0,0.0,0.0,0.5,0.9819277108433735,0.0,0.0,0.0,0.0,1.0,0.0,0.0,0.0,0.0,36,0,1956,0
202,bearing,federated,5,vae,K005,172,37,36,1956,fuzzy_fault_only_hi75,0.0,0.0,0.0,0.0,0.5,0.9819277108433735,0.0,0.0,0.0,0.0,1.0,0.0,0.0,0.0,0.0,36,0,1956,0
202,bearing,federated,5,vae,K006,171,37,36,1956,hard_val_p95,0.0,0.0,0.0,0.0,0.5,0.9819277108433735,0.0,0.0,0.0,0.0,1.0,0.0,0.0,0.0,0.0,36,0,1956,0
202,bearing,federated,5,vae,K006,171,37,36,1956,fuzzy_warning_as_alarm_hi50,0.0,0.0,0.0,0.0,0.5,0.9819277108433735,0.0,0.0,0.0,0.0,1.0,0.0,0.0,0.0,0.0,36,0,1956,0
202,bearing,federated,5,vae,K006,171,37,36,1956,fuzzy_fault_only_hi75,0.0,0.0,0.0,0.0,0.5,0.9819277108433735,0.0,0.0,0.0,0.0,1.0,0.0,0.0,0.0,0.0,36,0,1956,0
202,bearing,federated,6,vae,K001,172,37,36,1956,hard_val_p95,0.0,0.0,0.0,0.0,0.5,0.9819277108433735,0.0,0.0,0.0,0.0,1.0,0.0,0.0,0.0,0.0,36,0,1956,0
202,bearing,federated,6,vae,K001,172,37,36,1956,fuzzy_warning_as_alarm_hi50,0.0,0.0,0.0,0.0,0.5,0.9819277108433735,0.0,0.0,0.0,0.0,1.0,0.0,0.0,0.0,0.0,36,0,1956,0
202,bearing,federated,6,vae,K001,172,37,36,1956,fuzzy_fault_only_hi75,0.0,0.0,0.0,0.0,0.5,0.9819277108433735,0.0,0.0,0.0,0.0,1.0,0.0,0.0,0.0,0.0,36,0,1956,0
202,bearing,federated,6,vae,K002,172,37,36,1956,hard_val_p95,0.0,0.0,0.0,0.0,0.5,0.9819277108433735,0.0,0.0,0.0,0.0,1.0,0.0,0.0,0.0,0.0,36,0,1956,0
202,bearing,federated,6,vae,K002,172,37,36,1956,fuzzy_warning_as_alarm_hi50,0.0,0.0,0.0,0.0,0.5,0.9819277108433735,0.0,0.0,0.0,0.0,1.0,0.0,0.0,0.0,0.0,36,0,1956,0
202,bearing,federated,6,vae,K002,172,37,36,1956,fuzzy_fault_only_hi75,0.0,0.0,0.0,0.0,0.5,0.9819277108433735,0.0,0.0,0.0,0.0,1.0,0.0,0.0,0.0,0.0,36,0,1956,0
202,bearing,federated,6,vae,K003,172,37,37,1956,hard_val_p95,0.0,0.0,0.0,0.0,0.5,0.9814350225790266,0.0,0.0,0.0,0.0,1.0,0.0,0.0,0.0,0.0,37,0,1956,0
202,bearing,federated,6,vae,K003,172,37,37,1956,fuzzy_warning_as_alarm_hi50,0.0,0.0,0.0,0.0,0.5,0.9814350225790266,0.0,0.0,0.0,0.0,1.0,0.0,0.0,0.0,0.0,37,0,1956,0
202,bearing,federated,6,vae,K003,172,37,37,1956,fuzzy_fault_only_hi75,0.0,0.0,0.0,0.0,0.5,0.9814350225790266,0.0,0.0,0.0,0.0,1.0,0.0,0.0,0.0,0.0,37,0,1956,0
202,bearing,federated,6,vae,K004,171,37,36,1956,hard_val_p95,0.0,0.0,0.0,0.0,0.5,0.9819277108433735,0.0,0.0,0.0,0.0,1.0,0.0,0.0,0.0,0.0,36,0,1956,0
202,bearing,federated,6,vae,K004,171,37,36,1956,fuzzy_warning_as_alarm_hi50,0.0,0.0,0.0,0.0,0.5,0.9819277108433735,0.0,0.0,0.0,0.0,1.0,0.0,0.0,0.0,0.0,36,0,1956,0
202,bearing,federated,6,vae,K004,171,37,36,1956,fuzzy_fault_only_hi75,0.0,0.0,0.0,0.0,0.5,0.9819277108433735,0.0,0.0,0.0,0.0,1.0,0.0,0.0,0.0,0.0,36,0,1956,0
202,bearing,federated,6,vae,K005,172,37,36,1956,hard_val_p95,0.0,0.0,0.0,0.0,0.5,0.9819277108433735,0.0,0.0,0.0,0.0,1.0,0.0,0.0,0.0,0.0,36,0,1956,0
202,bearing,federated,6,vae,K005,172,37,36,1956,fuzzy_warning_as_alarm_hi50,0.0,0.0,0.0,0.0,0.5,0.9819277108433735,0.0,0.0,0.0,0.0,1.0,0.0,0.0,0.0,0.0,36,0,1956,0
202,bearing,federated,6,vae,K005,172,37,36,1956,fuzzy_fault_only_hi75,0.0,0.0,0.0,0.0,0.5,0.9819277108433735,0.0,0.0,0.0,0.0,1.0,0.0,0.0,0.0,0.0,36,0,1956,0
202,bearing,federated,6,vae,K006,171,37,36,1956,hard_val_p95,0.0,0.0,0.0,0.0,0.5,0.9819277108433735,0.0,0.0,0.0,0.0,1.0,0.0,0.0,0.0,0.0,36,0,1956,0
202,bearing,federated,6,vae,K006,171,37,36,1956,fuzzy_warning_as_alarm_hi50,0.0,0.0,0.0,0.0,0.5,0.9819277108433735,0.0,0.0,0.0,0.0,1.0,0.0,0.0,0.0,0.0,36,0,1956,0
202,bearing,federated,6,vae,K006,171,37,36,1956,fuzzy_fault_only_hi75,0.0,0.0,0.0,0.0,0.5,0.9819277108433735,0.0,0.0,0.0,0.0,1.0,0.0,0.0,0.0,0.0,36,0,1956,0
202,bearing,federated,7,vae,K001,172,37,36,1956,hard_val_p95,0.0,0.0,0.0,0.0,0.5,0.9819277108433735,0.0,0.0,0.0,0.0,1.0,0.0,0.0,0.0,0.0,36,0,1956,0
202,bearing,federated,7,vae,K001,172,37,36,1956,fuzzy_warning_as_alarm_hi50,0.0,0.0,0.0,0.0,0.5,0.9819277108433735,0.0,0.0,0.0,0.0,1.0,0.0,0.0,0.0,0.0,36,0,1956,0
202,bearing,federated,7,vae,K001,172,37,36,1956,fuzzy_fault_only_hi75,0.0,0.0,0.0,0.0,0.5,0.9819277108433735,0.0,0.0,0.0,0.0,1.0,0.0,0.0,0.0,0.0,36,0,1956,0
202,bearing,federated,7,vae,K002,172,37,36,1956,hard_val_p95,0.0,0.0,0.0,0.0,0.5,0.9819277108433735,0.0,0.0,0.0,0.0,1.0,0.0,0.0,0.0,0.0,36,0,1956,0
202,bearing,federated,7,vae,K002,172,37,36,1956,fuzzy_warning_as_alarm_hi50,0.0,0.0,0.0,0.0,0.5,0.9819277108433735,0.0,0.0,0.0,0.0,1.0,0.0,0.0,0.0,0.0,36,0,1956,0
202,bearing,federated,7,vae,K002,172,37,36,1956,fuzzy_fault_only_hi75,0.0,0.0,0.0,0.0,0.5,0.9819277108433735,0.0,0.0,0.0,0.0,1.0,0.0,0.0,0.0,0.0,36,0,1956,0
202,bearing,federated,7,vae,K003,172,37,37,1956,hard_val_p95,0.0,0.0,0.0,0.0,0.5,0.9814350225790266,0.0,0.0,0.0,0.0,1.0,0.0,0.0,0.0,0.0,37,0,1956,0
202,bearing,federated,7,vae,K003,172,37,37,1956,fuzzy_warning_as_alarm_hi50,0.0,0.0,0.0,0.0,0.5,0.9814350225790266,0.0,0.0,0.0,0.0,1.0,0.0,0.0,0.0,0.0,37,0,1956,0
202,bearing,federated,7,vae,K003,172,37,37,1956,fuzzy_fault_only_hi75,0.0,0.0,0.0,0.0,0.5,0.9814350225790266,0.0,0.0,0.0,0.0,1.0,0.0,0.0,0.0,0.0,37,0,1956,0
202,bearing,federated,7,vae,K004,171,37,36,1956,hard_val_p95,0.0,0.0,0.0,0.0,0.5,0.9819277108433735,0.0,0.0,0.0,0.0,1.0,0.0,0.0,0.0,0.0,36,0,1956,0
202,bearing,federated,7,vae,K004,171,37,36,1956,fuzzy_warning_as_alarm_hi50,0.0,0.0,0.0,0.0,0.5,0.9819277108433735,0.0,0.0,0.0,0.0,1.0,0.0,0.0,0.0,0.0,36,0,1956,0
202,bearing,federated,7,vae,K004,171,37,36,1956,fuzzy_fault_only_hi75,0.0,0.0,0.0,0.0,0.5,0.9819277108433735,0.0,0.0,0.0,0.0,1.0,0.0,0.0,0.0,0.0,36,0,1956,0
202,bearing,federated,7,vae,K005,172,37,36,1956,hard_val_p95,0.0,0.0,0.0,0.0,0.5,0.9819277108433735,0.0,0.0,0.0,0.0,1.0,0.0,0.0,0.0,0.0,36,0,1956,0
202,bearing,federated,7,vae,K005,172,37,36,1956,fuzzy_warning_as_alarm_hi50,0.0,0.0,0.0,0.0,0.5,0.9819277108433735,0.0,0.0,0.0,0.0,1.0,0.0,0.0,0.0,0.0,36,0,1956,0
202,bearing,federated,7,vae,K005,172,37,36,1956,fuzzy_fault_only_hi75,0.0,0.0,0.0,0.0,0.5,0.9819277108433735,0.0,0.0,0.0,0.0,1.0,0.0,0.0,0.0,0.0,36,0,1956,0
202,bearing,federated,7,vae,K006,171,37,36,1956,hard_val_p95,0.0,0.0,0.0,0.0,0.5,0.9819277108433735,0.0,0.0,0.0,0.0,1.0,0.0,0.0,0.0,0.0,36,0,1956,0
202,bearing,federated,7,vae,K006,171,37,36,1956,fuzzy_warning_as_alarm_hi50,0.0,0.0,0.0,0.0,0.5,0.9819277108433735,0.0,0.0,0.0,0.0,1.0,0.0,0.0,0.0,0.0,36,0,1956,0
202,bearing,federated,7,vae,K006,171,37,36,1956,fuzzy_fault_only_hi75,0.0,0.0,0.0,0.0,0.5,0.9819277108433735,0.0,0.0,0.0,0.0,1.0,0.0,0.0,0.0,0.0,36,0,1956,0
202,bearing,federated,8,vae,K001,172,37,36,1956,hard_val_p95,0.0,0.0,0.0,0.0,0.5,0.9819277108433735,0.0,0.0,0.0,0.0,1.0,0.0,0.0,0.0,0.0,36,0,1956,0
202,bearing,federated,8,vae,K001,172,37,36,1956,fuzzy_warning_as_alarm_hi50,0.0,0.0,0.0,0.0,0.5,0.9819277108433735,0.0,0.0,0.0,0.0,1.0,0.0,0.0,0.0,0.0,36,0,1956,0
202,bearing,federated,8,vae,K001,172,37,36,1956,fuzzy_fault_only_hi75,0.0,0.0,0.0,0.0,0.5,0.9819277108433735,0.0,0.0,0.0,0.0,1.0,0.0,0.0,0.0,0.0,36,0,1956,0
202,bearing,federated,8,vae,K002,172,37,36,1956,hard_val_p95,0.0,0.0,0.0,0.0,0.5,0.9819277108433735,0.0,0.0,0.0,0.0,1.0,0.0,0.0,0.0,0.0,36,0,1956,0
202,bearing,federated,8,vae,K002,172,37,36,1956,fuzzy_warning_as_alarm_hi50,0.0,0.0,0.0,0.0,0.5,0.9819277108433735,0.0,0.0,0.0,0.0,1.0,0.0,0.0,0.0,0.0,36,0,1956,0
202,bearing,federated,8,vae,K002,172,37,36,1956,fuzzy_fault_only_hi75,0.0,0.0,0.0,0.0,0.5,0.9819277108433735,0.0,0.0,0.0,0.0,1.0,0.0,0.0,0.0,0.0,36,0,1956,0
202,bearing,federated,8,vae,K003,172,37,37,1956,hard_val_p95,0.0,0.0,0.0,0.0,0.5,0.9814350225790266,0.0,0.0,0.0,0.0,1.0,0.0,0.0,0.0,0.0,37,0,1956,0
202,bearing,federated,8,vae,K003,172,37,37,1956,fuzzy_warning_as_alarm_hi50,0.0,0.0,0.0,0.0,0.5,0.9814350225790266,0.0,0.0,0.0,0.0,1.0,0.0,0.0,0.0,0.0,37,0,1956,0
202,bearing,federated,8,vae,K003,172,37,37,1956,fuzzy_fault_only_hi75,0.0,0.0,0.0,0.0,0.5,0.9814350225790266,0.0,0.0,0.0,0.0,1.0,0.0,0.0,0.0,0.0,37,0,1956,0
202,bearing,federated,8,vae,K004,171,37,36,1956,hard_val_p95,0.0,0.0,0.0,0.0,0.5,0.9819277108433735,0.0,0.0,0.0,0.0,1.0,0.0,0.0,0.0,0.0,36,0,1956,0
202,bearing,federated,8,vae,K004,171,37,36,1956,fuzzy_warning_as_alarm_hi50,0.0,0.0,0.0,0.0,0.5,0.9819277108433735,0.0,0.0,0.0,0.0,1.0,0.0,0.0,0.0,0.0,36,0,1956,0
202,bearing,federated,8,vae,K004,171,37,36,1956,fuzzy_fault_only_hi75,0.0,0.0,0.0,0.0,0.5,0.9819277108433735,0.0,0.0,0.0,0.0,1.0,0.0,0.0,0.0,0.0,36,0,1956,0
202,bearing,federated,8,vae,K005,172,37,36,1956,hard_val_p95,0.0,0.0,0.0,0.0,0.5,0.9819277108433735,0.0,0.0,0.0,0.0,1.0,0.0,0.0,0.0,0.0,36,0,1956,0
202,bearing,federated,8,vae,K005,172,37,36,1956,fuzzy_warning_as_alarm_hi50,0.0,0.0,0.0,0.0,0.5,0.9819277108433735,0.0,0.0,0.0,0.0,1.0,0.0,0.0,0.0,0.0,36,0,1956,0
202,bearing,federated,8,vae,K005,172,37,36,1956,fuzzy_fault_only_hi75,0.0,0.0,0.0,0.0,0.5,0.9819277108433735,0.0,0.0,0.0,0.0,1.0,0.0,0.0,0.0,0.0,36,0,1956,0
202,bearing,federated,8,vae,K006,171,37,36,1956,hard_val_p95,0.0,0.0,0.0,0.0,0.5,0.9819277108433735,0.0,0.0,0.0,0.0,1.0,0.0,0.0,0.0,0.0,36,0,1956,0
202,bearing,federated,8,vae,K006,171,37,36,1956,fuzzy_warning_as_alarm_hi50,0.0,0.0,0.0,0.0,0.5,0.9819277108433735,0.0,0.0,0.0,0.0,1.0,0.0,0.0,0.0,0.0,36,0,1956,0
202,bearing,federated,8,vae,K006,171,37,36,1956,fuzzy_fault_only_hi75,0.0,0.0,0.0,0.0,0.5,0.9819277108433735,0.0,0.0,0.0,0.0,1.0,0.0,0.0,0.0,0.0,36,0,1956,0
202,bearing,federated,9,vae,K001,172,37,36,1956,hard_val_p95,0.0,0.0,0.0,0.0,0.5,0.9819277108433735,0.0,0.0,0.0,0.0,1.0,0.0,0.0,0.0,0.0,36,0,1956,0
202,bearing,federated,9,vae,K001,172,37,36,1956,fuzzy_warning_as_alarm_hi50,0.0,0.0,0.0,0.0,0.5,0.9819277108433735,0.0,0.0,0.0,0.0,1.0,0.0,0.0,0.0,0.0,36,0,1956,0
202,bearing,federated,9,vae,K001,172,37,36,1956,fuzzy_fault_only_hi75,0.0,0.0,0.0,0.0,0.5,0.9819277108433735,0.0,0.0,0.0,0.0,1.0,0.0,0.0,0.0,0.0,36,0,1956,0
202,bearing,federated,9,vae,K002,172,37,36,1956,hard_val_p95,0.0,0.0,0.0,0.0,0.5,0.9819277108433735,0.0,0.0,0.0,0.0,1.0,0.0,0.0,0.0,0.0,36,0,1956,0
202,bearing,federated,9,vae,K002,172,37,36,1956,fuzzy_warning_as_alarm_hi50,0.0,0.0,0.0,0.0,0.5,0.9819277108433735,0.0,0.0,0.0,0.0,1.0,0.0,0.0,0.0,0.0,36,0,1956,0
202,bearing,federated,9,vae,K002,172,37,36,1956,fuzzy_fault_only_hi75,0.0,0.0,0.0,0.0,0.5,0.9819277108433735,0.0,0.0,0.0,0.0,1.0,0.0,0.0,0.0,0.0,36,0,1956,0
202,bearing,federated,9,vae,K003,172,37,37,1956,hard_val_p95,0.0,0.0,0.0,0.0,0.5,0.9814350225790266,0.0,0.0,0.0,0.0,1.0,0.0,0.0,0.0,0.0,37,0,1956,0
202,bearing,federated,9,vae,K003,172,37,37,1956,fuzzy_warning_as_alarm_hi50,0.0,0.0,0.0,0.0,0.5,0.9814350225790266,0.0,0.0,0.0,0.0,1.0,0.0,0.0,0.0,0.0,37,0,1956,0
202,bearing,federated,9,vae,K003,172,37,37,1956,fuzzy_fault_only_hi75,0.0,0.0,0.0,0.0,0.5,0.9814350225790266,0.0,0.0,0.0,0.0,1.0,0.0,0.0,0.0,0.0,37,0,1956,0
202,bearing,federated,9,vae,K004,171,37,36,1956,hard_val_p95,0.0,0.0,0.0,0.0,0.5,0.9819277108433735,0.0,0.0,0.0,0.0,1.0,0.0,0.0,0.0,0.0,36,0,1956,0
202,bearing,federated,9,vae,K004,171,37,36,1956,fuzzy_warning_as_alarm_hi50,0.0,0.0,0.0,0.0,0.5,0.9819277108433735,0.0,0.0,0.0,0.0,1.0,0.0,0.0,0.0,0.0,36,0,1956,0
202,bearing,federated,9,vae,K004,171,37,36,1956,fuzzy_fault_only_hi75,0.0,0.0,0.0,0.0,0.5,0.9819277108433735,0.0,0.0,0.0,0.0,1.0,0.0,0.0,0.0,0.0,36,0,1956,0
202,bearing,federated,9,vae,K005,172,37,36,1956,hard_val_p95,0.0,0.0,0.0,0.0,0.5,0.9819277108433735,0.0,0.0,0.0,0.0,1.0,0.0,0.0,0.0,0.0,36,0,1956,0
202,bearing,federated,9,vae,K005,172,37,36,1956,fuzzy_warning_as_alarm_hi50,0.0,0.0,0.0,0.0,0.5,0.9819277108433735,0.0,0.0,0.0,0.0,1.0,0.0,0.0,0.0,0.0,36,0,1956,0
202,bearing,federated,9,vae,K005,172,37,36,1956,fuzzy_fault_only_hi75,0.0,0.0,0.0,0.0,0.5,0.9819277108433735,0.0,0.0,0.0,0.0,1.0,0.0,0.0,0.0,0.0,36,0,1956,0
202,bearing,federated,9,vae,K006,171,37,36,1956,hard_val_p95,0.0,0.0,0.0,0.0,0.5,0.9819277108433735,0.0,0.0,0.0,0.0,1.0,0.0,0.0,0.0,0.0,36,0,1956,0
202,bearing,federated,9,vae,K006,171,37,36,1956,fuzzy_warning_as_alarm_hi50,0.0,0.0,0.0,0.0,0.5,0.9819277108433735,0.0,0.0,0.0,0.0,1.0,0.0,0.0,0.0,0.0,36,0,1956,0
202,bearing,federated,9,vae,K006,171,37,36,1956,fuzzy_fault_only_hi75,0.0,0.0,0.0,0.0,0.5,0.9819277108433735,0.0,0.0,0.0,0.0,1.0,0.0,0.0,0.0,0.0,36,0,1956,0
202,bearing,federated,10,vae,K001,172,37,36,1956,hard_val_p95,0.0,0.0,0.0,0.0,0.5,0.9819277108433735,0.0,0.0,0.0,0.0,1.0,0.0,0.0,0.0,0.0,36,0,1956,0
202,bearing,federated,10,vae,K001,172,37,36,1956,fuzzy_warning_as_alarm_hi50,0.0,0.0,0.0,0.0,0.5,0.9819277108433735,0.0,0.0,0.0,0.0,1.0,0.0,0.0,0.0,0.0,36,0,1956,0
202,bearing,federated,10,vae,K001,172,37,36,1956,fuzzy_fault_only_hi75,0.0,0.0,0.0,0.0,0.5,0.9819277108433735,0.0,0.0,0.0,0.0,1.0,0.0,0.0,0.0,0.0,36,0,1956,0
202,bearing,federated,10,vae,K002,172,37,36,1956,hard_val_p95,0.0,0.0,0.0,0.0,0.5,0.9819277108433735,0.0,0.0,0.0,0.0,1.0,0.0,0.0,0.0,0.0,36,0,1956,0
202,bearing,federated,10,vae,K002,172,37,36,1956,fuzzy_warning_as_alarm_hi50,0.0,0.0,0.0,0.0,0.5,0.9819277108433735,0.0,0.0,0.0,0.0,1.0,0.0,0.0,0.0,0.0,36,0,1956,0
202,bearing,federated,10,vae,K002,172,37,36,1956,fuzzy_fault_only_hi75,0.0,0.0,0.0,0.0,0.5,0.9819277108433735,0.0,0.0,0.0,0.0,1.0,0.0,0.0,0.0,0.0,36,0,1956,0
202,bearing,federated,10,vae,K003,172,37,37,1956,hard_val_p95,0.0,0.0,0.0,0.0,0.5,0.9814350225790266,0.0,0.0,0.0,0.0,1.0,0.0,0.0,0.0,0.0,37,0,1956,0
202,bearing,federated,10,vae,K003,172,37,37,1956,fuzzy_warning_as_alarm_hi50,0.0,0.0,0.0,0.0,0.5,0.9814350225790266,0.0,0.0,0.0,0.0,1.0,0.0,0.0,0.0,0.0,37,0,1956,0
202,bearing,federated,10,vae,K003,172,37,37,1956,fuzzy_fault_only_hi75,0.0,0.0,0.0,0.0,0.5,0.9814350225790266,0.0,0.0,0.0,0.0,1.0,0.0,0.0,0.0,0.0,37,0,1956,0
202,bearing,federated,10,vae,K004,171,37,36,1956,hard_val_p95,0.0,0.0,0.0,0.0,0.5,0.9819277108433735,0.0,0.0,0.0,0.0,1.0,0.0,0.0,0.0,0.0,36,0,1956,0
202,bearing,federated,10,vae,K004,171,37,36,1956,fuzzy_warning_as_alarm_hi50,0.0,0.0,0.0,0.0,0.5,0.9819277108433735,0.0,0.0,0.0,0.0,1.0,0.0,0.0,0.0,0.0,36,0,1956,0
202,bearing,federated,10,vae,K004,171,37,36,1956,fuzzy_fault_only_hi75,0.0,0.0,0.0,0.0,0.5,0.9819277108433735,0.0,0.0,0.0,0.0,1.0,0.0,0.0,0.0,0.0,36,0,1956,0
202,bearing,federated,10,vae,K005,172,37,36,1956,hard_val_p95,0.0,0.0,0.0,0.0,0.5,0.9819277108433735,0.0,0.0,0.0,0.0,1.0,0.0,0.0,0.0,0.0,36,0,1956,0
202,bearing,federated,10,vae,K005,172,37,36,1956,fuzzy_warning_as_alarm_hi50,0.0,0.0,0.0,0.0,0.5,0.9819277108433735,0.0,0.0,0.0,0.0,1.0,0.0,0.0,0.0,0.0,36,0,1956,0
202,bearing,federated,10,vae,K005,172,37,36,1956,fuzzy_fault_only_hi75,0.0,0.0,0.0,0.0,0.5,0.9819277108433735,0.0,0.0,0.0,0.0,1.0,0.0,0.0,0.0,0.0,36,0,1956,0
202,bearing,federated,10,vae,K006,171,37,36,1956,hard_val_p95,0.0,0.0,0.0,0.0,0.5,0.9819277108433735,0.0,0.0,0.0,0.0,1.0,0.0,0.0,0.0,0.0,36,0,1956,0
202,bearing,federated,10,vae,K006,171,37,36,1956,fuzzy_warning_as_alarm_hi50,0.0,0.0,0.0,0.0,0.5,0.9819277108433735,0.0,0.0,0.0,0.0,1.0,0.0,0.0,0.0,0.0,36,0,1956,0
202,bearing,federated,10,vae,K006,171,37,36,1956,fuzzy_fault_only_hi75,0.0,0.0,0.0,0.0,0.5,0.9819277108433735,0.0,0.0,0.0,0.0,1.0,0.0,0.0,0.0,0.0,36,0,1956,0
777,bearing,local-only,10,cnn-ae,K001,172,37,36,1956,hard_val_p95,1.026121735572815,1.0320419549942017,1.0338754653930664,1.0369307899475098,0.4051778004998864,0.9729303598016925,0.8846153846153846,0.011758691206543968,0.02320887991927346,0.08333333333333333,0.9882413087934561,0.02108433734939759,0.13468634082188624,0.04499098896969747,-0.08969535185218877,33,3,1933,23
777,bearing,local-only,10,cnn-ae,K001,172,37,36,1956,fuzzy_warning_as_alarm_hi50,1.026121735572815,1.0320419549942017,1.0338754653930664,1.0369307899475098,0.4051778004998864,0.9729303598016925,0.8846153846153846,0.011758691206543968,0.02320887991927346,0.08333333333333333,0.9882413087934561,0.02108433734939759,0.13468634082188624,0.04499098896969747,-0.08969535185218877,33,3,1933,23
777,bearing,local-only,10,cnn-ae,K001,172,37,36,1956,fuzzy_fault_only_hi75,1.026121735572815,1.0320419549942017,1.0338754653930664,1.0369307899475098,0.4051778004998864,0.9729303598016925,0.6666666666666666,0.003067484662576687,0.0061068702290076335,0.08333333333333333,0.9969325153374233,0.02108433734939759,0.13468634082188624,0.04499098896969747,-0.08969535185218877,33,3,1950,6
777,bearing,local-only,10,cnn-ae,K002,172,37,36,1956,hard_val_p95,0.9495765566825867,1.0303504943847657,1.03651282787323,1.0418273496627808,0.8327439786412179,0.9914587644439217,1.0,0.008691206543967281,0.017232640648758235,0.0,0.9913087934560327,0.04317269076305221,0.05806587864242147,0.19357923342865713,0.13551335478623566,36,0,1939,17
777,bearing,local-only,10,cnn-ae,K002,172,37,36,1956,fuzzy_warning_as_alarm_hi50,0.9495765566825867,1.0303504943847657,1.03651282787323,1.0418273496627808,0.8327439786412179,0.9914587644439217,1.0,0.008691206543967281,0.017232640648758235,0.0,0.9913087934560327,0.04317269076305221,0.05806587864242147,0.19357923342865713,0.13551335478623566,36,0,1939,17
777,bearing,local-only,10,cnn-ae,K002,172,37,36,1956,fuzzy_fault_only_hi75,0.9495765566825867,1.0303504943847657,1.03651282787323,1.0418273496627808,0.8327439786412179,0.9914587644439217,1.0,0.002556237218813906,0.005099439061703213,0.0,0.9974437627811861,0.04317269076305221,0.05806587864242147,0.19357923342865713,0.13551335478623566,36,0,1951,5
777,bearing,local-only,10,cnn-ae,K003,172,37,37,1956,hard_val_p95,1.0233736038208008,1.0285034418106078,1.029093337059021,1.030718092918396,0.4326396949096335,0.9729182183731879,0.9032258064516129,0.014314928425357873,0.028183190739808756,0.08108108108108109,0.9856850715746421,0.012543903662819869,0.1255037160083152,0.04721269901886246,-0.07829101698945273,34,3,1928,28
777,bearing,local-only,10,cnn-ae,K003,172,37,37,1956,fuzzy_warning_as_alarm_hi50,1.0233736038208008,1.0285034418106078,1.029093337059021,1.030718092918396,0.4326396949096335,0.9729182183731879,0.9032258064516129,0.014314928425357873,0.028183190739808756,0.08108108108108109,0.9856850715746421,0.012543903662819869,0.1255037160083152,0.04721269901886246,-0.07829101698945273,34,3,1928,28
777,bearing,local-only,10,cnn-ae,K003,172,37,37,1956,fuzzy_fault_only_hi75,1.0233736038208008,1.0285034418106078,1.029093337059021,1.030718092918396,0.4326396949096335,0.9729182183731879,0.9090909090909091,0.010224948875255624,0.020222446916076844,0.05405405405405406,0.9897750511247444,0.012543903662819869,0.1255037160083152,0.04721269901886246,-0.07829101698945273,35,2,1936,20
777,bearing,local-only,10,cnn-ae,K004,171,37,36,1956,hard_val_p95,1.0198012590408325,1.0263463973999023,1.0285300016403198,1.0366946935653687,0.6050187457396046,0.9866472727422063,0.9886792452830189,0.13394683026584867,0.23592976136875282,0.08333333333333333,0.8660531697341514,0.16114457831325302,0.10514537778790399,0.1738858605016831,0.0687404827137791,33,3,1694,262
777,bearing,local-only,10,cnn-ae,K004,171,37,36,1956,fuzzy_warning_as_alarm_hi50,1.0198012590408325,1.0263463973999023,1.0285300016403198,1.0366946935653687,0.6050187457396046,0.9866472727422063,0.9886792452830189,0.13394683026584867,0.23592976136875282,0.08333333333333333,0.8660531697341514,0.16114457831325302,0.10514537778790399,0.1738858605016831,0.0687404827137791,33,3,1694,262
777,bearing,local-only,10,cnn-ae,K004,171,37,36,1956,fuzzy_fault_only_hi75,1.0198012590408325,1.0263463973999023,1.0285300016403198,1.0366946935653687,0.6050187457396046,0.9866472727422063,1.0,0.04294478527607362,0.08235294117647059,0.0,0.9570552147239264,0.16114457831325302,0.10514537778790399,0.1738858605016831,0.0687404827137791,36,0,1872,84
777,bearing,local-only,10,cnn-ae,K005,172,37,36,1956,hard_val_p95,1.0110583305358887,1.025225853919983,1.0266591548919677,1.0271986293792725,0.6057856169052489,0.9865977526687586,0.9884393063583815,0.08742331288343558,0.16063879755753874,0.05555555555555555,0.9125766871165644,0.0607429718875502,0.15046944865328415,0.21470568422438796,0.0642362355711038,34,2,1785,171
777,bearing,local-only,10,cnn-ae,K005,172,37,36,1956,fuzzy_warning_as_alarm_hi50,1.0110583305358887,1.025225853919983,1.0266591548919677,1.0271986293792725,0.6057856169052489,0.9865977526687586,0.9884393063583815,0.08742331288343558,0.16063879755753874,0.05555555555555555,0.9125766871165644,0.0607429718875502,0.15046944865328415,0.21470568422438796,0.0642362355711038,34,2,1785,171
777,bearing,local-only,10,cnn-ae,K005,172,37,36,1956,fuzzy_fault_only_hi75,1.0110583305358887,1.025225853919983,1.0266591548919677,1.0271986293792725,0.6057856169052489,0.9865977526687586,0.9868421052631579,0.07668711656441718,0.14231499051233396,0.05555555555555555,0.9233128834355828,0.0607429718875502,0.15046944865328415,0.21470568422438796,0.0642362355711038,34,2,1806,150
777,bearing,local-only,10,cnn-ae,K006,171,37,36,1956,hard_val_p95,1.0242849588394165,1.0273063898086547,1.0304155349731445,1.0327386093139648,0.5149326857532379,0.9810148171388163,0.9428571428571428,0.01687116564417178,0.03314917127071823,0.05555555555555555,0.9831288343558282,0.051706827309236945,0.0718091503119532,0.05662921056045675,-0.015179939751496452,34,2,1923,33
777,bearing,local-only,10,cnn-ae,K006,171,37,36,1956,fuzzy_warning_as_alarm_hi50,1.0242849588394165,1.0273063898086547,1.0304155349731445,1.0327386093139648,0.5149326857532379,0.9810148171388163,0.9428571428571428,0.01687116564417178,0.03314917127071823,0.05555555555555555,0.9831288343558282,0.051706827309236945,0.0718091503119532,0.05662921056045675,-0.015179939751496452,34,2,1923,33
777,bearing,local-only,10,cnn-ae,K006,171,37,36,1956,fuzzy_fault_only_hi75,1.0242849588394165,1.0273063898086547,1.0304155349731445,1.0327386093139648,0.5149326857532379,0.9810148171388163,0.9230769230769231,0.006134969325153374,0.01218892839004571,0.027777777777777776,0.9938650306748467,0.051706827309236945,0.0718091503119532,0.05662921056045675,-0.015179939751496452,35,1,1944,12
777,bearing,centralized,20,cnn-ae,K001,172,37,36,1956,hard_val_p95,1.0190900564193726,1.0290027618408204,1.0329965353012085,1.0347074460983277,0.49566149738695753,0.9839353983437172,0.9954337899543378,0.1114519427402863,0.20045977011494254,0.027777777777777776,0.8885480572597138,0.038654618473895584,0.08352620299103043,0.14085121191770528,0.057325008926674845,35,1,1738,218
777,bearing,centralized,20,cnn-ae,K001,172,37,36,1956,fuzzy_warning_as_alarm_hi50,1.0190900564193726,1.0290027618408204,1.0329965353012085,1.0347074460983277,0.49566149738695753,0.9839353983437172,0.9954337899543378,0.1114519427402863,0.20045977011494254,0.027777777777777776,0.8885480572597138,0.038654618473895584,0.08352620299103043,0.14085121191770528,0.057325008926674845,35,1,1738,218
777,bearing,centralized,20,cnn-ae,K001,172,37,36,1956,fuzzy_fault_only_hi75,1.0190900564193726,1.0290027618408204,1.0329965353012085,1.0347074460983277,0.49566149738695753,0.9839353983437172,0.9950738916256158,0.1032719836400818,0.1871236683649838,0.027777777777777776,0.8967280163599182,0.038654618473895584,0.08352620299103043,0.14085121191770528,0.057325008926674845,35,1,1754,202
777,bearing,centralized,20,cnn-ae,K002,172,37,36,1956,hard_val_p95,0.9965944886207581,1.0331757068634033,1.047450876235962,1.0531158542633057,0.7077226766643945,0.988040216259872,0.9818181818181818,0.027607361963190184,0.05370462456489309,0.027777777777777776,0.9723926380368099,0.055220883534136546,0.09003054059523136,0.15020874303921047,0.06017820244397912,35,1,1902,54
777,bearing,centralized,20,cnn-ae,K002,172,37,36,1956,fuzzy_warning_as_alarm_hi50,0.9965944886207581,1.0331757068634033,1.047450876235962,1.0531158542633057,0.7077226766643945,0.988040216259872,0.9818181818181818,0.027607361963190184,0.05370462456489309,0.027777777777777776,0.9723926380368099,0.055220883534136546,0.09003054059523136,0.15020874303921047,0.06017820244397912,35,1,1902,54
777,bearing,centralized,20,cnn-ae,K002,172,37,36,1956,fuzzy_fault_only_hi75,0.9965944886207581,1.0331757068634033,1.047450876235962,1.0531158542633057,0.7077226766643945,0.988040216259872,0.9777777777777777,0.022494887525562373,0.04397801099450275,0.027777777777777776,0.9775051124744376,0.055220883534136546,0.09003054059523136,0.15020874303921047,0.06017820244397912,35,1,1912,44
777,bearing,centralized,20,cnn-ae,K003,172,37,37,1956,hard_val_p95,1.018957257270813,1.0335079908370972,1.0400003433227538,1.0458758926391603,0.4282526391422097,0.9824805138921715,1.0,0.05368098159509203,0.10189228529839883,0.0,0.946319018404908,0.0481685900652283,0.06037964785738366,0.08845290204661066,0.028073254189227,37,0,1851,105
777,bearing,centralized,20,cnn-ae,K003,172,37,37,1956,fuzzy_warning_as_alarm_hi50,1.018957257270813,1.0335079908370972,1.0400003433227538,1.0458758926391603,0.4282526391422097,0.9824805138921715,1.0,0.05368098159509203,0.10189228529839883,0.0,0.946319018404908,0.0481685900652283,0.06037964785738366,0.08845290204661066,0.028073254189227,37,0,1851,105
777,bearing,centralized,20,cnn-ae,K003,172,37,37,1956,fuzzy_fault_only_hi75,1.018957257270813,1.0335079908370972,1.0400003433227538,1.0458758926391603,0.4282526391422097,0.9824805138921715,1.0,0.0434560327198364,0.08329250367466928,0.0,0.9565439672801636,0.0481685900652283,0.06037964785738366,0.08845290204661066,0.028073254189227,37,0,1871,85
777,bearing,centralized,20,cnn-ae,K004,171,37,36,1956,hard_val_p95,1.0136154890060425,1.031904935836792,1.0341536045074462,1.0400100612640382,0.48673596909793226,0.9840743344866646,1.0,0.10020449897750511,0.1821561338289963,0.0,0.8997955010224948,0.04066265060240964,0.08470129847927721,0.14254509171862623,0.05784379323934902,36,0,1760,196
777,bearing,centralized,20,cnn-ae,K004,171,37,36,1956,fuzzy_warning_as_alarm_hi50,1.0136154890060425,1.031904935836792,1.0341536045074462,1.0400100612640382,0.48673596909793226,0.9840743344866646,1.0,0.10020449897750511,0.1821561338289963,0.0,0.8997955010224948,0.04066265060240964,0.08470129847927721,0.14254509171862623,0.05784379323934902,36,0,1760,196
777,bearing,centralized,20,cnn-ae,K004,171,37,36,1956,fuzzy_fault_only_hi75,1.0136154890060425,1.031904935836792,1.0341536045074462,1.0400100612640382,0.48673596909793226,0.9840743344866646,1.0,0.07719836400817996,0.14333175130517323,0.0,0.9228016359918201,0.04066265060240964,0.08470129847927721,0.14254509171862623,0.05784379323934902,36,0,1805,151
777,bearing,centralized,20,cnn-ae,K005,172,37,36,1956,hard_val_p95,1.0194865465164185,1.0338780164718628,1.0468151092529296,1.0573668479919434,0.5332168825266985,0.9840878778029708,1.0,0.028629856850715747,0.055666003976143144,0.0,0.9713701431492843,0.04819277108433735,0.03583683140563708,0.06373566311749533,0.027898831711858252,36,0,1900,56
777,bearing,centralized,20,cnn-ae,K005,172,37,36,1956,fuzzy_warning_as_alarm_hi50,1.0194865465164185,1.0338780164718628,1.0468151092529296,1.0573668479919434,0.5332168825266985,0.9840878778029708,1.0,0.028629856850715747,0.055666003976143144,0.0,0.9713701431492843,0.04819277108433735,0.03583683140563708,0.06373566311749533,0.027898831711858252,36,0,1900,56
777,bearing,centralized,20,cnn-ae,K005,172,37,36,1956,fuzzy_fault_only_hi75,1.0194865465164185,1.0338780164718628,1.0468151092529296,1.0573668479919434,0.5332168825266985,0.9840878778029708,1.0,0.019938650306748466,0.039097744360902256,0.0,0.9800613496932515,0.04819277108433735,0.03583683140563708,0.06373566311749533,0.027898831711858252,36,0,1917,39
777,bearing,centralized,20,cnn-ae,K006,171,37,36,1956,hard_val_p95,1.0174696445465088,1.0327046632766723,1.0351683139801025,1.0398449230194091,0.5145279481935924,0.984459938348174,0.9944444444444445,0.09151329243353783,0.16760299625468164,0.027777777777777776,0.9084867075664622,0.03765060240963856,0.07349734866553789,0.12146593896755342,0.04796859030201553,35,1,1777,179
777,bearing,centralized,20,cnn-ae,K006,171,37,36,1956,fuzzy_warning_as_alarm_hi50,1.0174696445465088,1.0327046632766723,1.0351683139801025,1.0398449230194091,0.5145279481935924,0.984459938348174,0.9944444444444445,0.09151329243353783,0.16760299625468164,0.027777777777777776,0.9084867075664622,0.03765060240963856,0.07349734866553789,0.12146593896755342,0.04796859030201553,35,1,1777,179
777,bearing,centralized,20,cnn-ae,K006,171,37,36,1956,fuzzy_fault_only_hi75,1.0174696445465088,1.0327046632766723,1.0351683139801025,1.0398449230194091,0.5145279481935924,0.984459938348174,0.993006993006993,0.07259713701431493,0.13530252501191042,0.027777777777777776,0.9274028629856851,0.03765060240963856,0.07349734866553789,0.12146593896755342,0.04796859030201553,35,1,1814,142
777,bearing,federated,1,cnn-ae,K001,172,37,36,1956,hard_val_p95,1.0027222633361816,1.0042900562286377,1.0044681072235107,1.0049144268035888,0.4832566462167689,0.9789189161851599,0.967391304347826,0.04550102249488753,0.0869140625,0.08333333333333333,0.9544989775051125,0.033634538152610444,0.14120433822043865,0.10809619192180203,-0.03310814629863662,33,3,1867,89
777,bearing,federated,1,cnn-ae,K001,172,37,36,1956,fuzzy_warning_as_alarm_hi50,1.0027222633361816,1.0042900562286377,1.0044681072235107,1.0049144268035888,0.4832566462167689,0.9789189161851599,0.967391304347826,0.04550102249488753,0.0869140625,0.08333333333333333,0.9544989775051125,0.033634538152610444,0.14120433822043865,0.10809619192180203,-0.03310814629863662,33,3,1867,89
777,bearing,federated,1,cnn-ae,K001,172,37,36,1956,fuzzy_fault_only_hi75,1.0027222633361816,1.0042900562286377,1.0044681072235107,1.0049144268035888,0.4832566462167689,0.9789189161851599,0.9622641509433962,0.02607361963190184,0.0507715281234445,0.05555555555555555,0.9739263803680982,0.033634538152610444,0.14120433822043865,0.10809619192180203,-0.03310814629863662,34,2,1905,51
777,bearing,federated,1,cnn-ae,K002,172,37,36,1956,hard_val_p95,1.0030769109725952,1.0041050910949707,1.0045083045959473,1.0052594184875487,0.5422915246534878,0.9850150449443515,1.0,0.041922290388548056,0.08047105004906771,0.0,0.9580777096114519,0.06475903614457831,0.04742530707618378,0.08355892018287096,0.03613361310668718,36,0,1874,82
777,bearing,federated,1,cnn-ae,K002,172,37,36,1956,fuzzy_warning_as_alarm_hi50,1.0030769109725952,1.0041050910949707,1.0045083045959473,1.0052594184875487,0.5422915246534878,0.9850150449443515,1.0,0.041922290388548056,0.08047105004906771,0.0,0.9580777096114519,0.06475903614457831,0.04742530707618378,0.08355892018287096,0.03613361310668718,36,0,1874,82
777,bearing,federated,1,cnn-ae,K002,172,37,36,1956,fuzzy_fault_only_hi75,1.0030769109725952,1.0041050910949707,1.0045083045959473,1.0052594184875487,0.5422915246534878,0.9850150449443515,1.0,0.014826175869120654,0.029219143576826197,0.0,0.9851738241308794,0.06475903614457831,0.04742530707618378,0.08355892018287096,0.03613361310668718,36,0,1927,29
777,bearing,federated,1,cnn-ae,K003,172,37,37,1956,hard_val_p95,1.0028274059295654,1.0039018154144288,1.0041697025299072,1.004782304763794,0.5345644724479081,0.9831777491632798,0.9760479041916168,0.08333333333333333,0.15355628827131418,0.10810810810810811,0.9166666666666666,0.08329152032112393,0.12430352973385701,0.132998152186393,0.00869462245253598,33,4,1793,163
777,bearing,federated,1,cnn-ae,K003,172,37,37,1956,fuzzy_warning_as_alarm_hi50,1.0028274059295654,1.0039018154144288,1.0041697025299072,1.004782304763794,0.5345644724479081,0.9831777491632798,0.9760479041916168,0.08333333333333333,0.15355628827131418,0.10810810810810811,0.9166666666666666,0.08329152032112393,0.12430352973385701,0.132998152186393,0.00869462245253598,33,4,1793,163
777,bearing,federated,1,cnn-ae,K003,172,37,37,1956,fuzzy_fault_only_hi75,1.0028274059295654,1.0039018154144288,1.0041697025299072,1.004782304763794,0.5345644724479081,0.9831777491632798,0.9775280898876404,0.04447852760736196,0.08508557457212713,0.05405405405405406,0.9555214723926381,0.08329152032112393,0.12430352973385701,0.132998152186393,0.00869462245253598,35,2,1869,87
777,bearing,federated,1,cnn-ae,K004,171,37,36,1956,hard_val_p95,1.0032936334609985,1.004274845123291,1.0046890020370483,1.0047919797897338,0.5017254601226994,0.9831919112367014,1.0,0.02607361963190184,0.05082212257100149,0.0,0.9739263803680982,0.027610441767068273,0.0457719376029455,0.06691649135575961,0.021144553752814113,36,0,1905,51
777,bearing,federated,1,cnn-ae,K004,171,37,36,1956,fuzzy_warning_as_alarm_hi50,1.0032936334609985,1.004274845123291,1.0046890020370483,1.0047919797897338,0.5017254601226994,0.9831919112367014,1.0,0.02607361963190184,0.05082212257100149,0.0,0.9739263803680982,0.027610441767068273,0.0457719376029455,0.06691649135575961,0.021144553752814113,36,0,1905,51
777,bearing,federated,1,cnn-ae,K004,171,37,36,1956,fuzzy_fault_only_hi75,1.0032936334609985,1.004274845123291,1.0046890020370483,1.0047919797897338,0.5017254601226994,0.9831919112367014,1.0,0.023517382413087935,0.04595404595404595,0.0,0.976482617586912,0.027610441767068273,0.0457719376029455,0.06691649135575961,0.021144553752814113,36,0,1910,46
777,bearing,federated,1,cnn-ae,K005,172,37,36,1956,hard_val_p95,1.0031170845031738,1.0045321464538575,1.0048694133758544,1.0052600383758545,0.4511474664848898,0.9811099043749936,1.0,0.016359918200409,0.03219315895372234,0.0,0.983640081799591,0.02610441767068273,0.06439782031711092,0.0608880169007853,-0.0035098034163256187,36,0,1924,32
777,bearing,federated,1,cnn-ae,K005,172,37,36,1956,fuzzy_warning_as_alarm_hi50,1.0031170845031738,1.0045321464538575,1.0048694133758544,1.0052600383758545,0.4511474664848898,0.9811099043749936,1.0,0.016359918200409,0.03219315895372234,0.0,0.983640081799591,0.02610441767068273,0.06439782031711092,0.0608880169007853,-0.0035098034163256187,36,0,1924,32
777,bearing,federated,1,cnn-ae,K005,172,37,36,1956,fuzzy_fault_only_hi75,1.0031170845031738,1.0045321464538575,1.0048694133758544,1.0052600383758545,0.4511474664848898,0.9811099043749936,1.0,0.007668711656441718,0.015220700152207,0.0,0.9923312883435583,0.02610441767068273,0.06439782031711092,0.0608880169007853,-0.0035098034163256187,36,0,1941,15
777,bearing,federated,1,cnn-ae,K006,171,37,36,1956,hard_val_p95,1.0033693313598633,1.0045659065246582,1.0047838687896729,1.006067304611206,0.4412775505566916,0.9791766156776854,1.0,0.020961145194274028,0.041061592388582875,0.0,0.9790388548057259,0.03112449799196787,0.0667512031090349,0.049294063627866896,-0.017457139481168005,36,0,1915,41
777,bearing,federated,1,cnn-ae,K006,171,37,36,1956,fuzzy_warning_as_alarm_hi50,1.0033693313598633,1.0045659065246582,1.0047838687896729,1.006067304611206,0.4412775505566916,0.9791766156776854,1.0,0.020961145194274028,0.041061592388582875,0.0,0.9790388548057259,0.03112449799196787,0.0667512031090349,0.049294063627866896,-0.017457139481168005,36,0,1915,41
777,bearing,federated,1,cnn-ae,K006,171,37,36,1956,fuzzy_fault_only_hi75,1.0033693313598633,1.0045659065246582,1.0047838687896729,1.006067304611206,0.4412775505566916,0.9791766156776854,1.0,0.003067484662576687,0.0061162079510703364,0.0,0.9969325153374233,0.03112449799196787,0.0667512031090349,0.049294063627866896,-0.017457139481168005,36,0,1950,6
777,bearing,federated,2,cnn-ae,K001,172,37,36,1956,hard_val_p95,1.0051193237304688,1.007424259185791,1.0078574657440185,1.0086102390289307,0.45319955691888203,0.9791714487635287,0.9754601226993865,0.08128834355828221,0.1500707881075979,0.1111111111111111,0.9187116564417178,0.06726907630522089,0.1814320523691903,0.14515533212123818,-0.036276720247952116,32,4,1797,159
777,bearing,federated,2,cnn-ae,K001,172,37,36,1956,fuzzy_warning_as_alarm_hi50,1.0051193237304688,1.007424259185791,1.0078574657440185,1.0086102390289307,0.45319955691888203,0.9791714487635287,0.9754601226993865,0.08128834355828221,0.1500707881075979,0.1111111111111111,0.9187116564417178,0.06726907630522089,0.1814320523691903,0.14515533212123818,-0.036276720247952116,32,4,1797,159
777,bearing,federated,2,cnn-ae,K001,172,37,36,1956,fuzzy_fault_only_hi75,1.0051193237304688,1.007424259185791,1.0078574657440185,1.0086102390289307,0.45319955691888203,0.9791714487635287,0.9719626168224299,0.053169734151329244,0.10082404265632573,0.08333333333333333,0.9468302658486708,0.06726907630522089,0.1814320523691903,0.14515533212123818,-0.036276720247952116,33,3,1852,104
777,bearing,federated,2,cnn-ae,K002,172,37,36,1956,hard_val_p95,1.0054655075073242,1.0069191455841064,1.00752911567688,1.0080346775054931,0.5190936718927517,0.9845067976062026,0.9956521739130435,0.11707566462167689,0.20951509606587373,0.027777777777777776,0.8829243353783232,0.0928714859437751,0.11067140024736642,0.1684419959604461,0.05777059571307967,35,1,1727,229
777,bearing,federated,2,cnn-ae,K002,172,37,36,1956,fuzzy_warning_as_alarm_hi50,1.0054655075073242,1.0069191455841064,1.00752911567688,1.0080346775054931,0.5190936718927517,0.9845067976062026,0.9956521739130435,0.11707566462167689,0.20951509606587373,0.027777777777777776,0.8829243353783232,0.0928714859437751,0.11067140024736642,0.1684419959604461,0.05777059571307967,35,1,1727,229
777,bearing,federated,2,cnn-ae,K002,172,37,36,1956,fuzzy_fault_only_hi75,1.0054655075073242,1.0069191455841064,1.00752911567688,1.0080346775054931,0.5190936718927517,0.9845067976062026,0.9945054945054945,0.09253578732106339,0.16931711880261927,0.027777777777777776,0.9074642126789366,0.0928714859437751,0.11067140024736642,0.1684419959604461,0.05777059571307967,35,1,1775,181
777,bearing,federated,2,cnn-ae,K003,172,37,37,1956,hard_val_p95,1.005504846572876,1.007452702522278,1.0080109119415284,1.0098806858062743,0.5664621676891617,0.981274236552439,0.9708029197080292,0.0679959100204499,0.12709030100334448,0.10810810810810811,0.9320040899795501,0.08981435022579026,0.11712317589235471,0.11207814104895356,-0.005045034843401158,33,4,1823,133
777,bearing,federated,2,cnn-ae,K003,172,37,37,1956,fuzzy_warning_as_alarm_hi50,1.005504846572876,1.007452702522278,1.0080109119415284,1.0098806858062743,0.5664621676891617,0.981274236552439,0.9708029197080292,0.0679959100204499,0.12709030100334448,0.10810810810810811,0.9320040899795501,0.08981435022579026,0.11712317589235471,0.11207814104895356,-0.005045034843401158,33,4,1823,133
777,bearing,federated,2,cnn-ae,K003,172,37,37,1956,fuzzy_fault_only_hi75,1.005504846572876,1.007452702522278,1.0080109119415284,1.0098806858062743,0.5664621676891617,0.981274236552439,0.9583333333333334,0.023517382413087935,0.04590818363273453,0.05405405405405406,0.976482617586912,0.08981435022579026,0.11712317589235471,0.11207814104895356,-0.005045034843401158,35,2,1910,46
777,bearing,federated,2,cnn-ae,K004,171,37,36,1956,hard_val_p95,1.0061571598052979,1.0079162836074829,1.0084762573242188,1.0099614334106446,0.5447270506703021,0.9852923476873481,1.0,0.04243353783231084,0.08141245708680726,0.0,0.9575664621676891,0.05220883534136546,0.03389696435713877,0.07160306307020399,0.03770609871306522,36,0,1873,83
777,bearing,federated,2,cnn-ae,K004,171,37,36,1956,fuzzy_warning_as_alarm_hi50,1.0061571598052979,1.0079162836074829,1.0084762573242188,1.0099614334106446,0.5447270506703021,0.9852923476873481,1.0,0.04243353783231084,0.08141245708680726,0.0,0.9575664621676891,0.05220883534136546,0.03389696435713877,0.07160306307020399,0.03770609871306522,36,0,1873,83
777,bearing,federated,2,cnn-ae,K004,171,37,36,1956,fuzzy_fault_only_hi75,1.0061571598052979,1.0079162836074829,1.0084762573242188,1.0099614334106446,0.5447270506703021,0.9852923476873481,1.0,0.013292433537832311,0.026236125126135216,0.0,0.9867075664621677,0.05220883534136546,0.03389696435713877,0.07160306307020399,0.03770609871306522,36,0,1930,26
777,bearing,federated,2,cnn-ae,K005,172,37,36,1956,hard_val_p95,1.0063591003417969,1.0080143451690673,1.0082719326019287,1.009915189743042,0.5640266416723472,0.9854234652024505,1.0,0.05061349693251534,0.09635036496350365,0.0,0.9493865030674846,0.04718875502008032,0.02577799316371038,0.07155952233437829,0.04578152917066791,36,0,1857,99
777,bearing,federated,2,cnn-ae,K005,172,37,36,1956,fuzzy_warning_as_alarm_hi50,1.0063591003417969,1.0080143451690673,1.0082719326019287,1.009915189743042,0.5640266416723472,0.9854234652024505,1.0,0.05061349693251534,0.09635036496350365,0.0,0.9493865030674846,0.04718875502008032,0.02577799316371038,0.07155952233437829,0.04578152917066791,36,0,1857,99
777,bearing,federated,2,cnn-ae,K005,172,37,36,1956,fuzzy_fault_only_hi75,1.0063591003417969,1.0080143451690673,1.0082719326019287,1.009915189743042,0.5640266416723472,0.9854234652024505,1.0,0.01789366053169734,0.03515821195379206,0.0,0.9821063394683026,0.04718875502008032,0.02577799316371038,0.07155952233437829,0.04578152917066791,36,0,1921,35
777,bearing,federated,2,cnn-ae,K006,171,37,36,1956,hard_val_p95,1.0057659149169922,1.0079298973083497,1.0086197137832642,1.0098741960525512,0.4694103612815269,0.9813720891584651,1.0,0.03425357873210634,0.06623826000988631,0.0,0.9657464212678937,0.05120481927710843,0.07436781598635683,0.07911346523496146,0.0047456492486046276,36,0,1889,67
777,bearing,federated,2,cnn-ae,K006,171,37,36,1956,fuzzy_warning_as_alarm_hi50,1.0057659149169922,1.0079298973083497,1.0086197137832642,1.0098741960525512,0.4694103612815269,0.9813720891584651,1.0,0.03425357873210634,0.06623826000988631,0.0,0.9657464212678937,0.05120481927710843,0.07436781598635683,0.07911346523496146,0.0047456492486046276,36,0,1889,67
777,bearing,federated,2,cnn-ae,K006,171,37,36,1956,fuzzy_fault_only_hi75,1.0057659149169922,1.0079298973083497,1.0086197137832642,1.0098741960525512,0.4694103612815269,0.9813720891584651,1.0,0.01278118609406953,0.02523977788995457,0.0,0.9872188139059305,0.05120481927710843,0.07436781598635683,0.07911346523496146,0.0047456492486046276,36,0,1931,25
777,bearing,federated,3,cnn-ae,K001,172,37,36,1956,hard_val_p95,1.005892038345337,1.008970284461975,1.009289312362671,1.0101625728607178,0.5013562258577595,0.9803717750524741,0.968421052631579,0.04703476482617587,0.08971233544612384,0.08333333333333333,0.9529652351738241,0.0356425702811245,0.1409128299199884,0.11775161509565213,-0.02316121482433628,33,3,1864,92
777,bearing,federated,3,cnn-ae,K001,172,37,36,1956,fuzzy_warning_as_alarm_hi50,1.005892038345337,1.008970284461975,1.009289312362671,1.0101625728607178,0.5013562258577595,0.9803717750524741,0.968421052631579,0.04703476482617587,0.08971233544612384,0.08333333333333333,0.9529652351738241,0.0356425702811245,0.1409128299199884,0.11775161509565213,-0.02316121482433628,33,3,1864,92
777,bearing,federated,3,cnn-ae,K001,172,37,36,1956,fuzzy_fault_only_hi75,1.005892038345337,1.008970284461975,1.009289312362671,1.0101625728607178,0.5013562258577595,0.9803717750524741,0.9636363636363636,0.0270961145194274,0.05271009448035803,0.05555555555555555,0.9729038854805726,0.0356425702811245,0.1409128299199884,0.11775161509565213,-0.02316121482433628,34,2,1903,53
777,bearing,federated,3,cnn-ae,K002,172,37,36,1956,hard_val_p95,1.0064969062805176,1.0079683065414429,1.0082449913024902,1.0084782981872558,0.4783500908884345,0.9804966709344762,0.9759450171821306,0.14519427402862986,0.25278148642634624,0.19444444444444445,0.8548057259713702,0.04718875502008032,0.2352981523826822,0.19272580654675042,-0.04257234583593178,29,7,1672,284
777,bearing,federated,3,cnn-ae,K002,172,37,36,1956,fuzzy_warning_as_alarm_hi50,1.0064969062805176,1.0079683065414429,1.0082449913024902,1.0084782981872558,0.4783500908884345,0.9804966709344762,0.9759450171821306,0.14519427402862986,0.25278148642634624,0.19444444444444445,0.8548057259713702,0.04718875502008032,0.2352981523826822,0.19272580654675042,-0.04257234583593178,29,7,1672,284
777,bearing,federated,3,cnn-ae,K002,172,37,36,1956,fuzzy_fault_only_hi75,1.0064969062805176,1.0079683065414429,1.0082449913024902,1.0084782981872558,0.4783500908884345,0.9804966709344762,0.9773584905660377,0.13241308793456033,0.23322827555155334,0.16666666666666666,0.8675869120654397,0.04718875502008032,0.2352981523826822,0.19272580654675042,-0.04257234583593178,30,6,1697,259
777,bearing,federated,3,cnn-ae,K003,172,37,37,1956,hard_val_p95,1.0062870979309082,1.008585238456726,1.009780502319336,1.0099924087524415,0.522598518764163,0.9800944020082547,0.9811320754716981,0.026584867075664622,0.051767048282727726,0.02702702702702703,0.9734151329243353,0.04716507777220271,0.09970436671662397,0.09385894349120345,-0.005845423225420518,36,1,1904,52
777,bearing,federated,3,cnn-ae,K003,172,37,37,1956,fuzzy_warning_as_alarm_hi50,1.0062870979309082,1.008585238456726,1.009780502319336,1.0099924087524415,0.522598518764163,0.9800944020082547,0.9811320754716981,0.026584867075664622,0.051767048282727726,0.02702702702702703,0.9734151329243353,0.04716507777220271,0.09970436671662397,0.09385894349120345,-0.005845423225420518,36,1,1904,52
777,bearing,federated,3,cnn-ae,K003,172,37,37,1956,fuzzy_fault_only_hi75,1.0062870979309082,1.008585238456726,1.009780502319336,1.0099924087524415,0.522598518764163,0.9800944020082547,0.9795918367346939,0.024539877300613498,0.047880299251870324,0.02702702702702703,0.9754601226993865,0.04716507777220271,0.09970436671662397,0.09385894349120345,-0.005845423225420518,36,1,1908,48
777,bearing,federated,3,cnn-ae,K004,171,37,36,1956,hard_val_p95,1.007157802581787,1.009065532684326,1.0099717617034911,1.0105898189544678,0.47678084526244047,0.9815008156798487,0.975609756097561,0.02044989775051125,0.04006009013520281,0.027777777777777776,0.9795501022494888,0.0391566265060241,0.060279344611786016,0.05562905023465611,-0.004650294377129903,35,1,1916,40
777,bearing,federated,3,cnn-ae,K004,171,37,36,1956,fuzzy_warning_as_alarm_hi50,1.007157802581787,1.009065532684326,1.0099717617034911,1.0105898189544678,0.47678084526244047,0.9815008156798487,0.975609756097561,0.02044989775051125,0.04006009013520281,0.027777777777777776,0.9795501022494888,0.0391566265060241,0.060279344611786016,0.05562905023465611,-0.004650294377129903,35,1,1916,40
777,bearing,federated,3,cnn-ae,K004,171,37,36,1956,fuzzy_fault_only_hi75,1.007157802581787,1.009065532684326,1.0099717617034911,1.0105898189544678,0.47678084526244047,0.9815008156798487,1.0,0.0081799591002045,0.016227180527383367,0.0,0.9918200408997955,0.0391566265060241,0.060279344611786016,0.05562905023465611,-0.004650294377129903,36,0,1940,16
777,bearing,federated,3,cnn-ae,K005,172,37,36,1956,hard_val_p95,1.0070441961288452,1.0092876434326172,1.0096991777420044,1.0104129648208617,0.5130936150874801,0.9833973259155289,0.9818181818181818,0.027607361963190184,0.05370462456489309,0.027777777777777776,0.9723926380368099,0.027610441767068273,0.0594412953696884,0.06493556798576537,0.005494272616076969,35,1,1902,54
777,bearing,federated,3,cnn-ae,K005,172,37,36,1956,fuzzy_warning_as_alarm_hi50,1.0070441961288452,1.0092876434326172,1.0096991777420044,1.0104129648208617,0.5130936150874801,0.9833973259155289,0.9818181818181818,0.027607361963190184,0.05370462456489309,0.027777777777777776,0.9723926380368099,0.027610441767068273,0.0594412953696884,0.06493556798576537,0.005494272616076969,35,1,1902,54
777,bearing,federated,3,cnn-ae,K005,172,37,36,1956,fuzzy_fault_only_hi75,1.0070441961288452,1.0092876434326172,1.0096991777420044,1.0104129648208617,0.5130936150874801,0.9833973259155289,0.9705882352941176,0.01687116564417178,0.033165829145728645,0.027777777777777776,0.9831288343558282,0.027610441767068273,0.0594412953696884,0.06493556798576537,0.005494272616076969,35,1,1923,33
777,bearing,federated,3,cnn-ae,K006,171,37,36,1956,hard_val_p95,1.0067492723464966,1.0086944580078125,1.008946704864502,1.0104904747009278,0.5086130992956146,0.9829443881003108,0.9777777777777777,0.06748466257668712,0.12625538020086083,0.08333333333333333,0.9325153374233128,0.06275100401606426,0.09248796952774009,0.10031823630797661,0.007830266780236517,33,3,1824,132
777,bearing,federated,3,cnn-ae,K006,171,37,36,1956,fuzzy_warning_as_alarm_hi50,1.0067492723464966,1.0086944580078125,1.008946704864502,1.0104904747009278,0.5086130992956146,0.9829443881003108,0.9777777777777777,0.06748466257668712,0.12625538020086083,0.08333333333333333,0.9325153374233128,0.06275100401606426,0.09248796952774009,0.10031823630797661,0.007830266780236517,33,3,1824,132
777,bearing,federated,3,cnn-ae,K006,171,37,36,1956,fuzzy_fault_only_hi75,1.0067492723464966,1.0086944580078125,1.008946704864502,1.0104904747009278,0.5086130992956146,0.9829443881003108,1.0,0.0270961145194274,0.05276256844201095,0.0,0.9729038854805726,0.06275100401606426,0.09248796952774009,0.10031823630797661,0.007830266780236517,36,0,1903,53
777,bearing,federated,4,cnn-ae,K001,172,37,36,1956,hard_val_p95,1.0067317485809326,1.0085768938064574,1.008990430831909,1.009853162765503,0.4810412406271303,0.9780036601010889,0.9642857142857143,0.06901840490797546,0.12881679389312978,0.1388888888888889,0.9309815950920245,0.06576305220883534,0.17430299748639486,0.11664153443126116,-0.0576614630551337,31,5,1821,135
777,bearing,federated,4,cnn-ae,K001,172,37,36,1956,fuzzy_warning_as_alarm_hi50,1.0067317485809326,1.0085768938064574,1.008990430831909,1.009853162765503,0.4810412406271303,0.9780036601010889,0.9642857142857143,0.06901840490797546,0.12881679389312978,0.1388888888888889,0.9309815950920245,0.06576305220883534,0.17430299748639486,0.11664153443126116,-0.0576614630551337,31,5,1821,135
777,bearing,federated,4,cnn-ae,K001,172,37,36,1956,fuzzy_fault_only_hi75,1.0067317485809326,1.0085768938064574,1.008990430831909,1.009853162765503,0.4810412406271303,0.9780036601010889,0.9647058823529412,0.041922290388548056,0.08035276825085742,0.08333333333333333,0.9580777096114519,0.06576305220883534,0.17430299748639486,0.11664153443126116,-0.0576614630551337,33,3,1874,82
777,bearing,federated,4,cnn-ae,K002,172,37,36,1956,hard_val_p95,1.0067434310913086,1.0082651376724243,1.0082952976226807,1.0091952610015869,0.5973287321063394,0.9864835077453733,0.9903225806451613,0.15695296523517382,0.2709620476610768,0.08333333333333333,0.8430470347648262,0.06576305220883534,0.09468403403465574,0.1743708841805745,0.07968685014591877,33,3,1649,307
777,bearing,federated,4,cnn-ae,K002,172,37,36,1956,fuzzy_warning_as_alarm_hi50,1.0067434310913086,1.0082651376724243,1.0082952976226807,1.0091952610015869,0.5973287321063394,0.9864835077453733,0.9903225806451613,0.15695296523517382,0.2709620476610768,0.08333333333333333,0.8430470347648262,0.06576305220883534,0.09468403403465574,0.1743708841805745,0.07968685014591877,33,3,1649,307
777,bearing,federated,4,cnn-ae,K002,172,37,36,1956,fuzzy_fault_only_hi75,1.0067434310913086,1.0082651376724243,1.0082952976226807,1.0091952610015869,0.5973287321063394,0.9864835077453733,0.9894179894179894,0.09560327198364008,0.17435897435897435,0.05555555555555555,0.90439672801636,0.06576305220883534,0.09468403403465574,0.1743708841805745,0.07968685014591877,34,2,1769,187
777,bearing,federated,4,cnn-ae,K003,172,37,37,1956,hard_val_p95,1.00673246383667,1.0086812734603883,1.0089049577713012,1.0093369722366332,0.5196208478417068,0.9814581918650004,0.9745222929936306,0.07822085889570553,0.14481779460482727,0.10810810810810811,0.9217791411042945,0.0386352232814852,0.1354837127013504,0.12733023759735027,-0.008153475104000135,33,4,1803,153
777,bearing,federated,4,cnn-ae,K003,172,37,37,1956,fuzzy_warning_as_alarm_hi50,1.00673246383667,1.0086812734603883,1.0089049577713012,1.0093369722366332,0.5196208478417068,0.9814581918650004,0.9745222929936306,0.07822085889570553,0.14481779460482727,0.10810810810810811,0.9217791411042945,0.0386352232814852,0.1354837127013504,0.12733023759735027,-0.008153475104000135,33,4,1803,153
777,bearing,federated,4,cnn-ae,K003,172,37,37,1956,fuzzy_fault_only_hi75,1.00673246383667,1.0086812734603883,1.0089049577713012,1.0093369722366332,0.5196208478417068,0.9814581918650004,0.9754098360655737,0.06083844580777096,0.11453320500481232,0.08108108108108109,0.939161554192229,0.0386352232814852,0.1354837127013504,0.12733023759735027,-0.008153475104000135,34,3,1837,119
777,bearing,federated,4,cnn-ae,K004,171,37,36,1956,hard_val_p95,1.0071461200714111,1.0088259696960449,1.0090853691101074,1.0098468971252441,0.48740343103840034,0.9811442122302401,0.96875,0.06339468302658487,0.11900191938579655,0.1111111111111111,0.9366053169734151,0.04417670682730924,0.11997858459815412,0.09583337555549556,-0.024145209042658558,32,4,1832,124
777,bearing,federated,4,cnn-ae,K004,171,37,36,1956,fuzzy_warning_as_alarm_hi50,1.0071461200714111,1.0088259696960449,1.0090853691101074,1.0098468971252441,0.48740343103840034,0.9811442122302401,0.96875,0.06339468302658487,0.11900191938579655,0.1111111111111111,0.9366053169734151,0.04417670682730924,0.11997858459815412,0.09583337555549556,-0.024145209042658558,32,4,1832,124
777,bearing,federated,4,cnn-ae,K004,171,37,36,1956,fuzzy_fault_only_hi75,1.0071461200714111,1.0088259696960449,1.0090853691101074,1.0098468971252441,0.48740343103840034,0.9811442122302401,0.9746835443037974,0.03936605316973415,0.07567567567567568,0.05555555555555555,0.9606339468302658,0.04417670682730924,0.11997858459815412,0.09583337555549556,-0.024145209042658558,34,2,1879,77
777,bearing,federated,4,cnn-ae,K005,172,37,36,1956,hard_val_p95,1.0070135593414307,1.0091399192810058,1.00960431098938,1.011155309677124,0.5562514201317883,0.9850805506954443,1.0,0.031186094069529654,0.06048587010411502,0.0,0.9688139059304703,0.04216867469879518,0.03993517832970577,0.07194284364894969,0.03200766531924392,36,0,1895,61
777,bearing,federated,4,cnn-ae,K005,172,37,36,1956,fuzzy_warning_as_alarm_hi50,1.0070135593414307,1.0091399192810058,1.00960431098938,1.011155309677124,0.5562514201317883,0.9850805506954443,1.0,0.031186094069529654,0.06048587010411502,0.0,0.9688139059304703,0.04216867469879518,0.03993517832970577,0.07194284364894969,0.03200766531924392,36,0,1895,61
777,bearing,federated,4,cnn-ae,K005,172,37,36,1956,fuzzy_fault_only_hi75,1.0070135593414307,1.0091399192810058,1.00960431098938,1.011155309677124,0.5562514201317883,0.9850805506954443,1.0,0.010736196319018405,0.021244309559939303,0.0,0.9892638036809815,0.04216867469879518,0.03993517832970577,0.07194284364894969,0.03200766531924392,36,0,1935,21
777,bearing,federated,4,cnn-ae,K006,171,37,36,1956,hard_val_p95,1.0068403482437134,1.0087671279907227,1.0090068578720093,1.0092104291915893,0.5280902067711883,0.9818216394889081,0.9779411764705882,0.0679959100204499,0.12715105162523901,0.08333333333333333,0.9320040899795501,0.030120481927710843,0.11815246560082183,0.11926160463666195,0.0011091390358401176,33,3,1823,133
777,bearing,federated,4,cnn-ae,K006,171,37,36,1956,fuzzy_warning_as_alarm_hi50,1.0068403482437134,1.0087671279907227,1.0090068578720093,1.0092104291915893,0.5280902067711883,0.9818216394889081,0.9779411764705882,0.0679959100204499,0.12715105162523901,0.08333333333333333,0.9320040899795501,0.030120481927710843,0.11815246560082183,0.11926160463666195,0.0011091390358401176,33,3,1823,133
777,bearing,federated,4,cnn-ae,K006,171,37,36,1956,fuzzy_fault_only_hi75,1.0068403482437134,1.0087671279907227,1.0090068578720093,1.0092104291915893,0.5280902067711883,0.9818216394889081,0.983739837398374,0.061860940695296525,0.1164021164021164,0.05555555555555555,0.9381390593047034,0.030120481927710843,0.11815246560082183,0.11926160463666195,0.0011091390358401176,34,2,1835,121
777,bearing,federated,5,cnn-ae,K001,172,37,36,1956,hard_val_p95,1.0041744709014893,1.0059295654296876,1.0068277359008788,1.0074589920043946,0.48074301295160193,0.9776964571865484,0.9508196721311475,0.02965235173824131,0.05751115518096182,0.08333333333333333,0.9703476482617587,0.06224899598393574,0.1494396158897554,0.09636390030085548,-0.053075715588899924,33,3,1898,58
777,bearing,federated,5,cnn-ae,K001,172,37,36,1956,fuzzy_warning_as_alarm_hi50,1.0041744709014893,1.0059295654296876,1.0068277359008788,1.0074589920043946,0.48074301295160193,0.9776964571865484,0.9508196721311475,0.02965235173824131,0.05751115518096182,0.08333333333333333,0.9703476482617587,0.06224899598393574,0.1494396158897554,0.09636390030085548,-0.053075715588899924,33,3,1898,58
777,bearing,federated,5,cnn-ae,K001,172,37,36,1956,fuzzy_fault_only_hi75,1.0041744709014893,1.0059295654296876,1.0068277359008788,1.0074589920043946,0.48074301295160193,0.9776964571865484,0.9230769230769231,0.018404907975460124,0.03609022556390978,0.08333333333333333,0.9815950920245399,0.06224899598393574,0.1494396158897554,0.09636390030085548,-0.053075715588899924,33,3,1920,36
777,bearing,federated,5,cnn-ae,K002,172,37,36,1956,hard_val_p95,1.0045642852783203,1.0060225486755372,1.0066999912261962,1.0073284435272216,0.4996733696887071,0.9790207422519279,0.971830985915493,0.0352760736196319,0.06808090774543661,0.05555555555555555,0.9647239263803681,0.0572289156626506,0.11346988593970424,0.08521386522868038,-0.028256020711023858,34,2,1887,69
777,bearing,federated,5,cnn-ae,K002,172,37,36,1956,fuzzy_warning_as_alarm_hi50,1.0045642852783203,1.0060225486755372,1.0066999912261962,1.0073284435272216,0.4996733696887071,0.9790207422519279,0.971830985915493,0.0352760736196319,0.06808090774543661,0.05555555555555555,0.9647239263803681,0.0572289156626506,0.11346988593970424,0.08521386522868038,-0.028256020711023858,34,2,1887,69
777,bearing,federated,5,cnn-ae,K002,172,37,36,1956,fuzzy_fault_only_hi75,1.0045642852783203,1.0060225486755372,1.0066999912261962,1.0073284435272216,0.4996733696887071,0.9790207422519279,0.9555555555555556,0.02198364008179959,0.04297851074462768,0.05555555555555555,0.9780163599182005,0.0572289156626506,0.11346988593970424,0.08521386522868038,-0.028256020711023858,34,2,1913,43
777,bearing,federated,5,cnn-ae,K003,172,37,37,1956,hard_val_p95,1.0041295289993286,1.0057027339935303,1.006081461906433,1.006862769126892,0.5083457690819654,0.9822148166760081,0.972972972972973,0.09202453987730061,0.16814572629612332,0.13513513513513514,0.9079754601226994,0.08529854490717512,0.15376813314502485,0.14474193224208473,-0.009026200902940124,32,5,1776,180
777,bearing,federated,5,cnn-ae,K003,172,37,37,1956,fuzzy_warning_as_alarm_hi50,1.0041295289993286,1.0057027339935303,1.006081461906433,1.006862769126892,0.5083457690819654,0.9822148166760081,0.972972972972973,0.09202453987730061,0.16814572629612332,0.13513513513513514,0.9079754601226994,0.08529854490717512,0.15376813314502485,0.14474193224208473,-0.009026200902940124,32,5,1776,180
777,bearing,federated,5,cnn-ae,K003,172,37,37,1956,fuzzy_fault_only_hi75,1.0041295289993286,1.0057027339935303,1.006081461906433,1.006862769126892,0.5083457690819654,0.9822148166760081,0.9907407407407407,0.054703476482617586,0.10368217054263566,0.02702702702702703,0.9452965235173824,0.08529854490717512,0.15376813314502485,0.14474193224208473,-0.009026200902940124,36,1,1849,107
777,bearing,federated,5,cnn-ae,K004,171,37,36,1956,hard_val_p95,1.0049030780792236,1.0062864780426026,1.0065510272979736,1.0074370098114014,0.47468615087480126,0.9808458869823313,0.96875,0.04754601226993865,0.09064327485380116,0.08333333333333333,0.9524539877300614,0.040160642570281124,0.0935416436177438,0.07507629563358924,-0.018465347984154556,33,3,1863,93
777,bearing,federated,5,cnn-ae,K004,171,37,36,1956,fuzzy_warning_as_alarm_hi50,1.0049030780792236,1.0062864780426026,1.0065510272979736,1.0074370098114014,0.47468615087480126,0.9808458869823313,0.96875,0.04754601226993865,0.09064327485380116,0.08333333333333333,0.9524539877300614,0.040160642570281124,0.0935416436177438,0.07507629563358924,-0.018465347984154556,33,3,1863,93
777,bearing,federated,5,cnn-ae,K004,171,37,36,1956,fuzzy_fault_only_hi75,1.0049030780792236,1.0062864780426026,1.0065510272979736,1.0074370098114014,0.47468615087480126,0.9808458869823313,0.9782608695652174,0.023006134969325152,0.04495504495504495,0.027777777777777776,0.9769938650306749,0.040160642570281124,0.0935416436177438,0.07507629563358924,-0.018465347984154556,35,1,1911,45
777,bearing,federated,5,cnn-ae,K005,172,37,36,1956,hard_val_p95,1.0044708251953125,1.0067507028579712,1.007727813720703,1.0088094329833985,0.5907109179731879,0.9865567140629404,1.0,0.00408997955010225,0.008146639511201629,0.0,0.9959100204498977,0.020582329317269075,0.027619917703777627,0.054102314589862845,0.026482396886085217,36,0,1948,8
777,bearing,federated,5,cnn-ae,K005,172,37,36,1956,fuzzy_warning_as_alarm_hi50,1.0044708251953125,1.0067507028579712,1.007727813720703,1.0088094329833985,0.5907109179731879,0.9865567140629404,1.0,0.00408997955010225,0.008146639511201629,0.0,0.9959100204498977,0.020582329317269075,0.027619917703777627,0.054102314589862845,0.026482396886085217,36,0,1948,8
777,bearing,federated,5,cnn-ae,K005,172,37,36,1956,fuzzy_fault_only_hi75,1.0044708251953125,1.0067507028579712,1.007727813720703,1.0088094329833985,0.5907109179731879,0.9865567140629404,1.0,0.002556237218813906,0.005099439061703213,0.0,0.9974437627811861,0.020582329317269075,0.027619917703777627,0.054102314589862845,0.026482396886085217,36,0,1951,5
777,bearing,federated,5,cnn-ae,K006,171,37,36,1956,hard_val_p95,1.0046708583831787,1.0063071250915527,1.0068732500076294,1.0076601648330687,0.49481651897296064,0.9825541572939624,1.0,0.028118609406952964,0.05469915464942814,0.0,0.971881390593047,0.041666666666666664,0.05961421834431914,0.07070144479371818,0.011087226449399037,36,0,1901,55
777,bearing,federated,5,cnn-ae,K006,171,37,36,1956,fuzzy_warning_as_alarm_hi50,1.0046708583831787,1.0063071250915527,1.0068732500076294,1.0076601648330687,0.49481651897296064,0.9825541572939624,1.0,0.028118609406952964,0.05469915464942814,0.0,0.971881390593047,0.041666666666666664,0.05961421834431914,0.07070144479371818,0.011087226449399037,36,0,1901,55
777,bearing,federated,5,cnn-ae,K006,171,37,36,1956,fuzzy_fault_only_hi75,1.0046708583831787,1.0063071250915527,1.0068732500076294,1.0076601648330687,0.49481651897296064,0.9825541572939624,1.0,0.014314928425357873,0.028225806451612902,0.0,0.9856850715746421,0.041666666666666664,0.05961421834431914,0.07070144479371818,0.011087226449399037,36,0,1928,28
777,bearing,federated,6,cnn-ae,K001,172,37,36,1956,hard_val_p95,1.0053174495697021,1.0071534633636474,1.0076186180114746,1.008398838043213,0.47871222449443307,0.9785271706032982,0.9583333333333334,0.04703476482617587,0.08966861598440545,0.1111111111111111,0.9529652351738241,0.04417670682730924,0.14832160549495896,0.09593455411649539,-0.05238705137846357,32,4,1864,92
777,bearing,federated,6,cnn-ae,K001,172,37,36,1956,fuzzy_warning_as_alarm_hi50,1.0053174495697021,1.0071534633636474,1.0076186180114746,1.008398838043213,0.47871222449443307,0.9785271706032982,0.9583333333333334,0.04703476482617587,0.08966861598440545,0.1111111111111111,0.9529652351738241,0.04417670682730924,0.14832160549495896,0.09593455411649539,-0.05238705137846357,32,4,1864,92
777,bearing,federated,6,cnn-ae,K001,172,37,36,1956,fuzzy_fault_only_hi75,1.0053174495697021,1.0071534633636474,1.0076186180114746,1.008398838043213,0.47871222449443307,0.9785271706032982,0.9571428571428572,0.03425357873210634,0.06614017769002961,0.08333333333333333,0.9657464212678937,0.04417670682730924,0.14832160549495896,0.09593455411649539,-0.05238705137846357,33,3,1889,67
777,bearing,federated,6,cnn-ae,K002,172,37,36,1956,hard_val_p95,1.004662036895752,1.0070588350296021,1.0072625875473022,1.0079064893722534,0.6351610429447854,0.9866923719954956,0.9932432432432432,0.07515337423312883,0.1397338403041825,0.027777777777777776,0.9248466257668712,0.0426706827309237,0.0756888977069083,0.14082326637351836,0.06513436866661006,35,1,1809,147
777,bearing,federated,6,cnn-ae,K002,172,37,36,1956,fuzzy_warning_as_alarm_hi50,1.004662036895752,1.0070588350296021,1.0072625875473022,1.0079064893722534,0.6351610429447854,0.9866923719954956,0.9932432432432432,0.07515337423312883,0.1397338403041825,0.027777777777777776,0.9248466257668712,0.0426706827309237,0.0756888977069083,0.14082326637351836,0.06513436866661006,35,1,1809,147
777,bearing,federated,6,cnn-ae,K002,172,37,36,1956,fuzzy_fault_only_hi75,1.004662036895752,1.0070588350296021,1.0072625875473022,1.0079064893722534,0.6351610429447854,0.9866923719954956,0.9894736842105263,0.04805725971370143,0.0916626036079961,0.027777777777777776,0.9519427402862985,0.0426706827309237,0.0756888977069083,0.14082326637351836,0.06513436866661006,35,1,1862,94
777,bearing,federated,6,cnn-ae,K003,172,37,37,1956,hard_val_p95,1.0051631927490234,1.0072524070739746,1.0074021339416503,1.0090965461730956,0.5128848173326701,0.9829636413854376,1.0,0.065439672801636,0.12284069097888675,0.0,0.934560327198364,0.04967385850476668,0.07182521166716166,0.10405720879744633,0.03223199713028467,37,0,1828,128
777,bearing,federated,6,cnn-ae,K003,172,37,37,1956,fuzzy_warning_as_alarm_hi50,1.0051631927490234,1.0072524070739746,1.0074021339416503,1.0090965461730956,0.5128848173326701,0.9829636413854376,1.0,0.065439672801636,0.12284069097888675,0.0,0.934560327198364,0.04967385850476668,0.07182521166716166,0.10405720879744633,0.03223199713028467,37,0,1828,128
777,bearing,federated,6,cnn-ae,K003,172,37,37,1956,fuzzy_fault_only_hi75,1.0051631927490234,1.0072524070739746,1.0074021339416503,1.0090965461730956,0.5128848173326701,0.9829636413854376,1.0,0.02556237218813906,0.049850448654037885,0.0,0.9744376278118609,0.04967385850476668,0.07182521166716166,0.10405720879744633,0.03223199713028467,37,0,1906,50
777,bearing,federated,6,cnn-ae,K004,171,37,36,1956,hard_val_p95,1.0058343410491943,1.0070858955383302,1.007707691192627,1.0078666305541992,0.48436434901158826,0.9823800740840299,1.0,0.04550102249488753,0.08704156479217603,0.0,0.9544989775051125,0.03463855421686747,0.05869299590362546,0.08165800965296485,0.022965013749339395,36,0,1867,89
777,bearing,federated,6,cnn-ae,K004,171,37,36,1956,fuzzy_warning_as_alarm_hi50,1.0058343410491943,1.0070858955383302,1.007707691192627,1.0078666305541992,0.48436434901158826,0.9823800740840299,1.0,0.04550102249488753,0.08704156479217603,0.0,0.9544989775051125,0.03463855421686747,0.05869299590362546,0.08165800965296485,0.022965013749339395,36,0,1867,89
777,bearing,federated,6,cnn-ae,K004,171,37,36,1956,fuzzy_fault_only_hi75,1.0058343410491943,1.0070858955383302,1.007707691192627,1.0078666305541992,0.48436434901158826,0.9823800740840299,1.0,0.04294478527607362,0.08235294117647059,0.0,0.9570552147239264,0.03463855421686747,0.05869299590362546,0.08165800965296485,0.022965013749339395,36,0,1872,84
777,bearing,federated,6,cnn-ae,K005,172,37,36,1956,hard_val_p95,1.0056099891662598,1.0075228214263916,1.0078031301498414,1.0086869382858277,0.5479933537832311,0.985386298751609,1.0,0.04294478527607362,0.08235294117647059,0.0,0.9570552147239264,0.022590361445783132,0.03405152641157379,0.07589405461761269,0.0418425282060389,36,0,1872,84
777,bearing,federated,6,cnn-ae,K005,172,37,36,1956,fuzzy_warning_as_alarm_hi50,1.0056099891662598,1.0075228214263916,1.0078031301498414,1.0086869382858277,0.5479933537832311,0.985386298751609,1.0,0.04294478527607362,0.08235294117647059,0.0,0.9570552147239264,0.022590361445783132,0.03405152641157379,0.07589405461761269,0.0418425282060389,36,0,1872,84
777,bearing,federated,6,cnn-ae,K005,172,37,36,1956,fuzzy_fault_only_hi75,1.0056099891662598,1.0075228214263916,1.0078031301498414,1.0086869382858277,0.5479933537832311,0.985386298751609,1.0,0.02607361963190184,0.05082212257100149,0.0,0.9739263803680982,0.022590361445783132,0.03405152641157379,0.07589405461761269,0.0418425282060389,36,0,1905,51
777,bearing,federated,6,cnn-ae,K006,171,37,36,1956,hard_val_p95,1.0053598880767822,1.0068159580230713,1.0071962356567383,1.007850341796875,0.49032180186321295,0.9810294728399765,0.9814814814814815,0.08128834355828221,0.1501416430594901,0.08333333333333333,0.9187116564417178,0.06475903614457831,0.13252372800120218,0.12114872169156636,-0.011375006309635824,33,3,1797,159
777,bearing,federated,6,cnn-ae,K006,171,37,36,1956,fuzzy_warning_as_alarm_hi50,1.0053598880767822,1.0068159580230713,1.0071962356567383,1.007850341796875,0.49032180186321295,0.9810294728399765,0.9814814814814815,0.08128834355828221,0.1501416430594901,0.08333333333333333,0.9187116564417178,0.06475903614457831,0.13252372800120218,0.12114872169156636,-0.011375006309635824,33,3,1797,159
777,bearing,federated,6,cnn-ae,K006,171,37,36,1956,fuzzy_fault_only_hi75,1.0053598880767822,1.0068159580230713,1.0071962356567383,1.007850341796875,0.49032180186321295,0.9810294728399765,0.9711538461538461,0.0516359918200409,0.09805825242718447,0.08333333333333333,0.9483640081799591,0.06475903614457831,0.13252372800120218,0.12114872169156636,-0.011375006309635824,33,3,1855,101
777,bearing,federated,7,cnn-ae,K001,172,37,36,1956,hard_val_p95,1.0063763856887817,1.0091439962387085,1.0098023653030395,1.0108784914016724,0.3993978641217905,0.9773043470445459,0.9354838709677419,0.014826175869120654,0.0291897332662305,0.05555555555555555,0.9851738241308794,0.02710843373493976,0.10512864971902308,0.06312715202431407,-0.04200149769470901,34,2,1927,29
777,bearing,federated,7,cnn-ae,K001,172,37,36,1956,fuzzy_warning_as_alarm_hi50,1.0063763856887817,1.0091439962387085,1.0098023653030395,1.0108784914016724,0.3993978641217905,0.9773043470445459,0.9354838709677419,0.014826175869120654,0.0291897332662305,0.05555555555555555,0.9851738241308794,0.02710843373493976,0.10512864971902308,0.06312715202431407,-0.04200149769470901,34,2,1927,29
777,bearing,federated,7,cnn-ae,K001,172,37,36,1956,fuzzy_fault_only_hi75,1.0063763856887817,1.0091439962387085,1.0098023653030395,1.0108784914016724,0.3993978641217905,0.9773043470445459,1.0,0.0066462167689161555,0.013204672422549517,0.0,0.9933537832310838,0.02710843373493976,0.10512864971902308,0.06312715202431407,-0.04200149769470901,36,0,1943,13
777,bearing,federated,7,cnn-ae,K002,172,37,36,1956,hard_val_p95,1.0033459663391113,1.0085354328155518,1.0090215921401977,1.0101356172561646,0.7906654737559647,0.992311797107487,0.9887640449438202,0.044989775051124746,0.08606356968215159,0.027777777777777776,0.9550102249488752,0.05421686746987952,0.060751174033930405,0.16573601022754045,0.10498483619361004,35,1,1868,88
777,bearing,federated,7,cnn-ae,K002,172,37,36,1956,fuzzy_warning_as_alarm_hi50,1.0033459663391113,1.0085354328155518,1.0090215921401977,1.0101356172561646,0.7906654737559647,0.992311797107487,0.9887640449438202,0.044989775051124746,0.08606356968215159,0.027777777777777776,0.9550102249488752,0.05421686746987952,0.060751174033930405,0.16573601022754045,0.10498483619361004,35,1,1868,88
777,bearing,federated,7,cnn-ae,K002,172,37,36,1956,fuzzy_fault_only_hi75,1.0033459663391113,1.0085354328155518,1.0090215921401977,1.0101356172561646,0.7906654737559647,0.992311797107487,0.9782608695652174,0.023006134969325152,0.04495504495504495,0.027777777777777776,0.9769938650306749,0.05421686746987952,0.060751174033930405,0.16573601022754045,0.10498483619361004,35,1,1911,45
777,bearing,federated,7,cnn-ae,K003,172,37,37,1956,hard_val_p95,1.0063930749893188,1.0087939739227294,1.0088752031326294,1.0102424669265746,0.4668172774000995,0.9798857227564535,0.9814814814814815,0.0541922290388548,0.10271317829457365,0.05405405405405406,0.9458077709611452,0.03462117410938284,0.10386364460776477,0.08991861727601387,-0.013945027331750903,35,2,1850,106
777,bearing,federated,7,cnn-ae,K003,172,37,37,1956,fuzzy_warning_as_alarm_hi50,1.0063930749893188,1.0087939739227294,1.0088752031326294,1.0102424669265746,0.4668172774000995,0.9798857227564535,0.9814814814814815,0.0541922290388548,0.10271317829457365,0.05405405405405406,0.9458077709611452,0.03462117410938284,0.10386364460776477,0.08991861727601387,-0.013945027331750903,35,2,1850,106
777,bearing,federated,7,cnn-ae,K003,172,37,37,1956,fuzzy_fault_only_hi75,1.0063930749893188,1.0087939739227294,1.0088752031326294,1.0102424669265746,0.4668172774000995,0.9798857227564535,0.9782608695652174,0.023006134969325152,0.04495504495504495,0.02702702702702703,0.9769938650306749,0.03462117410938284,0.10386364460776477,0.08991861727601387,-0.013945027331750903,36,1,1911,45
777,bearing,federated,7,cnn-ae,K004,171,37,36,1956,hard_val_p95,1.0070066452026367,1.008701753616333,1.0094482421875,1.010381851196289,0.45738894569416033,0.9831224359420444,1.0,0.026584867075664622,0.05179282868525897,0.0,0.9734151329243353,0.0391566265060241,0.0444018006570405,0.057926800656359224,0.013524999999318728,36,0,1904,52
777,bearing,federated,7,cnn-ae,K004,171,37,36,1956,fuzzy_warning_as_alarm_hi50,1.0070066452026367,1.008701753616333,1.0094482421875,1.010381851196289,0.45738894569416033,0.9831224359420444,1.0,0.026584867075664622,0.05179282868525897,0.0,0.9734151329243353,0.0391566265060241,0.0444018006570405,0.057926800656359224,0.013524999999318728,36,0,1904,52
777,bearing,federated,7,cnn-ae,K004,171,37,36,1956,fuzzy_fault_only_hi75,1.0070066452026367,1.008701753616333,1.0094482421875,1.010381851196289,0.45738894569416033,0.9831224359420444,1.0,0.014314928425357873,0.028225806451612902,0.0,0.9856850715746421,0.0391566265060241,0.0444018006570405,0.057926800656359224,0.013524999999318728,36,0,1928,28
777,bearing,federated,7,cnn-ae,K005,172,37,36,1956,hard_val_p95,1.0052220821380615,1.0088674068450927,1.0092722415924071,1.010506181716919,0.6366734832992502,0.9885311494277012,1.0,0.032208588957055216,0.06240713224368499,0.0,0.9677914110429447,0.03714859437751004,0.04908691298057127,0.10860583604666052,0.05951892306608925,36,0,1893,63
777,bearing,federated,7,cnn-ae,K005,172,37,36,1956,fuzzy_warning_as_alarm_hi50,1.0052220821380615,1.0088674068450927,1.0092722415924071,1.010506181716919,0.6366734832992502,0.9885311494277012,1.0,0.032208588957055216,0.06240713224368499,0.0,0.9677914110429447,0.03714859437751004,0.04908691298057127,0.10860583604666052,0.05951892306608925,36,0,1893,63
777,bearing,federated,7,cnn-ae,K005,172,37,36,1956,fuzzy_fault_only_hi75,1.0052220821380615,1.0088674068450927,1.0092722415924071,1.010506181716919,0.6366734832992502,0.9885311494277012,1.0,0.014314928425357873,0.028225806451612902,0.0,0.9856850715746421,0.03714859437751004,0.04908691298057127,0.10860583604666052,0.05951892306608925,36,0,1928,28
777,bearing,federated,7,cnn-ae,K006,171,37,36,1956,hard_val_p95,1.0067059993743896,1.0081956386566162,1.008568000793457,1.0097269630432129,0.4771145762326744,0.9772040129182193,0.95625,0.07822085889570553,0.1446124763705104,0.19444444444444445,0.9217791411042945,0.07228915662650602,0.18515786585858968,0.10284536645596457,-0.08231249940262511,29,7,1803,153
777,bearing,federated,7,cnn-ae,K006,171,37,36,1956,fuzzy_warning_as_alarm_hi50,1.0067059993743896,1.0081956386566162,1.008568000793457,1.0097269630432129,0.4771145762326744,0.9772040129182193,0.95625,0.07822085889570553,0.1446124763705104,0.19444444444444445,0.9217791411042945,0.07228915662650602,0.18515786585858968,0.10284536645596457,-0.08231249940262511,29,7,1803,153
777,bearing,federated,7,cnn-ae,K006,171,37,36,1956,fuzzy_fault_only_hi75,1.0067059993743896,1.0081956386566162,1.008568000793457,1.0097269630432129,0.4771145762326744,0.9772040129182193,0.95,0.03885480572597137,0.07465618860510806,0.1111111111111111,0.9611451942740287,0.07228915662650602,0.18515786585858968,0.10284536645596457,-0.08231249940262511,32,4,1880,76
777,bearing,federated,8,cnn-ae,K001,172,37,36,1956,hard_val_p95,1.0095349550247192,1.0127874851226806,1.013353419303894,1.014350504875183,0.361913485571461,0.9749878195133779,0.9166666666666666,0.011247443762781187,0.022222222222222223,0.05555555555555555,0.9887525562372188,0.012048192771084338,0.11014272771319661,0.0479197987093724,-0.06222292900382421,34,2,1934,22
777,bearing,federated,8,cnn-ae,K001,172,37,36,1956,fuzzy_warning_as_alarm_hi50,1.0095349550247192,1.0127874851226806,1.013353419303894,1.014350504875183,0.361913485571461,0.9749878195133779,0.9166666666666666,0.011247443762781187,0.022222222222222223,0.05555555555555555,0.9887525562372188,0.012048192771084338,0.11014272771319661,0.0479197987093724,-0.06222292900382421,34,2,1934,22
777,bearing,federated,8,cnn-ae,K001,172,37,36,1956,fuzzy_fault_only_hi75,1.0095349550247192,1.0127874851226806,1.013353419303894,1.014350504875183,0.361913485571461,0.9749878195133779,0.9375,0.007668711656441718,0.015212981744421906,0.027777777777777776,0.9923312883435583,0.012048192771084338,0.11014272771319661,0.0479197987093724,-0.06222292900382421,35,1,1941,15
777,bearing,federated,8,cnn-ae,K002,172,37,36,1956,hard_val_p95,1.0004546642303467,1.0106373310089112,1.0119418859481812,1.013949809074402,0.8441902408543512,0.9926268325765267,0.9811320754716981,0.053169734151329244,0.1008729388942774,0.05555555555555555,0.9468302658486708,0.13805220883534136,0.08291213552051023,0.21742412978548598,0.13451199426497573,34,2,1852,104
777,bearing,federated,8,cnn-ae,K002,172,37,36,1956,fuzzy_warning_as_alarm_hi50,1.0004546642303467,1.0106373310089112,1.0119418859481812,1.013949809074402,0.8441902408543512,0.9926268325765267,0.9811320754716981,0.053169734151329244,0.1008729388942774,0.05555555555555555,0.9468302658486708,0.13805220883534136,0.08291213552051023,0.21742412978548598,0.13451199426497573,34,2,1852,104
777,bearing,federated,8,cnn-ae,K002,172,37,36,1956,fuzzy_fault_only_hi75,1.0004546642303467,1.0106373310089112,1.0119418859481812,1.013949809074402,0.8441902408543512,0.9926268325765267,0.9705882352941176,0.01687116564417178,0.033165829145728645,0.027777777777777776,0.9831288343558282,0.13805220883534136,0.08291213552051023,0.21742412978548598,0.13451199426497573,35,1,1923,33
777,bearing,federated,8,cnn-ae,K003,172,37,37,1956,hard_val_p95,1.0092620849609375,1.012193489074707,1.0129943132400512,1.014830574989319,0.4350923008898469,0.9766504189429533,0.9375,0.015337423312883436,0.030181086519114688,0.05405405405405406,0.9846625766871165,0.03261414952333166,0.10323764444847029,0.05937435696361106,-0.04386328748485923,35,2,1926,30
777,bearing,federated,8,cnn-ae,K003,172,37,37,1956,fuzzy_warning_as_alarm_hi50,1.0092620849609375,1.012193489074707,1.0129943132400512,1.014830574989319,0.4350923008898469,0.9766504189429533,0.9375,0.015337423312883436,0.030181086519114688,0.05405405405405406,0.9846625766871165,0.03261414952333166,0.10323764444847029,0.05937435696361106,-0.04386328748485923,35,2,1926,30
777,bearing,federated,8,cnn-ae,K003,172,37,37,1956,fuzzy_fault_only_hi75,1.0092620849609375,1.012193489074707,1.0129943132400512,1.014830574989319,0.4350923008898469,0.9766504189429533,0.9285714285714286,0.0066462167689161555,0.013197969543147208,0.02702702702702703,0.9933537832310838,0.03261414952333166,0.10323764444847029,0.05937435696361106,-0.04386328748485923,36,1,1943,13
777,bearing,federated,8,cnn-ae,K004,171,37,36,1956,hard_val_p95,1.0106356143951416,1.012168025970459,1.012591791152954,1.0144920063018799,0.504643830947512,0.9824536999723914,0.9827586206896551,0.029141104294478526,0.05660377358490566,0.027777777777777776,0.9708588957055214,0.03263052208835342,0.035228913914867814,0.03967376773088269,0.004444853816014879,35,1,1899,57
777,bearing,federated,8,cnn-ae,K004,171,37,36,1956,fuzzy_warning_as_alarm_hi50,1.0106356143951416,1.012168025970459,1.012591791152954,1.0144920063018799,0.504643830947512,0.9824536999723914,0.9827586206896551,0.029141104294478526,0.05660377358490566,0.027777777777777776,0.9708588957055214,0.03263052208835342,0.035228913914867814,0.03967376773088269,0.004444853816014879,35,1,1899,57
777,bearing,federated,8,cnn-ae,K004,171,37,36,1956,fuzzy_fault_only_hi75,1.0106356143951416,1.012168025970459,1.012591791152954,1.0144920063018799,0.504643830947512,0.9824536999723914,1.0,0.009713701431492843,0.019240506329113925,0.0,0.9902862985685071,0.03263052208835342,0.035228913914867814,0.03967376773088269,0.004444853816014879,36,0,1937,19
777,bearing,federated,8,cnn-ae,K005,172,37,36,1956,hard_val_p95,1.0041289329528809,1.0113083362579345,1.012425684928894,1.0130803442001344,0.6455919109293342,0.9893119974354398,1.0,0.0352760736196319,0.06814814814814815,0.0,0.9647239263803681,0.06526104417670683,0.1043132729094425,0.1749875701773496,0.07067429726790708,36,0,1887,69
777,bearing,federated,8,cnn-ae,K005,172,37,36,1956,fuzzy_warning_as_alarm_hi50,1.0041289329528809,1.0113083362579345,1.012425684928894,1.0130803442001344,0.6455919109293342,0.9893119974354398,1.0,0.0352760736196319,0.06814814814814815,0.0,0.9647239263803681,0.06526104417670683,0.1043132729094425,0.1749875701773496,0.07067429726790708,36,0,1887,69
777,bearing,federated,8,cnn-ae,K005,172,37,36,1956,fuzzy_fault_only_hi75,1.0041289329528809,1.0113083362579345,1.012425684928894,1.0130803442001344,0.6455919109293342,0.9893119974354398,1.0,0.022494887525562373,0.044,0.0,0.9775051124744376,0.06526104417670683,0.1043132729094425,0.1749875701773496,0.07067429726790708,36,0,1912,44
777,bearing,federated,8,cnn-ae,K006,171,37,36,1956,hard_val_p95,1.0102300643920898,1.0114968776702882,1.011745071411133,1.0135821533203124,0.406342308566235,0.9741533074114268,0.9343065693430657,0.065439672801636,0.12231247013855709,0.25,0.934560327198364,0.056726907630522086,0.2127005779021206,0.07235145200233135,-0.14034912589978926,27,9,1828,128
777,bearing,federated,8,cnn-ae,K006,171,37,36,1956,fuzzy_warning_as_alarm_hi50,1.0102300643920898,1.0114968776702882,1.011745071411133,1.0135821533203124,0.406342308566235,0.9741533074114268,0.9343065693430657,0.065439672801636,0.12231247013855709,0.25,0.934560327198364,0.056726907630522086,0.2127005779021206,0.07235145200233135,-0.14034912589978926,27,9,1828,128
777,bearing,federated,8,cnn-ae,K006,171,37,36,1956,fuzzy_fault_only_hi75,1.0102300643920898,1.0114968776702882,1.011745071411133,1.0135821533203124,0.406342308566235,0.9741533074114268,0.9090909090909091,0.02556237218813906,0.04972650422675286,0.1388888888888889,0.9744376278118609,0.056726907630522086,0.2127005779021206,0.07235145200233135,-0.14034912589978926,31,5,1906,50
777,bearing,federated,9,cnn-ae,K001,172,37,36,1956,hard_val_p95,1.004728078842163,1.0079374074935914,1.0088324546813965,1.0098722457885743,0.3415629970461259,0.9747806216914069,1.0,0.005112474437627812,0.01017293997965412,0.0,0.9948875255623721,0.014056224899598393,0.07943414643012485,0.03635256104333632,-0.04308158538678853,36,0,1946,10
777,bearing,federated,9,cnn-ae,K001,172,37,36,1956,fuzzy_warning_as_alarm_hi50,1.004728078842163,1.0079374074935914,1.0088324546813965,1.0098722457885743,0.3415629970461259,0.9747806216914069,1.0,0.005112474437627812,0.01017293997965412,0.0,0.9948875255623721,0.014056224899598393,0.07943414643012485,0.03635256104333632,-0.04308158538678853,36,0,1946,10
777,bearing,federated,9,cnn-ae,K001,172,37,36,1956,fuzzy_fault_only_hi75,1.004728078842163,1.0079374074935914,1.0088324546813965,1.0098722457885743,0.3415629970461259,0.9747806216914069,1.0,0.0005112474437627812,0.001021972406745018,0.0,0.9994887525562373,0.014056224899598393,0.07943414643012485,0.03635256104333632,-0.04308158538678853,36,0,1955,1
777,bearing,federated,9,cnn-ae,K002,172,37,36,1956,hard_val_p95,0.9879680871963501,1.0062198400497437,1.006462812423706,1.0076785564422608,0.8366919450124972,0.9932968851623474,0.9946524064171123,0.0950920245398773,0.1735884274381708,0.027777777777777776,0.9049079754601227,0.07028112449799197,0.06302521625182943,0.24102359840515877,0.17799838215332936,35,1,1770,186
777,bearing,federated,9,cnn-ae,K002,172,37,36,1956,fuzzy_warning_as_alarm_hi50,0.9879680871963501,1.0062198400497437,1.006462812423706,1.0076785564422608,0.8366919450124972,0.9932968851623474,0.9946524064171123,0.0950920245398773,0.1735884274381708,0.027777777777777776,0.9049079754601227,0.07028112449799197,0.06302521625182943,0.24102359840515877,0.17799838215332936,35,1,1770,186
777,bearing,federated,9,cnn-ae,K002,172,37,36,1956,fuzzy_fault_only_hi75,0.9879680871963501,1.0062198400497437,1.006462812423706,1.0076785564422608,0.8366919450124972,0.9932968851623474,0.9897959183673469,0.04959100204498978,0.09444985394352483,0.027777777777777776,0.9504089979550102,0.07028112449799197,0.06302521625182943,0.24102359840515877,0.17799838215332936,35,1,1859,97
777,bearing,federated,9,cnn-ae,K003,172,37,37,1956,hard_val_p95,1.0035134553909302,1.0076261520385743,1.0079344749450683,1.0092615699768066,0.35888188802299226,0.9753768534005405,1.0,0.014314928425357873,0.028225806451612902,0.0,0.9856850715746421,0.016056196688409432,0.1105699067459359,0.07123285963589196,-0.039337047110043946,37,0,1928,28
777,bearing,federated,9,cnn-ae,K003,172,37,37,1956,fuzzy_warning_as_alarm_hi50,1.0035134553909302,1.0076261520385743,1.0079344749450683,1.0092615699768066,0.35888188802299226,0.9753768534005405,1.0,0.014314928425357873,0.028225806451612902,0.0,0.9856850715746421,0.016056196688409432,0.1105699067459359,0.07123285963589196,-0.039337047110043946,37,0,1928,28
777,bearing,federated,9,cnn-ae,K003,172,37,37,1956,fuzzy_fault_only_hi75,1.0035134553909302,1.0076261520385743,1.0079344749450683,1.0092615699768066,0.35888188802299226,0.9753768534005405,1.0,0.007157464212678937,0.014213197969543147,0.0,0.9928425357873211,0.016056196688409432,0.1105699067459359,0.07123285963589196,-0.039337047110043946,37,0,1942,14
777,bearing,federated,9,cnn-ae,K004,171,37,36,1956,hard_val_p95,1.0052570104599,1.0069849014282226,1.0075804710388183,1.0079748153686523,0.4239306407634629,0.9801757785155414,0.9615384615384616,0.02556237218813906,0.049800796812749,0.05555555555555555,0.9744376278118609,0.02710843373493976,0.07777193406548216,0.0508681815116193,-0.02690375255386286,34,2,1906,50
777,bearing,federated,9,cnn-ae,K004,171,37,36,1956,fuzzy_warning_as_alarm_hi50,1.0052570104599,1.0069849014282226,1.0075804710388183,1.0079748153686523,0.4239306407634629,0.9801757785155414,0.9615384615384616,0.02556237218813906,0.049800796812749,0.05555555555555555,0.9744376278118609,0.02710843373493976,0.07777193406548216,0.0508681815116193,-0.02690375255386286,34,2,1906,50
777,bearing,federated,9,cnn-ae,K004,171,37,36,1956,fuzzy_fault_only_hi75,1.0052570104599,1.0069849014282226,1.0075804710388183,1.0079748153686523,0.4239306407634629,0.9801757785155414,0.9743589743589743,0.019427402862985686,0.0380952380952381,0.027777777777777776,0.9805725971370143,0.02710843373493976,0.07777193406548216,0.0508681815116193,-0.02690375255386286,35,1,1918,38
777,bearing,federated,9,cnn-ae,K005,172,37,36,1956,hard_val_p95,0.9943658113479614,1.0064905881881714,1.007990336418152,1.008667426109314,0.6526783685526018,0.9878849448023173,1.0,0.014314928425357873,0.028225806451612902,0.0,0.9856850715746421,0.06827309236947791,0.10279622058310603,0.17050905527743246,0.06771283469432643,36,0,1928,28
777,bearing,federated,9,cnn-ae,K005,172,37,36,1956,fuzzy_warning_as_alarm_hi50,0.9943658113479614,1.0064905881881714,1.007990336418152,1.008667426109314,0.6526783685526018,0.9878849448023173,1.0,0.014314928425357873,0.028225806451612902,0.0,0.9856850715746421,0.06827309236947791,0.10279622058310603,0.17050905527743246,0.06771283469432643,36,0,1928,28
777,bearing,federated,9,cnn-ae,K005,172,37,36,1956,fuzzy_fault_only_hi75,0.9943658113479614,1.0064905881881714,1.007990336418152,1.008667426109314,0.6526783685526018,0.9878849448023173,1.0,0.009202453987730062,0.0182370820668693,0.0,0.99079754601227,0.06827309236947791,0.10279622058310603,0.17050905527743246,0.06771283469432643,36,0,1938,18
777,bearing,federated,9,cnn-ae,K006,171,37,36,1956,hard_val_p95,1.0052584409713745,1.0070131540298461,1.0076023101806642,1.0082737922668457,0.4471497955010225,0.9766940569577254,0.9230769230769231,0.024539877300613498,0.04780876494023904,0.1111111111111111,0.9754601226993865,0.03112449799196787,0.1244455994551234,0.0489394603513538,-0.0755061391037696,32,4,1908,48
777,bearing,federated,9,cnn-ae,K006,171,37,36,1956,fuzzy_warning_as_alarm_hi50,1.0052584409713745,1.0070131540298461,1.0076023101806642,1.0082737922668457,0.4471497955010225,0.9766940569577254,0.9230769230769231,0.024539877300613498,0.04780876494023904,0.1111111111111111,0.9754601226993865,0.03112449799196787,0.1244455994551234,0.0489394603513538,-0.0755061391037696,32,4,1908,48
777,bearing,federated,9,cnn-ae,K006,171,37,36,1956,fuzzy_fault_only_hi75,1.0052584409713745,1.0070131540298461,1.0076023101806642,1.0082737922668457,0.4471497955010225,0.9766940569577254,0.9333333333333333,0.014314928425357873,0.028197381671701913,0.05555555555555555,0.9856850715746421,0.03112449799196787,0.1244455994551234,0.0489394603513538,-0.0755061391037696,34,2,1928,28
777,bearing,federated,10,cnn-ae,K001,172,37,36,1956,hard_val_p95,1.004380702972412,1.0068229198455811,1.0070688247680664,1.0075832557678224,0.3374233128834356,0.9754374112307366,0.9591836734693877,0.024028629856850715,0.04688279301745636,0.05555555555555555,0.9759713701431493,0.015060240963855422,0.11880729749335761,0.05002475571162179,-0.06878254178173582,34,2,1909,47
777,bearing,federated,10,cnn-ae,K001,172,37,36,1956,fuzzy_warning_as_alarm_hi50,1.004380702972412,1.0068229198455811,1.0070688247680664,1.0075832557678224,0.3374233128834356,0.9754374112307366,0.9591836734693877,0.024028629856850715,0.04688279301745636,0.05555555555555555,0.9759713701431493,0.015060240963855422,0.11880729749335761,0.05002475571162179,-0.06878254178173582,34,2,1909,47
777,bearing,federated,10,cnn-ae,K001,172,37,36,1956,fuzzy_fault_only_hi75,1.004380702972412,1.0068229198455811,1.0070688247680664,1.0075832557678224,0.3374233128834356,0.9754374112307366,0.9696969696969697,0.016359918200409,0.03217697335344394,0.027777777777777776,0.983640081799591,0.015060240963855422,0.11880729749335761,0.05002475571162179,-0.06878254178173582,35,1,1924,32
777,bearing,federated,10,cnn-ae,K002,172,37,36,1956,hard_val_p95,0.9761410355567932,1.0053773641586303,1.006003499031067,1.0060636186599732,0.828149852306294,0.9940759178482795,0.9935064935064936,0.07822085889570553,0.14502369668246445,0.027777777777777776,0.9217791411042945,0.04969879518072289,0.08678797979163022,0.26051372419807095,0.17372574440644073,35,1,1803,153
777,bearing,federated,10,cnn-ae,K002,172,37,36,1956,fuzzy_warning_as_alarm_hi50,0.9761410355567932,1.0053773641586303,1.006003499031067,1.0060636186599732,0.828149852306294,0.9940759178482795,0.9935064935064936,0.07822085889570553,0.14502369668246445,0.027777777777777776,0.9217791411042945,0.04969879518072289,0.08678797979163022,0.26051372419807095,0.17372574440644073,35,1,1803,153
777,bearing,federated,10,cnn-ae,K002,172,37,36,1956,fuzzy_fault_only_hi75,0.9761410355567932,1.0053773641586303,1.006003499031067,1.0060636186599732,0.828149852306294,0.9940759178482795,0.993421052631579,0.07719836400817996,0.1432637571157495,0.027777777777777776,0.9228016359918201,0.04969879518072289,0.08678797979163022,0.26051372419807095,0.17372574440644073,35,1,1805,151
777,bearing,federated,10,cnn-ae,K003,172,37,37,1956,hard_val_p95,1.0033568143844604,1.0060734033584595,1.0069931030273438,1.0078119659423828,0.47537721770850605,0.9822129754154002,0.9803921568627451,0.02556237218813906,0.04982561036372696,0.02702702702702703,0.9744376278118609,0.04716507777220271,0.06425791132122005,0.07155048797024352,0.007292576649023469,36,1,1906,50
777,bearing,federated,10,cnn-ae,K003,172,37,37,1956,fuzzy_warning_as_alarm_hi50,1.0033568143844604,1.0060734033584595,1.0069931030273438,1.0078119659423828,0.47537721770850605,0.9822129754154002,0.9803921568627451,0.02556237218813906,0.04982561036372696,0.02702702702702703,0.9744376278118609,0.04716507777220271,0.06425791132122005,0.07155048797024352,0.007292576649023469,36,1,1906,50
777,bearing,federated,10,cnn-ae,K003,172,37,37,1956,fuzzy_fault_only_hi75,1.0033568143844604,1.0060734033584595,1.0069931030273438,1.0078119659423828,0.47537721770850605,0.9822129754154002,1.0,0.013803680981595092,0.02723146747352496,0.0,0.9861963190184049,0.04716507777220271,0.06425791132122005,0.07155048797024352,0.007292576649023469,37,0,1929,27
777,bearing,federated,10,cnn-ae,K004,171,37,36,1956,hard_val_p95,1.0050245523452759,1.0066479206085206,1.007235836982727,1.0075722742080688,0.368978641217905,0.9798641772203918,1.0,0.018916155419222903,0.03712995484194681,0.0,0.9810838445807771,0.023092369477911646,0.057568811465653784,0.03751855469000829,-0.020050256775645495,36,0,1919,37
777,bearing,federated,10,cnn-ae,K004,171,37,36,1956,fuzzy_warning_as_alarm_hi50,1.0050245523452759,1.0066479206085206,1.007235836982727,1.0075722742080688,0.368978641217905,0.9798641772203918,1.0,0.018916155419222903,0.03712995484194681,0.0,0.9810838445807771,0.023092369477911646,0.057568811465653784,0.03751855469000829,-0.020050256775645495,36,0,1919,37
777,bearing,federated,10,cnn-ae,K004,171,37,36,1956,fuzzy_fault_only_hi75,1.0050245523452759,1.0066479206085206,1.007235836982727,1.0075722742080688,0.368978641217905,0.9798641772203918,1.0,0.013803680981595092,0.02723146747352496,0.0,0.9861963190184049,0.023092369477911646,0.057568811465653784,0.03751855469000829,-0.020050256775645495,36,0,1929,27
777,bearing,federated,10,cnn-ae,K005,172,37,36,1956,hard_val_p95,0.9848664999008179,1.0061447620391846,1.0066684007644653,1.007137532234192,0.6528487843671893,0.9888480949558557,1.0,0.04141104294478527,0.07952871870397643,0.0,0.9585889570552147,0.040160642570281124,0.12597659149037785,0.20661754223076156,0.08064095074038372,36,0,1875,81
777,bearing,federated,10,cnn-ae,K005,172,37,36,1956,fuzzy_warning_as_alarm_hi50,0.9848664999008179,1.0061447620391846,1.0066684007644653,1.007137532234192,0.6528487843671893,0.9888480949558557,1.0,0.04141104294478527,0.07952871870397643,0.0,0.9585889570552147,0.040160642570281124,0.12597659149037785,0.20661754223076156,0.08064095074038372,36,0,1875,81
777,bearing,federated,10,cnn-ae,K005,172,37,36,1956,fuzzy_fault_only_hi75,0.9848664999008179,1.0061447620391846,1.0066684007644653,1.007137532234192,0.6528487843671893,0.9888480949558557,1.0,0.029141104294478526,0.05663189269746647,0.0,0.9708588957055214,0.040160642570281124,0.12597659149037785,0.20661754223076156,0.08064095074038372,36,0,1899,57
777,bearing,federated,10,cnn-ae,K006,171,37,36,1956,hard_val_p95,1.0046124458312988,1.0054970741271974,1.0057413101196289,1.0061337089538573,0.4290076119063849,0.9791743757640448,0.9701492537313433,0.09969325153374232,0.1808066759388039,0.16666666666666666,0.9003067484662577,0.030120481927710843,0.19280658076714582,0.11159320835978653,-0.08121337240735929,30,6,1761,195
777,bearing,federated,10,cnn-ae,K006,171,37,36,1956,fuzzy_warning_as_alarm_hi50,1.0046124458312988,1.0054970741271974,1.0057413101196289,1.0061337089538573,0.4290076119063849,0.9791743757640448,0.9701492537313433,0.09969325153374232,0.1808066759388039,0.16666666666666666,0.9003067484662577,0.030120481927710843,0.19280658076714582,0.11159320835978653,-0.08121337240735929,30,6,1761,195
777,bearing,federated,10,cnn-ae,K006,171,37,36,1956,fuzzy_fault_only_hi75,1.0046124458312988,1.0054970741271974,1.0057413101196289,1.0061337089538573,0.4290076119063849,0.9791743757640448,0.9760479041916168,0.08333333333333333,0.15355628827131418,0.1111111111111111,0.9166666666666666,0.030120481927710843,0.19280658076714582,0.11159320835978653,-0.08121337240735929,32,4,1793,163
777,bearing,local-only,10,vae,K001,172,37,36,1956,hard_val_p95,0.0,0.0,0.0,0.0,0.5,0.9819277108433735,0.0,0.0,0.0,0.0,1.0,0.0,0.0,0.0,0.0,36,0,1956,0
777,bearing,local-only,10,vae,K001,172,37,36,1956,fuzzy_warning_as_alarm_hi50,0.0,0.0,0.0,0.0,0.5,0.9819277108433735,0.0,0.0,0.0,0.0,1.0,0.0,0.0,0.0,0.0,36,0,1956,0
777,bearing,local-only,10,vae,K001,172,37,36,1956,fuzzy_fault_only_hi75,0.0,0.0,0.0,0.0,0.5,0.9819277108433735,0.0,0.0,0.0,0.0,1.0,0.0,0.0,0.0,0.0,36,0,1956,0
777,bearing,local-only,10,vae,K002,172,37,36,1956,hard_val_p95,0.0,0.0,0.0,0.0,0.5,0.9819277108433735,0.0,0.0,0.0,0.0,1.0,0.0,0.0,0.0,0.0,36,0,1956,0
777,bearing,local-only,10,vae,K002,172,37,36,1956,fuzzy_warning_as_alarm_hi50,0.0,0.0,0.0,0.0,0.5,0.9819277108433735,0.0,0.0,0.0,0.0,1.0,0.0,0.0,0.0,0.0,36,0,1956,0
777,bearing,local-only,10,vae,K002,172,37,36,1956,fuzzy_fault_only_hi75,0.0,0.0,0.0,0.0,0.5,0.9819277108433735,0.0,0.0,0.0,0.0,1.0,0.0,0.0,0.0,0.0,36,0,1956,0
777,bearing,local-only,10,vae,K003,172,37,37,1956,hard_val_p95,1.0012500286102295,1.001917576789856,1.0020395994186402,1.0024205923080445,0.39911153484773115,0.9699953253219988,0.9333333333333333,0.050102249488752554,0.09509946627850557,0.1891891891891892,0.9498977505112475,0.06522829904666332,0.24248662488480202,0.12986536319156522,-0.1126212616932368,30,7,1858,98
777,bearing,local-only,10,vae,K003,172,37,37,1956,fuzzy_warning_as_alarm_hi50,1.0012500286102295,1.001917576789856,1.0020395994186402,1.0024205923080445,0.39911153484773115,0.9699953253219988,0.9333333333333333,0.050102249488752554,0.09509946627850557,0.1891891891891892,0.9498977505112475,0.06522829904666332,0.24248662488480202,0.12986536319156522,-0.1126212616932368,30,7,1858,98
777,bearing,local-only,10,vae,K003,172,37,37,1956,fuzzy_fault_only_hi75,1.0012500286102295,1.001917576789856,1.0020395994186402,1.0024205923080445,0.39911153484773115,0.9699953253219988,0.9024390243902439,0.018916155419222903,0.037055583375062595,0.10810810810810811,0.9810838445807771,0.06522829904666332,0.24248662488480202,0.12986536319156522,-0.1126212616932368,33,4,1919,37
777,bearing,local-only,10,vae,K004,171,37,36,1956,hard_val_p95,1.0006989240646362,1.0010625839233398,1.0011038541793824,1.0013501501083375,0.44763974096796183,0.979413250345867,0.9705882352941176,0.05061349693251534,0.09620991253644315,0.08333333333333333,0.9493865030674846,0.0391566265060241,0.12191984045945164,0.0899738112201889,-0.03194602923926275,33,3,1857,99
777,bearing,local-only,10,vae,K004,171,37,36,1956,fuzzy_warning_as_alarm_hi50,1.0006989240646362,1.0010625839233398,1.0011038541793824,1.0013501501083375,0.44763974096796183,0.979413250345867,0.9705882352941176,0.05061349693251534,0.09620991253644315,0.08333333333333333,0.9493865030674846,0.0391566265060241,0.12191984045945164,0.0899738112201889,-0.03194602923926275,33,3,1857,99
777,bearing,local-only,10,vae,K004,171,37,36,1956,fuzzy_fault_only_hi75,1.0006989240646362,1.0010625839233398,1.0011038541793824,1.0013501501083375,0.44763974096796183,0.979413250345867,0.9795918367346939,0.024539877300613498,0.047880299251870324,0.027777777777777776,0.9754601226993865,0.0391566265060241,0.12191984045945164,0.0899738112201889,-0.03194602923926275,35,1,1908,48
777,bearing,local-only,10,vae,K005,172,37,36,1956,hard_val_p95,1.0027949810028076,1.0034470558166504,1.0036155700683593,1.0038169479370118,0.42792831174733015,0.9776870855329233,0.9753086419753086,0.040388548057259714,0.07756504663721159,0.05555555555555555,0.9596114519427403,0.04066265060240964,0.13257442321068216,0.09482335285285577,-0.03775107035782639,34,2,1877,79
777,bearing,local-only,10,vae,K005,172,37,36,1956,fuzzy_warning_as_alarm_hi50,1.0027949810028076,1.0034470558166504,1.0036155700683593,1.0038169479370118,0.42792831174733015,0.9776870855329233,0.9753086419753086,0.040388548057259714,0.07756504663721159,0.05555555555555555,0.9596114519427403,0.04066265060240964,0.13257442321068216,0.09482335285285577,-0.03775107035782639,34,2,1877,79
777,bearing,local-only,10,vae,K005,172,37,36,1956,fuzzy_fault_only_hi75,1.0027949810028076,1.0034470558166504,1.0036155700683593,1.0038169479370118,0.42792831174733015,0.9776870855329233,0.9615384615384616,0.02556237218813906,0.049800796812749,0.05555555555555555,0.9744376278118609,0.04066265060240964,0.13257442321068216,0.09482335285285577,-0.03775107035782639,34,2,1906,50
777,bearing,local-only,10,vae,K006,171,37,36,1956,hard_val_p95,1.0029135942459106,1.0038610219955444,1.0038867235183715,1.0043988275527953,0.5720077823221995,0.9793110734074018,0.984375,0.032208588957055216,0.062376237623762376,0.027777777777777776,0.9677914110429447,0.023092369477911646,0.09747900251916354,0.09280474171829761,-0.004674260800865929,35,1,1893,63
777,bearing,local-only,10,vae,K006,171,37,36,1956,fuzzy_warning_as_alarm_hi50,1.0029135942459106,1.0038610219955444,1.0038867235183715,1.0043988275527953,0.5720077823221995,0.9793110734074018,0.984375,0.032208588957055216,0.062376237623762376,0.027777777777777776,0.9677914110429447,0.023092369477911646,0.09747900251916354,0.09280474171829761,-0.004674260800865929,35,1,1893,63
777,bearing,local-only,10,vae,K006,171,37,36,1956,fuzzy_fault_only_hi75,1.0029135942459106,1.0038610219955444,1.0038867235183715,1.0043988275527953,0.5720077823221995,0.9793110734074018,0.9629629629629629,0.013292433537832311,0.026222894604135148,0.027777777777777776,0.9867075664621677,0.023092369477911646,0.09747900251916354,0.09280474171829761,-0.004674260800865929,35,1,1930,26
777,bearing,centralized,20,vae,K001,172,37,36,1956,hard_val_p95,1.0230234861373901,1.0391767263412475,1.0426071882247925,1.0459814977645874,0.5250014201317882,0.9868119133730473,0.9976958525345622,0.22137014314928424,0.3623430962343096,0.027777777777777776,0.7786298568507157,0.03765060240963856,0.10312337432229976,0.2577791047589988,0.15465573043669903,35,1,1523,433
777,bearing,centralized,20,vae,K001,172,37,36,1956,fuzzy_warning_as_alarm_hi50,1.0230234861373901,1.0391767263412475,1.0426071882247925,1.0459814977645874,0.5250014201317882,0.9868119133730473,0.9976958525345622,0.22137014314928424,0.3623430962343096,0.027777777777777776,0.7786298568507157,0.03765060240963856,0.10312337432229976,0.2577791047589988,0.15465573043669903,35,1,1523,433
777,bearing,centralized,20,vae,K001,172,37,36,1956,fuzzy_fault_only_hi75,1.0230234861373901,1.0391767263412475,1.0426071882247925,1.0459814977645874,0.5250014201317882,0.9868119133730473,0.9975786924939467,0.21063394683026584,0.34782608695652173,0.027777777777777776,0.7893660531697342,0.03765060240963856,0.10312337432229976,0.2577791047589988,0.15465573043669903,35,1,1544,412
777,bearing,centralized,20,vae,K002,172,37,36,1956,hard_val_p95,1.0298506021499634,1.080564832687378,1.102829360961914,1.1215006828308105,0.4526386048625312,0.9747600462765862,0.9166666666666666,0.011247443762781187,0.022222222222222223,0.05555555555555555,0.9887525562372188,0.02208835341365462,0.11049623206170851,0.04584645545122414,-0.06464977661048438,34,2,1934,22
777,bearing,centralized,20,vae,K002,172,37,36,1956,fuzzy_warning_as_alarm_hi50,1.0298506021499634,1.080564832687378,1.102829360961914,1.1215006828308105,0.4526386048625312,0.9747600462765862,0.9166666666666666,0.011247443762781187,0.022222222222222223,0.05555555555555555,0.9887525562372188,0.02208835341365462,0.11049623206170851,0.04584645545122414,-0.06464977661048438,34,2,1934,22
777,bearing,centralized,20,vae,K002,172,37,36,1956,fuzzy_fault_only_hi75,1.0298506021499634,1.080564832687378,1.102829360961914,1.1215006828308105,0.4526386048625312,0.9747600462765862,0.8571428571428571,0.006134969325153374,0.012182741116751269,0.05555555555555555,0.9938650306748467,0.02208835341365462,0.11049623206170851,0.04584645545122414,-0.06464977661048438,34,2,1944,12
777,bearing,centralized,20,vae,K003,172,37,37,1956,hard_val_p95,1.0320314168930054,1.0483609199523927,1.0552191734313965,1.0568857383728028,0.4611382855247885,0.9810234499889248,0.9873949579831933,0.12014314928425358,0.21422060164083864,0.08108108108108109,0.8798568507157464,0.04114400401404917,0.14734164119803686,0.15397931090967254,0.00663766971163568,34,3,1721,235
777,bearing,centralized,20,vae,K003,172,37,37,1956,fuzzy_warning_as_alarm_hi50,1.0320314168930054,1.0483609199523927,1.0552191734313965,1.0568857383728028,0.4611382855247885,0.9810234499889248,0.9873949579831933,0.12014314928425358,0.21422060164083864,0.08108108108108109,0.8798568507157464,0.04114400401404917,0.14734164119803686,0.15397931090967254,0.00663766971163568,34,3,1721,235
777,bearing,centralized,20,vae,K003,172,37,37,1956,fuzzy_fault_only_hi75,1.0320314168930054,1.0483609199523927,1.0552191734313965,1.0568857383728028,0.4611382855247885,0.9810234499889248,0.9870689655172413,0.11707566462167689,0.2093235831809872,0.08108108108108109,0.8829243353783232,0.04114400401404917,0.14734164119803686,0.15397931090967254,0.00663766971163568,34,3,1727,229
777,bearing,centralized,20,vae,K004,171,37,36,1956,hard_val_p95,1.0216388702392578,1.0491627216339112,1.0545362949371337,1.0991926288604736,0.5008094751192911,0.9836818688202804,0.9877049180327869,0.12321063394683027,0.2190909090909091,0.08333333333333333,0.8767893660531697,0.11646586345381527,0.11607277972187058,0.14423323220903167,0.02816045248716109,33,3,1715,241
777,bearing,centralized,20,vae,K004,171,37,36,1956,fuzzy_warning_as_alarm_hi50,1.0216388702392578,1.0491627216339112,1.0545362949371337,1.0991926288604736,0.5008094751192911,0.9836818688202804,0.9877049180327869,0.12321063394683027,0.2190909090909091,0.08333333333333333,0.8767893660531697,0.11646586345381527,0.11607277972187058,0.14423323220903167,0.02816045248716109,33,3,1715,241
777,bearing,centralized,20,vae,K004,171,37,36,1956,fuzzy_fault_only_hi75,1.0216388702392578,1.0491627216339112,1.0545362949371337,1.0991926288604736,0.5008094751192911,0.9836818688202804,1.0,0.040388548057259714,0.07764127764127764,0.0,0.9596114519427403,0.11646586345381527,0.11607277972187058,0.14423323220903167,0.02816045248716109,36,0,1877,79
777,bearing,centralized,20,vae,K005,172,37,36,1956,hard_val_p95,1.026587963104248,1.075791096687317,1.0824618339538574,1.0996506690979004,0.44495569188820727,0.9805504185432093,0.967741935483871,0.03067484662576687,0.05946481665014866,0.05555555555555555,0.9693251533742331,0.01857429718875502,0.08655322626234654,0.07186973906306646,-0.014683487199280087,34,2,1896,60
777,bearing,centralized,20,vae,K005,172,37,36,1956,fuzzy_warning_as_alarm_hi50,1.026587963104248,1.075791096687317,1.0824618339538574,1.0996506690979004,0.44495569188820727,0.9805504185432093,0.967741935483871,0.03067484662576687,0.05946481665014866,0.05555555555555555,0.9693251533742331,0.01857429718875502,0.08655322626234654,0.07186973906306646,-0.014683487199280087,34,2,1896,60
777,bearing,centralized,20,vae,K005,172,37,36,1956,fuzzy_fault_only_hi75,1.026587963104248,1.075791096687317,1.0824618339538574,1.0996506690979004,0.44495569188820727,0.9805504185432093,1.0,0.023006134969325152,0.044977511244377814,0.0,0.9769938650306749,0.01857429718875502,0.08655322626234654,0.07186973906306646,-0.014683487199280087,36,0,1911,45
777,bearing,centralized,20,vae,K006,171,37,36,1956,hard_val_p95,1.0220296382904053,1.0337112903594972,1.0456214666366577,1.0712615156173706,0.49893490115882755,0.9867375864831615,0.9974358974358974,0.19887525562372188,0.3316283034953112,0.027777777777777776,0.8011247443762781,0.1606425702811245,0.10359450845574898,0.2087829006485094,0.10518839219276042,35,1,1567,389
777,bearing,centralized,20,vae,K006,171,37,36,1956,fuzzy_warning_as_alarm_hi50,1.0220296382904053,1.0337112903594972,1.0456214666366577,1.0712615156173706,0.49893490115882755,0.9867375864831615,0.9974358974358974,0.19887525562372188,0.3316283034953112,0.027777777777777776,0.8011247443762781,0.1606425702811245,0.10359450845574898,0.2087829006485094,0.10518839219276042,35,1,1567,389
777,bearing,centralized,20,vae,K006,171,37,36,1956,fuzzy_fault_only_hi75,1.0220296382904053,1.0337112903594972,1.0456214666366577,1.0712615156173706,0.49893490115882755,0.9867375864831615,1.0,0.10685071574642127,0.1930715935334873,0.0,0.8931492842535788,0.1606425702811245,0.10359450845574898,0.2087829006485094,0.10518839219276042,36,0,1747,209
777,bearing,federated,1,vae,K001,172,37,36,1956,hard_val_p95,0.0,0.0,0.0,0.0,0.5,0.9819277108433735,0.0,0.0,0.0,0.0,1.0,0.0,0.0,0.0,0.0,36,0,1956,0
777,bearing,federated,1,vae,K001,172,37,36,1956,fuzzy_warning_as_alarm_hi50,0.0,0.0,0.0,0.0,0.5,0.9819277108433735,0.0,0.0,0.0,0.0,1.0,0.0,0.0,0.0,0.0,36,0,1956,0
777,bearing,federated,1,vae,K001,172,37,36,1956,fuzzy_fault_only_hi75,0.0,0.0,0.0,0.0,0.5,0.9819277108433735,0.0,0.0,0.0,0.0,1.0,0.0,0.0,0.0,0.0,36,0,1956,0
777,bearing,federated,1,vae,K002,172,37,36,1956,hard_val_p95,0.0,0.0,0.0,0.0,0.5,0.9819277108433735,0.0,0.0,0.0,0.0,1.0,0.0,0.0,0.0,0.0,36,0,1956,0
777,bearing,federated,1,vae,K002,172,37,36,1956,fuzzy_warning_as_alarm_hi50,0.0,0.0,0.0,0.0,0.5,0.9819277108433735,0.0,0.0,0.0,0.0,1.0,0.0,0.0,0.0,0.0,36,0,1956,0
777,bearing,federated,1,vae,K002,172,37,36,1956,fuzzy_fault_only_hi75,0.0,0.0,0.0,0.0,0.5,0.9819277108433735,0.0,0.0,0.0,0.0,1.0,0.0,0.0,0.0,0.0,36,0,1956,0
777,bearing,federated,1,vae,K003,172,37,37,1956,hard_val_p95,0.0,0.0,0.0,0.0,0.5,0.9814350225790266,0.0,0.0,0.0,0.0,1.0,0.0,0.0,0.0,0.0,37,0,1956,0
777,bearing,federated,1,vae,K003,172,37,37,1956,fuzzy_warning_as_alarm_hi50,0.0,0.0,0.0,0.0,0.5,0.9814350225790266,0.0,0.0,0.0,0.0,1.0,0.0,0.0,0.0,0.0,37,0,1956,0
777,bearing,federated,1,vae,K003,172,37,37,1956,fuzzy_fault_only_hi75,0.0,0.0,0.0,0.0,0.5,0.9814350225790266,0.0,0.0,0.0,0.0,1.0,0.0,0.0,0.0,0.0,37,0,1956,0
777,bearing,federated,1,vae,K004,171,37,36,1956,hard_val_p95,0.0,0.0,0.0,0.0,0.5,0.9819277108433735,0.0,0.0,0.0,0.0,1.0,0.0,0.0,0.0,0.0,36,0,1956,0
777,bearing,federated,1,vae,K004,171,37,36,1956,fuzzy_warning_as_alarm_hi50,0.0,0.0,0.0,0.0,0.5,0.9819277108433735,0.0,0.0,0.0,0.0,1.0,0.0,0.0,0.0,0.0,36,0,1956,0
777,bearing,federated,1,vae,K004,171,37,36,1956,fuzzy_fault_only_hi75,0.0,0.0,0.0,0.0,0.5,0.9819277108433735,0.0,0.0,0.0,0.0,1.0,0.0,0.0,0.0,0.0,36,0,1956,0
777,bearing,federated,1,vae,K005,172,37,36,1956,hard_val_p95,0.0,0.0,0.0,0.0,0.5,0.9819277108433735,0.0,0.0,0.0,0.0,1.0,0.0,0.0,0.0,0.0,36,0,1956,0
777,bearing,federated,1,vae,K005,172,37,36,1956,fuzzy_warning_as_alarm_hi50,0.0,0.0,0.0,0.0,0.5,0.9819277108433735,0.0,0.0,0.0,0.0,1.0,0.0,0.0,0.0,0.0,36,0,1956,0
777,bearing,federated,1,vae,K005,172,37,36,1956,fuzzy_fault_only_hi75,0.0,0.0,0.0,0.0,0.5,0.9819277108433735,0.0,0.0,0.0,0.0,1.0,0.0,0.0,0.0,0.0,36,0,1956,0
777,bearing,federated,1,vae,K006,171,37,36,1956,hard_val_p95,0.0,0.0,0.0,0.0,0.5,0.9819277108433735,0.0,0.0,0.0,0.0,1.0,0.0,0.0,0.0,0.0,36,0,1956,0
777,bearing,federated,1,vae,K006,171,37,36,1956,fuzzy_warning_as_alarm_hi50,0.0,0.0,0.0,0.0,0.5,0.9819277108433735,0.0,0.0,0.0,0.0,1.0,0.0,0.0,0.0,0.0,36,0,1956,0
777,bearing,federated,1,vae,K006,171,37,36,1956,fuzzy_fault_only_hi75,0.0,0.0,0.0,0.0,0.5,0.9819277108433735,0.0,0.0,0.0,0.0,1.0,0.0,0.0,0.0,0.0,36,0,1956,0
777,bearing,federated,2,vae,K001,172,37,36,1956,hard_val_p95,0.0,0.0,0.0,0.0,0.5,0.9819277108433735,0.0,0.0,0.0,0.0,1.0,0.0,0.0,0.0,0.0,36,0,1956,0
777,bearing,federated,2,vae,K001,172,37,36,1956,fuzzy_warning_as_alarm_hi50,0.0,0.0,0.0,0.0,0.5,0.9819277108433735,0.0,0.0,0.0,0.0,1.0,0.0,0.0,0.0,0.0,36,0,1956,0
777,bearing,federated,2,vae,K001,172,37,36,1956,fuzzy_fault_only_hi75,0.0,0.0,0.0,0.0,0.5,0.9819277108433735,0.0,0.0,0.0,0.0,1.0,0.0,0.0,0.0,0.0,36,0,1956,0
777,bearing,federated,2,vae,K002,172,37,36,1956,hard_val_p95,0.0,0.0,0.0,0.0,0.5,0.9819277108433735,0.0,0.0,0.0,0.0,1.0,0.0,0.0,0.0,0.0,36,0,1956,0
777,bearing,federated,2,vae,K002,172,37,36,1956,fuzzy_warning_as_alarm_hi50,0.0,0.0,0.0,0.0,0.5,0.9819277108433735,0.0,0.0,0.0,0.0,1.0,0.0,0.0,0.0,0.0,36,0,1956,0
777,bearing,federated,2,vae,K002,172,37,36,1956,fuzzy_fault_only_hi75,0.0,0.0,0.0,0.0,0.5,0.9819277108433735,0.0,0.0,0.0,0.0,1.0,0.0,0.0,0.0,0.0,36,0,1956,0
777,bearing,federated,2,vae,K003,172,37,37,1956,hard_val_p95,0.0,0.0,0.0,0.0,0.5,0.9814350225790266,0.0,0.0,0.0,0.0,1.0,0.0,0.0,0.0,0.0,37,0,1956,0
777,bearing,federated,2,vae,K003,172,37,37,1956,fuzzy_warning_as_alarm_hi50,0.0,0.0,0.0,0.0,0.5,0.9814350225790266,0.0,0.0,0.0,0.0,1.0,0.0,0.0,0.0,0.0,37,0,1956,0
777,bearing,federated,2,vae,K003,172,37,37,1956,fuzzy_fault_only_hi75,0.0,0.0,0.0,0.0,0.5,0.9814350225790266,0.0,0.0,0.0,0.0,1.0,0.0,0.0,0.0,0.0,37,0,1956,0
777,bearing,federated,2,vae,K004,171,37,36,1956,hard_val_p95,0.0,0.0,0.0,0.0,0.5,0.9819277108433735,0.0,0.0,0.0,0.0,1.0,0.0,0.0,0.0,0.0,36,0,1956,0
777,bearing,federated,2,vae,K004,171,37,36,1956,fuzzy_warning_as_alarm_hi50,0.0,0.0,0.0,0.0,0.5,0.9819277108433735,0.0,0.0,0.0,0.0,1.0,0.0,0.0,0.0,0.0,36,0,1956,0
777,bearing,federated,2,vae,K004,171,37,36,1956,fuzzy_fault_only_hi75,0.0,0.0,0.0,0.0,0.5,0.9819277108433735,0.0,0.0,0.0,0.0,1.0,0.0,0.0,0.0,0.0,36,0,1956,0
777,bearing,federated,2,vae,K005,172,37,36,1956,hard_val_p95,0.0,0.0,0.0,0.0,0.5,0.9819277108433735,0.0,0.0,0.0,0.0,1.0,0.0,0.0,0.0,0.0,36,0,1956,0
777,bearing,federated,2,vae,K005,172,37,36,1956,fuzzy_warning_as_alarm_hi50,0.0,0.0,0.0,0.0,0.5,0.9819277108433735,0.0,0.0,0.0,0.0,1.0,0.0,0.0,0.0,0.0,36,0,1956,0
777,bearing,federated,2,vae,K005,172,37,36,1956,fuzzy_fault_only_hi75,0.0,0.0,0.0,0.0,0.5,0.9819277108433735,0.0,0.0,0.0,0.0,1.0,0.0,0.0,0.0,0.0,36,0,1956,0
777,bearing,federated,2,vae,K006,171,37,36,1956,hard_val_p95,0.0,0.0,0.0,0.0,0.5,0.9819277108433735,0.0,0.0,0.0,0.0,1.0,0.0,0.0,0.0,0.0,36,0,1956,0
777,bearing,federated,2,vae,K006,171,37,36,1956,fuzzy_warning_as_alarm_hi50,0.0,0.0,0.0,0.0,0.5,0.9819277108433735,0.0,0.0,0.0,0.0,1.0,0.0,0.0,0.0,0.0,36,0,1956,0
777,bearing,federated,2,vae,K006,171,37,36,1956,fuzzy_fault_only_hi75,0.0,0.0,0.0,0.0,0.5,0.9819277108433735,0.0,0.0,0.0,0.0,1.0,0.0,0.0,0.0,0.0,36,0,1956,0
777,bearing,federated,3,vae,K001,172,37,36,1956,hard_val_p95,0.0,0.0,0.0,0.0,0.5,0.9819277108433735,0.0,0.0,0.0,0.0,1.0,0.0,0.0,0.0,0.0,36,0,1956,0
777,bearing,federated,3,vae,K001,172,37,36,1956,fuzzy_warning_as_alarm_hi50,0.0,0.0,0.0,0.0,0.5,0.9819277108433735,0.0,0.0,0.0,0.0,1.0,0.0,0.0,0.0,0.0,36,0,1956,0
777,bearing,federated,3,vae,K001,172,37,36,1956,fuzzy_fault_only_hi75,0.0,0.0,0.0,0.0,0.5,0.9819277108433735,0.0,0.0,0.0,0.0,1.0,0.0,0.0,0.0,0.0,36,0,1956,0
777,bearing,federated,3,vae,K002,172,37,36,1956,hard_val_p95,0.0,0.0,0.0,0.0,0.5,0.9819277108433735,0.0,0.0,0.0,0.0,1.0,0.0,0.0,0.0,0.0,36,0,1956,0
777,bearing,federated,3,vae,K002,172,37,36,1956,fuzzy_warning_as_alarm_hi50,0.0,0.0,0.0,0.0,0.5,0.9819277108433735,0.0,0.0,0.0,0.0,1.0,0.0,0.0,0.0,0.0,36,0,1956,0
777,bearing,federated,3,vae,K002,172,37,36,1956,fuzzy_fault_only_hi75,0.0,0.0,0.0,0.0,0.5,0.9819277108433735,0.0,0.0,0.0,0.0,1.0,0.0,0.0,0.0,0.0,36,0,1956,0
777,bearing,federated,3,vae,K003,172,37,37,1956,hard_val_p95,0.0,0.0,0.0,0.0,0.5,0.9814350225790266,0.0,0.0,0.0,0.0,1.0,0.0,0.0,0.0,0.0,37,0,1956,0
777,bearing,federated,3,vae,K003,172,37,37,1956,fuzzy_warning_as_alarm_hi50,0.0,0.0,0.0,0.0,0.5,0.9814350225790266,0.0,0.0,0.0,0.0,1.0,0.0,0.0,0.0,0.0,37,0,1956,0
777,bearing,federated,3,vae,K003,172,37,37,1956,fuzzy_fault_only_hi75,0.0,0.0,0.0,0.0,0.5,0.9814350225790266,0.0,0.0,0.0,0.0,1.0,0.0,0.0,0.0,0.0,37,0,1956,0
777,bearing,federated,3,vae,K004,171,37,36,1956,hard_val_p95,0.0,0.0,0.0,0.0,0.5,0.9819277108433735,0.0,0.0,0.0,0.0,1.0,0.0,0.0,0.0,0.0,36,0,1956,0
777,bearing,federated,3,vae,K004,171,37,36,1956,fuzzy_warning_as_alarm_hi50,0.0,0.0,0.0,0.0,0.5,0.9819277108433735,0.0,0.0,0.0,0.0,1.0,0.0,0.0,0.0,0.0,36,0,1956,0
777,bearing,federated,3,vae,K004,171,37,36,1956,fuzzy_fault_only_hi75,0.0,0.0,0.0,0.0,0.5,0.9819277108433735,0.0,0.0,0.0,0.0,1.0,0.0,0.0,0.0,0.0,36,0,1956,0
777,bearing,federated,3,vae,K005,172,37,36,1956,hard_val_p95,0.0,0.0,0.0,0.0,0.5,0.9819277108433735,0.0,0.0,0.0,0.0,1.0,0.0,0.0,0.0,0.0,36,0,1956,0
777,bearing,federated,3,vae,K005,172,37,36,1956,fuzzy_warning_as_alarm_hi50,0.0,0.0,0.0,0.0,0.5,0.9819277108433735,0.0,0.0,0.0,0.0,1.0,0.0,0.0,0.0,0.0,36,0,1956,0
777,bearing,federated,3,vae,K005,172,37,36,1956,fuzzy_fault_only_hi75,0.0,0.0,0.0,0.0,0.5,0.9819277108433735,0.0,0.0,0.0,0.0,1.0,0.0,0.0,0.0,0.0,36,0,1956,0
777,bearing,federated,3,vae,K006,171,37,36,1956,hard_val_p95,0.0,0.0,0.0,0.0,0.5,0.9819277108433735,0.0,0.0,0.0,0.0,1.0,0.0,0.0,0.0,0.0,36,0,1956,0
777,bearing,federated,3,vae,K006,171,37,36,1956,fuzzy_warning_as_alarm_hi50,0.0,0.0,0.0,0.0,0.5,0.9819277108433735,0.0,0.0,0.0,0.0,1.0,0.0,0.0,0.0,0.0,36,0,1956,0
777,bearing,federated,3,vae,K006,171,37,36,1956,fuzzy_fault_only_hi75,0.0,0.0,0.0,0.0,0.5,0.9819277108433735,0.0,0.0,0.0,0.0,1.0,0.0,0.0,0.0,0.0,36,0,1956,0
777,bearing,federated,4,vae,K001,172,37,36,1956,hard_val_p95,0.0,0.0,0.0,0.0,0.5,0.9819277108433735,0.0,0.0,0.0,0.0,1.0,0.0,0.0,0.0,0.0,36,0,1956,0
777,bearing,federated,4,vae,K001,172,37,36,1956,fuzzy_warning_as_alarm_hi50,0.0,0.0,0.0,0.0,0.5,0.9819277108433735,0.0,0.0,0.0,0.0,1.0,0.0,0.0,0.0,0.0,36,0,1956,0
777,bearing,federated,4,vae,K001,172,37,36,1956,fuzzy_fault_only_hi75,0.0,0.0,0.0,0.0,0.5,0.9819277108433735,0.0,0.0,0.0,0.0,1.0,0.0,0.0,0.0,0.0,36,0,1956,0
777,bearing,federated,4,vae,K002,172,37,36,1956,hard_val_p95,0.0,0.0,0.0,0.0,0.5,0.9819277108433735,0.0,0.0,0.0,0.0,1.0,0.0,0.0,0.0,0.0,36,0,1956,0
777,bearing,federated,4,vae,K002,172,37,36,1956,fuzzy_warning_as_alarm_hi50,0.0,0.0,0.0,0.0,0.5,0.9819277108433735,0.0,0.0,0.0,0.0,1.0,0.0,0.0,0.0,0.0,36,0,1956,0
777,bearing,federated,4,vae,K002,172,37,36,1956,fuzzy_fault_only_hi75,0.0,0.0,0.0,0.0,0.5,0.9819277108433735,0.0,0.0,0.0,0.0,1.0,0.0,0.0,0.0,0.0,36,0,1956,0
777,bearing,federated,4,vae,K003,172,37,37,1956,hard_val_p95,0.0,0.0,0.0,0.0,0.5,0.9814350225790266,0.0,0.0,0.0,0.0,1.0,0.0,0.0,0.0,0.0,37,0,1956,0
777,bearing,federated,4,vae,K003,172,37,37,1956,fuzzy_warning_as_alarm_hi50,0.0,0.0,0.0,0.0,0.5,0.9814350225790266,0.0,0.0,0.0,0.0,1.0,0.0,0.0,0.0,0.0,37,0,1956,0
777,bearing,federated,4,vae,K003,172,37,37,1956,fuzzy_fault_only_hi75,0.0,0.0,0.0,0.0,0.5,0.9814350225790266,0.0,0.0,0.0,0.0,1.0,0.0,0.0,0.0,0.0,37,0,1956,0
777,bearing,federated,4,vae,K004,171,37,36,1956,hard_val_p95,0.0,0.0,0.0,0.0,0.5,0.9819277108433735,0.0,0.0,0.0,0.0,1.0,0.0,0.0,0.0,0.0,36,0,1956,0
777,bearing,federated,4,vae,K004,171,37,36,1956,fuzzy_warning_as_alarm_hi50,0.0,0.0,0.0,0.0,0.5,0.9819277108433735,0.0,0.0,0.0,0.0,1.0,0.0,0.0,0.0,0.0,36,0,1956,0
777,bearing,federated,4,vae,K004,171,37,36,1956,fuzzy_fault_only_hi75,0.0,0.0,0.0,0.0,0.5,0.9819277108433735,0.0,0.0,0.0,0.0,1.0,0.0,0.0,0.0,0.0,36,0,1956,0
777,bearing,federated,4,vae,K005,172,37,36,1956,hard_val_p95,0.0,0.0,0.0,0.0,0.5,0.9819277108433735,0.0,0.0,0.0,0.0,1.0,0.0,0.0,0.0,0.0,36,0,1956,0
777,bearing,federated,4,vae,K005,172,37,36,1956,fuzzy_warning_as_alarm_hi50,0.0,0.0,0.0,0.0,0.5,0.9819277108433735,0.0,0.0,0.0,0.0,1.0,0.0,0.0,0.0,0.0,36,0,1956,0
777,bearing,federated,4,vae,K005,172,37,36,1956,fuzzy_fault_only_hi75,0.0,0.0,0.0,0.0,0.5,0.9819277108433735,0.0,0.0,0.0,0.0,1.0,0.0,0.0,0.0,0.0,36,0,1956,0
777,bearing,federated,4,vae,K006,171,37,36,1956,hard_val_p95,0.0,0.0,0.0,0.0,0.5,0.9819277108433735,0.0,0.0,0.0,0.0,1.0,0.0,0.0,0.0,0.0,36,0,1956,0
777,bearing,federated,4,vae,K006,171,37,36,1956,fuzzy_warning_as_alarm_hi50,0.0,0.0,0.0,0.0,0.5,0.9819277108433735,0.0,0.0,0.0,0.0,1.0,0.0,0.0,0.0,0.0,36,0,1956,0
777,bearing,federated,4,vae,K006,171,37,36,1956,fuzzy_fault_only_hi75,0.0,0.0,0.0,0.0,0.5,0.9819277108433735,0.0,0.0,0.0,0.0,1.0,0.0,0.0,0.0,0.0,36,0,1956,0
777,bearing,federated,5,vae,K001,172,37,36,1956,hard_val_p95,0.0,0.0,0.0,0.0,0.5,0.9819277108433735,0.0,0.0,0.0,0.0,1.0,0.0,0.0,0.0,0.0,36,0,1956,0
777,bearing,federated,5,vae,K001,172,37,36,1956,fuzzy_warning_as_alarm_hi50,0.0,0.0,0.0,0.0,0.5,0.9819277108433735,0.0,0.0,0.0,0.0,1.0,0.0,0.0,0.0,0.0,36,0,1956,0
777,bearing,federated,5,vae,K001,172,37,36,1956,fuzzy_fault_only_hi75,0.0,0.0,0.0,0.0,0.5,0.9819277108433735,0.0,0.0,0.0,0.0,1.0,0.0,0.0,0.0,0.0,36,0,1956,0
777,bearing,federated,5,vae,K002,172,37,36,1956,hard_val_p95,0.0,0.0,0.0,0.0,0.5,0.9819277108433735,0.0,0.0,0.0,0.0,1.0,0.0,0.0,0.0,0.0,36,0,1956,0
777,bearing,federated,5,vae,K002,172,37,36,1956,fuzzy_warning_as_alarm_hi50,0.0,0.0,0.0,0.0,0.5,0.9819277108433735,0.0,0.0,0.0,0.0,1.0,0.0,0.0,0.0,0.0,36,0,1956,0
777,bearing,federated,5,vae,K002,172,37,36,1956,fuzzy_fault_only_hi75,0.0,0.0,0.0,0.0,0.5,0.9819277108433735,0.0,0.0,0.0,0.0,1.0,0.0,0.0,0.0,0.0,36,0,1956,0
777,bearing,federated,5,vae,K003,172,37,37,1956,hard_val_p95,0.0,0.0,0.0,0.0,0.5,0.9814350225790266,0.0,0.0,0.0,0.0,1.0,0.0,0.0,0.0,0.0,37,0,1956,0
777,bearing,federated,5,vae,K003,172,37,37,1956,fuzzy_warning_as_alarm_hi50,0.0,0.0,0.0,0.0,0.5,0.9814350225790266,0.0,0.0,0.0,0.0,1.0,0.0,0.0,0.0,0.0,37,0,1956,0
777,bearing,federated,5,vae,K003,172,37,37,1956,fuzzy_fault_only_hi75,0.0,0.0,0.0,0.0,0.5,0.9814350225790266,0.0,0.0,0.0,0.0,1.0,0.0,0.0,0.0,0.0,37,0,1956,0
777,bearing,federated,5,vae,K004,171,37,36,1956,hard_val_p95,0.0,0.0,0.0,0.0,0.5,0.9819277108433735,0.0,0.0,0.0,0.0,1.0,0.0,0.0,0.0,0.0,36,0,1956,0
777,bearing,federated,5,vae,K004,171,37,36,1956,fuzzy_warning_as_alarm_hi50,0.0,0.0,0.0,0.0,0.5,0.9819277108433735,0.0,0.0,0.0,0.0,1.0,0.0,0.0,0.0,0.0,36,0,1956,0
777,bearing,federated,5,vae,K004,171,37,36,1956,fuzzy_fault_only_hi75,0.0,0.0,0.0,0.0,0.5,0.9819277108433735,0.0,0.0,0.0,0.0,1.0,0.0,0.0,0.0,0.0,36,0,1956,0
777,bearing,federated,5,vae,K005,172,37,36,1956,hard_val_p95,0.0,0.0,0.0,0.0,0.5,0.9819277108433735,0.0,0.0,0.0,0.0,1.0,0.0,0.0,0.0,0.0,36,0,1956,0
777,bearing,federated,5,vae,K005,172,37,36,1956,fuzzy_warning_as_alarm_hi50,0.0,0.0,0.0,0.0,0.5,0.9819277108433735,0.0,0.0,0.0,0.0,1.0,0.0,0.0,0.0,0.0,36,0,1956,0
777,bearing,federated,5,vae,K005,172,37,36,1956,fuzzy_fault_only_hi75,0.0,0.0,0.0,0.0,0.5,0.9819277108433735,0.0,0.0,0.0,0.0,1.0,0.0,0.0,0.0,0.0,36,0,1956,0
777,bearing,federated,5,vae,K006,171,37,36,1956,hard_val_p95,0.0,0.0,0.0,0.0,0.5,0.9819277108433735,0.0,0.0,0.0,0.0,1.0,0.0,0.0,0.0,0.0,36,0,1956,0
777,bearing,federated,5,vae,K006,171,37,36,1956,fuzzy_warning_as_alarm_hi50,0.0,0.0,0.0,0.0,0.5,0.9819277108433735,0.0,0.0,0.0,0.0,1.0,0.0,0.0,0.0,0.0,36,0,1956,0
777,bearing,federated,5,vae,K006,171,37,36,1956,fuzzy_fault_only_hi75,0.0,0.0,0.0,0.0,0.5,0.9819277108433735,0.0,0.0,0.0,0.0,1.0,0.0,0.0,0.0,0.0,36,0,1956,0
777,bearing,federated,6,vae,K001,172,37,36,1956,hard_val_p95,0.0,0.0,0.0,0.0,0.5,0.9819277108433735,0.0,0.0,0.0,0.0,1.0,0.0,0.0,0.0,0.0,36,0,1956,0
777,bearing,federated,6,vae,K001,172,37,36,1956,fuzzy_warning_as_alarm_hi50,0.0,0.0,0.0,0.0,0.5,0.9819277108433735,0.0,0.0,0.0,0.0,1.0,0.0,0.0,0.0,0.0,36,0,1956,0
777,bearing,federated,6,vae,K001,172,37,36,1956,fuzzy_fault_only_hi75,0.0,0.0,0.0,0.0,0.5,0.9819277108433735,0.0,0.0,0.0,0.0,1.0,0.0,0.0,0.0,0.0,36,0,1956,0
777,bearing,federated,6,vae,K002,172,37,36,1956,hard_val_p95,0.0,0.0,0.0,0.0,0.5,0.9819277108433735,0.0,0.0,0.0,0.0,1.0,0.0,0.0,0.0,0.0,36,0,1956,0
777,bearing,federated,6,vae,K002,172,37,36,1956,fuzzy_warning_as_alarm_hi50,0.0,0.0,0.0,0.0,0.5,0.9819277108433735,0.0,0.0,0.0,0.0,1.0,0.0,0.0,0.0,0.0,36,0,1956,0
777,bearing,federated,6,vae,K002,172,37,36,1956,fuzzy_fault_only_hi75,0.0,0.0,0.0,0.0,0.5,0.9819277108433735,0.0,0.0,0.0,0.0,1.0,0.0,0.0,0.0,0.0,36,0,1956,0
777,bearing,federated,6,vae,K003,172,37,37,1956,hard_val_p95,0.0,0.0,0.0,0.0,0.5,0.9814350225790266,0.0,0.0,0.0,0.0,1.0,0.0,0.0,0.0,0.0,37,0,1956,0
777,bearing,federated,6,vae,K003,172,37,37,1956,fuzzy_warning_as_alarm_hi50,0.0,0.0,0.0,0.0,0.5,0.9814350225790266,0.0,0.0,0.0,0.0,1.0,0.0,0.0,0.0,0.0,37,0,1956,0
777,bearing,federated,6,vae,K003,172,37,37,1956,fuzzy_fault_only_hi75,0.0,0.0,0.0,0.0,0.5,0.9814350225790266,0.0,0.0,0.0,0.0,1.0,0.0,0.0,0.0,0.0,37,0,1956,0
777,bearing,federated,6,vae,K004,171,37,36,1956,hard_val_p95,0.0,0.0,0.0,0.0,0.5,0.9819277108433735,0.0,0.0,0.0,0.0,1.0,0.0,0.0,0.0,0.0,36,0,1956,0
777,bearing,federated,6,vae,K004,171,37,36,1956,fuzzy_warning_as_alarm_hi50,0.0,0.0,0.0,0.0,0.5,0.9819277108433735,0.0,0.0,0.0,0.0,1.0,0.0,0.0,0.0,0.0,36,0,1956,0
777,bearing,federated,6,vae,K004,171,37,36,1956,fuzzy_fault_only_hi75,0.0,0.0,0.0,0.0,0.5,0.9819277108433735,0.0,0.0,0.0,0.0,1.0,0.0,0.0,0.0,0.0,36,0,1956,0
777,bearing,federated,6,vae,K005,172,37,36,1956,hard_val_p95,0.0,0.0,0.0,0.0,0.5,0.9819277108433735,0.0,0.0,0.0,0.0,1.0,0.0,0.0,0.0,0.0,36,0,1956,0
777,bearing,federated,6,vae,K005,172,37,36,1956,fuzzy_warning_as_alarm_hi50,0.0,0.0,0.0,0.0,0.5,0.9819277108433735,0.0,0.0,0.0,0.0,1.0,0.0,0.0,0.0,0.0,36,0,1956,0
777,bearing,federated,6,vae,K005,172,37,36,1956,fuzzy_fault_only_hi75,0.0,0.0,0.0,0.0,0.5,0.9819277108433735,0.0,0.0,0.0,0.0,1.0,0.0,0.0,0.0,0.0,36,0,1956,0
777,bearing,federated,6,vae,K006,171,37,36,1956,hard_val_p95,0.0,0.0,0.0,0.0,0.5,0.9819277108433735,0.0,0.0,0.0,0.0,1.0,0.0,0.0,0.0,0.0,36,0,1956,0
777,bearing,federated,6,vae,K006,171,37,36,1956,fuzzy_warning_as_alarm_hi50,0.0,0.0,0.0,0.0,0.5,0.9819277108433735,0.0,0.0,0.0,0.0,1.0,0.0,0.0,0.0,0.0,36,0,1956,0
777,bearing,federated,6,vae,K006,171,37,36,1956,fuzzy_fault_only_hi75,0.0,0.0,0.0,0.0,0.5,0.9819277108433735,0.0,0.0,0.0,0.0,1.0,0.0,0.0,0.0,0.0,36,0,1956,0
777,bearing,federated,7,vae,K001,172,37,36,1956,hard_val_p95,0.0,0.0,0.0,0.0,0.5,0.9819277108433735,0.0,0.0,0.0,0.0,1.0,0.0,0.0,0.0,0.0,36,0,1956,0
777,bearing,federated,7,vae,K001,172,37,36,1956,fuzzy_warning_as_alarm_hi50,0.0,0.0,0.0,0.0,0.5,0.9819277108433735,0.0,0.0,0.0,0.0,1.0,0.0,0.0,0.0,0.0,36,0,1956,0
777,bearing,federated,7,vae,K001,172,37,36,1956,fuzzy_fault_only_hi75,0.0,0.0,0.0,0.0,0.5,0.9819277108433735,0.0,0.0,0.0,0.0,1.0,0.0,0.0,0.0,0.0,36,0,1956,0
777,bearing,federated,7,vae,K002,172,37,36,1956,hard_val_p95,0.0,0.0,0.0,0.0,0.5,0.9819277108433735,0.0,0.0,0.0,0.0,1.0,0.0,0.0,0.0,0.0,36,0,1956,0
777,bearing,federated,7,vae,K002,172,37,36,1956,fuzzy_warning_as_alarm_hi50,0.0,0.0,0.0,0.0,0.5,0.9819277108433735,0.0,0.0,0.0,0.0,1.0,0.0,0.0,0.0,0.0,36,0,1956,0
777,bearing,federated,7,vae,K002,172,37,36,1956,fuzzy_fault_only_hi75,0.0,0.0,0.0,0.0,0.5,0.9819277108433735,0.0,0.0,0.0,0.0,1.0,0.0,0.0,0.0,0.0,36,0,1956,0
777,bearing,federated,7,vae,K003,172,37,37,1956,hard_val_p95,0.0,0.0,0.0,0.0,0.5,0.9814350225790266,0.0,0.0,0.0,0.0,1.0,0.0,0.0,0.0,0.0,37,0,1956,0
777,bearing,federated,7,vae,K003,172,37,37,1956,fuzzy_warning_as_alarm_hi50,0.0,0.0,0.0,0.0,0.5,0.9814350225790266,0.0,0.0,0.0,0.0,1.0,0.0,0.0,0.0,0.0,37,0,1956,0
777,bearing,federated,7,vae,K003,172,37,37,1956,fuzzy_fault_only_hi75,0.0,0.0,0.0,0.0,0.5,0.9814350225790266,0.0,0.0,0.0,0.0,1.0,0.0,0.0,0.0,0.0,37,0,1956,0
777,bearing,federated,7,vae,K004,171,37,36,1956,hard_val_p95,0.0,0.0,0.0,0.0,0.5,0.9819277108433735,0.0,0.0,0.0,0.0,1.0,0.0,0.0,0.0,0.0,36,0,1956,0
777,bearing,federated,7,vae,K004,171,37,36,1956,fuzzy_warning_as_alarm_hi50,0.0,0.0,0.0,0.0,0.5,0.9819277108433735,0.0,0.0,0.0,0.0,1.0,0.0,0.0,0.0,0.0,36,0,1956,0
777,bearing,federated,7,vae,K004,171,37,36,1956,fuzzy_fault_only_hi75,0.0,0.0,0.0,0.0,0.5,0.9819277108433735,0.0,0.0,0.0,0.0,1.0,0.0,0.0,0.0,0.0,36,0,1956,0
777,bearing,federated,7,vae,K005,172,37,36,1956,hard_val_p95,0.0,0.0,0.0,0.0,0.5,0.9819277108433735,0.0,0.0,0.0,0.0,1.0,0.0,0.0,0.0,0.0,36,0,1956,0
777,bearing,federated,7,vae,K005,172,37,36,1956,fuzzy_warning_as_alarm_hi50,0.0,0.0,0.0,0.0,0.5,0.9819277108433735,0.0,0.0,0.0,0.0,1.0,0.0,0.0,0.0,0.0,36,0,1956,0
777,bearing,federated,7,vae,K005,172,37,36,1956,fuzzy_fault_only_hi75,0.0,0.0,0.0,0.0,0.5,0.9819277108433735,0.0,0.0,0.0,0.0,1.0,0.0,0.0,0.0,0.0,36,0,1956,0
777,bearing,federated,7,vae,K006,171,37,36,1956,hard_val_p95,0.0,0.0,0.0,0.0,0.5,0.9819277108433735,0.0,0.0,0.0,0.0,1.0,0.0,0.0,0.0,0.0,36,0,1956,0
777,bearing,federated,7,vae,K006,171,37,36,1956,fuzzy_warning_as_alarm_hi50,0.0,0.0,0.0,0.0,0.5,0.9819277108433735,0.0,0.0,0.0,0.0,1.0,0.0,0.0,0.0,0.0,36,0,1956,0
777,bearing,federated,7,vae,K006,171,37,36,1956,fuzzy_fault_only_hi75,0.0,0.0,0.0,0.0,0.5,0.9819277108433735,0.0,0.0,0.0,0.0,1.0,0.0,0.0,0.0,0.0,36,0,1956,0
777,bearing,federated,8,vae,K001,172,37,36,1956,hard_val_p95,0.0,0.0,0.0,0.0,0.5,0.9819277108433735,0.0,0.0,0.0,0.0,1.0,0.0,0.0,0.0,0.0,36,0,1956,0
777,bearing,federated,8,vae,K001,172,37,36,1956,fuzzy_warning_as_alarm_hi50,0.0,0.0,0.0,0.0,0.5,0.9819277108433735,0.0,0.0,0.0,0.0,1.0,0.0,0.0,0.0,0.0,36,0,1956,0
777,bearing,federated,8,vae,K001,172,37,36,1956,fuzzy_fault_only_hi75,0.0,0.0,0.0,0.0,0.5,0.9819277108433735,0.0,0.0,0.0,0.0,1.0,0.0,0.0,0.0,0.0,36,0,1956,0
777,bearing,federated,8,vae,K002,172,37,36,1956,hard_val_p95,0.0,0.0,0.0,0.0,0.5,0.9819277108433735,0.0,0.0,0.0,0.0,1.0,0.0,0.0,0.0,0.0,36,0,1956,0
777,bearing,federated,8,vae,K002,172,37,36,1956,fuzzy_warning_as_alarm_hi50,0.0,0.0,0.0,0.0,0.5,0.9819277108433735,0.0,0.0,0.0,0.0,1.0,0.0,0.0,0.0,0.0,36,0,1956,0
777,bearing,federated,8,vae,K002,172,37,36,1956,fuzzy_fault_only_hi75,0.0,0.0,0.0,0.0,0.5,0.9819277108433735,0.0,0.0,0.0,0.0,1.0,0.0,0.0,0.0,0.0,36,0,1956,0
777,bearing,federated,8,vae,K003,172,37,37,1956,hard_val_p95,0.0,0.0,0.0,0.0,0.5,0.9814350225790266,0.0,0.0,0.0,0.0,1.0,0.0,0.0,0.0,0.0,37,0,1956,0
777,bearing,federated,8,vae,K003,172,37,37,1956,fuzzy_warning_as_alarm_hi50,0.0,0.0,0.0,0.0,0.5,0.9814350225790266,0.0,0.0,0.0,0.0,1.0,0.0,0.0,0.0,0.0,37,0,1956,0
777,bearing,federated,8,vae,K003,172,37,37,1956,fuzzy_fault_only_hi75,0.0,0.0,0.0,0.0,0.5,0.9814350225790266,0.0,0.0,0.0,0.0,1.0,0.0,0.0,0.0,0.0,37,0,1956,0
777,bearing,federated,8,vae,K004,171,37,36,1956,hard_val_p95,0.0,0.0,0.0,0.0,0.5,0.9819277108433735,0.0,0.0,0.0,0.0,1.0,0.0,0.0,0.0,0.0,36,0,1956,0
777,bearing,federated,8,vae,K004,171,37,36,1956,fuzzy_warning_as_alarm_hi50,0.0,0.0,0.0,0.0,0.5,0.9819277108433735,0.0,0.0,0.0,0.0,1.0,0.0,0.0,0.0,0.0,36,0,1956,0
777,bearing,federated,8,vae,K004,171,37,36,1956,fuzzy_fault_only_hi75,0.0,0.0,0.0,0.0,0.5,0.9819277108433735,0.0,0.0,0.0,0.0,1.0,0.0,0.0,0.0,0.0,36,0,1956,0
777,bearing,federated,8,vae,K005,172,37,36,1956,hard_val_p95,0.0,0.0,0.0,0.0,0.5,0.9819277108433735,0.0,0.0,0.0,0.0,1.0,0.0,0.0,0.0,0.0,36,0,1956,0
777,bearing,federated,8,vae,K005,172,37,36,1956,fuzzy_warning_as_alarm_hi50,0.0,0.0,0.0,0.0,0.5,0.9819277108433735,0.0,0.0,0.0,0.0,1.0,0.0,0.0,0.0,0.0,36,0,1956,0
777,bearing,federated,8,vae,K005,172,37,36,1956,fuzzy_fault_only_hi75,0.0,0.0,0.0,0.0,0.5,0.9819277108433735,0.0,0.0,0.0,0.0,1.0,0.0,0.0,0.0,0.0,36,0,1956,0
777,bearing,federated,8,vae,K006,171,37,36,1956,hard_val_p95,0.0,0.0,0.0,0.0,0.5,0.9819277108433735,0.0,0.0,0.0,0.0,1.0,0.0,0.0,0.0,0.0,36,0,1956,0
777,bearing,federated,8,vae,K006,171,37,36,1956,fuzzy_warning_as_alarm_hi50,0.0,0.0,0.0,0.0,0.5,0.9819277108433735,0.0,0.0,0.0,0.0,1.0,0.0,0.0,0.0,0.0,36,0,1956,0
777,bearing,federated,8,vae,K006,171,37,36,1956,fuzzy_fault_only_hi75,0.0,0.0,0.0,0.0,0.5,0.9819277108433735,0.0,0.0,0.0,0.0,1.0,0.0,0.0,0.0,0.0,36,0,1956,0
777,bearing,federated,9,vae,K001,172,37,36,1956,hard_val_p95,0.0,0.0,0.0,0.0,0.5,0.9819277108433735,0.0,0.0,0.0,0.0,1.0,0.0,0.0,0.0,0.0,36,0,1956,0
777,bearing,federated,9,vae,K001,172,37,36,1956,fuzzy_warning_as_alarm_hi50,0.0,0.0,0.0,0.0,0.5,0.9819277108433735,0.0,0.0,0.0,0.0,1.0,0.0,0.0,0.0,0.0,36,0,1956,0
777,bearing,federated,9,vae,K001,172,37,36,1956,fuzzy_fault_only_hi75,0.0,0.0,0.0,0.0,0.5,0.9819277108433735,0.0,0.0,0.0,0.0,1.0,0.0,0.0,0.0,0.0,36,0,1956,0
777,bearing,federated,9,vae,K002,172,37,36,1956,hard_val_p95,0.0,0.0,0.0,0.0,0.5,0.9819277108433735,0.0,0.0,0.0,0.0,1.0,0.0,0.0,0.0,0.0,36,0,1956,0
777,bearing,federated,9,vae,K002,172,37,36,1956,fuzzy_warning_as_alarm_hi50,0.0,0.0,0.0,0.0,0.5,0.9819277108433735,0.0,0.0,0.0,0.0,1.0,0.0,0.0,0.0,0.0,36,0,1956,0
777,bearing,federated,9,vae,K002,172,37,36,1956,fuzzy_fault_only_hi75,0.0,0.0,0.0,0.0,0.5,0.9819277108433735,0.0,0.0,0.0,0.0,1.0,0.0,0.0,0.0,0.0,36,0,1956,0
777,bearing,federated,9,vae,K003,172,37,37,1956,hard_val_p95,0.0,0.0,0.0,0.0,0.5,0.9814350225790266,0.0,0.0,0.0,0.0,1.0,0.0,0.0,0.0,0.0,37,0,1956,0
777,bearing,federated,9,vae,K003,172,37,37,1956,fuzzy_warning_as_alarm_hi50,0.0,0.0,0.0,0.0,0.5,0.9814350225790266,0.0,0.0,0.0,0.0,1.0,0.0,0.0,0.0,0.0,37,0,1956,0
777,bearing,federated,9,vae,K003,172,37,37,1956,fuzzy_fault_only_hi75,0.0,0.0,0.0,0.0,0.5,0.9814350225790266,0.0,0.0,0.0,0.0,1.0,0.0,0.0,0.0,0.0,37,0,1956,0
777,bearing,federated,9,vae,K004,171,37,36,1956,hard_val_p95,0.0,0.0,0.0,0.0,0.5,0.9819277108433735,0.0,0.0,0.0,0.0,1.0,0.0,0.0,0.0,0.0,36,0,1956,0
777,bearing,federated,9,vae,K004,171,37,36,1956,fuzzy_warning_as_alarm_hi50,0.0,0.0,0.0,0.0,0.5,0.9819277108433735,0.0,0.0,0.0,0.0,1.0,0.0,0.0,0.0,0.0,36,0,1956,0
777,bearing,federated,9,vae,K004,171,37,36,1956,fuzzy_fault_only_hi75,0.0,0.0,0.0,0.0,0.5,0.9819277108433735,0.0,0.0,0.0,0.0,1.0,0.0,0.0,0.0,0.0,36,0,1956,0
777,bearing,federated,9,vae,K005,172,37,36,1956,hard_val_p95,0.0,0.0,0.0,0.0,0.5,0.9819277108433735,0.0,0.0,0.0,0.0,1.0,0.0,0.0,0.0,0.0,36,0,1956,0
777,bearing,federated,9,vae,K005,172,37,36,1956,fuzzy_warning_as_alarm_hi50,0.0,0.0,0.0,0.0,0.5,0.9819277108433735,0.0,0.0,0.0,0.0,1.0,0.0,0.0,0.0,0.0,36,0,1956,0
777,bearing,federated,9,vae,K005,172,37,36,1956,fuzzy_fault_only_hi75,0.0,0.0,0.0,0.0,0.5,0.9819277108433735,0.0,0.0,0.0,0.0,1.0,0.0,0.0,0.0,0.0,36,0,1956,0
777,bearing,federated,9,vae,K006,171,37,36,1956,hard_val_p95,0.0,0.0,0.0,0.0,0.5,0.9819277108433735,0.0,0.0,0.0,0.0,1.0,0.0,0.0,0.0,0.0,36,0,1956,0
777,bearing,federated,9,vae,K006,171,37,36,1956,fuzzy_warning_as_alarm_hi50,0.0,0.0,0.0,0.0,0.5,0.9819277108433735,0.0,0.0,0.0,0.0,1.0,0.0,0.0,0.0,0.0,36,0,1956,0
777,bearing,federated,9,vae,K006,171,37,36,1956,fuzzy_fault_only_hi75,0.0,0.0,0.0,0.0,0.5,0.9819277108433735,0.0,0.0,0.0,0.0,1.0,0.0,0.0,0.0,0.0,36,0,1956,0
777,bearing,federated,10,vae,K001,172,37,36,1956,hard_val_p95,0.0,0.0,0.0,0.0,0.5,0.9819277108433735,0.0,0.0,0.0,0.0,1.0,0.0,0.0,0.0,0.0,36,0,1956,0
777,bearing,federated,10,vae,K001,172,37,36,1956,fuzzy_warning_as_alarm_hi50,0.0,0.0,0.0,0.0,0.5,0.9819277108433735,0.0,0.0,0.0,0.0,1.0,0.0,0.0,0.0,0.0,36,0,1956,0
777,bearing,federated,10,vae,K001,172,37,36,1956,fuzzy_fault_only_hi75,0.0,0.0,0.0,0.0,0.5,0.9819277108433735,0.0,0.0,0.0,0.0,1.0,0.0,0.0,0.0,0.0,36,0,1956,0
777,bearing,federated,10,vae,K002,172,37,36,1956,hard_val_p95,0.0,0.0,0.0,0.0,0.5,0.9819277108433735,0.0,0.0,0.0,0.0,1.0,0.0,0.0,0.0,0.0,36,0,1956,0
777,bearing,federated,10,vae,K002,172,37,36,1956,fuzzy_warning_as_alarm_hi50,0.0,0.0,0.0,0.0,0.5,0.9819277108433735,0.0,0.0,0.0,0.0,1.0,0.0,0.0,0.0,0.0,36,0,1956,0
777,bearing,federated,10,vae,K002,172,37,36,1956,fuzzy_fault_only_hi75,0.0,0.0,0.0,0.0,0.5,0.9819277108433735,0.0,0.0,0.0,0.0,1.0,0.0,0.0,0.0,0.0,36,0,1956,0
777,bearing,federated,10,vae,K003,172,37,37,1956,hard_val_p95,0.0,0.0,0.0,0.0,0.5,0.9814350225790266,0.0,0.0,0.0,0.0,1.0,0.0,0.0,0.0,0.0,37,0,1956,0
777,bearing,federated,10,vae,K003,172,37,37,1956,fuzzy_warning_as_alarm_hi50,0.0,0.0,0.0,0.0,0.5,0.9814350225790266,0.0,0.0,0.0,0.0,1.0,0.0,0.0,0.0,0.0,37,0,1956,0
777,bearing,federated,10,vae,K003,172,37,37,1956,fuzzy_fault_only_hi75,0.0,0.0,0.0,0.0,0.5,0.9814350225790266,0.0,0.0,0.0,0.0,1.0,0.0,0.0,0.0,0.0,37,0,1956,0
777,bearing,federated,10,vae,K004,171,37,36,1956,hard_val_p95,0.0,0.0,0.0,0.0,0.5,0.9819277108433735,0.0,0.0,0.0,0.0,1.0,0.0,0.0,0.0,0.0,36,0,1956,0
777,bearing,federated,10,vae,K004,171,37,36,1956,fuzzy_warning_as_alarm_hi50,0.0,0.0,0.0,0.0,0.5,0.9819277108433735,0.0,0.0,0.0,0.0,1.0,0.0,0.0,0.0,0.0,36,0,1956,0
777,bearing,federated,10,vae,K004,171,37,36,1956,fuzzy_fault_only_hi75,0.0,0.0,0.0,0.0,0.5,0.9819277108433735,0.0,0.0,0.0,0.0,1.0,0.0,0.0,0.0,0.0,36,0,1956,0
777,bearing,federated,10,vae,K005,172,37,36,1956,hard_val_p95,0.0,0.0,0.0,0.0,0.5,0.9819277108433735,0.0,0.0,0.0,0.0,1.0,0.0,0.0,0.0,0.0,36,0,1956,0
777,bearing,federated,10,vae,K005,172,37,36,1956,fuzzy_warning_as_alarm_hi50,0.0,0.0,0.0,0.0,0.5,0.9819277108433735,0.0,0.0,0.0,0.0,1.0,0.0,0.0,0.0,0.0,36,0,1956,0
777,bearing,federated,10,vae,K005,172,37,36,1956,fuzzy_fault_only_hi75,0.0,0.0,0.0,0.0,0.5,0.9819277108433735,0.0,0.0,0.0,0.0,1.0,0.0,0.0,0.0,0.0,36,0,1956,0
777,bearing,federated,10,vae,K006,171,37,36,1956,hard_val_p95,0.0,0.0,0.0,0.0,0.5,0.9819277108433735,0.0,0.0,0.0,0.0,1.0,0.0,0.0,0.0,0.0,36,0,1956,0
777,bearing,federated,10,vae,K006,171,37,36,1956,fuzzy_warning_as_alarm_hi50,0.0,0.0,0.0,0.0,0.5,0.9819277108433735,0.0,0.0,0.0,0.0,1.0,0.0,0.0,0.0,0.0,36,0,1956,0
777,bearing,federated,10,vae,K006,171,37,36,1956,fuzzy_fault_only_hi75,0.0,0.0,0.0,0.0,0.5,0.9819277108433735,0.0,0.0,0.0,0.0,1.0,0.0,0.0,0.0,0.0,36,0,1956,0
42,condition,local-only,10,cnn-ae,N09_M07_F10,256,55,55,1956,hard_val_p95,1.0025408267974854,1.0034659385681153,1.00361967086792,1.0043371629714966,0.5006878601970627,0.9728952799805843,0.9815668202764977,0.10889570552147239,0.1960423377818684,0.07272727272727272,0.8911042944785276,0.07956240676280457,0.1255329980228245,0.13561130173677802,0.010078303713953518,51,4,1743,213
42,condition,local-only,10,cnn-ae,N09_M07_F10,256,55,55,1956,fuzzy_warning_as_alarm_hi50,1.0025408267974854,1.0034659385681153,1.00361967086792,1.0043371629714966,0.5006878601970627,0.9728952799805843,0.9815668202764977,0.10889570552147239,0.1960423377818684,0.07272727272727272,0.8911042944785276,0.07956240676280457,0.1255329980228245,0.13561130173677802,0.010078303713953518,51,4,1743,213
42,condition,local-only,10,cnn-ae,N09_M07_F10,256,55,55,1956,fuzzy_fault_only_hi75,1.0025408267974854,1.0034659385681153,1.00361967086792,1.0043371629714966,0.5006878601970627,0.9728952799805843,0.9642857142857143,0.05521472392638037,0.10444874274661509,0.07272727272727272,0.9447852760736196,0.07956240676280457,0.1255329980228245,0.13561130173677802,0.010078303713953518,51,4,1848,108
42,condition,local-only,10,cnn-ae,N15_M01_F10,258,55,56,1956,hard_val_p95,1.0020732879638672,1.0071394443511963,1.0078295946121216,1.0103305864334107,0.4345420683610868,0.9736818653865115,0.9811320754716981,0.1329243353783231,0.23412877082395317,0.08928571428571429,0.8670756646216768,0.03827037773359841,0.13493791305043537,0.15352661380638064,0.018588700755945264,51,5,1696,260
42,condition,local-only,10,cnn-ae,N15_M01_F10,258,55,56,1956,fuzzy_warning_as_alarm_hi50,1.0020732879638672,1.0071394443511963,1.0078295946121216,1.0103305864334107,0.4345420683610868,0.9736818653865115,0.9811320754716981,0.1329243353783231,0.23412877082395317,0.08928571428571429,0.8670756646216768,0.03827037773359841,0.13493791305043537,0.15352661380638064,0.018588700755945264,51,5,1696,260
42,condition,local-only,10,cnn-ae,N15_M01_F10,258,55,56,1956,fuzzy_fault_only_hi75,1.0020732879638672,1.0071394443511963,1.0078295946121216,1.0103305864334107,0.4345420683610868,0.9736818653865115,0.9861111111111112,0.10889570552147239,0.19613259668508287,0.05357142857142857,0.8911042944785276,0.03827037773359841,0.13493791305043537,0.15352661380638064,0.018588700755945264,53,3,1743,213
42,condition,local-only,10,cnn-ae,N15_M07_F04,258,55,55,1956,hard_val_p95,1.0003972053527832,1.008367919921875,1.009281039237976,1.0116755151748658,0.45237962446551405,0.9737189323133209,0.9898648648648649,0.1497955010224949,0.2602131438721137,0.05454545454545454,0.8502044989775052,0.0382894082545997,0.13387737078381376,0.17847656363928624,0.04459919285547248,52,3,1663,293
42,condition,local-only,10,cnn-ae,N15_M07_F04,258,55,55,1956,fuzzy_warning_as_alarm_hi50,1.0003972053527832,1.008367919921875,1.009281039237976,1.0116755151748658,0.45237962446551405,0.9737189323133209,0.9898648648648649,0.1497955010224949,0.2602131438721137,0.05454545454545454,0.8502044989775052,0.0382894082545997,0.13387737078381376,0.17847656363928624,0.04459919285547248,52,3,1663,293
42,condition,local-only,10,cnn-ae,N15_M07_F04,258,55,55,1956,fuzzy_fault_only_hi75,1.0003972053527832,1.008367919921875,1.009281039237976,1.0116755151748658,0.45237962446551405,0.9737189323133209,0.9921875,0.12985685071574643,0.22965641952983726,0.03636363636363636,0.8701431492842536,0.0382894082545997,0.13387737078381376,0.17847656363928624,0.04459919285547248,53,2,1702,254
42,condition,local-only,10,cnn-ae,N15_M07_F10,256,55,55,1956,hard_val_p95,1.0002708435058594,1.0063645362854003,1.0072323203086853,1.0078617596626283,0.4405372745863544,0.9738239584637145,0.9932885906040269,0.07566462167689161,0.14061757719714965,0.01818181818181818,0.9243353783231084,0.03679761312779711,0.10104441148313124,0.12130205673088107,0.020257645247749825,54,1,1808,148
42,condition,local-only,10,cnn-ae,N15_M07_F10,256,55,55,1956,fuzzy_warning_as_alarm_hi50,1.0002708435058594,1.0063645362854003,1.0072323203086853,1.0078617596626283,0.4405372745863544,0.9738239584637145,0.9932885906040269,0.07566462167689161,0.14061757719714965,0.01818181818181818,0.9243353783231084,0.03679761312779711,0.10104441148313124,0.12130205673088107,0.020257645247749825,54,1,1808,148
42,condition,local-only,10,cnn-ae,N15_M07_F10,256,55,55,1956,fuzzy_fault_only_hi75,1.0002708435058594,1.0063645362854003,1.0072323203086853,1.0078617596626283,0.4405372745863544,0.9738239584637145,0.9923076923076923,0.06595092024539877,0.1236816874400767,0.01818181818181818,0.9340490797546013,0.03679761312779711,0.10104441148313124,0.12130205673088107,0.020257645247749825,54,1,1827,129
42,condition,centralized,20,cnn-ae,N09_M07_F10,256,55,55,1956,hard_val_p95,1.0056424140930176,1.020103883743286,1.022690224647522,1.0247663831710816,0.21618795315114336,0.9525563752247505,0.14285714285714285,0.0005112474437627812,0.0010188487009679063,0.10909090909090909,0.9994887525562373,0.004972650422675286,0.18745912763229966,0.005716842597761971,-0.18174228503453768,49,6,1955,1
42,condition,centralized,20,cnn-ae,N09_M07_F10,256,55,55,1956,fuzzy_warning_as_alarm_hi50,1.0056424140930176,1.020103883743286,1.022690224647522,1.0247663831710816,0.21618795315114336,0.9525563752247505,0.14285714285714285,0.0005112474437627812,0.0010188487009679063,0.10909090909090909,0.9994887525562373,0.004972650422675286,0.18745912763229966,0.005716842597761971,-0.18174228503453768,49,6,1955,1
42,condition,centralized,20,cnn-ae,N09_M07_F10,256,55,55,1956,fuzzy_fault_only_hi75,1.0056424140930176,1.020103883743286,1.022690224647522,1.0247663831710816,0.21618795315114336,0.9525563752247505,0.25,0.0005112474437627812,0.0010204081632653062,0.05454545454545454,0.9994887525562373,0.004972650422675286,0.18745912763229966,0.005716842597761971,-0.18174228503453768,52,3,1955,1
42,condition,centralized,20,cnn-ae,N15_M01_F10,258,55,56,1956,hard_val_p95,1.0000994205474854,1.0011095523834228,1.0012718796730042,1.002232370376587,0.503925650014607,0.9784471663809219,0.9908045977011494,0.22034764826175868,0.3605186114596403,0.07142857142857142,0.7796523517382413,0.05765407554671968,0.10202773635570003,0.21971213684708482,0.11768440049138479,52,4,1525,431
42,condition,centralized,20,cnn-ae,N15_M01_F10,258,55,56,1956,fuzzy_warning_as_alarm_hi50,1.0000994205474854,1.0011095523834228,1.0012718796730042,1.002232370376587,0.503925650014607,0.9784471663809219,0.9908045977011494,0.22034764826175868,0.3605186114596403,0.07142857142857142,0.7796523517382413,0.05765407554671968,0.10202773635570003,0.21971213684708482,0.11768440049138479,52,4,1525,431
42,condition,centralized,20,cnn-ae,N15_M01_F10,258,55,56,1956,fuzzy_fault_only_hi75,1.0000994205474854,1.0011095523834228,1.0012718796730042,1.002232370376587,0.503925650014607,0.9784471663809219,0.9913544668587896,0.17586912065439672,0.29874077290490664,0.05357142857142857,0.8241308793456033,0.05765407554671968,0.10202773635570003,0.21971213684708482,0.11768440049138479,53,3,1612,344
42,condition,centralized,20,cnn-ae,N15_M07_F04,258,55,55,1956,hard_val_p95,1.0000324249267578,1.0012052059173584,1.001773750782013,1.0029498863220214,0.4946644357687303,0.9761606635702004,0.9912023460410557,0.17280163599182005,0.2942969090117545,0.05454545454545454,0.8271983640081799,0.07956240676280457,0.11459163835346038,0.18934333015039567,0.07475169179693529,52,3,1618,338
42,condition,centralized,20,cnn-ae,N15_M07_F04,258,55,55,1956,fuzzy_warning_as_alarm_hi50,1.0000324249267578,1.0012052059173584,1.001773750782013,1.0029498863220214,0.4946644357687303,0.9761606635702004,0.9912023460410557,0.17280163599182005,0.2942969090117545,0.05454545454545454,0.8271983640081799,0.07956240676280457,0.11459163835346038,0.18934333015039567,0.07475169179693529,52,3,1618,338
42,condition,centralized,20,cnn-ae,N15_M07_F04,258,55,55,1956,fuzzy_fault_only_hi75,1.0000324249267578,1.0012052059173584,1.001773750782013,1.0029498863220214,0.4946644357687303,0.9761606635702004,0.9886363636363636,0.1334355828220859,0.23513513513513515,0.05454545454545454,0.8665644171779141,0.07956240676280457,0.11459163835346038,0.18934333015039567,0.07475169179693529,52,3,1695,261
42,condition,centralized,20,cnn-ae,N15_M07_F10,256,55,55,1956,hard_val_p95,1.0000388622283936,1.0007951736450196,1.0009792804718018,1.0027278876304626,0.5175869120654397,0.9785188799254273,0.9898373983739838,0.24897750511247443,0.397875816993464,0.09090909090909091,0.7510224948875256,0.09547488811536549,0.12599763471592515,0.23192551715968474,0.10592788244375959,50,5,1469,487
42,condition,centralized,20,cnn-ae,N15_M07_F10,256,55,55,1956,fuzzy_warning_as_alarm_hi50,1.0000388622283936,1.0007951736450196,1.0009792804718018,1.0027278876304626,0.5175869120654397,0.9785188799254273,0.9898373983739838,0.24897750511247443,0.397875816993464,0.09090909090909091,0.7510224948875256,0.09547488811536549,0.12599763471592515,0.23192551715968474,0.10592788244375959,50,5,1469,487
42,condition,centralized,20,cnn-ae,N15_M07_F10,256,55,55,1956,fuzzy_fault_only_hi75,1.0000388622283936,1.0007951736450196,1.0009792804718018,1.0027278876304626,0.5175869120654397,0.9785188799254273,0.9939024390243902,0.16666666666666666,0.28546409807355516,0.03636363636363636,0.8333333333333334,0.09547488811536549,0.12599763471592515,0.23192551715968474,0.10592788244375959,53,2,1630,326
42,condition,federated,1,cnn-ae,N09_M07_F10,256,55,55,1956,hard_val_p95,1.0100399255752563,1.0129122257232666,1.0133160591125487,1.013538007736206,0.39932608291503996,0.9606344227610866,0.6666666666666666,0.0010224948875255625,0.002041858090862685,0.01818181818181818,0.9989775051124744,0.0034808552958727,0.08019272135397798,0.03168393858600742,-0.04850878276797056,54,1,1954,2
42,condition,federated,1,cnn-ae,N09_M07_F10,256,55,55,1956,fuzzy_warning_as_alarm_hi50,1.0100399255752563,1.0129122257232666,1.0133160591125487,1.013538007736206,0.39932608291503996,0.9606344227610866,0.6666666666666666,0.0010224948875255625,0.002041858090862685,0.01818181818181818,0.9989775051124744,0.0034808552958727,0.08019272135397798,0.03168393858600742,-0.04850878276797056,54,1,1954,2
42,condition,federated,1,cnn-ae,N09_M07_F10,256,55,55,1956,fuzzy_fault_only_hi75,1.0100399255752563,1.0129122257232666,1.0133160591125487,1.013538007736206,0.39932608291503996,0.9606344227610866,0.5,0.0005112474437627812,0.0010214504596527069,0.01818181818181818,0.9994887525562373,0.0034808552958727,0.08019272135397798,0.03168393858600742,-0.04850878276797056,54,1,1955,1
42,condition,federated,1,cnn-ae,N15_M01_F10,258,55,56,1956,hard_val_p95,1.0090641975402832,1.011220121383667,1.0116148948669434,1.0126352286338807,0.5124388328951213,0.9727373525320131,0.9682539682539683,0.06237218813905931,0.11719500480307397,0.07142857142857142,0.9376278118609407,0.06709741550695825,0.11531513808353291,0.11762995490260003,0.002314816819067117,52,4,1834,122
42,condition,federated,1,cnn-ae,N15_M01_F10,258,55,56,1956,fuzzy_warning_as_alarm_hi50,1.0090641975402832,1.011220121383667,1.0116148948669434,1.0126352286338807,0.5124388328951213,0.9727373525320131,0.9682539682539683,0.06237218813905931,0.11719500480307397,0.07142857142857142,0.9376278118609407,0.06709741550695825,0.11531513808353291,0.11762995490260003,0.002314816819067117,52,4,1834,122
42,condition,federated,1,cnn-ae,N15_M01_F10,258,55,56,1956,fuzzy_fault_only_hi75,1.0090641975402832,1.011220121383667,1.0116148948669434,1.0126352286338807,0.5124388328951213,0.9727373525320131,0.9642857142857143,0.027607361963190184,0.0536779324055666,0.03571428571428571,0.9723926380368099,0.06709741550695825,0.11531513808353291,0.11762995490260003,0.002314816819067117,54,2,1902,54
42,condition,federated,1,cnn-ae,N15_M07_F04,258,55,55,1956,hard_val_p95,1.0092692375183105,1.011000657081604,1.0113832831382752,1.012147843837738,0.4957334076965979,0.9729620764302555,0.9770114942528736,0.0869120654396728,0.1596244131455399,0.07272727272727272,0.9130879345603272,0.07110890104425659,0.12604160444973295,0.13015755442823743,0.0041159499785044795,51,4,1786,170
42,condition,federated,1,cnn-ae,N15_M07_F04,258,55,55,1956,fuzzy_warning_as_alarm_hi50,1.0092692375183105,1.011000657081604,1.0113832831382752,1.012147843837738,0.4957334076965979,0.9729620764302555,0.9770114942528736,0.0869120654396728,0.1596244131455399,0.07272727272727272,0.9130879345603272,0.07110890104425659,0.12604160444973295,0.13015755442823743,0.0041159499785044795,51,4,1786,170
42,condition,federated,1,cnn-ae,N15_M07_F04,258,55,55,1956,fuzzy_fault_only_hi75,1.0092692375183105,1.011000657081604,1.0113832831382752,1.012147843837738,0.4957334076965979,0.9729620764302555,0.9797979797979798,0.04959100204498978,0.09440389294403893,0.03636363636363636,0.9504089979550102,0.07110890104425659,0.12604160444973295,0.13015755442823743,0.0041159499785044795,53,2,1859,97
42,condition,federated,1,cnn-ae,N15_M07_F10,256,55,55,1956,hard_val_p95,1.0094915628433228,1.0116599798202515,1.0121499300003052,1.012822241783142,0.5724484104852204,0.9783510762091172,1.0,0.026584867075664622,0.05179282868525897,0.0,0.9734151329243353,0.03679761312779711,0.037835077281688514,0.07535305466856294,0.03751797738687443,55,0,1904,52
42,condition,federated,1,cnn-ae,N15_M07_F10,256,55,55,1956,fuzzy_warning_as_alarm_hi50,1.0094915628433228,1.0116599798202515,1.0121499300003052,1.012822241783142,0.5724484104852204,0.9783510762091172,1.0,0.026584867075664622,0.05179282868525897,0.0,0.9734151329243353,0.03679761312779711,0.037835077281688514,0.07535305466856294,0.03751797738687443,55,0,1904,52
42,condition,federated,1,cnn-ae,N15_M07_F10,256,55,55,1956,fuzzy_fault_only_hi75,1.0094915628433228,1.0116599798202515,1.0121499300003052,1.012822241783142,0.5724484104852204,0.9783510762091172,1.0,0.013803680981595092,0.02723146747352496,0.0,0.9861963190184049,0.03679761312779711,0.037835077281688514,0.07535305466856294,0.03751797738687443,55,0,1929,27
42,condition,federated,2,cnn-ae,N09_M07_F10,256,55,55,1956,hard_val_p95,1.0654023885726929,1.085004711151123,1.087947130203247,1.0924858522415162,0.2550148726529095,0.9609841695230337,0.42857142857142855,0.0015337423312883436,0.003056546102903719,0.07272727272727272,0.9984662576687117,0.001989060169070114,0.1294770824318933,0.003115820141458275,-0.126361262290435,51,4,1953,3
42,condition,federated,2,cnn-ae,N09_M07_F10,256,55,55,1956,fuzzy_warning_as_alarm_hi50,1.0654023885726929,1.085004711151123,1.087947130203247,1.0924858522415162,0.2550148726529095,0.9609841695230337,0.42857142857142855,0.0015337423312883436,0.003056546102903719,0.07272727272727272,0.9984662576687117,0.001989060169070114,0.1294770824318933,0.003115820141458275,-0.126361262290435,51,4,1953,3
42,condition,federated,2,cnn-ae,N09_M07_F10,256,55,55,1956,fuzzy_fault_only_hi75,1.0654023885726929,1.085004711151123,1.087947130203247,1.0924858522415162,0.2550148726529095,0.9609841695230337,0.25,0.0005112474437627812,0.0010204081632653062,0.05454545454545454,0.9994887525562373,0.001989060169070114,0.1294770824318933,0.003115820141458275,-0.126361262290435,52,3,1955,1
42,condition,federated,2,cnn-ae,N15_M01_F10,258,55,56,1956,hard_val_p95,1.0138766765594482,1.030848002433777,1.0356085300445557,1.0467570328712463,0.4960926088226702,0.9789704581767937,0.993421052631579,0.23159509202453987,0.3756218905472637,0.05357142857142857,0.7684049079754601,0.05964214711729622,0.10209547219089281,0.23301870424316137,0.13092323205226858,53,3,1503,453
42,condition,federated,2,cnn-ae,N15_M01_F10,258,55,56,1956,fuzzy_warning_as_alarm_hi50,1.0138766765594482,1.030848002433777,1.0356085300445557,1.0467570328712463,0.4960926088226702,0.9789704581767937,0.993421052631579,0.23159509202453987,0.3756218905472637,0.05357142857142857,0.7684049079754601,0.05964214711729622,0.10209547219089281,0.23301870424316137,0.13092323205226858,53,3,1503,453
42,condition,federated,2,cnn-ae,N15_M01_F10,258,55,56,1956,fuzzy_fault_only_hi75,1.0138766765594482,1.030848002433777,1.0356085300445557,1.0467570328712463,0.4960926088226702,0.9789704581767937,0.9973474801061007,0.19222903885480572,0.32233176168024,0.017857142857142856,0.8077709611451943,0.05964214711729622,0.10209547219089281,0.23301870424316137,0.13092323205226858,55,1,1580,376
42,condition,federated,2,cnn-ae,N15_M07_F04,258,55,55,1956,hard_val_p95,1.0042475461959839,1.0346543312072753,1.0388384461402893,1.0475594425201415,0.4915597694738799,0.9774108410852131,0.9951219512195122,0.2085889570552147,0.3448858833474218,0.03636363636363636,0.7914110429447853,0.06066633515663849,0.1266976175875273,0.22510383898436392,0.09840622139683664,53,2,1548,408
42,condition,federated,2,cnn-ae,N15_M07_F04,258,55,55,1956,fuzzy_warning_as_alarm_hi50,1.0042475461959839,1.0346543312072753,1.0388384461402893,1.0475594425201415,0.4915597694738799,0.9774108410852131,0.9951219512195122,0.2085889570552147,0.3448858833474218,0.03636363636363636,0.7914110429447853,0.06066633515663849,0.1266976175875273,0.22510383898436392,0.09840622139683664,53,2,1548,408
42,condition,federated,2,cnn-ae,N15_M07_F04,258,55,55,1956,fuzzy_fault_only_hi75,1.0042475461959839,1.0346543312072753,1.0388384461402893,1.0475594425201415,0.4915597694738799,0.9774108410852131,0.9941860465116279,0.17484662576687116,0.29739130434782607,0.03636363636363636,0.8251533742331288,0.06066633515663849,0.1266976175875273,0.22510383898436392,0.09840622139683664,53,2,1614,342
42,condition,federated,2,cnn-ae,N15_M07_F10,256,55,55,1956,hard_val_p95,1.0036184787750244,1.0241225719451905,1.0318333864212037,1.041926259994507,0.4996746607176055,0.9785913024117601,0.9879759519038076,0.25204498977505113,0.4016293279022403,0.10909090909090909,0.7479550102249489,0.07210343112879164,0.1573745379664752,0.2678614116518074,0.1104868736853322,49,6,1463,493
42,condition,federated,2,cnn-ae,N15_M07_F10,256,55,55,1956,fuzzy_warning_as_alarm_hi50,1.0036184787750244,1.0241225719451905,1.0318333864212037,1.041926259994507,0.4996746607176055,0.9785913024117601,0.9879759519038076,0.25204498977505113,0.4016293279022403,0.10909090909090909,0.7479550102249489,0.07210343112879164,0.1573745379664752,0.2678614116518074,0.1104868736853322,49,6,1463,493
42,condition,federated,2,cnn-ae,N15_M07_F10,256,55,55,1956,fuzzy_fault_only_hi75,1.0036184787750244,1.0241225719451905,1.0318333864212037,1.041926259994507,0.4996746607176055,0.9785913024117601,0.9977116704805492,0.2229038854805726,0.36439615545340576,0.01818181818181818,0.7770961145194274,0.07210343112879164,0.1573745379664752,0.2678614116518074,0.1104868736853322,54,1,1520,436
42,condition,federated,3,cnn-ae,N09_M07_F10,256,55,55,1956,hard_val_p95,1.0087639093399048,1.154392385482788,1.164651834964752,1.1727097201347352,0.3738659602156535,0.9503318822374869,0.0,0.0,0.0,0.05454545454545454,1.0,0.000994530084535057,0.09919517603190006,0.012802587564779583,-0.08639258846712047,52,3,1956,0
42,condition,federated,3,cnn-ae,N09_M07_F10,256,55,55,1956,fuzzy_warning_as_alarm_hi50,1.0087639093399048,1.154392385482788,1.164651834964752,1.1727097201347352,0.3738659602156535,0.9503318822374869,0.0,0.0,0.0,0.05454545454545454,1.0,0.000994530084535057,0.09919517603190006,0.012802587564779583,-0.08639258846712047,52,3,1956,0
42,condition,federated,3,cnn-ae,N09_M07_F10,256,55,55,1956,fuzzy_fault_only_hi75,1.0087639093399048,1.154392385482788,1.164651834964752,1.1727097201347352,0.3738659602156535,0.9503318822374869,0.0,0.0,0.0,0.03636363636363636,1.0,0.000994530084535057,0.09919517603190006,0.012802587564779583,-0.08639258846712047,53,2,1956,0
42,condition,federated,3,cnn-ae,N15_M01_F10,258,55,56,1956,hard_val_p95,1.0006492137908936,1.0227887153625488,1.0275663614273072,1.0653227066993713,0.4967773152205668,0.9702149521999697,0.9494949494949495,0.09611451942740286,0.1745589600742804,0.17857142857142858,0.9038854805725971,0.07703777335984095,0.14396360766930846,0.10073553381657378,-0.04322807385273468,46,10,1768,188
42,condition,federated,3,cnn-ae,N15_M01_F10,258,55,56,1956,fuzzy_warning_as_alarm_hi50,1.0006492137908936,1.0227887153625488,1.0275663614273072,1.0653227066993713,0.4967773152205668,0.9702149521999697,0.9494949494949495,0.09611451942740286,0.1745589600742804,0.17857142857142858,0.9038854805725971,0.07703777335984095,0.14396360766930846,0.10073553381657378,-0.04322807385273468,46,10,1768,188
42,condition,federated,3,cnn-ae,N15_M01_F10,258,55,56,1956,fuzzy_fault_only_hi75,1.0006492137908936,1.0227887153625488,1.0275663614273072,1.0653227066993713,0.4967773152205668,0.9702149521999697,0.963855421686747,0.0408997955010225,0.0784698381559588,0.05357142857142857,0.9591002044989775,0.07703777335984095,0.14396360766930846,0.10073553381657378,-0.04322807385273468,53,3,1876,80
42,condition,federated,3,cnn-ae,N15_M07_F04,258,55,55,1956,hard_val_p95,1.0007450580596924,1.033823347091675,1.0475417494773864,1.065714566707611,0.5208588957055214,0.973021052855048,0.95,0.03885480572597137,0.07465618860510806,0.07272727272727272,0.9611451942740287,0.0417702635504724,0.06961505323004347,0.06546807826799589,-0.004146974962047578,51,4,1880,76
42,condition,federated,3,cnn-ae,N15_M07_F04,258,55,55,1956,fuzzy_warning_as_alarm_hi50,1.0007450580596924,1.033823347091675,1.0475417494773864,1.065714566707611,0.5208588957055214,0.973021052855048,0.95,0.03885480572597137,0.07465618860510806,0.07272727272727272,0.9611451942740287,0.0417702635504724,0.06961505323004347,0.06546807826799589,-0.004146974962047578,51,4,1880,76
42,condition,federated,3,cnn-ae,N15_M07_F04,258,55,55,1956,fuzzy_fault_only_hi75,1.0007450580596924,1.033823347091675,1.0475417494773864,1.065714566707611,0.5208588957055214,0.973021052855048,0.9795918367346939,0.024539877300613498,0.047880299251870324,0.01818181818181818,0.9754601226993865,0.0417702635504724,0.06961505323004347,0.06546807826799589,-0.004146974962047578,54,1,1908,48
42,condition,federated,3,cnn-ae,N15_M07_F10,256,55,55,1956,hard_val_p95,1.000868320465088,1.0136558532714843,1.0271932244300843,1.0455233764648437,0.47275051124744377,0.9702519301140581,0.9552238805970149,0.09815950920245399,0.1780250347705146,0.16363636363636364,0.901840490797546,0.08155146693187469,0.15084395322842836,0.11596862139348858,-0.03487533183493978,46,9,1764,192
42,condition,federated,3,cnn-ae,N15_M07_F10,256,55,55,1956,fuzzy_warning_as_alarm_hi50,1.000868320465088,1.0136558532714843,1.0271932244300843,1.0455233764648437,0.47275051124744377,0.9702519301140581,0.9552238805970149,0.09815950920245399,0.1780250347705146,0.16363636363636364,0.901840490797546,0.08155146693187469,0.15084395322842836,0.11596862139348858,-0.03487533183493978,46,9,1764,192
42,condition,federated,3,cnn-ae,N15_M07_F10,256,55,55,1956,fuzzy_fault_only_hi75,1.000868320465088,1.0136558532714843,1.0271932244300843,1.0455233764648437,0.47275051124744377,0.9702519301140581,0.9562043795620438,0.06697341513292433,0.12517916865742953,0.10909090909090909,0.9330265848670757,0.08155146693187469,0.15084395322842836,0.11596862139348858,-0.03487533183493978,49,6,1825,131
42,condition,federated,4,cnn-ae,N09_M07_F10,256,55,55,1956,hard_val_p95,1.0007421970367432,1.0740563869476318,1.112080955505371,1.1452351760864259,0.3169501766127534,0.9571470503391653,0.0,0.0,0.0,0.05454545454545454,1.0,0.005469915464942815,0.07505789891483247,0.007758498870480629,-0.06729940004435184,52,3,1956,0
42,condition,federated,4,cnn-ae,N09_M07_F10,256,55,55,1956,fuzzy_warning_as_alarm_hi50,1.0007421970367432,1.0740563869476318,1.112080955505371,1.1452351760864259,0.3169501766127534,0.9571470503391653,0.0,0.0,0.0,0.05454545454545454,1.0,0.005469915464942815,0.07505789891483247,0.007758498870480629,-0.06729940004435184,52,3,1956,0
42,condition,federated,4,cnn-ae,N09_M07_F10,256,55,55,1956,fuzzy_fault_only_hi75,1.0007421970367432,1.0740563869476318,1.112080955505371,1.1452351760864259,0.3169501766127534,0.9571470503391653,0.0,0.0,0.0,0.01818181818181818,1.0,0.005469915464942815,0.07505789891483247,0.007758498870480629,-0.06729940004435184,54,1,1956,0
42,condition,federated,4,cnn-ae,N15_M01_F10,258,55,56,1956,hard_val_p95,1.0003981590270996,1.00113844871521,1.0153353095054627,1.0491583490371703,0.39140100058428284,0.9617085230803228,0.9252336448598131,0.05061349693251534,0.09597673291323315,0.14285714285714285,0.9493865030674846,0.04622266401590457,0.14367948704983166,0.0517532194598458,-0.09192626758998586,48,8,1857,99
42,condition,federated,4,cnn-ae,N15_M01_F10,258,55,56,1956,fuzzy_warning_as_alarm_hi50,1.0003981590270996,1.00113844871521,1.0153353095054627,1.0491583490371703,0.39140100058428284,0.9617085230803228,0.9252336448598131,0.05061349693251534,0.09597673291323315,0.14285714285714285,0.9493865030674846,0.04622266401590457,0.14367948704983166,0.0517532194598458,-0.09192626758998586,48,8,1857,99
42,condition,federated,4,cnn-ae,N15_M01_F10,258,55,56,1956,fuzzy_fault_only_hi75,1.0003981590270996,1.00113844871521,1.0153353095054627,1.0491583490371703,0.39140100058428284,0.9617085230803228,0.9,0.023006134969325152,0.0448654037886341,0.08928571428571429,0.9769938650306749,0.04622266401590457,0.14367948704983166,0.0517532194598458,-0.09192626758998586,51,5,1911,45
42,condition,federated,4,cnn-ae,N15_M07_F04,258,55,55,1956,hard_val_p95,1.0003972053527832,1.0018584728240967,1.0288626194000243,1.045534291267395,0.4056376649934933,0.9659339030360684,0.9310344827586207,0.027607361963190184,0.05362462760675273,0.07272727272727272,0.9723926380368099,0.030333167578319244,0.07974306913587612,0.03915079117596144,-0.04059227795991468,51,4,1902,54
42,condition,federated,4,cnn-ae,N15_M07_F04,258,55,55,1956,fuzzy_warning_as_alarm_hi50,1.0003972053527832,1.0018584728240967,1.0288626194000243,1.045534291267395,0.4056376649934933,0.9659339030360684,0.9310344827586207,0.027607361963190184,0.05362462760675273,0.07272727272727272,0.9723926380368099,0.030333167578319244,0.07974306913587612,0.03915079117596144,-0.04059227795991468,51,4,1902,54
42,condition,federated,4,cnn-ae,N15_M07_F04,258,55,55,1956,fuzzy_fault_only_hi75,1.0003972053527832,1.0018584728240967,1.0288626194000243,1.045534291267395,0.4056376649934933,0.9659339030360684,0.9318181818181818,0.020961145194274028,0.041,0.05454545454545454,0.9790388548057259,0.030333167578319244,0.07974306913587612,0.03915079117596144,-0.04059227795991468,52,3,1915,41
42,condition,federated,4,cnn-ae,N15_M07_F10,256,55,55,1956,hard_val_p95,1.0003859996795654,1.0009135246276855,1.0014198899269104,1.0188270831108093,0.4267800706451014,0.9646777074019008,0.9539170506912442,0.1058282208588957,0.19052001840773125,0.18181818181818182,0.8941717791411042,0.05469915464942814,0.1988630644259034,0.11269531316136645,-0.08616775126453695,45,10,1749,207
42,condition,federated,4,cnn-ae,N15_M07_F10,256,55,55,1956,fuzzy_warning_as_alarm_hi50,1.0003859996795654,1.0009135246276855,1.0014198899269104,1.0188270831108093,0.4267800706451014,0.9646777074019008,0.9539170506912442,0.1058282208588957,0.19052001840773125,0.18181818181818182,0.8941717791411042,0.05469915464942814,0.1988630644259034,0.11269531316136645,-0.08616775126453695,45,10,1749,207
42,condition,federated,4,cnn-ae,N15_M07_F10,256,55,55,1956,fuzzy_fault_only_hi75,1.0003859996795654,1.0009135246276855,1.0014198899269104,1.0188270831108093,0.4267800706451014,0.9646777074019008,0.9384615384615385,0.06237218813905931,0.11697027804410355,0.14545454545454545,0.9376278118609407,0.05469915464942814,0.1988630644259034,0.11269531316136645,-0.08616775126453695,47,8,1834,122
42,condition,federated,5,cnn-ae,N09_M07_F10,256,55,55,1956,hard_val_p95,1.0003353357315063,1.0451826095581054,1.0609405636787415,1.0940890145301818,0.38632645473136273,0.9591815500229154,0.5714285714285714,0.002044989775051125,0.004075394803871625,0.05454545454545454,0.9979550102249489,0.004972650422675286,0.06746008739678314,0.005941401652279331,-0.0615186857445038,52,3,1952,4
42,condition,federated,5,cnn-ae,N09_M07_F10,256,55,55,1956,fuzzy_warning_as_alarm_hi50,1.0003353357315063,1.0451826095581054,1.0609405636787415,1.0940890145301818,0.38632645473136273,0.9591815500229154,0.5714285714285714,0.002044989775051125,0.004075394803871625,0.05454545454545454,0.9979550102249489,0.004972650422675286,0.06746008739678314,0.005941401652279331,-0.0615186857445038,52,3,1952,4
42,condition,federated,5,cnn-ae,N09_M07_F10,256,55,55,1956,fuzzy_fault_only_hi75,1.0003353357315063,1.0451826095581054,1.0609405636787415,1.0940890145301818,0.38632645473136273,0.9591815500229154,0.4,0.0010224948875255625,0.002039775624681285,0.05454545454545454,0.9989775051124744,0.004972650422675286,0.06746008739678314,0.005941401652279331,-0.0615186857445038,52,3,1954,2
42,condition,federated,5,cnn-ae,N15_M01_F10,258,55,56,1956,hard_val_p95,1.0001659393310547,1.0004896163940429,1.0005947828292847,1.0247271990776061,0.5248731010809231,0.9686745818408229,0.9508196721311475,0.05930470347648262,0.11164581328200192,0.10714285714285714,0.9406952965235174,0.05616302186878728,0.12787808981262103,0.08642166387832237,-0.04145642593429866,50,6,1840,116
42,condition,federated,5,cnn-ae,N15_M01_F10,258,55,56,1956,fuzzy_warning_as_alarm_hi50,1.0001659393310547,1.0004896163940429,1.0005947828292847,1.0247271990776061,0.5248731010809231,0.9686745818408229,0.9508196721311475,0.05930470347648262,0.11164581328200192,0.10714285714285714,0.9406952965235174,0.05616302186878728,0.12787808981262103,0.08642166387832237,-0.04145642593429866,50,6,1840,116
42,condition,federated,5,cnn-ae,N15_M01_F10,258,55,56,1956,fuzzy_fault_only_hi75,1.0001659393310547,1.0004896163940429,1.0005947828292847,1.0247271990776061,0.5248731010809231,0.9686745818408229,0.8723404255319149,0.020961145194274028,0.040938592111832255,0.10714285714285714,0.9790388548057259,0.05616302186878728,0.12787808981262103,0.08642166387832237,-0.04145642593429866,50,6,1915,41
42,condition,federated,5,cnn-ae,N15_M07_F04,258,55,55,1956,hard_val_p95,1.000175952911377,1.0005984783172608,1.0018163323402405,1.0309624528884889,0.46573247815579105,0.967253652457565,0.9487179487179487,0.03783231083844581,0.0727630285152409,0.07272727272727272,0.9621676891615542,0.020387866732968673,0.08505532703710314,0.04572027068116864,-0.0393350563559345,51,4,1882,74
42,condition,federated,5,cnn-ae,N15_M07_F04,258,55,55,1956,fuzzy_warning_as_alarm_hi50,1.000175952911377,1.0005984783172608,1.0018163323402405,1.0309624528884889,0.46573247815579105,0.967253652457565,0.9487179487179487,0.03783231083844581,0.0727630285152409,0.07272727272727272,0.9621676891615542,0.020387866732968673,0.08505532703710314,0.04572027068116864,-0.0393350563559345,51,4,1882,74
42,condition,federated,5,cnn-ae,N15_M07_F04,258,55,55,1956,fuzzy_fault_only_hi75,1.000175952911377,1.0005984783172608,1.0018163323402405,1.0309624528884889,0.46573247815579105,0.967253652457565,0.926829268292683,0.019427402862985686,0.03805708562844266,0.05454545454545454,0.9805725971370143,0.020387866732968673,0.08505532703710314,0.04572027068116864,-0.0393350563559345,52,3,1918,38
42,condition,federated,5,cnn-ae,N15_M07_F10,256,55,55,1956,hard_val_p95,1.000168800354004,1.0004382133483887,1.0005048632621765,1.0005376577377318,0.4482757018033091,0.9660706352042872,0.9518072289156626,0.08077709611451943,0.14891611687087652,0.14545454545454545,0.9192229038854806,0.0278468423669816,0.20278985533673458,0.12464712871129362,-0.07814272662544096,47,8,1798,158
42,condition,federated,5,cnn-ae,N15_M07_F10,256,55,55,1956,fuzzy_warning_as_alarm_hi50,1.000168800354004,1.0004382133483887,1.0005048632621765,1.0005376577377318,0.4482757018033091,0.9660706352042872,0.9518072289156626,0.08077709611451943,0.14891611687087652,0.14545454545454545,0.9192229038854806,0.0278468423669816,0.20278985533673458,0.12464712871129362,-0.07814272662544096,47,8,1798,158
42,condition,federated,5,cnn-ae,N15_M07_F10,256,55,55,1956,fuzzy_fault_only_hi75,1.000168800354004,1.0004382133483887,1.0005048632621765,1.0005376577377318,0.4482757018033091,0.9660706352042872,0.948051948051948,0.07464212678936605,0.13838862559241707,0.14545454545454545,0.9253578732106339,0.0278468423669816,0.20278985533673458,0.12464712871129362,-0.07814272662544096,47,8,1810,146
42,condition,federated,6,cnn-ae,N09_M07_F10,256,55,55,1956,hard_val_p95,1.0002834796905518,1.0224218845367432,1.0361851453781128,1.076097469329834,0.3554238706079197,0.9583221307541518,0.6666666666666666,0.003067484662576687,0.0061068702290076335,0.05454545454545454,0.9969325153374233,0.0044753853804077575,0.06229407209238755,0.005992437056315599,-0.05630163503607195,52,3,1950,6
42,condition,federated,6,cnn-ae,N09_M07_F10,256,55,55,1956,fuzzy_warning_as_alarm_hi50,1.0002834796905518,1.0224218845367432,1.0361851453781128,1.076097469329834,0.3554238706079197,0.9583221307541518,0.6666666666666666,0.003067484662576687,0.0061068702290076335,0.05454545454545454,0.9969325153374233,0.0044753853804077575,0.06229407209238755,0.005992437056315599,-0.05630163503607195,52,3,1950,6
42,condition,federated,6,cnn-ae,N09_M07_F10,256,55,55,1956,fuzzy_fault_only_hi75,1.0002834796905518,1.0224218845367432,1.0361851453781128,1.076097469329834,0.3554238706079197,0.9583221307541518,0.5714285714285714,0.002044989775051125,0.004075394803871625,0.05454545454545454,0.9979550102249489,0.0044753853804077575,0.06229407209238755,0.005992437056315599,-0.05630163503607195,52,3,1952,4
42,condition,federated,6,cnn-ae,N15_M01_F10,258,55,56,1956,hard_val_p95,1.0001477003097534,1.000349235534668,1.0004321098327638,1.0043302130699159,0.46112693543675143,0.9669617656327365,0.9673202614379085,0.07566462167689161,0.14035087719298245,0.08928571428571429,0.9243353783231084,0.08250497017892644,0.13641012810889439,0.10082080123821802,-0.03558932687067637,51,5,1808,148
42,condition,federated,6,cnn-ae,N15_M01_F10,258,55,56,1956,fuzzy_warning_as_alarm_hi50,1.0001477003097534,1.000349235534668,1.0004321098327638,1.0043302130699159,0.46112693543675143,0.9669617656327365,0.9673202614379085,0.07566462167689161,0.14035087719298245,0.08928571428571429,0.9243353783231084,0.08250497017892644,0.13641012810889439,0.10082080123821802,-0.03558932687067637,51,5,1808,148
42,condition,federated,6,cnn-ae,N15_M01_F10,258,55,56,1956,fuzzy_fault_only_hi75,1.0001477003097534,1.000349235534668,1.0004321098327638,1.0043302130699159,0.46112693543675143,0.9669617656327365,0.9361702127659575,0.022494887525562373,0.04393409885172242,0.05357142857142857,0.9775051124744376,0.08250497017892644,0.13641012810889439,0.10082080123821802,-0.03558932687067637,53,3,1912,44
42,condition,federated,6,cnn-ae,N15_M07_F04,258,55,55,1956,hard_val_p95,1.000177264213562,1.0004432201385498,1.0005884408950805,1.0133863759040833,0.4870096672243912,0.9691565591911664,0.956989247311828,0.04550102249488753,0.08687164470473402,0.07272727272727272,0.9544989775051125,0.04375932371954252,0.10307252254037945,0.06636041498529392,-0.03671210755508553,51,4,1867,89
42,condition,federated,6,cnn-ae,N15_M07_F04,258,55,55,1956,fuzzy_warning_as_alarm_hi50,1.000177264213562,1.0004432201385498,1.0005884408950805,1.0133863759040833,0.4870096672243912,0.9691565591911664,0.956989247311828,0.04550102249488753,0.08687164470473402,0.07272727272727272,0.9544989775051125,0.04375932371954252,0.10307252254037945,0.06636041498529392,-0.03671210755508553,51,4,1867,89
42,condition,federated,6,cnn-ae,N15_M07_F04,258,55,55,1956,fuzzy_fault_only_hi75,1.000177264213562,1.0004432201385498,1.0005884408950805,1.0133863759040833,0.4870096672243912,0.9691565591911664,0.9090909090909091,0.015337423312883436,0.030165912518853696,0.05454545454545454,0.9846625766871165,0.04375932371954252,0.10307252254037945,0.06636041498529392,-0.03671210755508553,52,3,1926,30
42,condition,federated,6,cnn-ae,N15_M07_F10,256,55,55,1956,hard_val_p95,1.0001628398895264,1.0003977060317992,1.000422215461731,1.0004509854316712,0.5081148912437257,0.9707848771002632,0.9515151515151515,0.08026584867075665,0.14804337576614804,0.14545454545454545,0.9197341513292433,0.018398806563898557,0.16093650314116,0.12016616883352588,-0.04077033430763413,47,8,1799,157
42,condition,federated,6,cnn-ae,N15_M07_F10,256,55,55,1956,fuzzy_warning_as_alarm_hi50,1.0001628398895264,1.0003977060317992,1.000422215461731,1.0004509854316712,0.5081148912437257,0.9707848771002632,0.9515151515151515,0.08026584867075665,0.14804337576614804,0.14545454545454545,0.9197341513292433,0.018398806563898557,0.16093650314116,0.12016616883352588,-0.04077033430763413,47,8,1799,157
42,condition,federated,6,cnn-ae,N15_M07_F10,256,55,55,1956,fuzzy_fault_only_hi75,1.0001628398895264,1.0003977060317992,1.000422215461731,1.0004509854316712,0.5081148912437257,0.9707848771002632,0.959731543624161,0.07310838445807771,0.1358669833729216,0.10909090909090909,0.9268916155419223,0.018398806563898557,0.16093650314116,0.12016616883352588,-0.04077033430763413,49,6,1813,143
42,condition,federated,7,cnn-ae,N09_M07_F10,256,55,55,1956,hard_val_p95,1.0005989074707031,1.0017868041992188,1.0020909190177918,1.0023643016815185,0.2968535043688418,0.9487520308313564,0.5294117647058824,0.004601226993865031,0.00912316269640142,0.14545454545454545,0.995398773006135,0.005967180507210343,0.17554974426070297,0.025222708334802176,-0.1503270359259008,47,8,1947,9
42,condition,federated,7,cnn-ae,N09_M07_F10,256,55,55,1956,fuzzy_warning_as_alarm_hi50,1.0005989074707031,1.0017868041992188,1.0020909190177918,1.0023643016815185,0.2968535043688418,0.9487520308313564,0.5294117647058824,0.004601226993865031,0.00912316269640142,0.14545454545454545,0.995398773006135,0.005967180507210343,0.17554974426070297,0.025222708334802176,-0.1503270359259008,47,8,1947,9
42,condition,federated,7,cnn-ae,N09_M07_F10,256,55,55,1956,fuzzy_fault_only_hi75,1.0005989074707031,1.0017868041992188,1.0020909190177918,1.0023643016815185,0.2968535043688418,0.9487520308313564,0.5454545454545454,0.003067484662576687,0.006100660904931368,0.09090909090909091,0.9969325153374233,0.005967180507210343,0.17554974426070297,0.025222708334802176,-0.1503270359259008,50,5,1950,6
42,condition,federated,7,cnn-ae,N15_M01_F10,258,55,56,1956,hard_val_p95,1.0003442764282227,1.001007652282715,1.0012348890304565,1.0014077997207642,0.5124936094069529,0.9750258197544543,1.0,0.05214723926380368,0.09912536443148688,0.0,0.9478527607361963,0.044234592445328035,0.06113990747171164,0.09726237753064922,0.036122470058937574,56,0,1854,102
42,condition,federated,7,cnn-ae,N15_M01_F10,258,55,56,1956,fuzzy_warning_as_alarm_hi50,1.0003442764282227,1.001007652282715,1.0012348890304565,1.0014077997207642,0.5124936094069529,0.9750258197544543,1.0,0.05214723926380368,0.09912536443148688,0.0,0.9478527607361963,0.044234592445328035,0.06113990747171164,0.09726237753064922,0.036122470058937574,56,0,1854,102
42,condition,federated,7,cnn-ae,N15_M01_F10,258,55,56,1956,fuzzy_fault_only_hi75,1.0003442764282227,1.001007652282715,1.0012348890304565,1.0014077997207642,0.5124936094069529,0.9750258197544543,1.0,0.03834355828220859,0.07385524372230429,0.0,0.9616564417177914,0.044234592445328035,0.06113990747171164,0.09726237753064922,0.036122470058937574,56,0,1881,75
42,condition,federated,7,cnn-ae,N15_M07_F04,258,55,55,1956,hard_val_p95,1.0004165172576904,1.0013740301132201,1.0014753460884094,1.0017387866973877,0.5147611080126417,0.9750987823874865,1.0,0.024539877300613498,0.04790419161676647,0.0,0.9754601226993865,0.016409746394828444,0.04410402099323839,0.059936863602946144,0.015832842609707756,55,0,1908,48
42,condition,federated,7,cnn-ae,N15_M07_F04,258,55,55,1956,fuzzy_warning_as_alarm_hi50,1.0004165172576904,1.0013740301132201,1.0014753460884094,1.0017387866973877,0.5147611080126417,0.9750987823874865,1.0,0.024539877300613498,0.04790419161676647,0.0,0.9754601226993865,0.016409746394828444,0.04410402099323839,0.059936863602946144,0.015832842609707756,55,0,1908,48
42,condition,federated,7,cnn-ae,N15_M07_F04,258,55,55,1956,fuzzy_fault_only_hi75,1.0004165172576904,1.0013740301132201,1.0014753460884094,1.0017387866973877,0.5147611080126417,0.9750987823874865,1.0,0.015337423312883436,0.030211480362537766,0.0,0.9846625766871165,0.016409746394828444,0.04410402099323839,0.059936863602946144,0.015832842609707756,55,0,1926,30
42,condition,federated,7,cnn-ae,N15_M07_F10,256,55,55,1956,hard_val_p95,1.0003989934921265,1.0008551120758056,1.00107741355896,1.0013358640670775,0.49209425543781377,0.9745374760563246,0.9872611464968153,0.07924335378323108,0.14671083767155702,0.03636363636363636,0.9207566462167689,0.057682744903033316,0.0829485117100674,0.11248956869707448,0.029541056987007083,53,2,1801,155
42,condition,federated,7,cnn-ae,N15_M07_F10,256,55,55,1956,fuzzy_warning_as_alarm_hi50,1.0003989934921265,1.0008551120758056,1.00107741355896,1.0013358640670775,0.49209425543781377,0.9745374760563246,0.9872611464968153,0.07924335378323108,0.14671083767155702,0.03636363636363636,0.9207566462167689,0.057682744903033316,0.0829485117100674,0.11248956869707448,0.029541056987007083,53,2,1801,155
42,condition,federated,7,cnn-ae,N15_M07_F10,256,55,55,1956,fuzzy_fault_only_hi75,1.0003989934921265,1.0008551120758056,1.00107741355896,1.0013358640670775,0.49209425543781377,0.9745374760563246,0.9910714285714286,0.05674846625766871,0.10735009671179883,0.01818181818181818,0.9432515337423313,0.057682744903033316,0.0829485117100674,0.11248956869707448,0.029541056987007083,54,1,1845,111
42,condition,federated,8,cnn-ae,N09_M07_F10,256,55,55,1956,hard_val_p95,1.0001968145370483,1.0449716567993164,1.0639068961143492,1.103437943458557,0.3914482245770589,0.961344023166265,0.6666666666666666,0.00408997955010225,0.008130081300813009,0.07272727272727272,0.9959100204498977,0.005967180507210343,0.06966804058363833,0.009246305352707254,-0.06042173523093108,51,4,1948,8
42,condition,federated,8,cnn-ae,N09_M07_F10,256,55,55,1956,fuzzy_warning_as_alarm_hi50,1.0001968145370483,1.0449716567993164,1.0639068961143492,1.103437943458557,0.3914482245770589,0.961344023166265,0.6666666666666666,0.00408997955010225,0.008130081300813009,0.07272727272727272,0.9959100204498977,0.005967180507210343,0.06966804058363833,0.009246305352707254,-0.06042173523093108,51,4,1948,8
42,condition,federated,8,cnn-ae,N09_M07_F10,256,55,55,1956,fuzzy_fault_only_hi75,1.0001968145370483,1.0449716567993164,1.0639068961143492,1.103437943458557,0.3914482245770589,0.961344023166265,0.5,0.0015337423312883436,0.0030581039755351682,0.05454545454545454,0.9984662576687117,0.005967180507210343,0.06966804058363833,0.009246305352707254,-0.06042173523093108,52,3,1953,3
42,condition,federated,8,cnn-ae,N15_M01_F10,258,55,56,1956,hard_val_p95,1.0001013278961182,1.000275731086731,1.0003198385238647,1.0290456008911133,0.48920446245983046,0.9679421221501678,0.9622641509433962,0.10429447852760736,0.1881918819188192,0.14285714285714285,0.8957055214723927,0.091948310139165,0.1454093455749223,0.10997377072815269,-0.03543557484676961,48,8,1752,204
42,condition,federated,8,cnn-ae,N15_M01_F10,258,55,56,1956,fuzzy_warning_as_alarm_hi50,1.0001013278961182,1.000275731086731,1.0003198385238647,1.0290456008911133,0.48920446245983046,0.9679421221501678,0.9622641509433962,0.10429447852760736,0.1881918819188192,0.14285714285714285,0.8957055214723927,0.091948310139165,0.1454093455749223,0.10997377072815269,-0.03543557484676961,48,8,1752,204
42,condition,federated,8,cnn-ae,N15_M01_F10,258,55,56,1956,fuzzy_fault_only_hi75,1.0001013278961182,1.000275731086731,1.0003198385238647,1.0290456008911133,0.48920446245983046,0.9679421221501678,0.9384615384615385,0.031186094069529654,0.06036615536862939,0.07142857142857142,0.9688139059304703,0.091948310139165,0.1454093455749223,0.10997377072815269,-0.03543557484676961,52,4,1895,61
42,condition,federated,8,cnn-ae,N15_M07_F04,258,55,55,1956,hard_val_p95,1.00010085105896,1.0003135204315186,1.0075562953948975,1.0314567399024963,0.4669780628369585,0.9689310273541125,0.9560439560439561,0.04447852760736196,0.08500244259892525,0.07272727272727272,0.9555214723926381,0.03381402287419195,0.06867561556592956,0.044510886973639634,-0.02416472859228993,51,4,1869,87
42,condition,federated,8,cnn-ae,N15_M07_F04,258,55,55,1956,fuzzy_warning_as_alarm_hi50,1.00010085105896,1.0003135204315186,1.0075562953948975,1.0314567399024963,0.4669780628369585,0.9689310273541125,0.9560439560439561,0.04447852760736196,0.08500244259892525,0.07272727272727272,0.9555214723926381,0.03381402287419195,0.06867561556592956,0.044510886973639634,-0.02416472859228993,51,4,1869,87
42,condition,federated,8,cnn-ae,N15_M07_F04,258,55,55,1956,fuzzy_fault_only_hi75,1.00010085105896,1.0003135204315186,1.0075562953948975,1.0314567399024963,0.4669780628369585,0.9689310273541125,0.9411764705882353,0.024539877300613498,0.04783258594917788,0.05454545454545454,0.9754601226993865,0.03381402287419195,0.06867561556592956,0.044510886973639634,-0.02416472859228993,52,3,1908,48
42,condition,federated,8,cnn-ae,N15_M07_F10,256,55,55,1956,hard_val_p95,1.0000938177108765,1.0002527236938477,1.0002936124801636,1.0011896800994873,0.4967744934002602,0.9700069849445894,0.9549180327868853,0.11912065439672802,0.21181818181818182,0.2,0.880879345603272,0.06166086524117355,0.18631508944522118,0.1419122318982581,-0.044402857546963076,44,11,1723,233
42,condition,federated,8,cnn-ae,N15_M07_F10,256,55,55,1956,fuzzy_warning_as_alarm_hi50,1.0000938177108765,1.0002527236938477,1.0002936124801636,1.0011896800994873,0.4967744934002602,0.9700069849445894,0.9549180327868853,0.11912065439672802,0.21181818181818182,0.2,0.880879345603272,0.06166086524117355,0.18631508944522118,0.1419122318982581,-0.044402857546963076,44,11,1723,233
42,condition,federated,8,cnn-ae,N15_M07_F10,256,55,55,1956,fuzzy_fault_only_hi75,1.0000938177108765,1.0002527236938477,1.0002936124801636,1.0011896800994873,0.4967744934002602,0.9700069849445894,0.9615384615384616,0.07668711656441718,0.14204545454545456,0.10909090909090909,0.9233128834355828,0.06166086524117355,0.18631508944522118,0.1419122318982581,-0.044402857546963076,49,6,1806,150
42,condition,federated,9,cnn-ae,N09_M07_F10,256,55,55,1956,hard_val_p95,1.0001628398895264,1.0136801958084107,1.0281457543373107,1.061146228313446,0.4374047220672987,0.9606515519249365,0.6363636363636364,0.0035787321063394683,0.0071174377224199285,0.07272727272727272,0.9964212678936605,0.007458975634012929,0.0637382426229009,0.0068490404733023355,-0.05688920214959856,51,4,1949,7
42,condition,federated,9,cnn-ae,N09_M07_F10,256,55,55,1956,fuzzy_warning_as_alarm_hi50,1.0001628398895264,1.0136801958084107,1.0281457543373107,1.061146228313446,0.4374047220672987,0.9606515519249365,0.6363636363636364,0.0035787321063394683,0.0071174377224199285,0.07272727272727272,0.9964212678936605,0.007458975634012929,0.0637382426229009,0.0068490404733023355,-0.05688920214959856,51,4,1949,7
42,condition,federated,9,cnn-ae,N09_M07_F10,256,55,55,1956,fuzzy_fault_only_hi75,1.0001628398895264,1.0136801958084107,1.0281457543373107,1.061146228313446,0.4374047220672987,0.9606515519249365,0.75,0.0015337423312883436,0.003061224489795918,0.01818181818181818,0.9984662576687117,0.007458975634012929,0.0637382426229009,0.0068490404733023355,-0.05688920214959856,54,1,1953,3
42,condition,federated,9,cnn-ae,N15_M01_F10,258,55,56,1956,hard_val_p95,1.0001286268234253,1.0002740621566772,1.0003272533416747,1.0119098591804505,0.4803900087642419,0.969530653591698,0.9516129032258065,0.06032719836400818,0.11346153846153846,0.10714285714285714,0.9396728016359919,0.060139165009940355,0.10809012471087229,0.0789566930346737,-0.029133431676198585,50,6,1838,118
42,condition,federated,9,cnn-ae,N15_M01_F10,258,55,56,1956,fuzzy_warning_as_alarm_hi50,1.0001286268234253,1.0002740621566772,1.0003272533416747,1.0119098591804505,0.4803900087642419,0.969530653591698,0.9516129032258065,0.06032719836400818,0.11346153846153846,0.10714285714285714,0.9396728016359919,0.060139165009940355,0.10809012471087229,0.0789566930346737,-0.029133431676198585,50,6,1838,118
42,condition,federated,9,cnn-ae,N15_M01_F10,258,55,56,1956,fuzzy_fault_only_hi75,1.0001286268234253,1.0002740621566772,1.0003272533416747,1.0119098591804505,0.4803900087642419,0.969530653591698,0.9166666666666666,0.01687116564417178,0.03313253012048193,0.05357142857142857,0.9831288343558282,0.060139165009940355,0.10809012471087229,0.0789566930346737,-0.029133431676198585,53,3,1923,33
42,condition,federated,9,cnn-ae,N15_M07_F04,258,55,55,1956,hard_val_p95,1.0001208782196045,1.0002374649047852,1.0004399061203002,1.0109305357933045,0.47268544339096485,0.9695779007926602,0.9583333333333334,0.04703476482617587,0.08966861598440545,0.07272727272727272,0.9529652351738241,0.04724017901541522,0.09394669114912049,0.06879550985785747,-0.025151181291263022,51,4,1864,92
42,condition,federated,9,cnn-ae,N15_M07_F04,258,55,55,1956,fuzzy_warning_as_alarm_hi50,1.0001208782196045,1.0002374649047852,1.0004399061203002,1.0109305357933045,0.47268544339096485,0.9695779007926602,0.9583333333333334,0.04703476482617587,0.08966861598440545,0.07272727272727272,0.9529652351738241,0.04724017901541522,0.09394669114912049,0.06879550985785747,-0.025151181291263022,51,4,1864,92
42,condition,federated,9,cnn-ae,N15_M07_F04,258,55,55,1956,fuzzy_fault_only_hi75,1.0001208782196045,1.0002374649047852,1.0004399061203002,1.0109305357933045,0.47268544339096485,0.9695779007926602,0.9444444444444444,0.017382413087934562,0.03413654618473896,0.03636363636363636,0.9826175869120655,0.04724017901541522,0.09394669114912049,0.06879550985785747,-0.025151181291263022,53,2,1922,34
42,condition,federated,9,cnn-ae,N15_M07_F10,256,55,55,1956,hard_val_p95,1.000126838684082,1.0002228260040282,1.000255525112152,1.0003332090377808,0.4664621676891616,0.9703237822533131,0.9693877551020408,0.09713701431492842,0.17657992565055763,0.10909090909090909,0.9028629856850716,0.051218299353555444,0.1504284395259405,0.1288411499555191,-0.021587289570421414,49,6,1766,190
42,condition,federated,9,cnn-ae,N15_M07_F10,256,55,55,1956,fuzzy_warning_as_alarm_hi50,1.000126838684082,1.0002228260040282,1.000255525112152,1.0003332090377808,0.4664621676891616,0.9703237822533131,0.9693877551020408,0.09713701431492842,0.17657992565055763,0.10909090909090909,0.9028629856850716,0.051218299353555444,0.1504284395259405,0.1288411499555191,-0.021587289570421414,49,6,1766,190
42,condition,federated,9,cnn-ae,N15_M07_F10,256,55,55,1956,fuzzy_fault_only_hi75,1.000126838684082,1.0002228260040282,1.000255525112152,1.0003332090377808,0.4664621676891616,0.9703237822533131,0.9655172413793104,0.07157464212678936,0.13326987148976677,0.09090909090909091,0.9284253578732107,0.051218299353555444,0.1504284395259405,0.1288411499555191,-0.021587289570421414,50,5,1816,140
42,condition,federated,10,cnn-ae,N09_M07_F10,256,55,55,1956,hard_val_p95,1.0003292560577393,1.0011171102523804,1.0012561440467835,1.001685709953308,0.2870329057445622,0.9538620904475335,0.6470588235294118,0.005623721881390593,0.011150532184490624,0.10909090909090909,0.9943762781186094,0.008453505718547987,0.12996010631126104,0.02291111348837367,-0.10704899282288736,49,6,1945,11
42,condition,federated,10,cnn-ae,N09_M07_F10,256,55,55,1956,fuzzy_warning_as_alarm_hi50,1.0003292560577393,1.0011171102523804,1.0012561440467835,1.001685709953308,0.2870329057445622,0.9538620904475335,0.6470588235294118,0.005623721881390593,0.011150532184490624,0.10909090909090909,0.9943762781186094,0.008453505718547987,0.12996010631126104,0.02291111348837367,-0.10704899282288736,49,6,1945,11
42,condition,federated,10,cnn-ae,N09_M07_F10,256,55,55,1956,fuzzy_fault_only_hi75,1.0003292560577393,1.0011171102523804,1.0012561440467835,1.001685709953308,0.2870329057445622,0.9538620904475335,0.5,0.0010224948875255625,0.0020408163265306124,0.03636363636363636,0.9989775051124744,0.008453505718547987,0.12996010631126104,0.02291111348837367,-0.10704899282288736,53,2,1954,2
42,condition,federated,10,cnn-ae,N15_M01_F10,258,55,56,1956,hard_val_p95,1.0001922845840454,1.0004461288452149,1.0005239963531494,1.000635995864868,0.4556355901256208,0.9692657011748367,0.9671361502347418,0.10531697341513292,0.18994928538497002,0.125,0.8946830265848671,0.04224652087475149,0.1625677342611648,0.13966298262193189,-0.022904751639232918,49,7,1750,206
42,condition,federated,10,cnn-ae,N15_M01_F10,258,55,56,1956,fuzzy_warning_as_alarm_hi50,1.0001922845840454,1.0004461288452149,1.0005239963531494,1.000635995864868,0.4556355901256208,0.9692657011748367,0.9671361502347418,0.10531697341513292,0.18994928538497002,0.125,0.8946830265848671,0.04224652087475149,0.1625677342611648,0.13966298262193189,-0.022904751639232918,49,7,1750,206
42,condition,federated,10,cnn-ae,N15_M01_F10,258,55,56,1956,fuzzy_fault_only_hi75,1.0001922845840454,1.0004461288452149,1.0005239963531494,1.000635995864868,0.4556355901256208,0.9692657011748367,0.9709302325581395,0.08537832310838446,0.15695488721804512,0.08928571428571429,0.9146216768916156,0.04224652087475149,0.1625677342611648,0.13966298262193189,-0.022904751639232918,51,5,1789,167
42,condition,federated,10,cnn-ae,N15_M07_F04,258,55,55,1956,hard_val_p95,1.00020432472229,1.0006245136260987,1.0008342623710633,1.001073477268219,0.45411786577430746,0.9737179709016786,0.9814814814814815,0.0270961145194274,0.0527363184079602,0.01818181818181818,0.9729038854805726,0.0382894082545997,0.0545234181757779,0.06631686411498497,0.011793445939207066,54,1,1903,53
42,condition,federated,10,cnn-ae,N15_M07_F04,258,55,55,1956,fuzzy_warning_as_alarm_hi50,1.00020432472229,1.0006245136260987,1.0008342623710633,1.001073477268219,0.45411786577430746,0.9737179709016786,0.9814814814814815,0.0270961145194274,0.0527363184079602,0.01818181818181818,0.9729038854805726,0.0382894082545997,0.0545234181757779,0.06631686411498497,0.011793445939207066,54,1,1903,53
42,condition,federated,10,cnn-ae,N15_M07_F04,258,55,55,1956,fuzzy_fault_only_hi75,1.00020432472229,1.0006245136260987,1.0008342623710633,1.001073477268219,0.45411786577430746,0.9737179709016786,1.0,0.019427402862985686,0.03811434302908726,0.0,0.9805725971370143,0.0382894082545997,0.0545234181757779,0.06631686411498497,0.011793445939207066,55,0,1918,38
42,condition,federated,10,cnn-ae,N15_M07_F10,256,55,55,1956,hard_val_p95,1.0001881122589111,1.000378465652466,1.0004655361175536,1.00062326669693,0.46841885108756276,0.9720119007952172,0.9683794466403162,0.1252556237218814,0.22181982797645994,0.14545454545454545,0.8747443762781186,0.0730979612133267,0.1679732505545142,0.16038304826411165,-0.0075902022904025535,47,8,1711,245
42,condition,federated,10,cnn-ae,N15_M07_F10,256,55,55,1956,fuzzy_warning_as_alarm_hi50,1.0001881122589111,1.000378465652466,1.0004655361175536,1.00062326669693,0.46841885108756276,0.9720119007952172,0.9683794466403162,0.1252556237218814,0.22181982797645994,0.14545454545454545,0.8747443762781186,0.0730979612133267,0.1679732505545142,0.16038304826411165,-0.0075902022904025535,47,8,1711,245
42,condition,federated,10,cnn-ae,N15_M07_F10,256,55,55,1956,fuzzy_fault_only_hi75,1.0001881122589111,1.000378465652466,1.0004655361175536,1.00062326669693,0.46841885108756276,0.9720119007952172,0.9743589743589743,0.09713701431492842,0.17666201766620176,0.09090909090909091,0.9028629856850716,0.0730979612133267,0.1679732505545142,0.16038304826411165,-0.0075902022904025535,50,5,1766,190
42,condition,local-only,10,vae,N09_M07_F10,256,55,55,1956,hard_val_p95,1.0010390281677246,1.0017230272293092,1.0018588662147523,1.001911997795105,0.479243353783231,0.964955730499461,0.8,0.006134969325153374,0.0121765601217656,0.05454545454545454,0.9938650306748467,0.007458975634012929,0.10061347970825889,0.05267990379613643,-0.04793357591212246,52,3,1944,12
42,condition,local-only,10,vae,N09_M07_F10,256,55,55,1956,fuzzy_warning_as_alarm_hi50,1.0010390281677246,1.0017230272293092,1.0018588662147523,1.001911997795105,0.479243353783231,0.964955730499461,0.8,0.006134969325153374,0.0121765601217656,0.05454545454545454,0.9938650306748467,0.007458975634012929,0.10061347970825889,0.05267990379613643,-0.04793357591212246,52,3,1944,12
42,condition,local-only,10,vae,N09_M07_F10,256,55,55,1956,fuzzy_fault_only_hi75,1.0010390281677246,1.0017230272293092,1.0018588662147523,1.001911997795105,0.479243353783231,0.964955730499461,0.8,0.006134969325153374,0.0121765601217656,0.05454545454545454,0.9938650306748467,0.007458975634012929,0.10061347970825889,0.05267990379613643,-0.04793357591212246,52,3,1944,12
42,condition,local-only,10,vae,N15_M01_F10,258,55,56,1956,hard_val_p95,1.002995252609253,1.003897523880005,1.0042948246002197,1.0046903157234193,0.5430178206251826,0.9664167489417496,0.9259259259259259,0.02556237218813906,0.04975124378109453,0.07142857142857142,0.9744376278118609,0.045228628230616304,0.1227832622310926,0.09303657911893237,-0.02974668311216022,52,4,1906,50
42,condition,local-only,10,vae,N15_M01_F10,258,55,56,1956,fuzzy_warning_as_alarm_hi50,1.002995252609253,1.003897523880005,1.0042948246002197,1.0046903157234193,0.5430178206251826,0.9664167489417496,0.9259259259259259,0.02556237218813906,0.04975124378109453,0.07142857142857142,0.9744376278118609,0.045228628230616304,0.1227832622310926,0.09303657911893237,-0.02974668311216022,52,4,1906,50
42,condition,local-only,10,vae,N15_M01_F10,258,55,56,1956,fuzzy_fault_only_hi75,1.002995252609253,1.003897523880005,1.0042948246002197,1.0046903157234193,0.5430178206251826,0.9664167489417496,0.9090909090909091,0.015337423312883436,0.030165912518853696,0.05357142857142857,0.9846625766871165,0.045228628230616304,0.1227832622310926,0.09303657911893237,-0.02974668311216022,53,3,1926,30
42,condition,local-only,10,vae,N15_M07_F04,258,55,55,1956,hard_val_p95,1.0004409551620483,1.000922679901123,1.0009488344192505,1.0011024236679078,0.45176147982896453,0.9677033768759189,0.9545454545454546,0.032208588957055216,0.06231454005934718,0.05454545454545454,0.9677914110429447,0.02138239681750373,0.10926893009924975,0.08255916360707836,-0.026709766492171383,52,3,1893,63
42,condition,local-only,10,vae,N15_M07_F04,258,55,55,1956,fuzzy_warning_as_alarm_hi50,1.0004409551620483,1.000922679901123,1.0009488344192505,1.0011024236679078,0.45176147982896453,0.9677033768759189,0.9545454545454546,0.032208588957055216,0.06231454005934718,0.05454545454545454,0.9677914110429447,0.02138239681750373,0.10926893009924975,0.08255916360707836,-0.026709766492171383,52,3,1893,63
42,condition,local-only,10,vae,N15_M07_F04,258,55,55,1956,fuzzy_fault_only_hi75,1.0004409551620483,1.000922679901123,1.0009488344192505,1.0011024236679078,0.45176147982896453,0.9677033768759189,0.972972972972973,0.018404907975460124,0.03612644254892122,0.01818181818181818,0.9815950920245399,0.02138239681750373,0.10926893009924975,0.08255916360707836,-0.026709766492171383,54,1,1920,36
42,condition,local-only,10,vae,N15_M07_F10,256,55,55,1956,hard_val_p95,0.0,0.0,0.0,0.0,0.5,0.9726504226752859,0.0,0.0,0.0,0.0,1.0,0.0,0.0,0.0,0.0,55,0,1956,0
42,condition,local-only,10,vae,N15_M07_F10,256,55,55,1956,fuzzy_warning_as_alarm_hi50,0.0,0.0,0.0,0.0,0.5,0.9726504226752859,0.0,0.0,0.0,0.0,1.0,0.0,0.0,0.0,0.0,55,0,1956,0
42,condition,local-only,10,vae,N15_M07_F10,256,55,55,1956,fuzzy_fault_only_hi75,0.0,0.0,0.0,0.0,0.5,0.9726504226752859,0.0,0.0,0.0,0.0,1.0,0.0,0.0,0.0,0.0,55,0,1956,0
42,condition,centralized,20,vae,N09_M07_F10,256,55,55,1956,hard_val_p95,1.012341856956482,1.0198441743850708,1.0242993235588074,1.0304164505004882,0.6749907045919317,0.98698783330524,0.9974259974259975,0.3962167689161554,0.5671423344310281,0.03636363636363636,0.6037832310838446,0.10044753853804078,0.09458960410587604,0.41722999899268637,0.32264039488681034,53,2,1181,775
42,condition,centralized,20,vae,N09_M07_F10,256,55,55,1956,fuzzy_warning_as_alarm_hi50,1.012341856956482,1.0198441743850708,1.0242993235588074,1.0304164505004882,0.6749907045919317,0.98698783330524,0.9974259974259975,0.3962167689161554,0.5671423344310281,0.03636363636363636,0.6037832310838446,0.10044753853804078,0.09458960410587604,0.41722999899268637,0.32264039488681034,53,2,1181,775
42,condition,centralized,20,vae,N09_M07_F10,256,55,55,1956,fuzzy_fault_only_hi75,1.012341856956482,1.0198441743850708,1.0242993235588074,1.0304164505004882,0.6749907045919317,0.98698783330524,0.9970457902511078,0.3450920245398773,0.5127231295100646,0.03636363636363636,0.6549079754601227,0.10044753853804078,0.09458960410587604,0.41722999899268637,0.32264039488681034,53,2,1281,675
42,condition,centralized,20,vae,N15_M01_F10,258,55,56,1956,hard_val_p95,1.021744728088379,1.0678860664367675,1.0900927901268005,1.112857949733734,0.5235356412503652,0.9745770423265272,0.9714285714285714,0.017382413087934562,0.03415369161225515,0.017857142857142856,0.9826175869120655,0.0437375745526839,0.04650898307346082,0.05885986350364778,0.012350880430186964,55,1,1922,34
42,condition,centralized,20,vae,N15_M01_F10,258,55,56,1956,fuzzy_warning_as_alarm_hi50,1.021744728088379,1.0678860664367675,1.0900927901268005,1.112857949733734,0.5235356412503652,0.9745770423265272,0.9714285714285714,0.017382413087934562,0.03415369161225515,0.017857142857142856,0.9826175869120655,0.0437375745526839,0.04650898307346082,0.05885986350364778,0.012350880430186964,55,1,1922,34
42,condition,centralized,20,vae,N15_M01_F10,258,55,56,1956,fuzzy_fault_only_hi75,1.021744728088379,1.0678860664367675,1.0900927901268005,1.112857949733734,0.5235356412503652,0.9745770423265272,1.0,0.006134969325153374,0.012195121951219513,0.0,0.9938650306748467,0.0437375745526839,0.04650898307346082,0.05885986350364778,0.012350880430186964,56,0,1944,12
42,condition,centralized,20,vae,N15_M07_F04,258,55,55,1956,hard_val_p95,1.0178468227386475,1.0462677717208861,1.0679279923439027,1.0802942419052124,0.5604945157092396,0.9783150261539914,1.0,0.06390593047034765,0.12013455069678039,0.0,0.9360940695296524,0.0626553953257086,0.055573724344627796,0.11320709692136721,0.057633372576739415,55,0,1831,125
42,condition,centralized,20,vae,N15_M07_F04,258,55,55,1956,fuzzy_warning_as_alarm_hi50,1.0178468227386475,1.0462677717208861,1.0679279923439027,1.0802942419052124,0.5604945157092396,0.9783150261539914,1.0,0.06390593047034765,0.12013455069678039,0.0,0.9360940695296524,0.0626553953257086,0.055573724344627796,0.11320709692136721,0.057633372576739415,55,0,1831,125
42,condition,centralized,20,vae,N15_M07_F04,258,55,55,1956,fuzzy_fault_only_hi75,1.0178468227386475,1.0462677717208861,1.0679279923439027,1.0802942419052124,0.5604945157092396,0.9783150261539914,1.0,0.04805725971370143,0.09170731707317073,0.0,0.9519427402862985,0.0626553953257086,0.055573724344627796,0.11320709692136721,0.057633372576739415,55,0,1862,94
42,condition,centralized,20,vae,N15_M07_F10,256,55,55,1956,hard_val_p95,1.016271948814392,1.0465431213378906,1.0568105459213257,1.0692746233940125,0.5507575757575758,0.9786372327362638,0.9842931937172775,0.09611451942740286,0.1751280857009781,0.05454545454545454,0.9038854805725971,0.061163600198906015,0.08070476026438063,0.14627576779656815,0.06557100753218752,52,3,1768,188
42,condition,centralized,20,vae,N15_M07_F10,256,55,55,1956,fuzzy_warning_as_alarm_hi50,1.016271948814392,1.0465431213378906,1.0568105459213257,1.0692746233940125,0.5507575757575758,0.9786372327362638,0.9842931937172775,0.09611451942740286,0.1751280857009781,0.05454545454545454,0.9038854805725971,0.061163600198906015,0.08070476026438063,0.14627576779656815,0.06557100753218752,52,3,1768,188
42,condition,centralized,20,vae,N15_M07_F10,256,55,55,1956,fuzzy_fault_only_hi75,1.016271948814392,1.0465431213378906,1.0568105459213257,1.0692746233940125,0.5507575757575758,0.9786372327362638,0.9935064935064936,0.07822085889570553,0.14502369668246445,0.01818181818181818,0.9217791411042945,0.061163600198906015,0.08070476026438063,0.14627576779656815,0.06557100753218752,54,1,1803,153
42,condition,federated,1,vae,N09_M07_F10,256,55,55,1956,hard_val_p95,1.0429165363311768,1.0461394548416139,1.046605122089386,1.046852023601532,0.41554656999442274,0.9569313871416704,0.7777777777777778,0.0035787321063394683,0.0071246819338422395,0.03636363636363636,0.9964212678936605,0.0034808552958727,0.11066587730854821,0.052776736625477175,-0.057889140683071036,53,2,1949,7
42,condition,federated,1,vae,N09_M07_F10,256,55,55,1956,fuzzy_warning_as_alarm_hi50,1.0429165363311768,1.0461394548416139,1.046605122089386,1.046852023601532,0.41554656999442274,0.9569313871416704,0.7777777777777778,0.0035787321063394683,0.0071246819338422395,0.03636363636363636,0.9964212678936605,0.0034808552958727,0.11066587730854821,0.052776736625477175,-0.057889140683071036,53,2,1949,7
42,condition,federated,1,vae,N09_M07_F10,256,55,55,1956,fuzzy_fault_only_hi75,1.0429165363311768,1.0461394548416139,1.046605122089386,1.046852023601532,0.41554656999442274,0.9569313871416704,0.75,0.003067484662576687,0.006109979633401222,0.03636363636363636,0.9969325153374233,0.0034808552958727,0.11066587730854821,0.052776736625477175,-0.057889140683071036,53,2,1950,6
42,condition,federated,1,vae,N15_M01_F10,258,55,56,1956,hard_val_p95,1.0430392026901245,1.0451265573501587,1.0453129172325135,1.0466271924972534,0.4585022275781478,0.9636327151232023,0.9491525423728814,0.028629856850715747,0.055583126550868486,0.05357142857142857,0.9713701431492843,0.027335984095427434,0.11784251418195615,0.0739572081984601,-0.04388530598349605,53,3,1900,56
42,condition,federated,1,vae,N15_M01_F10,258,55,56,1956,fuzzy_warning_as_alarm_hi50,1.0430392026901245,1.0451265573501587,1.0453129172325135,1.0466271924972534,0.4585022275781478,0.9636327151232023,0.9491525423728814,0.028629856850715747,0.055583126550868486,0.05357142857142857,0.9713701431492843,0.027335984095427434,0.11784251418195615,0.0739572081984601,-0.04388530598349605,53,3,1900,56
42,condition,federated,1,vae,N15_M01_F10,258,55,56,1956,fuzzy_fault_only_hi75,1.0430392026901245,1.0451265573501587,1.0453129172325135,1.0466271924972534,0.4585022275781478,0.9636327151232023,0.8421052631578947,0.0081799591002045,0.01620253164556962,0.05357142857142857,0.9918200408997955,0.027335984095427434,0.11784251418195615,0.0739572081984601,-0.04388530598349605,53,3,1940,16
42,condition,federated,1,vae,N15_M07_F04,258,55,55,1956,hard_val_p95,1.0431157350540161,1.0449673652648925,1.0452096700668334,1.0463680410385132,0.4757901096858152,0.9699326854887377,0.9696969696969697,0.032719836400818,0.06330365974282888,0.03636363636363636,0.967280163599182,0.029835902536051714,0.08898766846752564,0.074099842526056,-0.014887825941469632,53,2,1892,64
42,condition,federated,1,vae,N15_M07_F04,258,55,55,1956,fuzzy_warning_as_alarm_hi50,1.0431157350540161,1.0449673652648925,1.0452096700668334,1.0463680410385132,0.4757901096858152,0.9699326854887377,0.9696969696969697,0.032719836400818,0.06330365974282888,0.03636363636363636,0.967280163599182,0.029835902536051714,0.08898766846752564,0.074099842526056,-0.014887825941469632,53,2,1892,64
42,condition,federated,1,vae,N15_M07_F04,258,55,55,1956,fuzzy_fault_only_hi75,1.0431157350540161,1.0449673652648925,1.0452096700668334,1.0463680410385132,0.4757901096858152,0.9699326854887377,0.9545454545454546,0.010736196319018405,0.021233569261880688,0.01818181818181818,0.9892638036809815,0.029835902536051714,0.08898766846752564,0.074099842526056,-0.014887825941469632,54,1,1935,21
42,condition,federated,1,vae,N15_M07_F10,256,55,55,1956,hard_val_p95,1.0430686473846436,1.044947576522827,1.0452287316322326,1.0462294387817384,0.46033649377207664,0.9636946629483755,0.9,0.032208588957055216,0.06219151036525173,0.12727272727272726,0.9677914110429447,0.02834410740924913,0.14992574731590985,0.07688651104101114,-0.07303923627489871,48,7,1893,63
42,condition,federated,1,vae,N15_M07_F10,256,55,55,1956,fuzzy_warning_as_alarm_hi50,1.0430686473846436,1.044947576522827,1.0452287316322326,1.0462294387817384,0.46033649377207664,0.9636946629483755,0.9,0.032208588957055216,0.06219151036525173,0.12727272727272726,0.9677914110429447,0.02834410740924913,0.14992574731590985,0.07688651104101114,-0.07303923627489871,48,7,1893,63
42,condition,federated,1,vae,N15_M07_F10,256,55,55,1956,fuzzy_fault_only_hi75,1.0430686473846436,1.044947576522827,1.0452287316322326,1.0462294387817384,0.46033649377207664,0.9636946629483755,0.8387096774193549,0.013292433537832311,0.026170105686965275,0.09090909090909091,0.9867075664621677,0.02834410740924913,0.14992574731590985,0.07688651104101114,-0.07303923627489871,50,5,1930,26
42,condition,federated,2,vae,N09_M07_F10,256,55,55,1956,hard_val_p95,1.045517921447754,1.0479300975799561,1.0481375098228454,1.0497735667228698,0.3705986242796059,0.9520896308778553,0.6666666666666666,0.007157464212678937,0.014162873039959535,0.12727272727272726,0.9928425357873211,0.015415216310293387,0.1479728381758321,0.05771535632179751,-0.0902574818540346,48,7,1942,14
42,condition,federated,2,vae,N09_M07_F10,256,55,55,1956,fuzzy_warning_as_alarm_hi50,1.045517921447754,1.0479300975799561,1.0481375098228454,1.0497735667228698,0.3705986242796059,0.9520896308778553,0.6666666666666666,0.007157464212678937,0.014162873039959535,0.12727272727272726,0.9928425357873211,0.015415216310293387,0.1479728381758321,0.05771535632179751,-0.0902574818540346,48,7,1942,14
42,condition,federated,2,vae,N09_M07_F10,256,55,55,1956,fuzzy_fault_only_hi75,1.045517921447754,1.0479300975799561,1.0481375098228454,1.0497735667228698,0.3705986242796059,0.9520896308778553,0.8,0.002044989775051125,0.00407955124936257,0.01818181818181818,0.9979550102249489,0.015415216310293387,0.1479728381758321,0.05771535632179751,-0.0902574818540346,54,1,1952,4
42,condition,federated,2,vae,N15_M01_F10,258,55,56,1956,hard_val_p95,1.0454614162445068,1.047316074371338,1.0479130625724793,1.0484610605239868,0.5259914548641542,0.967610214894052,0.9090909090909091,0.015337423312883436,0.030165912518853696,0.05357142857142857,0.9846625766871165,0.02982107355864811,0.09449093621662275,0.07097595601162589,-0.023514980204996858,53,3,1926,30
42,condition,federated,2,vae,N15_M01_F10,258,55,56,1956,fuzzy_warning_as_alarm_hi50,1.0454614162445068,1.047316074371338,1.0479130625724793,1.0484610605239868,0.5259914548641542,0.967610214894052,0.9090909090909091,0.015337423312883436,0.030165912518853696,0.05357142857142857,0.9846625766871165,0.02982107355864811,0.09449093621662275,0.07097595601162589,-0.023514980204996858,53,3,1926,30
42,condition,federated,2,vae,N15_M01_F10,258,55,56,1956,fuzzy_fault_only_hi75,1.0454614162445068,1.047316074371338,1.0479130625724793,1.0484610605239868,0.5259914548641542,0.967610214894052,0.9285714285714286,0.0066462167689161555,0.013197969543147208,0.017857142857142856,0.9933537832310838,0.02982107355864811,0.09449093621662275,0.07097595601162589,-0.023514980204996858,55,1,1943,13
42,condition,federated,2,vae,N15_M07_F04,258,55,55,1956,hard_val_p95,1.0459643602371216,1.047415804862976,1.0475816011428833,1.0479737257957458,0.4519613311024354,0.969048344016364,0.9649122807017544,0.028118609406952964,0.0546448087431694,0.03636363636363636,0.971881390593047,0.016907011437095974,0.07449603643782537,0.0561638662447445,-0.018332170193080873,53,2,1901,55
42,condition,federated,2,vae,N15_M07_F04,258,55,55,1956,fuzzy_warning_as_alarm_hi50,1.0459643602371216,1.047415804862976,1.0475816011428833,1.0479737257957458,0.4519613311024354,0.969048344016364,0.9649122807017544,0.028118609406952964,0.0546448087431694,0.03636363636363636,0.971881390593047,0.016907011437095974,0.07449603643782537,0.0561638662447445,-0.018332170193080873,53,2,1901,55
42,condition,federated,2,vae,N15_M07_F04,258,55,55,1956,fuzzy_fault_only_hi75,1.0459643602371216,1.047415804862976,1.0475816011428833,1.0479737257957458,0.4519613311024354,0.969048344016364,0.9736842105263158,0.018916155419222903,0.037111334002006016,0.01818181818181818,0.9810838445807771,0.016907011437095974,0.07449603643782537,0.0561638662447445,-0.018332170193080873,54,1,1919,37
42,condition,federated,2,vae,N15_M07_F10,256,55,55,1956,hard_val_p95,1.0456078052520752,1.0474175691604615,1.0479664921760559,1.0483915901184082,0.46890686001115456,0.9641059637409137,0.8787878787878788,0.014826175869120654,0.029160382101558573,0.07272727272727272,0.9851738241308794,0.026355047240179015,0.11831321854181122,0.06032381652489266,-0.05798940201691856,51,4,1927,29
42,condition,federated,2,vae,N15_M07_F10,256,55,55,1956,fuzzy_warning_as_alarm_hi50,1.0456078052520752,1.0474175691604615,1.0479664921760559,1.0483915901184082,0.46890686001115456,0.9641059637409137,0.8787878787878788,0.014826175869120654,0.029160382101558573,0.07272727272727272,0.9851738241308794,0.026355047240179015,0.11831321854181122,0.06032381652489266,-0.05798940201691856,51,4,1927,29
42,condition,federated,2,vae,N15_M07_F10,256,55,55,1956,fuzzy_fault_only_hi75,1.0456078052520752,1.0474175691604615,1.0479664921760559,1.0483915901184082,0.46890686001115456,0.9641059637409137,0.7647058823529411,0.0066462167689161555,0.013177901672579827,0.07272727272727272,0.9933537832310838,0.026355047240179015,0.11831321854181122,0.06032381652489266,-0.05798940201691856,51,4,1943,13
42,condition,federated,3,vae,N09_M07_F10,256,55,55,1956,hard_val_p95,1.0266234874725342,1.0274000406265258,1.0276904463768006,1.0282143020629884,0.39116936233500654,0.9530403953082578,0.75,0.007668711656441718,0.015182186234817813,0.09090909090909091,0.9923312883435583,0.019393336648433616,0.14668129673928695,0.05159806885122748,-0.09508322788805948,50,5,1941,15
42,condition,federated,3,vae,N09_M07_F10,256,55,55,1956,fuzzy_warning_as_alarm_hi50,1.0266234874725342,1.0274000406265258,1.0276904463768006,1.0282143020629884,0.39116936233500654,0.9530403953082578,0.75,0.007668711656441718,0.015182186234817813,0.09090909090909091,0.9923312883435583,0.019393336648433616,0.14668129673928695,0.05159806885122748,-0.09508322788805948,50,5,1941,15
42,condition,federated,3,vae,N09_M07_F10,256,55,55,1956,fuzzy_fault_only_hi75,1.0266234874725342,1.0274000406265258,1.0276904463768006,1.0282143020629884,0.39116936233500654,0.9530403953082578,0.4,0.0010224948875255625,0.002039775624681285,0.05454545454545454,0.9989775051124744,0.019393336648433616,0.14668129673928695,0.05159806885122748,-0.09508322788805948,52,3,1954,2
42,condition,federated,3,vae,N15_M01_F10,258,55,56,1956,hard_val_p95,1.0265594720840454,1.027093482017517,1.0274326801300049,1.0277440786361693,0.4949377373648846,0.9682651615014317,0.9791666666666666,0.024028629856850715,0.046906187624750496,0.017857142857142856,0.9759713701431493,0.05964214711729622,0.09935536932249302,0.08494510151986831,-0.014410267802624707,55,1,1909,47
42,condition,federated,3,vae,N15_M01_F10,258,55,56,1956,fuzzy_warning_as_alarm_hi50,1.0265594720840454,1.027093482017517,1.0274326801300049,1.0277440786361693,0.4949377373648846,0.9682651615014317,0.9791666666666666,0.024028629856850715,0.046906187624750496,0.017857142857142856,0.9759713701431493,0.05964214711729622,0.09935536932249302,0.08494510151986831,-0.014410267802624707,55,1,1909,47
42,condition,federated,3,vae,N15_M01_F10,258,55,56,1956,fuzzy_fault_only_hi75,1.0265594720840454,1.027093482017517,1.0274326801300049,1.0277440786361693,0.4949377373648846,0.9682651615014317,1.0,0.01278118609406953,0.02523977788995457,0.0,0.9872188139059305,0.05964214711729622,0.09935536932249302,0.08494510151986831,-0.014410267802624707,56,0,1931,25
42,condition,federated,3,vae,N15_M07_F04,258,55,55,1956,hard_val_p95,1.026710033416748,1.0272347450256347,1.0275267243385315,1.0278176259994507,0.48040992749581707,0.9699999446937356,0.96875,0.015848670756646217,0.03118712273641851,0.01818181818181818,0.9841513292433538,0.03232222774738936,0.0661559747711269,0.052439446978288236,-0.013716527792838669,54,1,1925,31
42,condition,federated,3,vae,N15_M07_F04,258,55,55,1956,fuzzy_warning_as_alarm_hi50,1.026710033416748,1.0272347450256347,1.0275267243385315,1.0278176259994507,0.48040992749581707,0.9699999446937356,0.96875,0.015848670756646217,0.03118712273641851,0.01818181818181818,0.9841513292433538,0.03232222774738936,0.0661559747711269,0.052439446978288236,-0.013716527792838669,54,1,1925,31
42,condition,federated,3,vae,N15_M07_F04,258,55,55,1956,fuzzy_fault_only_hi75,1.026710033416748,1.0272347450256347,1.0275267243385315,1.0278176259994507,0.48040992749581707,0.9699999446937356,0.9473684210526315,0.009202453987730062,0.018227848101265823,0.01818181818181818,0.99079754601227,0.03232222774738936,0.0661559747711269,0.052439446978288236,-0.013716527792838669,54,1,1938,18
42,condition,federated,3,vae,N15_M07_F10,256,55,55,1956,hard_val_p95,1.0266544818878174,1.0274444818496704,1.027597427368164,1.027811517715454,0.47328964491541176,0.9648822509913103,0.8888888888888888,0.012269938650306749,0.024205748865355523,0.05454545454545454,0.9877300613496932,0.011934361014420686,0.10376053712447963,0.05337375581646492,-0.050386781308014716,52,3,1932,24
42,condition,federated,3,vae,N15_M07_F10,256,55,55,1956,fuzzy_warning_as_alarm_hi50,1.0266544818878174,1.0274444818496704,1.027597427368164,1.027811517715454,0.47328964491541176,0.9648822509913103,0.8888888888888888,0.012269938650306749,0.024205748865355523,0.05454545454545454,0.9877300613496932,0.011934361014420686,0.10376053712447963,0.05337375581646492,-0.050386781308014716,52,3,1932,24
42,condition,federated,3,vae,N15_M07_F10,256,55,55,1956,fuzzy_fault_only_hi75,1.0266544818878174,1.0274444818496704,1.027597427368164,1.027811517715454,0.47328964491541176,0.9648822509913103,0.8333333333333334,0.007668711656441718,0.015197568389057751,0.05454545454545454,0.9923312883435583,0.011934361014420686,0.10376053712447963,0.05337375581646492,-0.050386781308014716,52,3,1941,15
42,condition,federated,4,vae,N09_M07_F10,256,55,55,1956,hard_val_p95,1.0035579204559326,1.0041372060775757,1.0042410254478455,1.0043915176391602,0.43527607361963183,0.9591670367897033,0.8235294117647058,0.007157464212678937,0.01419158641662443,0.05454545454545454,0.9928425357873211,0.009448035803083043,0.10879978034465371,0.0456792922822158,-0.0631204880624379,52,3,1942,14
42,condition,federated,4,vae,N09_M07_F10,256,55,55,1956,fuzzy_warning_as_alarm_hi50,1.0035579204559326,1.0041372060775757,1.0042410254478455,1.0043915176391602,0.43527607361963183,0.9591670367897033,0.8235294117647058,0.007157464212678937,0.01419158641662443,0.05454545454545454,0.9928425357873211,0.009448035803083043,0.10879978034465371,0.0456792922822158,-0.0631204880624379,52,3,1942,14
42,condition,federated,4,vae,N09_M07_F10,256,55,55,1956,fuzzy_fault_only_hi75,1.0035579204559326,1.0041372060775757,1.0042410254478455,1.0043915176391602,0.43527607361963183,0.9591670367897033,0.8,0.00408997955010225,0.008138351983723296,0.03636363636363636,0.9959100204498977,0.009448035803083043,0.10879978034465371,0.0456792922822158,-0.0631204880624379,53,2,1948,8
42,condition,federated,4,vae,N15_M01_F10,258,55,56,1956,hard_val_p95,1.0034667253494263,1.0039213180541993,1.0040883660316466,1.0041846990585328,0.4758892053754017,0.9651340927631641,0.9210526315789473,0.01789366053169734,0.03510531594784353,0.05357142857142857,0.9821063394683026,0.03578528827037773,0.12269827453114088,0.0843408793980315,-0.03835739513310937,53,3,1921,35
42,condition,federated,4,vae,N15_M01_F10,258,55,56,1956,fuzzy_warning_as_alarm_hi50,1.0034667253494263,1.0039213180541993,1.0040883660316466,1.0041846990585328,0.4758892053754017,0.9651340927631641,0.9210526315789473,0.01789366053169734,0.03510531594784353,0.05357142857142857,0.9821063394683026,0.03578528827037773,0.12269827453114088,0.0843408793980315,-0.03835739513310937,53,3,1921,35
42,condition,federated,4,vae,N15_M01_F10,258,55,56,1956,fuzzy_fault_only_hi75,1.0034667253494263,1.0039213180541993,1.0040883660316466,1.0041846990585328,0.4758892053754017,0.9651340927631641,0.9032258064516129,0.014314928425357873,0.028183190739808756,0.05357142857142857,0.9856850715746421,0.03578528827037773,0.12269827453114088,0.0843408793980315,-0.03835739513310937,53,3,1928,28
42,condition,federated,4,vae,N15_M07_F04,258,55,55,1956,hard_val_p95,1.003512978553772,1.0039822578430175,1.0041606426239014,1.0044147968292236,0.5474391150771519,0.9727415688853862,1.0,0.012269938650306749,0.024242424242424242,0.0,0.9877300613496932,0.02486325211337643,0.05666504498440055,0.061933563402058085,0.005268518417657533,55,0,1932,24
42,condition,federated,4,vae,N15_M07_F04,258,55,55,1956,fuzzy_warning_as_alarm_hi50,1.003512978553772,1.0039822578430175,1.0041606426239014,1.0044147968292236,0.5474391150771519,0.9727415688853862,1.0,0.012269938650306749,0.024242424242424242,0.0,0.9877300613496932,0.02486325211337643,0.05666504498440055,0.061933563402058085,0.005268518417657533,55,0,1932,24
42,condition,federated,4,vae,N15_M07_F04,258,55,55,1956,fuzzy_fault_only_hi75,1.003512978553772,1.0039822578430175,1.0041606426239014,1.0044147968292236,0.5474391150771519,0.9727415688853862,1.0,0.005623721881390593,0.011184544992374174,0.0,0.9943762781186094,0.02486325211337643,0.05666504498440055,0.061933563402058085,0.005268518417657533,55,0,1945,11
42,condition,federated,4,vae,N15_M07_F10,256,55,55,1956,hard_val_p95,1.0035433769226074,1.0039910793304443,1.0041606783866883,1.0042480516433716,0.48778118609406956,0.9687948557355612,0.8888888888888888,0.012269938650306749,0.024205748865355523,0.05454545454545454,0.9877300613496932,0.0208851317752362,0.08131083839863691,0.056977718755820486,-0.024333119642816425,52,3,1932,24
42,condition,federated,4,vae,N15_M07_F10,256,55,55,1956,fuzzy_warning_as_alarm_hi50,1.0035433769226074,1.0039910793304443,1.0041606783866883,1.0042480516433716,0.48778118609406956,0.9687948557355612,0.8888888888888888,0.012269938650306749,0.024205748865355523,0.05454545454545454,0.9877300613496932,0.0208851317752362,0.08131083839863691,0.056977718755820486,-0.024333119642816425,52,3,1932,24
42,condition,federated,4,vae,N15_M07_F10,256,55,55,1956,fuzzy_fault_only_hi75,1.0035433769226074,1.0039910793304443,1.0041606783866883,1.0042480516433716,0.48778118609406956,0.9687948557355612,0.9444444444444444,0.008691206543967281,0.017223910840932118,0.01818181818181818,0.9913087934560327,0.0208851317752362,0.08131083839863691,0.056977718755820486,-0.024333119642816425,54,1,1939,17
42,condition,federated,5,vae,N09_M07_F10,256,55,55,1956,hard_val_p95,1.0002179145812988,1.0007066488265992,1.0007292985916139,1.000819947719574,0.4461098717233687,0.9596346253554378,0.8125,0.0066462167689161555,0.013184584178498986,0.05454545454545454,0.9933537832310838,0.0034808552958727,0.10661135409045758,0.04958014712927915,-0.05703120696117843,52,3,1943,13
42,condition,federated,5,vae,N09_M07_F10,256,55,55,1956,fuzzy_warning_as_alarm_hi50,1.0002179145812988,1.0007066488265992,1.0007292985916139,1.000819947719574,0.4461098717233687,0.9596346253554378,0.8125,0.0066462167689161555,0.013184584178498986,0.05454545454545454,0.9933537832310838,0.0034808552958727,0.10661135409045758,0.04958014712927915,-0.05703120696117843,52,3,1943,13
42,condition,federated,5,vae,N09_M07_F10,256,55,55,1956,fuzzy_fault_only_hi75,1.0002179145812988,1.0007066488265992,1.0007292985916139,1.000819947719574,0.4461098717233687,0.9596346253554378,0.8,0.00408997955010225,0.008138351983723296,0.03636363636363636,0.9959100204498977,0.0034808552958727,0.10661135409045758,0.04958014712927915,-0.05703120696117843,53,2,1948,8
42,condition,federated,5,vae,N15_M01_F10,258,55,56,1956,hard_val_p95,1.0001994371414185,1.0004911184310914,1.0005505442619325,1.0007066893577576,0.4513538927841075,0.966945248397808,0.9444444444444444,0.034764826175869123,0.0670611439842209,0.07142857142857142,0.9652351738241309,0.04473161033797217,0.11794186047093407,0.0884220115643612,-0.02951984890657286,52,4,1888,68
42,condition,federated,5,vae,N15_M01_F10,258,55,56,1956,fuzzy_warning_as_alarm_hi50,1.0001994371414185,1.0004911184310914,1.0005505442619325,1.0007066893577576,0.4513538927841075,0.966945248397808,0.9444444444444444,0.034764826175869123,0.0670611439842209,0.07142857142857142,0.9652351738241309,0.04473161033797217,0.11794186047093407,0.0884220115643612,-0.02951984890657286,52,4,1888,68
42,condition,federated,5,vae,N15_M01_F10,258,55,56,1956,fuzzy_fault_only_hi75,1.0001994371414185,1.0004911184310914,1.0005505442619325,1.0007066893577576,0.4513538927841075,0.966945248397808,0.975,0.019938650306748466,0.03907815631262525,0.017857142857142856,0.9800613496932515,0.04473161033797217,0.11794186047093407,0.0884220115643612,-0.02951984890657286,55,1,1917,39
42,condition,federated,5,vae,N15_M07_F04,258,55,55,1956,hard_val_p95,1.000196099281311,1.000450038909912,1.0006019830703736,1.000839946269989,0.5081567205800336,0.9718635535695987,0.9791666666666666,0.024028629856850715,0.046906187624750496,0.01818181818181818,0.9759713701431493,0.058677274987568376,0.07865547869668285,0.07765461298881132,-0.0010008657078715288,54,1,1909,47
42,condition,federated,5,vae,N15_M07_F04,258,55,55,1956,fuzzy_warning_as_alarm_hi50,1.000196099281311,1.000450038909912,1.0006019830703736,1.000839946269989,0.5081567205800336,0.9718635535695987,0.9791666666666666,0.024028629856850715,0.046906187624750496,0.01818181818181818,0.9759713701431493,0.058677274987568376,0.07865547869668285,0.07765461298881132,-0.0010008657078715288,54,1,1909,47
42,condition,federated,5,vae,N15_M07_F04,258,55,55,1956,fuzzy_fault_only_hi75,1.000196099281311,1.000450038909912,1.0006019830703736,1.000839946269989,0.5081567205800336,0.9718635535695987,0.9285714285714286,0.0066462167689161555,0.013197969543147208,0.01818181818181818,0.9933537832310838,0.058677274987568376,0.07865547869668285,0.07765461298881132,-0.0010008657078715288,54,1,1943,13
42,condition,federated,5,vae,N15_M07_F10,256,55,55,1956,hard_val_p95,1.0001990795135498,1.00055673122406,1.0007124900817872,1.000749011039734,0.4957241122885294,0.9666922490084371,0.8666666666666667,0.0066462167689161555,0.013191273465246067,0.03636363636363636,0.9933537832310838,0.022376926902038786,0.096771342460263,0.059246035265770214,-0.03752530719449279,53,2,1943,13
42,condition,federated,5,vae,N15_M07_F10,256,55,55,1956,fuzzy_warning_as_alarm_hi50,1.0001990795135498,1.00055673122406,1.0007124900817872,1.000749011039734,0.4957241122885294,0.9666922490084371,0.8666666666666667,0.0066462167689161555,0.013191273465246067,0.03636363636363636,0.9933537832310838,0.022376926902038786,0.096771342460263,0.059246035265770214,-0.03752530719449279,53,2,1943,13
42,condition,federated,5,vae,N15_M07_F10,256,55,55,1956,fuzzy_fault_only_hi75,1.0001990795135498,1.00055673122406,1.0007124900817872,1.000749011039734,0.4957241122885294,0.9666922490084371,0.8666666666666667,0.0066462167689161555,0.013191273465246067,0.03636363636363636,0.9933537832310838,0.022376926902038786,0.096771342460263,0.059246035265770214,-0.03752530719449279,53,2,1943,13
42,condition,federated,6,vae,N09_M07_F10,256,55,55,1956,hard_val_p95,1.0003468990325928,1.0006055593490601,1.0007165670394897,1.0007811212539672,0.5037460494515709,0.9670371487066262,0.8181818181818182,0.009202453987730062,0.01820020222446916,0.07272727272727272,0.99079754601227,0.023371456986573842,0.10299680339906166,0.05126609609340965,-0.051730707305652004,51,4,1938,18
42,condition,federated,6,vae,N09_M07_F10,256,55,55,1956,fuzzy_warning_as_alarm_hi50,1.0003468990325928,1.0006055593490601,1.0007165670394897,1.0007811212539672,0.5037460494515709,0.9670371487066262,0.8181818181818182,0.009202453987730062,0.01820020222446916,0.07272727272727272,0.99079754601227,0.023371456986573842,0.10299680339906166,0.05126609609340965,-0.051730707305652004,51,4,1938,18
42,condition,federated,6,vae,N09_M07_F10,256,55,55,1956,fuzzy_fault_only_hi75,1.0003468990325928,1.0006055593490601,1.0007165670394897,1.0007811212539672,0.5037460494515709,0.9670371487066262,0.75,0.006134969325153374,0.012170385395537525,0.07272727272727272,0.9938650306748467,0.023371456986573842,0.10299680339906166,0.05126609609340965,-0.051730707305652004,51,4,1944,12
42,condition,federated,6,vae,N15_M01_F10,258,55,56,1956,hard_val_p95,1.000313639640808,1.0004840612411499,1.0006338596343993,1.0008227372169494,0.4945634312007012,0.9697866324254214,0.95,0.029141104294478526,0.05654761904761905,0.05357142857142857,0.9708588957055214,0.07654075546719682,0.1002991038920458,0.08274256191140096,-0.017556541980644838,53,3,1899,57
42,condition,federated,6,vae,N15_M01_F10,258,55,56,1956,fuzzy_warning_as_alarm_hi50,1.000313639640808,1.0004840612411499,1.0006338596343993,1.0008227372169494,0.4945634312007012,0.9697866324254214,0.95,0.029141104294478526,0.05654761904761905,0.05357142857142857,0.9708588957055214,0.07654075546719682,0.1002991038920458,0.08274256191140096,-0.017556541980644838,53,3,1899,57
42,condition,federated,6,vae,N15_M01_F10,258,55,56,1956,fuzzy_fault_only_hi75,1.000313639640808,1.0004840612411499,1.0006338596343993,1.0008227372169494,0.4945634312007012,0.9697866324254214,0.875,0.007157464212678937,0.014198782961460446,0.03571428571428571,0.9928425357873211,0.07654075546719682,0.1002991038920458,0.08274256191140096,-0.017556541980644838,54,2,1942,14
42,condition,federated,6,vae,N15_M07_F04,258,55,55,1956,hard_val_p95,1.0003137588500977,1.0005758285522461,1.0006185293197631,1.0006893253326417,0.4535369027700317,0.9676279272129502,0.9710144927536232,0.03425357873210634,0.06617283950617284,0.03636363636363636,0.9657464212678937,0.0278468423669816,0.11433496040592218,0.08620351090585618,-0.028131449500066005,53,2,1889,67
42,condition,federated,6,vae,N15_M07_F04,258,55,55,1956,fuzzy_warning_as_alarm_hi50,1.0003137588500977,1.0005758285522461,1.0006185293197631,1.0006893253326417,0.4535369027700317,0.9676279272129502,0.9710144927536232,0.03425357873210634,0.06617283950617284,0.03636363636363636,0.9657464212678937,0.0278468423669816,0.11433496040592218,0.08620351090585618,-0.028131449500066005,53,2,1889,67
42,condition,federated,6,vae,N15_M07_F04,258,55,55,1956,fuzzy_fault_only_hi75,1.0003137588500977,1.0005758285522461,1.0006185293197631,1.0006893253326417,0.4535369027700317,0.9676279272129502,0.9583333333333334,0.023517382413087935,0.04590818363273453,0.03636363636363636,0.976482617586912,0.0278468423669816,0.11433496040592218,0.08620351090585618,-0.028131449500066005,53,2,1910,46
42,condition,federated,6,vae,N15_M07_F10,256,55,55,1956,hard_val_p95,1.0003697872161865,1.000610065460205,1.0007004618644715,1.0007743215560914,0.5401979921918573,0.976348310658588,1.0,0.011758691206543968,0.023244062657908033,0.0,0.9882413087934561,0.022874191944306316,0.02601200480739495,0.04715580245262623,0.02114379764523128,55,0,1933,23
42,condition,federated,6,vae,N15_M07_F10,256,55,55,1956,fuzzy_warning_as_alarm_hi50,1.0003697872161865,1.000610065460205,1.0007004618644715,1.0007743215560914,0.5401979921918573,0.976348310658588,1.0,0.011758691206543968,0.023244062657908033,0.0,0.9882413087934561,0.022874191944306316,0.02601200480739495,0.04715580245262623,0.02114379764523128,55,0,1933,23
42,condition,federated,6,vae,N15_M07_F10,256,55,55,1956,fuzzy_fault_only_hi75,1.0003697872161865,1.000610065460205,1.0007004618644715,1.0007743215560914,0.5401979921918573,0.976348310658588,1.0,0.0066462167689161555,0.013204672422549517,0.0,0.9933537832310838,0.022874191944306316,0.02601200480739495,0.04715580245262623,0.02114379764523128,55,0,1943,13
42,condition,federated,7,vae,N09_M07_F10,256,55,55,1956,hard_val_p95,1.0004816055297852,1.0008013486862182,1.0008928894996643,1.000927209854126,0.49432515337423305,0.9657386224589921,0.7777777777777778,0.007157464212678937,0.014184397163120567,0.07272727272727272,0.9928425357873211,0.014420686225758329,0.11097363038094984,0.052192602982614626,-0.05878102739833522,51,4,1942,14
42,condition,federated,7,vae,N09_M07_F10,256,55,55,1956,fuzzy_warning_as_alarm_hi50,1.0004816055297852,1.0008013486862182,1.0008928894996643,1.000927209854126,0.49432515337423305,0.9657386224589921,0.7777777777777778,0.007157464212678937,0.014184397163120567,0.07272727272727272,0.9928425357873211,0.014420686225758329,0.11097363038094984,0.052192602982614626,-0.05878102739833522,51,4,1942,14
42,condition,federated,7,vae,N09_M07_F10,256,55,55,1956,fuzzy_fault_only_hi75,1.0004816055297852,1.0008013486862182,1.0008928894996643,1.000927209854126,0.49432515337423305,0.9657386224589921,0.7647058823529411,0.0066462167689161555,0.013177901672579827,0.07272727272727272,0.9933537832310838,0.014420686225758329,0.11097363038094984,0.052192602982614626,-0.05878102739833522,51,4,1943,13
42,condition,federated,7,vae,N15_M01_F10,258,55,56,1956,hard_val_p95,1.0003870725631714,1.000687265396118,1.0007158398628235,1.0009748315811158,0.5183546961729477,0.9674656474292345,0.9485294117647058,0.06595092024539877,0.12332695984703633,0.125,0.9340490797546013,0.07007952286282307,0.16066756205479882,0.1292219034699456,-0.03144565858485321,49,7,1827,129
42,condition,federated,7,vae,N15_M01_F10,258,55,56,1956,fuzzy_warning_as_alarm_hi50,1.0003870725631714,1.000687265396118,1.0007158398628235,1.0009748315811158,0.5183546961729477,0.9674656474292345,0.9485294117647058,0.06595092024539877,0.12332695984703633,0.125,0.9340490797546013,0.07007952286282307,0.16066756205479882,0.1292219034699456,-0.03144565858485321,49,7,1827,129
42,condition,federated,7,vae,N15_M01_F10,258,55,56,1956,fuzzy_fault_only_hi75,1.0003870725631714,1.000687265396118,1.0007158398628235,1.0009748315811158,0.5183546961729477,0.9674656474292345,0.8787878787878788,0.014826175869120654,0.029160382101558573,0.07142857142857142,0.9851738241308794,0.07007952286282307,0.16066756205479882,0.1292219034699456,-0.03144565858485321,52,4,1927,29
42,condition,federated,7,vae,N15_M07_F04,258,55,55,1956,hard_val_p95,1.0004888772964478,1.000723123550415,1.0007436871528625,1.000783727169037,0.4564696040156163,0.966361264561018,0.9489795918367347,0.04754601226993865,0.09055501460564752,0.09090909090909091,0.9524539877300614,0.019890601690701143,0.14619382175660056,0.09041839990276683,-0.05577542185383373,50,5,1863,93
42,condition,federated,7,vae,N15_M07_F04,258,55,55,1956,fuzzy_warning_as_alarm_hi50,1.0004888772964478,1.000723123550415,1.0007436871528625,1.000783727169037,0.4564696040156163,0.966361264561018,0.9489795918367347,0.04754601226993865,0.09055501460564752,0.09090909090909091,0.9524539877300614,0.019890601690701143,0.14619382175660056,0.09041839990276683,-0.05577542185383373,50,5,1863,93
42,condition,federated,7,vae,N15_M07_F04,258,55,55,1956,fuzzy_fault_only_hi75,1.0004888772964478,1.000723123550415,1.0007436871528625,1.000783727169037,0.4564696040156163,0.966361264561018,0.95,0.03885480572597137,0.07465618860510806,0.07272727272727272,0.9611451942740287,0.019890601690701143,0.14619382175660056,0.09041839990276683,-0.05577542185383373,51,4,1880,76
42,condition,federated,7,vae,N15_M07_F10,256,55,55,1956,hard_val_p95,1.0005277395248413,1.0007063150405884,1.0007794618606567,1.0008184099197388,0.5255158951477971,0.975160654115961,0.971830985915493,0.0352760736196319,0.06808090774543661,0.03636363636363636,0.9647239263803681,0.029835902536051714,0.05632225042665132,0.06805994182552551,0.011737691398874185,53,2,1887,69
42,condition,federated,7,vae,N15_M07_F10,256,55,55,1956,fuzzy_warning_as_alarm_hi50,1.0005277395248413,1.0007063150405884,1.0007794618606567,1.0008184099197388,0.5255158951477971,0.975160654115961,0.971830985915493,0.0352760736196319,0.06808090774543661,0.03636363636363636,0.9647239263803681,0.029835902536051714,0.05632225042665132,0.06805994182552551,0.011737691398874185,53,2,1887,69
42,condition,federated,7,vae,N15_M07_F10,256,55,55,1956,fuzzy_fault_only_hi75,1.0005277395248413,1.0007063150405884,1.0007794618606567,1.0008184099197388,0.5255158951477971,0.975160654115961,0.9655172413793104,0.028629856850715747,0.05561072492552135,0.03636363636363636,0.9713701431492843,0.029835902536051714,0.05632225042665132,0.06805994182552551,0.011737691398874185,53,2,1900,56
42,condition,federated,8,vae,N09_M07_F10,256,55,55,1956,hard_val_p95,1.0004618167877197,1.0009796857833861,1.001080298423767,1.0011266994476318,0.482761665737126,0.9646800973484185,0.8125,0.0066462167689161555,0.013184584178498986,0.05454545454545454,0.9933537832310838,0.008453505718547987,0.10310846505122294,0.04910445688449167,-0.05400400816673127,52,3,1943,13
42,condition,federated,8,vae,N09_M07_F10,256,55,55,1956,fuzzy_warning_as_alarm_hi50,1.0004618167877197,1.0009796857833861,1.001080298423767,1.0011266994476318,0.482761665737126,0.9646800973484185,0.8125,0.0066462167689161555,0.013184584178498986,0.05454545454545454,0.9933537832310838,0.008453505718547987,0.10310846505122294,0.04910445688449167,-0.05400400816673127,52,3,1943,13
42,condition,federated,8,vae,N09_M07_F10,256,55,55,1956,fuzzy_fault_only_hi75,1.0004618167877197,1.0009796857833861,1.001080298423767,1.0011266994476318,0.482761665737126,0.9646800973484185,0.7692307692307693,0.005112474437627812,0.01015744032503809,0.05454545454545454,0.9948875255623721,0.008453505718547987,0.10310846505122294,0.04910445688449167,-0.05400400816673127,52,3,1946,10
42,condition,federated,8,vae,N15_M01_F10,258,55,56,1956,hard_val_p95,1.0003254413604736,1.0007630825042724,1.000825321674347,1.001134867668152,0.5237730061349694,0.9674260392906976,0.9439252336448598,0.0516359918200409,0.0979156568104702,0.10714285714285714,0.9483640081799591,0.06858846918489066,0.15322201636956864,0.12428296582683189,-0.028939050542736752,50,6,1855,101
42,condition,federated,8,vae,N15_M01_F10,258,55,56,1956,fuzzy_warning_as_alarm_hi50,1.0003254413604736,1.0007630825042724,1.000825321674347,1.001134867668152,0.5237730061349694,0.9674260392906976,0.9439252336448598,0.0516359918200409,0.0979156568104702,0.10714285714285714,0.9483640081799591,0.06858846918489066,0.15322201636956864,0.12428296582683189,-0.028939050542736752,50,6,1855,101
42,condition,federated,8,vae,N15_M01_F10,258,55,56,1956,fuzzy_fault_only_hi75,1.0003254413604736,1.0007630825042724,1.000825321674347,1.001134867668152,0.5237730061349694,0.9674260392906976,0.9,0.013803680981595092,0.027190332326283987,0.05357142857142857,0.9861963190184049,0.06858846918489066,0.15322201636956864,0.12428296582683189,-0.028939050542736752,53,3,1929,27
42,condition,federated,8,vae,N15_M07_F04,258,55,55,1956,hard_val_p95,1.000468373298645,1.0007899284362793,1.0008603811264039,1.0009128069877624,0.4595975088306377,0.9667406172868415,0.9230769230769231,0.04294478527607362,0.08207132388861749,0.12727272727272726,0.9570552147239264,0.03182496270512183,0.15092025875385015,0.08729974698548364,-0.06362051176836651,48,7,1872,84
42,condition,federated,8,vae,N15_M07_F04,258,55,55,1956,fuzzy_warning_as_alarm_hi50,1.000468373298645,1.0007899284362793,1.0008603811264039,1.0009128069877624,0.4595975088306377,0.9667406172868415,0.9230769230769231,0.04294478527607362,0.08207132388861749,0.12727272727272726,0.9570552147239264,0.03182496270512183,0.15092025875385015,0.08729974698548364,-0.06362051176836651,48,7,1872,84
42,condition,federated,8,vae,N15_M07_F04,258,55,55,1956,fuzzy_fault_only_hi75,1.000468373298645,1.0007899284362793,1.0008603811264039,1.0009128069877624,0.4595975088306377,0.9667406172868415,0.9452054794520548,0.0352760736196319,0.06801379990142928,0.07272727272727272,0.9647239263803681,0.03182496270512183,0.15092025875385015,0.08729974698548364,-0.06362051176836651,51,4,1887,69
42,condition,federated,8,vae,N15_M07_F10,256,55,55,1956,hard_val_p95,1.0005120038986206,1.0007919311523437,1.0008824825286866,1.0009289693832397,0.4999488752556237,0.9746241662931748,0.9859154929577465,0.03578732106339468,0.06906758756783424,0.01818181818181818,0.9642126789366053,0.029338637493784188,0.05963235732982525,0.07307612401049762,0.013443766680672375,54,1,1886,70
42,condition,federated,8,vae,N15_M07_F10,256,55,55,1956,fuzzy_warning_as_alarm_hi50,1.0005120038986206,1.0007919311523437,1.0008824825286866,1.0009289693832397,0.4999488752556237,0.9746241662931748,0.9859154929577465,0.03578732106339468,0.06906758756783424,0.01818181818181818,0.9642126789366053,0.029338637493784188,0.05963235732982525,0.07307612401049762,0.013443766680672375,54,1,1886,70
42,condition,federated,8,vae,N15_M07_F10,256,55,55,1956,fuzzy_fault_only_hi75,1.0005120038986206,1.0007919311523437,1.0008824825286866,1.0009289693832397,0.4999488752556237,0.9746241662931748,0.9836065573770492,0.03067484662576687,0.059494298463063956,0.01818181818181818,0.9693251533742331,0.029338637493784188,0.05963235732982525,0.07307612401049762,0.013443766680672375,54,1,1896,60
42,condition,federated,9,vae,N09_M07_F10,256,55,55,1956,hard_val_p95,1.000557780265808,1.0010318994522094,1.001165497303009,1.0012330985069275,0.46317624093697707,0.9643352729546297,0.7333333333333333,0.005623721881390593,0.011161846778285134,0.07272727272727272,0.9943762781186094,0.011437095972153158,0.11052540680710086,0.04356873102320788,-0.06695667578389299,51,4,1945,11
42,condition,federated,9,vae,N09_M07_F10,256,55,55,1956,fuzzy_warning_as_alarm_hi50,1.000557780265808,1.0010318994522094,1.001165497303009,1.0012330985069275,0.46317624093697707,0.9643352729546297,0.7333333333333333,0.005623721881390593,0.011161846778285134,0.07272727272727272,0.9943762781186094,0.011437095972153158,0.11052540680710086,0.04356873102320788,-0.06695667578389299,51,4,1945,11
42,condition,federated,9,vae,N09_M07_F10,256,55,55,1956,fuzzy_fault_only_hi75,1.000557780265808,1.0010318994522094,1.001165497303009,1.0012330985069275,0.46317624093697707,0.9643352729546297,0.7142857142857143,0.005112474437627812,0.01015228426395939,0.07272727272727272,0.9948875255623721,0.011437095972153158,0.11052540680710086,0.04356873102320788,-0.06695667578389299,51,4,1946,10
42,condition,federated,9,vae,N15_M01_F10,258,55,56,1956,hard_val_p95,1.0004308223724365,1.0008493185043335,1.000973069667816,1.0011912775039673,0.5182451431492843,0.9684889518517215,0.9402985074626866,0.032208588957055216,0.06228373702422145,0.07142857142857142,0.9677914110429447,0.051192842942345926,0.12172253303924552,0.09637428400919842,-0.025348249030047093,52,4,1893,63
42,condition,federated,9,vae,N15_M01_F10,258,55,56,1956,fuzzy_warning_as_alarm_hi50,1.0004308223724365,1.0008493185043335,1.000973069667816,1.0011912775039673,0.5182451431492843,0.9684889518517215,0.9402985074626866,0.032208588957055216,0.06228373702422145,0.07142857142857142,0.9677914110429447,0.051192842942345926,0.12172253303924552,0.09637428400919842,-0.025348249030047093,52,4,1893,63
42,condition,federated,9,vae,N15_M01_F10,258,55,56,1956,fuzzy_fault_only_hi75,1.0004308223724365,1.0008493185043335,1.000973069667816,1.0011912775039673,0.5182451431492843,0.9684889518517215,0.9230769230769231,0.012269938650306749,0.024217961654894045,0.03571428571428571,0.9877300613496932,0.051192842942345926,0.12172253303924552,0.09637428400919842,-0.025348249030047093,54,2,1932,24
42,condition,federated,9,vae,N15_M07_F04,258,55,55,1956,hard_val_p95,1.0005595684051514,1.0008578300476074,1.0009866595268249,1.0010417366027833,0.4486846997583193,0.9672176476697771,0.9230769230769231,0.03067484662576687,0.05937654626422563,0.09090909090909091,0.9693251533742331,0.03281949278965689,0.12035600259427696,0.0700607077372318,-0.05029529485704516,50,5,1896,60
42,condition,federated,9,vae,N15_M07_F04,258,55,55,1956,fuzzy_warning_as_alarm_hi50,1.0005595684051514,1.0008578300476074,1.0009866595268249,1.0010417366027833,0.4486846997583193,0.9672176476697771,0.9230769230769231,0.03067484662576687,0.05937654626422563,0.09090909090909091,0.9693251533742331,0.03281949278965689,0.12035600259427696,0.0700607077372318,-0.05029529485704516,50,5,1896,60
42,condition,federated,9,vae,N15_M07_F04,258,55,55,1956,fuzzy_fault_only_hi75,1.0005595684051514,1.0008578300476074,1.0009866595268249,1.0010417366027833,0.4486846997583193,0.9672176476697771,0.9361702127659575,0.022494887525562373,0.04393409885172242,0.05454545454545454,0.9775051124744376,0.03281949278965689,0.12035600259427696,0.0700607077372318,-0.05029529485704516,52,3,1912,44
42,condition,federated,9,vae,N15_M07_F10,256,55,55,1956,hard_val_p95,1.0005755424499512,1.0009381532669068,1.0009667873382568,1.0010113978385926,0.4894590072504183,0.9742066776577408,0.9852941176470589,0.03425357873210634,0.06620553359683795,0.01818181818181818,0.9657464212678937,0.009945300845350571,0.051028344313879044,0.0699054496457205,0.018877105331841455,54,1,1889,67
42,condition,federated,9,vae,N15_M07_F10,256,55,55,1956,fuzzy_warning_as_alarm_hi50,1.0005755424499512,1.0009381532669068,1.0009667873382568,1.0010113978385926,0.4894590072504183,0.9742066776577408,0.9852941176470589,0.03425357873210634,0.06620553359683795,0.01818181818181818,0.9657464212678937,0.009945300845350571,0.051028344313879044,0.0699054496457205,0.018877105331841455,54,1,1889,67
42,condition,federated,9,vae,N15_M07_F10,256,55,55,1956,fuzzy_fault_only_hi75,1.0005755424499512,1.0009381532669068,1.0009667873382568,1.0010113978385926,0.4894590072504183,0.9742066776577408,1.0,0.03067484662576687,0.05952380952380952,0.0,0.9693251533742331,0.009945300845350571,0.051028344313879044,0.0699054496457205,0.018877105331841455,55,0,1896,60
42,condition,federated,10,vae,N09_M07_F10,256,55,55,1956,hard_val_p95,1.0003931522369385,1.0007261753082275,1.0007954478263854,1.0008285856246948,0.48266871165644176,0.9649838500711396,0.8636363636363636,0.009713701431492843,0.019211324570273004,0.05454545454545454,0.9902862985685071,0.006464445549477871,0.09871485087967603,0.047918927006235346,-0.05079592387344069,52,3,1937,19
42,condition,federated,10,vae,N09_M07_F10,256,55,55,1956,fuzzy_warning_as_alarm_hi50,1.0003931522369385,1.0007261753082275,1.0007954478263854,1.0008285856246948,0.48266871165644176,0.9649838500711396,0.8636363636363636,0.009713701431492843,0.019211324570273004,0.05454545454545454,0.9902862985685071,0.006464445549477871,0.09871485087967603,0.047918927006235346,-0.05079592387344069,52,3,1937,19
42,condition,federated,10,vae,N09_M07_F10,256,55,55,1956,fuzzy_fault_only_hi75,1.0003931522369385,1.0007261753082275,1.0007954478263854,1.0008285856246948,0.48266871165644176,0.9649838500711396,0.8333333333333334,0.007668711656441718,0.015197568389057751,0.05454545454545454,0.9923312883435583,0.006464445549477871,0.09871485087967603,0.047918927006235346,-0.05079592387344069,52,3,1941,15
42,condition,federated,10,vae,N15_M01_F10,258,55,56,1956,hard_val_p95,1.0002797842025757,1.0005997180938722,1.000638484954834,1.0008444690704346,0.520358603564125,0.9672944680401463,0.9351851851851852,0.0516359918200409,0.09786821705426356,0.125,0.9483640081799591,0.060139165009940355,0.15216562572239378,0.121235916811085,-0.03092970891130878,49,7,1855,101
42,condition,federated,10,vae,N15_M01_F10,258,55,56,1956,fuzzy_warning_as_alarm_hi50,1.0002797842025757,1.0005997180938722,1.000638484954834,1.0008444690704346,0.520358603564125,0.9672944680401463,0.9351851851851852,0.0516359918200409,0.09786821705426356,0.125,0.9483640081799591,0.060139165009940355,0.15216562572239378,0.121235916811085,-0.03092970891130878,49,7,1855,101
42,condition,federated,10,vae,N15_M01_F10,258,55,56,1956,fuzzy_fault_only_hi75,1.0002797842025757,1.0005997180938722,1.000638484954834,1.0008444690704346,0.520358603564125,0.9672944680401463,0.9310344827586207,0.013803680981595092,0.027204030226700253,0.03571428571428571,0.9861963190184049,0.060139165009940355,0.15216562572239378,0.121235916811085,-0.03092970891130878,54,2,1929,27
42,condition,federated,10,vae,N15_M07_F04,258,55,55,1956,hard_val_p95,1.000387191772461,1.0006103038787841,1.000641894340515,1.000693714618683,0.4736010410857036,0.9666902281449303,0.9245283018867925,0.050102249488752554,0.0950533462657614,0.14545454545454545,0.9498977505112475,0.029835902536051714,0.1662910378586878,0.0897407801320135,-0.07655025772667429,47,8,1858,98
42,condition,federated,10,vae,N15_M07_F04,258,55,55,1956,fuzzy_warning_as_alarm_hi50,1.000387191772461,1.0006103038787841,1.000641894340515,1.000693714618683,0.4736010410857036,0.9666902281449303,0.9245283018867925,0.050102249488752554,0.0950533462657614,0.14545454545454545,0.9498977505112475,0.029835902536051714,0.1662910378586878,0.0897407801320135,-0.07655025772667429,47,8,1858,98
42,condition,federated,10,vae,N15_M07_F04,258,55,55,1956,fuzzy_fault_only_hi75,1.000387191772461,1.0006103038787841,1.000641894340515,1.000693714618683,0.4736010410857036,0.9666902281449303,0.9240506329113924,0.037321063394683024,0.07174447174447174,0.10909090909090909,0.962678936605317,0.029835902536051714,0.1662910378586878,0.0897407801320135,-0.07655025772667429,49,6,1883,73
42,condition,federated,10,vae,N15_M07_F10,256,55,55,1956,hard_val_p95,1.0004215240478516,1.0006060123443603,1.0006508469581603,1.0006884407997132,0.5138873396542107,0.9736851624032332,0.9659090909090909,0.0434560327198364,0.08317025440313111,0.05454545454545454,0.9565439672801636,0.0278468423669816,0.07706318682004555,0.07765409011411668,0.0005909032940711323,52,3,1871,85
42,condition,federated,10,vae,N15_M07_F10,256,55,55,1956,fuzzy_warning_as_alarm_hi50,1.0004215240478516,1.0006060123443603,1.0006508469581603,1.0006884407997132,0.5138873396542107,0.9736851624032332,0.9659090909090909,0.0434560327198364,0.08317025440313111,0.05454545454545454,0.9565439672801636,0.0278468423669816,0.07706318682004555,0.07765409011411668,0.0005909032940711323,52,3,1871,85
42,condition,federated,10,vae,N15_M07_F10,256,55,55,1956,fuzzy_fault_only_hi75,1.0004215240478516,1.0006060123443603,1.0006508469581603,1.0006884407997132,0.5138873396542107,0.9736851624032332,0.9605263157894737,0.037321063394683024,0.0718503937007874,0.05454545454545454,0.962678936605317,0.0278468423669816,0.07706318682004555,0.07765409011411668,0.0005909032940711323,52,3,1883,73
202,condition,local-only,10,cnn-ae,N09_M07_F10,256,55,55,1956,hard_val_p95,1.0165296792984009,1.0215012073516845,1.0221489071846008,1.024166338443756,0.3630786391522588,0.9610232249414206,0.9375,0.007668711656441718,0.015212981744421906,0.01818181818181818,0.9923312883435583,0.0069617105917454,0.07503005577571355,0.02118123197834536,-0.05384882379736819,54,1,1941,15
202,condition,local-only,10,cnn-ae,N09_M07_F10,256,55,55,1956,fuzzy_warning_as_alarm_hi50,1.0165296792984009,1.0215012073516845,1.0221489071846008,1.024166338443756,0.3630786391522588,0.9610232249414206,0.9375,0.007668711656441718,0.015212981744421906,0.01818181818181818,0.9923312883435583,0.0069617105917454,0.07503005577571355,0.02118123197834536,-0.05384882379736819,54,1,1941,15
202,condition,local-only,10,cnn-ae,N09_M07_F10,256,55,55,1956,fuzzy_fault_only_hi75,1.0165296792984009,1.0215012073516845,1.0221489071846008,1.024166338443756,0.3630786391522588,0.9610232249414206,1.0,0.00408997955010225,0.008146639511201629,0.0,0.9959100204498977,0.0069617105917454,0.07503005577571355,0.02118123197834536,-0.05384882379736819,55,0,1948,8
202,condition,local-only,10,cnn-ae,N15_M01_F10,258,55,56,1956,hard_val_p95,1.005587100982666,1.0121062755584718,1.0151334881782532,1.01925279378891,0.4398188723342098,0.9648615572234062,0.9324324324324325,0.0352760736196319,0.06798029556650247,0.08928571428571429,0.9647239263803681,0.03926441351888668,0.1256844673334154,0.06771092633848065,-0.05797354099493475,51,5,1887,69
202,condition,local-only,10,cnn-ae,N15_M01_F10,258,55,56,1956,fuzzy_warning_as_alarm_hi50,1.005587100982666,1.0121062755584718,1.0151334881782532,1.01925279378891,0.4398188723342098,0.9648615572234062,0.9324324324324325,0.0352760736196319,0.06798029556650247,0.08928571428571429,0.9647239263803681,0.03926441351888668,0.1256844673334154,0.06771092633848065,-0.05797354099493475,51,5,1887,69
202,condition,local-only,10,cnn-ae,N15_M01_F10,258,55,56,1956,fuzzy_fault_only_hi75,1.005587100982666,1.0121062755584718,1.0151334881782532,1.01925279378891,0.4398188723342098,0.9648615572234062,0.9318181818181818,0.020961145194274028,0.041,0.05357142857142857,0.9790388548057259,0.03926441351888668,0.1256844673334154,0.06771092633848065,-0.05797354099493475,53,3,1915,41
202,condition,local-only,10,cnn-ae,N15_M07_F04,258,55,55,1956,hard_val_p95,1.0149624347686768,1.0251286029815674,1.0272163033485413,1.0327168107032776,0.4260039040713888,0.9649199316289822,0.9333333333333333,0.03578732106339468,0.068931560807484,0.09090909090909091,0.9642126789366053,0.03779214321233217,0.13364088833260424,0.06632462290207339,-0.06731626543053085,50,5,1886,70
202,condition,local-only,10,cnn-ae,N15_M07_F04,258,55,55,1956,fuzzy_warning_as_alarm_hi50,1.0149624347686768,1.0251286029815674,1.0272163033485413,1.0327168107032776,0.4260039040713888,0.9649199316289822,0.9333333333333333,0.03578732106339468,0.068931560807484,0.09090909090909091,0.9642126789366053,0.03779214321233217,0.13364088833260424,0.06632462290207339,-0.06731626543053085,50,5,1886,70
202,condition,local-only,10,cnn-ae,N15_M07_F04,258,55,55,1956,fuzzy_fault_only_hi75,1.0149624347686768,1.0251286029815674,1.0272163033485413,1.0327168107032776,0.4260039040713888,0.9649199316289822,0.8947368421052632,0.017382413087934562,0.034102306920762285,0.07272727272727272,0.9826175869120655,0.03779214321233217,0.13364088833260424,0.06632462290207339,-0.06731626543053085,51,4,1922,34
202,condition,local-only,10,cnn-ae,N15_M07_F10,256,55,55,1956,hard_val_p95,1.00919508934021,1.0245237350463867,1.0264927268028259,1.030088095664978,0.4262409369771333,0.9658164566613642,0.9574468085106383,0.023006134969325152,0.044932601098352475,0.03636363636363636,0.9769938650306749,0.014420686225758329,0.09651585200478931,0.06565899247821738,-0.030856859526571925,53,2,1911,45
202,condition,local-only,10,cnn-ae,N15_M07_F10,256,55,55,1956,fuzzy_warning_as_alarm_hi50,1.00919508934021,1.0245237350463867,1.0264927268028259,1.030088095664978,0.4262409369771333,0.9658164566613642,0.9574468085106383,0.023006134969325152,0.044932601098352475,0.03636363636363636,0.9769938650306749,0.014420686225758329,0.09651585200478931,0.06565899247821738,-0.030856859526571925,53,2,1911,45
202,condition,local-only,10,cnn-ae,N15_M07_F10,256,55,55,1956,fuzzy_fault_only_hi75,1.00919508934021,1.0245237350463867,1.0264927268028259,1.030088095664978,0.4262409369771333,0.9658164566613642,0.967741935483871,0.015337423312883436,0.03019627579265224,0.01818181818181818,0.9846625766871165,0.014420686225758329,0.09651585200478931,0.06565899247821738,-0.030856859526571925,54,1,1926,30
202,condition,centralized,20,cnn-ae,N09_M07_F10,256,55,55,1956,hard_val_p95,1.0069518089294434,1.0121543884277344,1.014619767665863,1.0160485625267028,0.3651468674474809,0.9710207316136328,1.0,0.05623721881390593,0.10648596321393998,0.0,0.943762781186094,0.03281949278965689,0.0773026343072378,0.0818367481655577,0.004534113858319894,55,0,1846,110
202,condition,centralized,20,cnn-ae,N09_M07_F10,256,55,55,1956,fuzzy_warning_as_alarm_hi50,1.0069518089294434,1.0121543884277344,1.014619767665863,1.0160485625267028,0.3651468674474809,0.9710207316136328,1.0,0.05623721881390593,0.10648596321393998,0.0,0.943762781186094,0.03281949278965689,0.0773026343072378,0.0818367481655577,0.004534113858319894,55,0,1846,110
202,condition,centralized,20,cnn-ae,N09_M07_F10,256,55,55,1956,fuzzy_fault_only_hi75,1.0069518089294434,1.0121543884277344,1.014619767665863,1.0160485625267028,0.3651468674474809,0.9710207316136328,1.0,0.049079754601226995,0.0935672514619883,0.0,0.950920245398773,0.03281949278965689,0.0773026343072378,0.0818367481655577,0.004534113858319894,55,0,1860,96
202,condition,centralized,20,cnn-ae,N15_M01_F10,258,55,56,1956,hard_val_p95,1.0042332410812378,1.0136296272277832,1.0212729096412658,1.0323685598373413,0.45118043382997364,0.9663054948935497,0.8648648648648649,0.016359918200409,0.032112393376818864,0.08928571428571429,0.983640081799591,0.039761431411530816,0.09477389481768894,0.05505846887926631,-0.03971542593842263,51,5,1924,32
202,condition,centralized,20,cnn-ae,N15_M01_F10,258,55,56,1956,fuzzy_warning_as_alarm_hi50,1.0042332410812378,1.0136296272277832,1.0212729096412658,1.0323685598373413,0.45118043382997364,0.9663054948935497,0.8648648648648649,0.016359918200409,0.032112393376818864,0.08928571428571429,0.983640081799591,0.039761431411530816,0.09477389481768894,0.05505846887926631,-0.03971542593842263,51,5,1924,32
202,condition,centralized,20,cnn-ae,N15_M01_F10,258,55,56,1956,fuzzy_fault_only_hi75,1.0042332410812378,1.0136296272277832,1.0212729096412658,1.0323685598373413,0.45118043382997364,0.9663054948935497,0.9,0.004601226993865031,0.009155645981688708,0.017857142857142856,0.995398773006135,0.039761431411530816,0.09477389481768894,0.05505846887926631,-0.03971542593842263,55,1,1947,9
202,condition,centralized,20,cnn-ae,N15_M07_F04,258,55,55,1956,hard_val_p95,1.0035736560821533,1.0147763729095458,1.0161816358566285,1.0216597032546997,0.35406674102993124,0.9638864767468809,0.9550561797752809,0.0434560327198364,0.08312958435207823,0.07272727272727272,0.9565439672801636,0.026355047240179015,0.14030599028620158,0.0849625559127013,-0.05534343437350028,51,4,1871,85
202,condition,centralized,20,cnn-ae,N15_M07_F04,258,55,55,1956,fuzzy_warning_as_alarm_hi50,1.0035736560821533,1.0147763729095458,1.0161816358566285,1.0216597032546997,0.35406674102993124,0.9638864767468809,0.9550561797752809,0.0434560327198364,0.08312958435207823,0.07272727272727272,0.9565439672801636,0.026355047240179015,0.14030599028620158,0.0849625559127013,-0.05534343437350028,51,4,1871,85
202,condition,centralized,20,cnn-ae,N15_M07_F04,258,55,55,1956,fuzzy_fault_only_hi75,1.0035736560821533,1.0147763729095458,1.0161816358566285,1.0216597032546997,0.35406674102993124,0.9638864767468809,0.9642857142857143,0.027607361963190184,0.0536779324055666,0.03636363636363636,0.9723926380368099,0.026355047240179015,0.14030599028620158,0.0849625559127013,-0.05534343437350028,53,2,1902,54
202,condition,centralized,20,cnn-ae,N15_M07_F10,256,55,55,1956,hard_val_p95,1.0034193992614746,1.0107152938842774,1.0119871020317077,1.0149843287467957,0.45571667596207477,0.96799553429113,0.9591836734693877,0.09611451942740286,0.17472118959107807,0.14545454545454545,0.9038854805725971,0.05320735952262556,0.1912024920626713,0.13628990364801247,-0.05491258841465882,47,8,1768,188
202,condition,centralized,20,cnn-ae,N15_M07_F10,256,55,55,1956,fuzzy_warning_as_alarm_hi50,1.0034193992614746,1.0107152938842774,1.0119871020317077,1.0149843287467957,0.45571667596207477,0.96799553429113,0.9591836734693877,0.09611451942740286,0.17472118959107807,0.14545454545454545,0.9038854805725971,0.05320735952262556,0.1912024920626713,0.13628990364801247,-0.05491258841465882,47,8,1768,188
202,condition,centralized,20,cnn-ae,N15_M07_F10,256,55,55,1956,fuzzy_fault_only_hi75,1.0034193992614746,1.0107152938842774,1.0119871020317077,1.0149843287467957,0.45571667596207477,0.96799553429113,0.9517241379310345,0.0705521472392638,0.1313660161827701,0.12727272727272726,0.9294478527607362,0.05320735952262556,0.1912024920626713,0.13628990364801247,-0.05491258841465882,48,7,1818,138
202,condition,federated,1,cnn-ae,N09_M07_F10,256,55,55,1956,hard_val_p95,1.008786678314209,1.0113571166992188,1.0115297555923461,1.01175785779953,0.4317066369213608,0.9637197433127089,0.8571428571428571,0.003067484662576687,0.006113092205807438,0.01818181818181818,0.9969325153374233,0.0034808552958727,0.07598758030150016,0.0381978723588681,-0.037789707942632055,54,1,1950,6
202,condition,federated,1,cnn-ae,N09_M07_F10,256,55,55,1956,fuzzy_warning_as_alarm_hi50,1.008786678314209,1.0113571166992188,1.0115297555923461,1.01175785779953,0.4317066369213608,0.9637197433127089,0.8571428571428571,0.003067484662576687,0.006113092205807438,0.01818181818181818,0.9969325153374233,0.0034808552958727,0.07598758030150016,0.0381978723588681,-0.037789707942632055,54,1,1950,6
202,condition,federated,1,cnn-ae,N09_M07_F10,256,55,55,1956,fuzzy_fault_only_hi75,1.008786678314209,1.0113571166992188,1.0115297555923461,1.01175785779953,0.4317066369213608,0.9637197433127089,0.8333333333333334,0.002556237218813906,0.0050968399592252805,0.01818181818181818,0.9974437627811861,0.0034808552958727,0.07598758030150016,0.0381978723588681,-0.037789707942632055,54,1,1951,5
202,condition,federated,1,cnn-ae,N15_M01_F10,258,55,56,1956,hard_val_p95,1.0085539817810059,1.0101762771606446,1.0103503704071044,1.010865957736969,0.4645915498101081,0.9692272463573128,0.9587628865979382,0.04754601226993865,0.09059912323429128,0.07142857142857142,0.9524539877300614,0.031312127236580514,0.1189723615959792,0.08914880606917668,-0.02982355552680252,52,4,1863,93
202,condition,federated,1,cnn-ae,N15_M01_F10,258,55,56,1956,fuzzy_warning_as_alarm_hi50,1.0085539817810059,1.0101762771606446,1.0103503704071044,1.010865957736969,0.4645915498101081,0.9692272463573128,0.9587628865979382,0.04754601226993865,0.09059912323429128,0.07142857142857142,0.9524539877300614,0.031312127236580514,0.1189723615959792,0.08914880606917668,-0.02982355552680252,52,4,1863,93
202,condition,federated,1,cnn-ae,N15_M01_F10,258,55,56,1956,fuzzy_fault_only_hi75,1.0085539817810059,1.0101762771606446,1.0103503704071044,1.010865957736969,0.4645915498101081,0.9692272463573128,0.95,0.029141104294478526,0.05654761904761905,0.05357142857142857,0.9708588957055214,0.031312127236580514,0.1189723615959792,0.08914880606917668,-0.02982355552680252,53,3,1899,57
202,condition,federated,1,cnn-ae,N15_M07_F04,258,55,55,1956,hard_val_p95,1.0083048343658447,1.0096806764602662,1.0101252794265747,1.0116429042816162,0.44584960029745313,0.9696445693653306,0.9699248120300752,0.06595092024539877,0.1235040689325036,0.07272727272727272,0.9340490797546013,0.10293386374937842,0.13293318367373394,0.11025074073401177,-0.022682442939722172,51,4,1827,129
202,condition,federated,1,cnn-ae,N15_M07_F04,258,55,55,1956,fuzzy_warning_as_alarm_hi50,1.0083048343658447,1.0096806764602662,1.0101252794265747,1.0116429042816162,0.44584960029745313,0.9696445693653306,0.9699248120300752,0.06595092024539877,0.1235040689325036,0.07272727272727272,0.9340490797546013,0.10293386374937842,0.13293318367373394,0.11025074073401177,-0.022682442939722172,51,4,1827,129
202,condition,federated,1,cnn-ae,N15_M07_F04,258,55,55,1956,fuzzy_fault_only_hi75,1.0083048343658447,1.0096806764602662,1.0101252794265747,1.0116429042816162,0.44584960029745313,0.9696445693653306,0.9629629629629629,0.013292433537832311,0.026222894604135148,0.01818181818181818,0.9867075664621677,0.10293386374937842,0.13293318367373394,0.11025074073401177,-0.022682442939722172,54,1,1930,26
202,condition,federated,1,cnn-ae,N15_M07_F10,256,55,55,1956,hard_val_p95,1.0083775520324707,1.0100253582000733,1.010441517829895,1.0117316722869873,0.5558979364194088,0.9769470489238308,1.0,0.04243353783231084,0.08141245708680726,0.0,0.9575664621676891,0.05967180507210343,0.05498790570642942,0.08714533260765275,0.032157426901223335,55,0,1873,83
202,condition,federated,1,cnn-ae,N15_M07_F10,256,55,55,1956,fuzzy_warning_as_alarm_hi50,1.0083775520324707,1.0100253582000733,1.010441517829895,1.0117316722869873,0.5558979364194088,0.9769470489238308,1.0,0.04243353783231084,0.08141245708680726,0.0,0.9575664621676891,0.05967180507210343,0.05498790570642942,0.08714533260765275,0.032157426901223335,55,0,1873,83
202,condition,federated,1,cnn-ae,N15_M07_F10,256,55,55,1956,fuzzy_fault_only_hi75,1.0083775520324707,1.0100253582000733,1.010441517829895,1.0117316722869873,0.5558979364194088,0.9769470489238308,1.0,0.010224948875255624,0.020242914979757085,0.0,0.9897750511247444,0.05967180507210343,0.05498790570642942,0.08714533260765275,0.032157426901223335,55,0,1936,20
202,condition,federated,2,cnn-ae,N09_M07_F10,256,55,55,1956,hard_val_p95,1.018312692642212,1.0219550609588623,1.022471821308136,1.0237916421890259,0.5163320319762038,0.975775288592539,0.98,0.07515337423312883,0.1396011396011396,0.05454545454545454,0.9248466257668712,0.05271009448035803,0.09039610976529903,0.12254965289874108,0.03215354313344204,52,3,1809,147
202,condition,federated,2,cnn-ae,N09_M07_F10,256,55,55,1956,fuzzy_warning_as_alarm_hi50,1.018312692642212,1.0219550609588623,1.022471821308136,1.0237916421890259,0.5163320319762038,0.975775288592539,0.98,0.07515337423312883,0.1396011396011396,0.05454545454545454,0.9248466257668712,0.05271009448035803,0.09039610976529903,0.12254965289874108,0.03215354313344204,52,3,1809,147
202,condition,federated,2,cnn-ae,N09_M07_F10,256,55,55,1956,fuzzy_fault_only_hi75,1.018312692642212,1.0219550609588623,1.022471821308136,1.0237916421890259,0.5163320319762038,0.975775288592539,0.9902912621359223,0.05214723926380368,0.09907722195240408,0.01818181818181818,0.9478527607361963,0.05271009448035803,0.09039610976529903,0.12254965289874108,0.03215354313344204,54,1,1854,102
202,condition,federated,2,cnn-ae,N15_M01_F10,258,55,56,1956,hard_val_p95,1.0181940793991089,1.0211983680725099,1.023267650604248,1.0264771008491516,0.5244668419515045,0.9764545003295931,1.0,0.04856850715746421,0.09263773768893223,0.0,0.9514314928425358,0.09741550695825049,0.06825744095735148,0.10020948175221363,0.03195204079486215,56,0,1861,95
202,condition,federated,2,cnn-ae,N15_M01_F10,258,55,56,1956,fuzzy_warning_as_alarm_hi50,1.0181940793991089,1.0211983680725099,1.023267650604248,1.0264771008491516,0.5244668419515045,0.9764545003295931,1.0,0.04856850715746421,0.09263773768893223,0.0,0.9514314928425358,0.09741550695825049,0.06825744095735148,0.10020948175221363,0.03195204079486215,56,0,1861,95
202,condition,federated,2,cnn-ae,N15_M01_F10,258,55,56,1956,fuzzy_fault_only_hi75,1.0181940793991089,1.0211983680725099,1.023267650604248,1.0264771008491516,0.5244668419515045,0.9764545003295931,1.0,0.017382413087934562,0.034170854271356785,0.0,0.9826175869120655,0.09741550695825049,0.06825744095735148,0.10020948175221363,0.03195204079486215,56,0,1922,34
202,condition,federated,2,cnn-ae,N15_M07_F04,258,55,55,1956,hard_val_p95,1.01755690574646,1.0208754062652587,1.0217653155326842,1.022762804031372,0.5027003160438743,0.9715114806330271,0.9620253164556962,0.1165644171779141,0.2079343365253078,0.16363636363636364,0.8834355828220859,0.08851317752362009,0.193385803113489,0.17466002200765718,-0.018725781105831812,46,9,1728,228
202,condition,federated,2,cnn-ae,N15_M07_F04,258,55,55,1956,fuzzy_warning_as_alarm_hi50,1.01755690574646,1.0208754062652587,1.0217653155326842,1.022762804031372,0.5027003160438743,0.9715114806330271,0.9620253164556962,0.1165644171779141,0.2079343365253078,0.16363636363636364,0.8834355828220859,0.08851317752362009,0.193385803113489,0.17466002200765718,-0.018725781105831812,46,9,1728,228
202,condition,federated,2,cnn-ae,N15_M07_F04,258,55,55,1956,fuzzy_fault_only_hi75,1.01755690574646,1.0208754062652587,1.0217653155326842,1.022762804031372,0.5027003160438743,0.9715114806330271,0.9726775956284153,0.09100204498977506,0.16643291257597007,0.09090909090909091,0.908997955010225,0.08851317752362009,0.193385803113489,0.17466002200765718,-0.018725781105831812,50,5,1778,178
202,condition,federated,2,cnn-ae,N15_M07_F10,256,55,55,1956,hard_val_p95,1.0180399417877197,1.0215875148773192,1.0222824215888977,1.023796672821045,0.5508691206543967,0.9753211136612266,0.9829545454545454,0.08844580777096114,0.1622889305816135,0.05454545454545454,0.9115541922290389,0.06464445549477872,0.09995219080635573,0.13471800848876853,0.0347658176824128,52,3,1783,173
202,condition,federated,2,cnn-ae,N15_M07_F10,256,55,55,1956,fuzzy_warning_as_alarm_hi50,1.0180399417877197,1.0215875148773192,1.0222824215888977,1.023796672821045,0.5508691206543967,0.9753211136612266,0.9829545454545454,0.08844580777096114,0.1622889305816135,0.05454545454545454,0.9115541922290389,0.06464445549477872,0.09995219080635573,0.13471800848876853,0.0347658176824128,52,3,1783,173
202,condition,federated,2,cnn-ae,N15_M07_F10,256,55,55,1956,fuzzy_fault_only_hi75,1.0180399417877197,1.0215875148773192,1.0222824215888977,1.023796672821045,0.5508691206543967,0.9753211136612266,0.9819819819819819,0.05572597137014315,0.10546686018384131,0.03636363636363636,0.9442740286298569,0.06464445549477872,0.09995219080635573,0.13471800848876853,0.0347658176824128,53,2,1847,109
202,condition,federated,3,cnn-ae,N09_M07_F10,256,55,55,1956,hard_val_p95,1.0111818313598633,1.0147274017333985,1.0155421376228333,1.017663118839264,0.5559769473879903,0.9786646582722003,1.0,0.03987730061349693,0.07669616519174041,0.0,0.9601226993865031,0.05818000994530084,0.057548476864686844,0.09998271425324635,0.04243423738855951,55,0,1878,78
202,condition,federated,3,cnn-ae,N09_M07_F10,256,55,55,1956,fuzzy_warning_as_alarm_hi50,1.0111818313598633,1.0147274017333985,1.0155421376228333,1.017663118839264,0.5559769473879903,0.9786646582722003,1.0,0.03987730061349693,0.07669616519174041,0.0,0.9601226993865031,0.05818000994530084,0.057548476864686844,0.09998271425324635,0.04243423738855951,55,0,1878,78
202,condition,federated,3,cnn-ae,N09_M07_F10,256,55,55,1956,fuzzy_fault_only_hi75,1.0111818313598633,1.0147274017333985,1.0155421376228333,1.017663118839264,0.5559769473879903,0.9786646582722003,1.0,0.01687116564417178,0.033182503770739065,0.0,0.9831288343558282,0.05818000994530084,0.057548476864686844,0.09998271425324635,0.04243423738855951,55,0,1923,33
202,condition,federated,3,cnn-ae,N15_M01_F10,258,55,56,1956,hard_val_p95,1.0112289190292358,1.014661979675293,1.0154786348342895,1.015949776172638,0.5410823838737949,0.9764609804385784,0.9761904761904762,0.041922290388548056,0.0803921568627451,0.03571428571428571,0.9580777096114519,0.0437375745526839,0.08433500640731344,0.10821228679172457,0.02387728038441113,54,2,1874,82
202,condition,federated,3,cnn-ae,N15_M01_F10,258,55,56,1956,fuzzy_warning_as_alarm_hi50,1.0112289190292358,1.014661979675293,1.0154786348342895,1.015949776172638,0.5410823838737949,0.9764609804385784,0.9761904761904762,0.041922290388548056,0.0803921568627451,0.03571428571428571,0.9580777096114519,0.0437375745526839,0.08433500640731344,0.10821228679172457,0.02387728038441113,54,2,1874,82
202,condition,federated,3,cnn-ae,N15_M01_F10,258,55,56,1956,fuzzy_fault_only_hi75,1.0112289190292358,1.014661979675293,1.0154786348342895,1.015949776172638,0.5410823838737949,0.9764609804385784,0.9714285714285714,0.034764826175869123,0.06712734452122408,0.03571428571428571,0.9652351738241309,0.0437375745526839,0.08433500640731344,0.10821228679172457,0.02387728038441113,54,2,1888,68
202,condition,federated,3,cnn-ae,N15_M07_F04,258,55,55,1956,hard_val_p95,1.0111074447631836,1.0134108543395997,1.013967216014862,1.015506603717804,0.5565160810559584,0.9777391519083842,0.9865319865319865,0.1497955010224949,0.2600976475810031,0.07272727272727272,0.8502044989775052,0.11685728493286922,0.11758349063519863,0.18396299355474038,0.06637950291954176,51,4,1663,293
202,condition,federated,3,cnn-ae,N15_M07_F04,258,55,55,1956,fuzzy_warning_as_alarm_hi50,1.0111074447631836,1.0134108543395997,1.013967216014862,1.015506603717804,0.5565160810559584,0.9777391519083842,0.9865319865319865,0.1497955010224949,0.2600976475810031,0.07272727272727272,0.8502044989775052,0.11685728493286922,0.11758349063519863,0.18396299355474038,0.06637950291954176,51,4,1663,293
202,condition,federated,3,cnn-ae,N15_M07_F04,258,55,55,1956,fuzzy_fault_only_hi75,1.0111074447631836,1.0134108543395997,1.013967216014862,1.015506603717804,0.5565160810559584,0.9777391519083842,0.9751552795031055,0.08026584867075665,0.1483230987246103,0.07272727272727272,0.9197341513292433,0.11685728493286922,0.11758349063519863,0.18396299355474038,0.06637950291954176,51,4,1799,157
202,condition,federated,3,cnn-ae,N15_M07_F10,256,55,55,1956,hard_val_p95,1.0108219385147095,1.0141655921936035,1.0143524527549743,1.01503422498703,0.5278072132366611,0.9747110817327587,0.9730941704035875,0.11094069529652352,0.1991739329967875,0.10909090909090909,0.8890593047034765,0.044256588761810045,0.15651168770608587,0.17264339083860158,0.016131703132515718,49,6,1739,217
202,condition,federated,3,cnn-ae,N15_M07_F10,256,55,55,1956,fuzzy_warning_as_alarm_hi50,1.0108219385147095,1.0141655921936035,1.0143524527549743,1.01503422498703,0.5278072132366611,0.9747110817327587,0.9730941704035875,0.11094069529652352,0.1991739329967875,0.10909090909090909,0.8890593047034765,0.044256588761810045,0.15651168770608587,0.17264339083860158,0.016131703132515718,49,6,1739,217
202,condition,federated,3,cnn-ae,N15_M07_F10,256,55,55,1956,fuzzy_fault_only_hi75,1.0108219385147095,1.0141655921936035,1.0143524527549743,1.01503422498703,0.5278072132366611,0.9747110817327587,0.9764705882352941,0.08486707566462168,0.1561618062088429,0.07272727272727272,0.9151329243353783,0.044256588761810045,0.15651168770608587,0.17264339083860158,0.016131703132515718,51,4,1790,166
202,condition,federated,4,cnn-ae,N09_M07_F10,256,55,55,1956,hard_val_p95,1.0093271732330322,1.0118559360504151,1.0125102758407594,1.013668291568756,0.5291596951106153,0.9771069295940774,0.990909090909091,0.05572597137014315,0.10551790900290416,0.01818181818181818,0.9442740286298569,0.05967180507210343,0.06883201849649968,0.10637608097175322,0.037544062475253534,54,1,1847,109
202,condition,federated,4,cnn-ae,N09_M07_F10,256,55,55,1956,fuzzy_warning_as_alarm_hi50,1.0093271732330322,1.0118559360504151,1.0125102758407594,1.013668291568756,0.5291596951106153,0.9771069295940774,0.990909090909091,0.05572597137014315,0.10551790900290416,0.01818181818181818,0.9442740286298569,0.05967180507210343,0.06883201849649968,0.10637608097175322,0.037544062475253534,54,1,1847,109
202,condition,federated,4,cnn-ae,N09_M07_F10,256,55,55,1956,fuzzy_fault_only_hi75,1.0093271732330322,1.0118559360504151,1.0125102758407594,1.013668291568756,0.5291596951106153,0.9771069295940774,1.0,0.03425357873210634,0.06623826000988631,0.0,0.9657464212678937,0.05967180507210343,0.06883201849649968,0.10637608097175322,0.037544062475253534,55,0,1889,67
202,condition,federated,4,cnn-ae,N15_M01_F10,258,55,56,1956,hard_val_p95,1.0094550848007202,1.0118452548980712,1.0129108071327209,1.0131785655021668,0.5132239628980426,0.9761459289528871,1.0,0.041922290388548056,0.08047105004906771,0.0,0.9580777096114519,0.048707753479125246,0.05931254420258233,0.09611916207056989,0.036806617867987564,56,0,1874,82
202,condition,federated,4,cnn-ae,N15_M01_F10,258,55,56,1956,fuzzy_warning_as_alarm_hi50,1.0094550848007202,1.0118452548980712,1.0129108071327209,1.0131785655021668,0.5132239628980426,0.9761459289528871,1.0,0.041922290388548056,0.08047105004906771,0.0,0.9580777096114519,0.048707753479125246,0.05931254420258233,0.09611916207056989,0.036806617867987564,56,0,1874,82
202,condition,federated,4,cnn-ae,N15_M01_F10,258,55,56,1956,fuzzy_fault_only_hi75,1.0094550848007202,1.0118452548980712,1.0129108071327209,1.0131785655021668,0.5132239628980426,0.9761459289528871,1.0,0.036298568507157465,0.07005426739023186,0.0,0.9637014314928425,0.048707753479125246,0.05931254420258233,0.09611916207056989,0.036806617867987564,56,0,1885,71
202,condition,federated,4,cnn-ae,N15_M07_F04,258,55,55,1956,hard_val_p95,1.0093859434127808,1.0113760471343993,1.0118588089942933,1.0123181462287902,0.5548010782673358,0.9786939905835863,0.9906103286384976,0.10787321063394684,0.19455970493314892,0.03636363636363636,0.8921267893660532,0.0591745400298359,0.07674781405298166,0.15090513727725774,0.07415732322427608,53,2,1745,211
202,condition,federated,4,cnn-ae,N15_M07_F04,258,55,55,1956,fuzzy_warning_as_alarm_hi50,1.0093859434127808,1.0113760471343993,1.0118588089942933,1.0123181462287902,0.5548010782673358,0.9786939905835863,0.9906103286384976,0.10787321063394684,0.19455970493314892,0.03636363636363636,0.8921267893660532,0.0591745400298359,0.07674781405298166,0.15090513727725774,0.07415732322427608,53,2,1745,211
202,condition,federated,4,cnn-ae,N15_M07_F04,258,55,55,1956,fuzzy_fault_only_hi75,1.0093859434127808,1.0113760471343993,1.0118588089942933,1.0123181462287902,0.5548010782673358,0.9786939905835863,0.9881656804733728,0.08537832310838446,0.1571764705882353,0.03636363636363636,0.9146216768916156,0.0591745400298359,0.07674781405298166,0.15090513727725774,0.07415732322427608,53,2,1789,167
202,condition,federated,4,cnn-ae,N15_M07_F10,256,55,55,1956,hard_val_p95,1.0086843967437744,1.0114442586898804,1.011859917640686,1.013296163082123,0.5169594720208217,0.9733993463344324,0.9722222222222222,0.10736196319018405,0.19337016574585636,0.10909090909090909,0.8926380368098159,0.08801591248135256,0.15199550704455986,0.15663273312051976,0.004637226075959899,49,6,1746,210
202,condition,federated,4,cnn-ae,N15_M07_F10,256,55,55,1956,fuzzy_warning_as_alarm_hi50,1.0086843967437744,1.0114442586898804,1.011859917640686,1.013296163082123,0.5169594720208217,0.9733993463344324,0.9722222222222222,0.10736196319018405,0.19337016574585636,0.10909090909090909,0.8926380368098159,0.08801591248135256,0.15199550704455986,0.15663273312051976,0.004637226075959899,49,6,1746,210
202,condition,federated,4,cnn-ae,N15_M07_F10,256,55,55,1956,fuzzy_fault_only_hi75,1.0086843967437744,1.0114442586898804,1.011859917640686,1.013296163082123,0.5169594720208217,0.9733993463344324,0.963963963963964,0.054703476482617586,0.10353168843734882,0.07272727272727272,0.9452965235173824,0.08801591248135256,0.15199550704455986,0.15663273312051976,0.004637226075959899,51,4,1849,107
202,condition,federated,5,cnn-ae,N09_M07_F10,256,55,55,1956,hard_val_p95,1.0076454877853394,1.0111136198043824,1.0112581372261047,1.0116405272483826,0.46719185722253204,0.9746024165045977,0.9705882352941176,0.03374233128834356,0.06521739130434782,0.03636363636363636,0.9662576687116564,0.011934361014420686,0.08694501098659164,0.08894022646475161,0.0019952154781599646,53,2,1890,66
202,condition,federated,5,cnn-ae,N09_M07_F10,256,55,55,1956,fuzzy_warning_as_alarm_hi50,1.0076454877853394,1.0111136198043824,1.0112581372261047,1.0116405272483826,0.46719185722253204,0.9746024165045977,0.9705882352941176,0.03374233128834356,0.06521739130434782,0.03636363636363636,0.9662576687116564,0.011934361014420686,0.08694501098659164,0.08894022646475161,0.0019952154781599646,53,2,1890,66
202,condition,federated,5,cnn-ae,N09_M07_F10,256,55,55,1956,fuzzy_fault_only_hi75,1.0076454877853394,1.0111136198043824,1.0112581372261047,1.0116405272483826,0.46719185722253204,0.9746024165045977,0.9807692307692307,0.02607361963190184,0.05079681274900399,0.01818181818181818,0.9739263803680982,0.011934361014420686,0.08694501098659164,0.08894022646475161,0.0019952154781599646,54,1,1905,51
202,condition,federated,5,cnn-ae,N15_M01_F10,258,55,56,1956,hard_val_p95,1.0076923370361328,1.010303807258606,1.0109194755554198,1.0115986418724061,0.4963664913818288,0.9721745269670995,0.9626168224299065,0.05265848670756646,0.09985458070770722,0.07142857142857142,0.9473415132924335,0.05864811133200795,0.10648737296385691,0.10378655918356515,-0.002700813780291758,52,4,1853,103
202,condition,federated,5,cnn-ae,N15_M01_F10,258,55,56,1956,fuzzy_warning_as_alarm_hi50,1.0076923370361328,1.010303807258606,1.0109194755554198,1.0115986418724061,0.4963664913818288,0.9721745269670995,0.9626168224299065,0.05265848670756646,0.09985458070770722,0.07142857142857142,0.9473415132924335,0.05864811133200795,0.10648737296385691,0.10378655918356515,-0.002700813780291758,52,4,1853,103
202,condition,federated,5,cnn-ae,N15_M01_F10,258,55,56,1956,fuzzy_fault_only_hi75,1.0076923370361328,1.010303807258606,1.0109194755554198,1.0115986418724061,0.4963664913818288,0.9721745269670995,0.9850746268656716,0.03374233128834356,0.0652496292634701,0.017857142857142856,0.9662576687116564,0.05864811133200795,0.10648737296385691,0.10378655918356515,-0.002700813780291758,55,1,1890,66
202,condition,federated,5,cnn-ae,N15_M07_F04,258,55,55,1956,hard_val_p95,1.0070159435272217,1.0103959321975708,1.0106832265853882,1.0112788200378418,0.5199386503067485,0.9765492198839133,0.9852941176470589,0.06850715746421268,0.12810707456978968,0.03636363636363636,0.9314928425357873,0.039781203381402286,0.10098323069455567,0.1334899093937872,0.03250667869923152,53,2,1822,134
202,condition,federated,5,cnn-ae,N15_M07_F04,258,55,55,1956,fuzzy_warning_as_alarm_hi50,1.0070159435272217,1.0103959321975708,1.0106832265853882,1.0112788200378418,0.5199386503067485,0.9765492198839133,0.9852941176470589,0.06850715746421268,0.12810707456978968,0.03636363636363636,0.9314928425357873,0.039781203381402286,0.10098323069455567,0.1334899093937872,0.03250667869923152,53,2,1822,134
202,condition,federated,5,cnn-ae,N15_M07_F04,258,55,55,1956,fuzzy_fault_only_hi75,1.0070159435272217,1.0103959321975708,1.0106832265853882,1.0112788200378418,0.5199386503067485,0.9765492198839133,0.9896907216494846,0.049079754601226995,0.09352167559668777,0.01818181818181818,0.950920245398773,0.039781203381402286,0.10098323069455567,0.1334899093937872,0.03250667869923152,54,1,1860,96
202,condition,federated,5,cnn-ae,N15_M07_F10,256,55,55,1956,hard_val_p95,1.0073026418685913,1.0097891569137574,1.010923683643341,1.0124296641349793,0.5326501208403048,0.97615422377335,0.9807692307692307,0.05214723926380368,0.09902912621359224,0.03636363636363636,0.9478527607361963,0.10193933366484337,0.0894257430451594,0.11325493909477669,0.02382919604961728,53,2,1854,102
202,condition,federated,5,cnn-ae,N15_M07_F10,256,55,55,1956,fuzzy_warning_as_alarm_hi50,1.0073026418685913,1.0097891569137574,1.010923683643341,1.0124296641349793,0.5326501208403048,0.97615422377335,0.9807692307692307,0.05214723926380368,0.09902912621359224,0.03636363636363636,0.9478527607361963,0.10193933366484337,0.0894257430451594,0.11325493909477669,0.02382919604961728,53,2,1854,102
202,condition,federated,5,cnn-ae,N15_M07_F10,256,55,55,1956,fuzzy_fault_only_hi75,1.0073026418685913,1.0097891569137574,1.010923683643341,1.0124296641349793,0.5326501208403048,0.97615422377335,0.9772727272727273,0.02198364008179959,0.043,0.01818181818181818,0.9780163599182005,0.10193933366484337,0.0894257430451594,0.11325493909477669,0.02382919604961728,54,1,1913,43
202,condition,federated,6,cnn-ae,N09_M07_F10,256,55,55,1956,hard_val_p95,1.0052404403686523,1.0074744939804077,1.0077431678771973,1.0081826400756837,0.40999256367354525,0.9669938846866764,0.9473684210526315,0.018404907975460124,0.03610832497492478,0.03636363636363636,0.9815950920245399,0.014420686225758329,0.08526136372925244,0.04748053233678802,-0.03778083139246442,53,2,1920,36
202,condition,federated,6,cnn-ae,N09_M07_F10,256,55,55,1956,fuzzy_warning_as_alarm_hi50,1.0052404403686523,1.0074744939804077,1.0077431678771973,1.0081826400756837,0.40999256367354525,0.9669938846866764,0.9473684210526315,0.018404907975460124,0.03610832497492478,0.03636363636363636,0.9815950920245399,0.014420686225758329,0.08526136372925244,0.04748053233678802,-0.03778083139246442,53,2,1920,36
202,condition,federated,6,cnn-ae,N09_M07_F10,256,55,55,1956,fuzzy_fault_only_hi75,1.0052404403686523,1.0074744939804077,1.0077431678771973,1.0081826400756837,0.40999256367354525,0.9669938846866764,0.9565217391304348,0.011247443762781187,0.02223345123799899,0.01818181818181818,0.9887525562372188,0.014420686225758329,0.08526136372925244,0.04748053233678802,-0.03778083139246442,54,1,1934,22
202,condition,federated,6,cnn-ae,N15_M01_F10,258,55,56,1956,hard_val_p95,1.0040935277938843,1.006203031539917,1.0067228317260741,1.0074928879737854,0.47687518258837275,0.9688737498217405,0.9659863945578231,0.07259713701431493,0.1350451735615787,0.08928571428571429,0.9274028629856851,0.06113320079522863,0.1514661112105395,0.12845271967114438,-0.023013391539395106,51,5,1814,142
202,condition,federated,6,cnn-ae,N15_M01_F10,258,55,56,1956,fuzzy_warning_as_alarm_hi50,1.0040935277938843,1.006203031539917,1.0067228317260741,1.0074928879737854,0.47687518258837275,0.9688737498217405,0.9659863945578231,0.07259713701431493,0.1350451735615787,0.08928571428571429,0.9274028629856851,0.06113320079522863,0.1514661112105395,0.12845271967114438,-0.023013391539395106,51,5,1814,142
202,condition,federated,6,cnn-ae,N15_M01_F10,258,55,56,1956,fuzzy_fault_only_hi75,1.0040935277938843,1.006203031539917,1.0067228317260741,1.0074928879737854,0.47687518258837275,0.9688737498217405,0.9574468085106383,0.046012269938650305,0.08780487804878048,0.07142857142857142,0.9539877300613497,0.06113320079522863,0.1514661112105395,0.12845271967114438,-0.023013391539395106,52,4,1866,90
202,condition,federated,6,cnn-ae,N15_M07_F04,258,55,55,1956,hard_val_p95,1.0042318105697632,1.0069013595581056,1.007332193851471,1.007622151374817,0.47401468674474806,0.9724270798494967,0.9666666666666667,0.02965235173824131,0.057539682539682536,0.03636363636363636,0.9703476482617587,0.029338637493784188,0.0929720519328433,0.09280956444176132,-0.00016248749108198346,53,2,1898,58
202,condition,federated,6,cnn-ae,N15_M07_F04,258,55,55,1956,fuzzy_warning_as_alarm_hi50,1.0042318105697632,1.0069013595581056,1.007332193851471,1.007622151374817,0.47401468674474806,0.9724270798494967,0.9666666666666667,0.02965235173824131,0.057539682539682536,0.03636363636363636,0.9703476482617587,0.029338637493784188,0.0929720519328433,0.09280956444176132,-0.00016248749108198346,53,2,1898,58
202,condition,federated,6,cnn-ae,N15_M07_F04,258,55,55,1956,fuzzy_fault_only_hi75,1.0042318105697632,1.0069013595581056,1.007332193851471,1.007622151374817,0.47401468674474806,0.9724270798494967,0.9807692307692307,0.02607361963190184,0.05079681274900399,0.01818181818181818,0.9739263803680982,0.029338637493784188,0.0929720519328433,0.09280956444176132,-0.00016248749108198346,54,1,1905,51
202,condition,federated,6,cnn-ae,N15_M07_F10,256,55,55,1956,hard_val_p95,1.0041768550872803,1.006749939918518,1.0076508522033691,1.0087507486343383,0.5222067298754416,0.9746570793283845,0.9743589743589743,0.019427402862985686,0.0380952380952381,0.01818181818181818,0.9805725971370143,0.048731974142217804,0.07347925440195824,0.08071462548943609,0.007235371087477849,54,1,1918,38
202,condition,federated,6,cnn-ae,N15_M07_F10,256,55,55,1956,fuzzy_warning_as_alarm_hi50,1.0041768550872803,1.006749939918518,1.0076508522033691,1.0087507486343383,0.5222067298754416,0.9746570793283845,0.9743589743589743,0.019427402862985686,0.0380952380952381,0.01818181818181818,0.9805725971370143,0.048731974142217804,0.07347925440195824,0.08071462548943609,0.007235371087477849,54,1,1918,38
202,condition,federated,6,cnn-ae,N15_M07_F10,256,55,55,1956,fuzzy_fault_only_hi75,1.0041768550872803,1.006749939918518,1.0076508522033691,1.0087507486343383,0.5222067298754416,0.9746570793283845,0.9375,0.007668711656441718,0.015212981744421906,0.01818181818181818,0.9923312883435583,0.048731974142217804,0.07347925440195824,0.08071462548943609,0.007235371087477849,54,1,1941,15
202,condition,federated,7,cnn-ae,N09_M07_F10,256,55,55,1956,hard_val_p95,1.0027934312820435,1.0042468547821044,1.0044897437095641,1.0049229311943053,0.40160810559583565,0.9675289762389694,0.95,0.009713701431492843,0.019230769230769232,0.01818181818181818,0.9902862985685071,0.01093983092988563,0.05955996262202826,0.0304552572927788,-0.029104705329249463,54,1,1937,19
202,condition,federated,7,cnn-ae,N09_M07_F10,256,55,55,1956,fuzzy_warning_as_alarm_hi50,1.0027934312820435,1.0042468547821044,1.0044897437095641,1.0049229311943053,0.40160810559583565,0.9675289762389694,0.95,0.009713701431492843,0.019230769230769232,0.01818181818181818,0.9902862985685071,0.01093983092988563,0.05955996262202826,0.0304552572927788,-0.029104705329249463,54,1,1937,19
202,condition,federated,7,cnn-ae,N09_M07_F10,256,55,55,1956,fuzzy_fault_only_hi75,1.0027934312820435,1.0042468547821044,1.0044897437095641,1.0049229311943053,0.40160810559583565,0.9675289762389694,1.0,0.004601226993865031,0.00916030534351145,0.0,0.995398773006135,0.01093983092988563,0.05955996262202826,0.0304552572927788,-0.029104705329249463,55,0,1947,9
202,condition,federated,7,cnn-ae,N15_M01_F10,258,55,56,1956,hard_val_p95,1.0018699169158936,1.0035974979400635,1.0040401101112366,1.0050736618041993,0.44459812299152796,0.9671442779803934,0.9444444444444444,0.02607361963190184,0.050746268656716415,0.05357142857142857,0.9739263803680982,0.048707753479125246,0.1016177394750762,0.07449721949570666,-0.02712051997936954,53,3,1905,51
202,condition,federated,7,cnn-ae,N15_M01_F10,258,55,56,1956,fuzzy_warning_as_alarm_hi50,1.0018699169158936,1.0035974979400635,1.0040401101112366,1.0050736618041993,0.44459812299152796,0.9671442779803934,0.9444444444444444,0.02607361963190184,0.050746268656716415,0.05357142857142857,0.9739263803680982,0.048707753479125246,0.1016177394750762,0.07449721949570666,-0.02712051997936954,53,3,1905,51
202,condition,federated,7,cnn-ae,N15_M01_F10,258,55,56,1956,fuzzy_fault_only_hi75,1.0018699169158936,1.0035974979400635,1.0040401101112366,1.0050736618041993,0.44459812299152796,0.9671442779803934,0.9411764705882353,0.0081799591002045,0.016218955904713634,0.017857142857142856,0.9918200408997955,0.048707753479125246,0.1016177394750762,0.07449721949570666,-0.02712051997936954,55,1,1940,16
202,condition,federated,7,cnn-ae,N15_M07_F04,258,55,55,1956,hard_val_p95,1.0021861791610718,1.0030389308929444,1.0034666299819945,1.0042010974884032,0.45693902212307114,0.9710947864453544,0.9815950920245399,0.081799591002045,0.1510146295422369,0.05454545454545454,0.918200408997955,0.09050223769269021,0.12862086228399291,0.10703180237356662,-0.021589059910426298,52,3,1796,160
202,condition,federated,7,cnn-ae,N15_M07_F04,258,55,55,1956,fuzzy_warning_as_alarm_hi50,1.0021861791610718,1.0030389308929444,1.0034666299819945,1.0042010974884032,0.45693902212307114,0.9710947864453544,0.9815950920245399,0.081799591002045,0.1510146295422369,0.05454545454545454,0.918200408997955,0.09050223769269021,0.12862086228399291,0.10703180237356662,-0.021589059910426298,52,3,1796,160
202,condition,federated,7,cnn-ae,N15_M07_F04,258,55,55,1956,fuzzy_fault_only_hi75,1.0021861791610718,1.0030389308929444,1.0034666299819945,1.0042010974884032,0.45693902212307114,0.9710947864453544,0.9875,0.040388548057259714,0.07760314341846758,0.01818181818181818,0.9596114519427403,0.09050223769269021,0.12862086228399291,0.10703180237356662,-0.021589059910426298,54,1,1877,79
202,condition,federated,7,cnn-ae,N15_M07_F10,256,55,55,1956,hard_val_p95,1.0011048316955566,1.0034684419631958,1.003921914100647,1.00432475566864,0.4563580591187953,0.9687169484174011,0.9571428571428572,0.03425357873210634,0.06614017769002961,0.05454545454545454,0.9657464212678937,0.051218299353555444,0.14764549369836313,0.10997089627071219,-0.03767459742765095,52,3,1889,67
202,condition,federated,7,cnn-ae,N15_M07_F10,256,55,55,1956,fuzzy_warning_as_alarm_hi50,1.0011048316955566,1.0034684419631958,1.003921914100647,1.00432475566864,0.4563580591187953,0.9687169484174011,0.9571428571428572,0.03425357873210634,0.06614017769002961,0.05454545454545454,0.9657464212678937,0.051218299353555444,0.14764549369836313,0.10997089627071219,-0.03767459742765095,52,3,1889,67
202,condition,federated,7,cnn-ae,N15_M07_F10,256,55,55,1956,fuzzy_fault_only_hi75,1.0011048316955566,1.0034684419631958,1.003921914100647,1.00432475566864,0.4563580591187953,0.9687169484174011,0.9375,0.023006134969325152,0.04491017964071856,0.05454545454545454,0.9769938650306749,0.051218299353555444,0.14764549369836313,0.10997089627071219,-0.03767459742765095,52,3,1911,45
202,condition,federated,8,cnn-ae,N09_M07_F10,256,55,55,1956,hard_val_p95,1.0029282569885254,1.0049669742584229,1.0054240226745605,1.0068236207962036,0.3215978806469604,0.9663488678707663,0.9662921348314607,0.04396728016359918,0.08410757946210269,0.05454545454545454,0.9560327198364008,0.040775733465937346,0.11816896691371921,0.0677914766936028,-0.05037749022011641,52,3,1870,86
202,condition,federated,8,cnn-ae,N09_M07_F10,256,55,55,1956,fuzzy_warning_as_alarm_hi50,1.0029282569885254,1.0049669742584229,1.0054240226745605,1.0068236207962036,0.3215978806469604,0.9663488678707663,0.9662921348314607,0.04396728016359918,0.08410757946210269,0.05454545454545454,0.9560327198364008,0.040775733465937346,0.11816896691371921,0.0677914766936028,-0.05037749022011641,52,3,1870,86
202,condition,federated,8,cnn-ae,N09_M07_F10,256,55,55,1956,fuzzy_fault_only_hi75,1.0029282569885254,1.0049669742584229,1.0054240226745605,1.0068236207962036,0.3215978806469604,0.9663488678707663,0.9787234042553191,0.023517382413087935,0.04593110334498253,0.01818181818181818,0.976482617586912,0.040775733465937346,0.11816896691371921,0.0677914766936028,-0.05037749022011641,54,1,1910,46
202,condition,federated,8,cnn-ae,N15_M01_F10,258,55,56,1956,hard_val_p95,1.001729130744934,1.0041790723800659,1.0048237085342406,1.0058941102027894,0.47394920391469475,0.9743051805124563,0.9668874172185431,0.07464212678936605,0.13858566682486947,0.08928571428571429,0.9253578732106339,0.0720675944333996,0.10734560534449031,0.12041149144654545,0.013065886102055141,51,5,1810,146
202,condition,federated,8,cnn-ae,N15_M01_F10,258,55,56,1956,fuzzy_warning_as_alarm_hi50,1.001729130744934,1.0041790723800659,1.0048237085342406,1.0058941102027894,0.47394920391469475,0.9743051805124563,0.9668874172185431,0.07464212678936605,0.13858566682486947,0.08928571428571429,0.9253578732106339,0.0720675944333996,0.10734560534449031,0.12041149144654545,0.013065886102055141,51,5,1810,146
202,condition,federated,8,cnn-ae,N15_M01_F10,258,55,56,1956,fuzzy_fault_only_hi75,1.001729130744934,1.0041790723800659,1.0048237085342406,1.0058941102027894,0.47394920391469475,0.9743051805124563,1.0,0.04754601226993865,0.09077598828696926,0.0,0.9524539877300614,0.0720675944333996,0.10734560534449031,0.12041149144654545,0.013065886102055141,56,0,1863,93
202,condition,federated,8,cnn-ae,N15_M07_F04,258,55,55,1956,hard_val_p95,1.0022430419921875,1.0043435573577881,1.0049179792404175,1.0055633354187012,0.43057259713701435,0.9722298375001311,0.9790209790209791,0.07157464212678936,0.1333968556455455,0.05454545454545454,0.9284253578732107,0.05320735952262556,0.11643907138579916,0.10823918006320812,-0.008199891322591038,52,3,1816,140
202,condition,federated,8,cnn-ae,N15_M07_F04,258,55,55,1956,fuzzy_warning_as_alarm_hi50,1.0022430419921875,1.0043435573577881,1.0049179792404175,1.0055633354187012,0.43057259713701435,0.9722298375001311,0.9790209790209791,0.07157464212678936,0.1333968556455455,0.05454545454545454,0.9284253578732107,0.05320735952262556,0.11643907138579916,0.10823918006320812,-0.008199891322591038,52,3,1816,140
202,condition,federated,8,cnn-ae,N15_M07_F04,258,55,55,1956,fuzzy_fault_only_hi75,1.0022430419921875,1.0043435573577881,1.0049179792404175,1.0055633354187012,0.43057259713701435,0.9722298375001311,0.9805825242718447,0.0516359918200409,0.09810587663914522,0.03636363636363636,0.9483640081799591,0.05320735952262556,0.11643907138579916,0.10823918006320812,-0.008199891322591038,53,2,1855,101
202,condition,federated,8,cnn-ae,N15_M07_F10,256,55,55,1956,hard_val_p95,1.0004862546920776,1.0042962551116943,1.0045106291770936,1.0051674795150758,0.463352853690277,0.9707739229044601,0.9748743718592965,0.09918200408997956,0.180046403712297,0.09090909090909091,0.9008179959100204,0.044256588761810045,0.1733217666625843,0.16196691103827296,-0.01135485562431135,50,5,1762,194
202,condition,federated,8,cnn-ae,N15_M07_F10,256,55,55,1956,fuzzy_warning_as_alarm_hi50,1.0004862546920776,1.0042962551116943,1.0045106291770936,1.0051674795150758,0.463352853690277,0.9707739229044601,0.9748743718592965,0.09918200408997956,0.180046403712297,0.09090909090909091,0.9008179959100204,0.044256588761810045,0.1733217666625843,0.16196691103827296,-0.01135485562431135,50,5,1762,194
202,condition,federated,8,cnn-ae,N15_M07_F10,256,55,55,1956,fuzzy_fault_only_hi75,1.0004862546920776,1.0042962551116943,1.0045106291770936,1.0051674795150758,0.463352853690277,0.9707739229044601,0.9727891156462585,0.07310838445807771,0.1359961959106039,0.07272727272727272,0.9268916155419223,0.044256588761810045,0.1733217666625843,0.16196691103827296,-0.01135485562431135,51,4,1813,143
202,condition,federated,9,cnn-ae,N09_M07_F10,256,55,55,1956,hard_val_p95,1.001938819885254,1.0033932209014893,1.0039912581443786,1.0047434782981872,0.3760782673359361,0.9698185856208403,0.9879518072289156,0.041922290388548056,0.08043158410985778,0.01818181818181818,0.9580777096114519,0.03928393833913476,0.08549187617069462,0.06421221365985974,-0.02127966251083488,54,1,1874,82
202,condition,federated,9,cnn-ae,N09_M07_F10,256,55,55,1956,fuzzy_warning_as_alarm_hi50,1.001938819885254,1.0033932209014893,1.0039912581443786,1.0047434782981872,0.3760782673359361,0.9698185856208403,0.9879518072289156,0.041922290388548056,0.08043158410985778,0.01818181818181818,0.9580777096114519,0.03928393833913476,0.08549187617069462,0.06421221365985974,-0.02127966251083488,54,1,1874,82
202,condition,federated,9,cnn-ae,N09_M07_F10,256,55,55,1956,fuzzy_fault_only_hi75,1.001938819885254,1.0033932209014893,1.0039912581443786,1.0047434782981872,0.3760782673359361,0.9698185856208403,0.9814814814814815,0.0270961145194274,0.0527363184079602,0.01818181818181818,0.9729038854805726,0.03928393833913476,0.08549187617069462,0.06421221365985974,-0.02127966251083488,54,1,1903,53
202,condition,federated,9,cnn-ae,N15_M01_F10,258,55,56,1956,hard_val_p95,1.00048828125,1.0029463529586793,1.0032049655914306,1.0040686702728272,0.4958050321355536,0.9724191904323849,0.9662921348314607,0.08793456032719836,0.16119962511715089,0.10714285714285714,0.9120654396728016,0.05666003976143141,0.1380373736660714,0.13433312877762743,-0.0037042448884439805,50,6,1784,172
202,condition,federated,9,cnn-ae,N15_M01_F10,258,55,56,1956,fuzzy_warning_as_alarm_hi50,1.00048828125,1.0029463529586793,1.0032049655914306,1.0040686702728272,0.4958050321355536,0.9724191904323849,0.9662921348314607,0.08793456032719836,0.16119962511715089,0.10714285714285714,0.9120654396728016,0.05666003976143141,0.1380373736660714,0.13433312877762743,-0.0037042448884439805,50,6,1784,172
202,condition,federated,9,cnn-ae,N15_M01_F10,258,55,56,1956,fuzzy_fault_only_hi75,1.00048828125,1.0029463529586793,1.0032049655914306,1.0040686702728272,0.4958050321355536,0.9724191904323849,0.9739130434782609,0.05725971370143149,0.10816030902945437,0.05357142857142857,0.9427402862985685,0.05666003976143141,0.1380373736660714,0.13433312877762743,-0.0037042448884439805,53,3,1844,112
202,condition,federated,9,cnn-ae,N15_M07_F04,258,55,55,1956,hard_val_p95,1.001185655593872,1.0029914855957032,1.0032090663909912,1.0040630435943603,0.4566787506971556,0.9742023842241161,0.9827586206896551,0.08742331288343558,0.16056338028169015,0.05454545454545454,0.9125766871165644,0.05022376926902039,0.0913545092136526,0.11658664564011968,0.025232136426467086,52,3,1785,171
202,condition,federated,9,cnn-ae,N15_M07_F04,258,55,55,1956,fuzzy_warning_as_alarm_hi50,1.001185655593872,1.0029914855957032,1.0032090663909912,1.0040630435943603,0.4566787506971556,0.9742023842241161,0.9827586206896551,0.08742331288343558,0.16056338028169015,0.05454545454545454,0.9125766871165644,0.05022376926902039,0.0913545092136526,0.11658664564011968,0.025232136426467086,52,3,1785,171
202,condition,federated,9,cnn-ae,N15_M07_F04,258,55,55,1956,fuzzy_fault_only_hi75,1.001185655593872,1.0029914855957032,1.0032090663909912,1.0040630435943603,0.4566787506971556,0.9742023842241161,1.0,0.05725971370143149,0.10831721470019343,0.0,0.9427402862985685,0.05022376926902039,0.0913545092136526,0.11658664564011968,0.025232136426467086,55,0,1844,112
202,condition,federated,9,cnn-ae,N15_M07_F10,256,55,55,1956,hard_val_p95,0.9998918175697327,1.0032962799072265,1.0035826444625855,1.0039057087898255,0.4964630972299684,0.9761595075719105,1.0,0.058793456032719835,0.1110574601641719,0.0,0.9412065439672802,0.0313276976628543,0.08969763041448145,0.13077884356774683,0.04108121315326538,55,0,1841,115
202,condition,federated,9,cnn-ae,N15_M07_F10,256,55,55,1956,fuzzy_warning_as_alarm_hi50,0.9998918175697327,1.0032962799072265,1.0035826444625855,1.0039057087898255,0.4964630972299684,0.9761595075719105,1.0,0.058793456032719835,0.1110574601641719,0.0,0.9412065439672802,0.0313276976628543,0.08969763041448145,0.13077884356774683,0.04108121315326538,55,0,1841,115
202,condition,federated,9,cnn-ae,N15_M07_F10,256,55,55,1956,fuzzy_fault_only_hi75,0.9998918175697327,1.0032962799072265,1.0035826444625855,1.0039057087898255,0.4964630972299684,0.9761595075719105,1.0,0.05214723926380368,0.09912536443148688,0.0,0.9478527607361963,0.0313276976628543,0.08969763041448145,0.13077884356774683,0.04108121315326538,55,0,1854,102
202,condition,federated,10,cnn-ae,N09_M07_F10,256,55,55,1956,hard_val_p95,1.0019152164459229,1.003010058403015,1.0036603212356567,1.004417178630829,0.30076222346160997,0.9678250065436582,0.979381443298969,0.04856850715746421,0.09254749147588895,0.03636363636363636,0.9514314928425358,0.03281949278965689,0.11638107993685053,0.05877491040799674,-0.057606169528853786,53,2,1861,95
202,condition,federated,10,cnn-ae,N09_M07_F10,256,55,55,1956,fuzzy_warning_as_alarm_hi50,1.0019152164459229,1.003010058403015,1.0036603212356567,1.004417178630829,0.30076222346160997,0.9678250065436582,0.979381443298969,0.04856850715746421,0.09254749147588895,0.03636363636363636,0.9514314928425358,0.03281949278965689,0.11638107993685053,0.05877491040799674,-0.057606169528853786,53,2,1861,95
202,condition,federated,10,cnn-ae,N09_M07_F10,256,55,55,1956,fuzzy_fault_only_hi75,1.0019152164459229,1.003010058403015,1.0036603212356567,1.004417178630829,0.30076222346160997,0.9678250065436582,0.9846153846153847,0.032719836400818,0.06333498268184068,0.01818181818181818,0.967280163599182,0.03281949278965689,0.11638107993685053,0.05877491040799674,-0.057606169528853786,54,1,1892,64
202,condition,federated,10,cnn-ae,N15_M01_F10,258,55,56,1956,hard_val_p95,0.9997820854187012,1.002118134498596,1.0025624275207519,1.0036531949043275,0.48804502629272567,0.9742348699694605,0.9900990099009901,0.10224948875255624,0.18535681186283595,0.03571428571428571,0.8977505112474438,0.07604373757455268,0.11347082332401348,0.1477604140016473,0.03428959067763382,54,2,1756,200
202,condition,federated,10,cnn-ae,N15_M01_F10,258,55,56,1956,fuzzy_warning_as_alarm_hi50,0.9997820854187012,1.002118134498596,1.0025624275207519,1.0036531949043275,0.48804502629272567,0.9742348699694605,0.9900990099009901,0.10224948875255624,0.18535681186283595,0.03571428571428571,0.8977505112474438,0.07604373757455268,0.11347082332401348,0.1477604140016473,0.03428959067763382,54,2,1756,200
202,condition,federated,10,cnn-ae,N15_M01_F10,258,55,56,1956,fuzzy_fault_only_hi75,0.9997820854187012,1.002118134498596,1.0025624275207519,1.0036531949043275,0.48804502629272567,0.9742348699694605,0.9924242424242424,0.06697341513292433,0.12547892720306514,0.017857142857142856,0.9330265848670757,0.07604373757455268,0.11347082332401348,0.1477604140016473,0.03428959067763382,55,1,1825,131
202,condition,federated,10,cnn-ae,N15_M07_F04,258,55,55,1956,hard_val_p95,1.0004873275756836,1.0020940780639649,1.0023198485374452,1.0030934953689574,0.4414203383528537,0.9722197012337861,0.9768339768339769,0.12934560327198363,0.22844243792325056,0.10909090909090909,0.8706543967280164,0.0591745400298359,0.15019218117940303,0.1502603251106629,6.814393125986751e-05,49,6,1703,253
202,condition,federated,10,cnn-ae,N15_M07_F04,258,55,55,1956,fuzzy_warning_as_alarm_hi50,1.0004873275756836,1.0020940780639649,1.0023198485374452,1.0030934953689574,0.4414203383528537,0.9722197012337861,0.9768339768339769,0.12934560327198363,0.22844243792325056,0.10909090909090909,0.8706543967280164,0.0591745400298359,0.15019218117940303,0.1502603251106629,6.814393125986751e-05,49,6,1703,253
202,condition,federated,10,cnn-ae,N15_M07_F04,258,55,55,1956,fuzzy_fault_only_hi75,1.0004873275756836,1.0020940780639649,1.0023198485374452,1.0030934953689574,0.4414203383528537,0.9722197012337861,0.988950276243094,0.09151329243353783,0.16752456715021058,0.03636363636363636,0.9084867075664622,0.0591745400298359,0.15019218117940303,0.1502603251106629,6.814393125986751e-05,53,2,1777,179
202,condition,federated,10,cnn-ae,N15_M07_F10,256,55,55,1956,hard_val_p95,0.9989462494850159,1.0025530815124513,1.002813947200775,1.003414261341095,0.4794478527607362,0.9735229062574292,0.9940476190476191,0.08537832310838446,0.15725047080979285,0.01818181818181818,0.9146216768916156,0.034311287916459474,0.1213575640301177,0.15117446354182426,0.02981689951170656,54,1,1789,167
202,condition,federated,10,cnn-ae,N15_M07_F10,256,55,55,1956,fuzzy_warning_as_alarm_hi50,0.9989462494850159,1.0025530815124513,1.002813947200775,1.003414261341095,0.4794478527607362,0.9735229062574292,0.9940476190476191,0.08537832310838446,0.15725047080979285,0.01818181818181818,0.9146216768916156,0.034311287916459474,0.1213575640301177,0.15117446354182426,0.02981689951170656,54,1,1789,167
202,condition,federated,10,cnn-ae,N15_M07_F10,256,55,55,1956,fuzzy_fault_only_hi75,0.9989462494850159,1.0025530815124513,1.002813947200775,1.003414261341095,0.4794478527607362,0.9735229062574292,0.9924242424242424,0.06697341513292433,0.12547892720306514,0.01818181818181818,0.9330265848670757,0.034311287916459474,0.1213575640301177,0.15117446354182426,0.02981689951170656,54,1,1825,131
202,condition,local-only,10,vae,N09_M07_F10,256,55,55,1956,hard_val_p95,1.0028142929077148,1.0032146215438842,1.0033337950706482,1.0034021472930907,0.5013803680981594,0.9654812181388829,0.9285714285714286,0.03987730061349693,0.07647058823529412,0.10909090909090909,0.9601226993865031,0.045251118846345105,0.1766816729570467,0.112202575873639,-0.06447909708340771,49,6,1878,78
202,condition,local-only,10,vae,N09_M07_F10,256,55,55,1956,fuzzy_warning_as_alarm_hi50,1.0028142929077148,1.0032146215438842,1.0033337950706482,1.0034021472930907,0.5013803680981594,0.9654812181388829,0.9285714285714286,0.03987730061349693,0.07647058823529412,0.10909090909090909,0.9601226993865031,0.045251118846345105,0.1766816729570467,0.112202575873639,-0.06447909708340771,49,6,1878,78
202,condition,local-only,10,vae,N09_M07_F10,256,55,55,1956,fuzzy_fault_only_hi75,1.0028142929077148,1.0032146215438842,1.0033337950706482,1.0034021472930907,0.5013803680981594,0.9654812181388829,0.9166666666666666,0.03374233128834356,0.0650887573964497,0.10909090909090909,0.9662576687116564,0.045251118846345105,0.1766816729570467,0.112202575873639,-0.06447909708340771,49,6,1890,66
202,condition,local-only,10,vae,N15_M01_F10,258,55,56,1956,hard_val_p95,1.0015679597854614,1.002723217010498,1.0031728625297547,1.0035715508460998,0.48332968156587786,0.9680790351993098,0.9230769230769231,0.012269938650306749,0.024217961654894045,0.03571428571428571,0.9877300613496932,0.05069582504970179,0.11025575509913657,0.08754596650108555,-0.02270978859805102,54,2,1932,24
202,condition,local-only,10,vae,N15_M01_F10,258,55,56,1956,fuzzy_warning_as_alarm_hi50,1.0015679597854614,1.002723217010498,1.0031728625297547,1.0035715508460998,0.48332968156587786,0.9680790351993098,0.9230769230769231,0.012269938650306749,0.024217961654894045,0.03571428571428571,0.9877300613496932,0.05069582504970179,0.11025575509913657,0.08754596650108555,-0.02270978859805102,54,2,1932,24
202,condition,local-only,10,vae,N15_M01_F10,258,55,56,1956,fuzzy_fault_only_hi75,1.0015679597854614,1.002723217010498,1.0031728625297547,1.0035715508460998,0.48332968156587786,0.9680790351993098,0.9166666666666666,0.005623721881390593,0.011178861788617886,0.017857142857142856,0.9943762781186094,0.05069582504970179,0.11025575509913657,0.08754596650108555,-0.02270978859805102,55,1,1945,11
202,condition,local-only,10,vae,N15_M07_F04,258,55,55,1956,hard_val_p95,1.0047698020935059,1.0051536321640016,1.0054389357566833,1.0055897521972657,0.48984476668525756,0.9704010537163487,0.9433962264150944,0.02556237218813906,0.049776007964161276,0.05454545454545454,0.9744376278118609,0.04823470909995027,0.09501993966507843,0.07436026486858334,-0.020659674796495095,52,3,1906,50
202,condition,local-only,10,vae,N15_M07_F04,258,55,55,1956,fuzzy_warning_as_alarm_hi50,1.0047698020935059,1.0051536321640016,1.0054389357566833,1.0055897521972657,0.48984476668525756,0.9704010537163487,0.9433962264150944,0.02556237218813906,0.049776007964161276,0.05454545454545454,0.9744376278118609,0.04823470909995027,0.09501993966507843,0.07436026486858334,-0.020659674796495095,52,3,1906,50
202,condition,local-only,10,vae,N15_M07_F04,258,55,55,1956,fuzzy_fault_only_hi75,1.0047698020935059,1.0051536321640016,1.0054389357566833,1.0055897521972657,0.48984476668525756,0.9704010537163487,0.9459459459459459,0.01789366053169734,0.035122930255895635,0.03636363636363636,0.9821063394683026,0.04823470909995027,0.09501993966507843,0.07436026486858334,-0.020659674796495095,53,2,1921,35
202,condition,local-only,10,vae,N15_M07_F10,256,55,55,1956,hard_val_p95,1.0090692043304443,1.009753203392029,1.0101257801055907,1.0105459117889404,0.4358709797360104,0.9652649737740342,0.9555555555555556,0.02198364008179959,0.04297851074462768,0.03636363636363636,0.9780163599182005,0.04823470909995027,0.10870381742889507,0.06280100534761678,-0.04590281208127829,53,2,1913,43
202,condition,local-only,10,vae,N15_M07_F10,256,55,55,1956,fuzzy_warning_as_alarm_hi50,1.0090692043304443,1.009753203392029,1.0101257801055907,1.0105459117889404,0.4358709797360104,0.9652649737740342,0.9555555555555556,0.02198364008179959,0.04297851074462768,0.03636363636363636,0.9780163599182005,0.04823470909995027,0.10870381742889507,0.06280100534761678,-0.04590281208127829,53,2,1913,43
202,condition,local-only,10,vae,N15_M07_F10,256,55,55,1956,fuzzy_fault_only_hi75,1.0090692043304443,1.009753203392029,1.0101257801055907,1.0105459117889404,0.4358709797360104,0.9652649737740342,0.875,0.007157464212678937,0.014198782961460446,0.03636363636363636,0.9928425357873211,0.04823470909995027,0.10870381742889507,0.06280100534761678,-0.04590281208127829,53,2,1942,14
202,condition,centralized,20,vae,N09_M07_F10,256,55,55,1956,hard_val_p95,1.0088629722595215,1.0169830560684203,1.0193947672843933,1.0239658284187316,0.5794571481688046,0.9831437135791216,0.9961315280464217,0.2632924335378323,0.41649818034775576,0.03636363636363636,0.7367075664621677,0.07110890104425659,0.08922227743385276,0.2917484295800523,0.20252615214619957,53,2,1441,515
202,condition,centralized,20,vae,N09_M07_F10,256,55,55,1956,fuzzy_warning_as_alarm_hi50,1.0088629722595215,1.0169830560684203,1.0193947672843933,1.0239658284187316,0.5794571481688046,0.9831437135791216,0.9961315280464217,0.2632924335378323,0.41649818034775576,0.03636363636363636,0.7367075664621677,0.07110890104425659,0.08922227743385276,0.2917484295800523,0.20252615214619957,53,2,1441,515
202,condition,centralized,20,vae,N09_M07_F10,256,55,55,1956,fuzzy_fault_only_hi75,1.0088629722595215,1.0169830560684203,1.0193947672843933,1.0239658284187316,0.5794571481688046,0.9831437135791216,0.9977876106194691,0.2305725971370143,0.3745847176079734,0.01818181818181818,0.7694274028629857,0.07110890104425659,0.08922227743385276,0.2917484295800523,0.20252615214619957,54,1,1505,451
202,condition,centralized,20,vae,N15_M01_F10,258,55,56,1956,hard_val_p95,1.0085394382476807,1.024815559387207,1.0404810070991517,1.0516588807106018,0.46274740724510666,0.972602375463226,0.9869281045751634,0.07719836400817996,0.14319582740635373,0.03571428571428571,0.9228016359918201,0.09145129224652088,0.10975712555103401,0.12723295696829695,0.017475831417262944,54,2,1805,151
202,condition,centralized,20,vae,N15_M01_F10,258,55,56,1956,fuzzy_warning_as_alarm_hi50,1.0085394382476807,1.024815559387207,1.0404810070991517,1.0516588807106018,0.46274740724510666,0.972602375463226,0.9869281045751634,0.07719836400817996,0.14319582740635373,0.03571428571428571,0.9228016359918201,0.09145129224652088,0.10975712555103401,0.12723295696829695,0.017475831417262944,54,2,1805,151
202,condition,centralized,20,vae,N15_M01_F10,258,55,56,1956,fuzzy_fault_only_hi75,1.0085394382476807,1.024815559387207,1.0404810070991517,1.0516588807106018,0.46274740724510666,0.972602375463226,0.9903846153846154,0.05265848670756646,0.1,0.017857142857142856,0.9473415132924335,0.09145129224652088,0.10975712555103401,0.12723295696829695,0.017475831417262944,55,1,1853,103
202,condition,centralized,20,vae,N15_M07_F04,258,55,55,1956,hard_val_p95,1.009904146194458,1.0236801624298095,1.0298058152198792,1.0349666023254394,0.5492052426101506,0.977703579325264,0.986013986013986,0.1441717791411043,0.25156110615521854,0.07272727272727272,0.8558282208588958,0.06862257583291895,0.10963845234830942,0.1842643536958977,0.07462590134758827,51,4,1674,282
202,condition,centralized,20,vae,N15_M07_F04,258,55,55,1956,fuzzy_warning_as_alarm_hi50,1.009904146194458,1.0236801624298095,1.0298058152198792,1.0349666023254394,0.5492052426101506,0.977703579325264,0.986013986013986,0.1441717791411043,0.25156110615521854,0.07272727272727272,0.8558282208588958,0.06862257583291895,0.10963845234830942,0.1842643536958977,0.07462590134758827,51,4,1674,282
202,condition,centralized,20,vae,N15_M07_F04,258,55,55,1956,fuzzy_fault_only_hi75,1.009904146194458,1.0236801624298095,1.0298058152198792,1.0349666023254394,0.5492052426101506,0.977703579325264,0.9875518672199171,0.12167689161554192,0.216659080564406,0.05454545454545454,0.878323108384458,0.06862257583291895,0.10963845234830942,0.1842643536958977,0.07462590134758827,52,3,1718,238
202,condition,centralized,20,vae,N15_M07_F10,256,55,55,1956,hard_val_p95,1.007214069366455,1.0256687879562378,1.0405503273010253,1.0655254220962525,0.4828313812976389,0.9741922775832176,0.9803921568627451,0.07668711656441718,0.1422475106685633,0.05454545454545454,0.9233128834355828,0.10939830929885629,0.10473102565732324,0.12221621871448772,0.017485193057164478,52,3,1806,150
202,condition,centralized,20,vae,N15_M07_F10,256,55,55,1956,fuzzy_warning_as_alarm_hi50,1.007214069366455,1.0256687879562378,1.0405503273010253,1.0655254220962525,0.4828313812976389,0.9741922775832176,0.9803921568627451,0.07668711656441718,0.1422475106685633,0.05454545454545454,0.9233128834355828,0.10939830929885629,0.10473102565732324,0.12221621871448772,0.017485193057164478,52,3,1806,150
202,condition,centralized,20,vae,N15_M07_F10,256,55,55,1956,fuzzy_fault_only_hi75,1.007214069366455,1.0256687879562378,1.0405503273010253,1.0655254220962525,0.4828313812976389,0.9741922775832176,1.0,0.032719836400818,0.06336633663366337,0.0,0.967280163599182,0.10939830929885629,0.10473102565732324,0.12221621871448772,0.017485193057164478,55,0,1892,64
202,condition,federated,1,vae,N09_M07_F10,256,55,55,1956,hard_val_p95,0.0,0.0,0.0,0.0,0.5,0.9726504226752859,0.0,0.0,0.0,0.0,1.0,0.0,0.0,0.0,0.0,55,0,1956,0
202,condition,federated,1,vae,N09_M07_F10,256,55,55,1956,fuzzy_warning_as_alarm_hi50,0.0,0.0,0.0,0.0,0.5,0.9726504226752859,0.0,0.0,0.0,0.0,1.0,0.0,0.0,0.0,0.0,55,0,1956,0
202,condition,federated,1,vae,N09_M07_F10,256,55,55,1956,fuzzy_fault_only_hi75,0.0,0.0,0.0,0.0,0.5,0.9726504226752859,0.0,0.0,0.0,0.0,1.0,0.0,0.0,0.0,0.0,55,0,1956,0
202,condition,federated,1,vae,N15_M01_F10,258,55,56,1956,hard_val_p95,0.0,0.0,0.0,0.0,0.5,0.9721669980119284,0.0,0.0,0.0,0.0,1.0,0.0,0.0,0.0,0.0,56,0,1956,0
202,condition,federated,1,vae,N15_M01_F10,258,55,56,1956,fuzzy_warning_as_alarm_hi50,0.0,0.0,0.0,0.0,0.5,0.9721669980119284,0.0,0.0,0.0,0.0,1.0,0.0,0.0,0.0,0.0,56,0,1956,0
202,condition,federated,1,vae,N15_M01_F10,258,55,56,1956,fuzzy_fault_only_hi75,0.0,0.0,0.0,0.0,0.5,0.9721669980119284,0.0,0.0,0.0,0.0,1.0,0.0,0.0,0.0,0.0,56,0,1956,0
202,condition,federated,1,vae,N15_M07_F04,258,55,55,1956,hard_val_p95,0.0,0.0,0.0,0.0,0.5,0.9726504226752859,0.0,0.0,0.0,0.0,1.0,0.0,0.0,0.0,0.0,55,0,1956,0
202,condition,federated,1,vae,N15_M07_F04,258,55,55,1956,fuzzy_warning_as_alarm_hi50,0.0,0.0,0.0,0.0,0.5,0.9726504226752859,0.0,0.0,0.0,0.0,1.0,0.0,0.0,0.0,0.0,55,0,1956,0
202,condition,federated,1,vae,N15_M07_F04,258,55,55,1956,fuzzy_fault_only_hi75,0.0,0.0,0.0,0.0,0.5,0.9726504226752859,0.0,0.0,0.0,0.0,1.0,0.0,0.0,0.0,0.0,55,0,1956,0
202,condition,federated,1,vae,N15_M07_F10,256,55,55,1956,hard_val_p95,0.0,0.0,0.0,0.0,0.5,0.9726504226752859,0.0,0.0,0.0,0.0,1.0,0.0,0.0,0.0,0.0,55,0,1956,0
202,condition,federated,1,vae,N15_M07_F10,256,55,55,1956,fuzzy_warning_as_alarm_hi50,0.0,0.0,0.0,0.0,0.5,0.9726504226752859,0.0,0.0,0.0,0.0,1.0,0.0,0.0,0.0,0.0,55,0,1956,0
202,condition,federated,1,vae,N15_M07_F10,256,55,55,1956,fuzzy_fault_only_hi75,0.0,0.0,0.0,0.0,0.5,0.9726504226752859,0.0,0.0,0.0,0.0,1.0,0.0,0.0,0.0,0.0,55,0,1956,0
202,condition,federated,2,vae,N09_M07_F10,256,55,55,1956,hard_val_p95,0.0,0.0,0.0,0.0,0.5,0.9726504226752859,0.0,0.0,0.0,0.0,1.0,0.0,0.0,0.0,0.0,55,0,1956,0
202,condition,federated,2,vae,N09_M07_F10,256,55,55,1956,fuzzy_warning_as_alarm_hi50,0.0,0.0,0.0,0.0,0.5,0.9726504226752859,0.0,0.0,0.0,0.0,1.0,0.0,0.0,0.0,0.0,55,0,1956,0
202,condition,federated,2,vae,N09_M07_F10,256,55,55,1956,fuzzy_fault_only_hi75,0.0,0.0,0.0,0.0,0.5,0.9726504226752859,0.0,0.0,0.0,0.0,1.0,0.0,0.0,0.0,0.0,55,0,1956,0
202,condition,federated,2,vae,N15_M01_F10,258,55,56,1956,hard_val_p95,0.0,0.0,0.0,0.0,0.5,0.9721669980119284,0.0,0.0,0.0,0.0,1.0,0.0,0.0,0.0,0.0,56,0,1956,0
202,condition,federated,2,vae,N15_M01_F10,258,55,56,1956,fuzzy_warning_as_alarm_hi50,0.0,0.0,0.0,0.0,0.5,0.9721669980119284,0.0,0.0,0.0,0.0,1.0,0.0,0.0,0.0,0.0,56,0,1956,0
202,condition,federated,2,vae,N15_M01_F10,258,55,56,1956,fuzzy_fault_only_hi75,0.0,0.0,0.0,0.0,0.5,0.9721669980119284,0.0,0.0,0.0,0.0,1.0,0.0,0.0,0.0,0.0,56,0,1956,0
202,condition,federated,2,vae,N15_M07_F04,258,55,55,1956,hard_val_p95,0.0,0.0,0.0,0.0,0.5,0.9726504226752859,0.0,0.0,0.0,0.0,1.0,0.0,0.0,0.0,0.0,55,0,1956,0
202,condition,federated,2,vae,N15_M07_F04,258,55,55,1956,fuzzy_warning_as_alarm_hi50,0.0,0.0,0.0,0.0,0.5,0.9726504226752859,0.0,0.0,0.0,0.0,1.0,0.0,0.0,0.0,0.0,55,0,1956,0
202,condition,federated,2,vae,N15_M07_F04,258,55,55,1956,fuzzy_fault_only_hi75,0.0,0.0,0.0,0.0,0.5,0.9726504226752859,0.0,0.0,0.0,0.0,1.0,0.0,0.0,0.0,0.0,55,0,1956,0
202,condition,federated,2,vae,N15_M07_F10,256,55,55,1956,hard_val_p95,0.0,0.0,0.0,0.0,0.5,0.9726504226752859,0.0,0.0,0.0,0.0,1.0,0.0,0.0,0.0,0.0,55,0,1956,0
202,condition,federated,2,vae,N15_M07_F10,256,55,55,1956,fuzzy_warning_as_alarm_hi50,0.0,0.0,0.0,0.0,0.5,0.9726504226752859,0.0,0.0,0.0,0.0,1.0,0.0,0.0,0.0,0.0,55,0,1956,0
202,condition,federated,2,vae,N15_M07_F10,256,55,55,1956,fuzzy_fault_only_hi75,0.0,0.0,0.0,0.0,0.5,0.9726504226752859,0.0,0.0,0.0,0.0,1.0,0.0,0.0,0.0,0.0,55,0,1956,0
202,condition,federated,3,vae,N09_M07_F10,256,55,55,1956,hard_val_p95,0.0,0.0,0.0,0.0,0.5,0.9726504226752859,0.0,0.0,0.0,0.0,1.0,0.0,0.0,0.0,0.0,55,0,1956,0
202,condition,federated,3,vae,N09_M07_F10,256,55,55,1956,fuzzy_warning_as_alarm_hi50,0.0,0.0,0.0,0.0,0.5,0.9726504226752859,0.0,0.0,0.0,0.0,1.0,0.0,0.0,0.0,0.0,55,0,1956,0
202,condition,federated,3,vae,N09_M07_F10,256,55,55,1956,fuzzy_fault_only_hi75,0.0,0.0,0.0,0.0,0.5,0.9726504226752859,0.0,0.0,0.0,0.0,1.0,0.0,0.0,0.0,0.0,55,0,1956,0
202,condition,federated,3,vae,N15_M01_F10,258,55,56,1956,hard_val_p95,0.0,0.0,0.0,0.0,0.5,0.9721669980119284,0.0,0.0,0.0,0.0,1.0,0.0,0.0,0.0,0.0,56,0,1956,0
202,condition,federated,3,vae,N15_M01_F10,258,55,56,1956,fuzzy_warning_as_alarm_hi50,0.0,0.0,0.0,0.0,0.5,0.9721669980119284,0.0,0.0,0.0,0.0,1.0,0.0,0.0,0.0,0.0,56,0,1956,0
202,condition,federated,3,vae,N15_M01_F10,258,55,56,1956,fuzzy_fault_only_hi75,0.0,0.0,0.0,0.0,0.5,0.9721669980119284,0.0,0.0,0.0,0.0,1.0,0.0,0.0,0.0,0.0,56,0,1956,0
202,condition,federated,3,vae,N15_M07_F04,258,55,55,1956,hard_val_p95,0.0,0.0,0.0,0.0,0.5,0.9726504226752859,0.0,0.0,0.0,0.0,1.0,0.0,0.0,0.0,0.0,55,0,1956,0
202,condition,federated,3,vae,N15_M07_F04,258,55,55,1956,fuzzy_warning_as_alarm_hi50,0.0,0.0,0.0,0.0,0.5,0.9726504226752859,0.0,0.0,0.0,0.0,1.0,0.0,0.0,0.0,0.0,55,0,1956,0
202,condition,federated,3,vae,N15_M07_F04,258,55,55,1956,fuzzy_fault_only_hi75,0.0,0.0,0.0,0.0,0.5,0.9726504226752859,0.0,0.0,0.0,0.0,1.0,0.0,0.0,0.0,0.0,55,0,1956,0
202,condition,federated,3,vae,N15_M07_F10,256,55,55,1956,hard_val_p95,0.0,0.0,0.0,0.0,0.5,0.9726504226752859,0.0,0.0,0.0,0.0,1.0,0.0,0.0,0.0,0.0,55,0,1956,0
202,condition,federated,3,vae,N15_M07_F10,256,55,55,1956,fuzzy_warning_as_alarm_hi50,0.0,0.0,0.0,0.0,0.5,0.9726504226752859,0.0,0.0,0.0,0.0,1.0,0.0,0.0,0.0,0.0,55,0,1956,0
202,condition,federated,3,vae,N15_M07_F10,256,55,55,1956,fuzzy_fault_only_hi75,0.0,0.0,0.0,0.0,0.5,0.9726504226752859,0.0,0.0,0.0,0.0,1.0,0.0,0.0,0.0,0.0,55,0,1956,0
202,condition,federated,4,vae,N09_M07_F10,256,55,55,1956,hard_val_p95,0.0,0.0,0.0,0.0,0.5,0.9726504226752859,0.0,0.0,0.0,0.0,1.0,0.0,0.0,0.0,0.0,55,0,1956,0
202,condition,federated,4,vae,N09_M07_F10,256,55,55,1956,fuzzy_warning_as_alarm_hi50,0.0,0.0,0.0,0.0,0.5,0.9726504226752859,0.0,0.0,0.0,0.0,1.0,0.0,0.0,0.0,0.0,55,0,1956,0
202,condition,federated,4,vae,N09_M07_F10,256,55,55,1956,fuzzy_fault_only_hi75,0.0,0.0,0.0,0.0,0.5,0.9726504226752859,0.0,0.0,0.0,0.0,1.0,0.0,0.0,0.0,0.0,55,0,1956,0
202,condition,federated,4,vae,N15_M01_F10,258,55,56,1956,hard_val_p95,0.0,0.0,0.0,0.0,0.5,0.9721669980119284,0.0,0.0,0.0,0.0,1.0,0.0,0.0,0.0,0.0,56,0,1956,0
202,condition,federated,4,vae,N15_M01_F10,258,55,56,1956,fuzzy_warning_as_alarm_hi50,0.0,0.0,0.0,0.0,0.5,0.9721669980119284,0.0,0.0,0.0,0.0,1.0,0.0,0.0,0.0,0.0,56,0,1956,0
202,condition,federated,4,vae,N15_M01_F10,258,55,56,1956,fuzzy_fault_only_hi75,0.0,0.0,0.0,0.0,0.5,0.9721669980119284,0.0,0.0,0.0,0.0,1.0,0.0,0.0,0.0,0.0,56,0,1956,0
202,condition,federated,4,vae,N15_M07_F04,258,55,55,1956,hard_val_p95,0.0,0.0,0.0,0.0,0.5,0.9726504226752859,0.0,0.0,0.0,0.0,1.0,0.0,0.0,0.0,0.0,55,0,1956,0
202,condition,federated,4,vae,N15_M07_F04,258,55,55,1956,fuzzy_warning_as_alarm_hi50,0.0,0.0,0.0,0.0,0.5,0.9726504226752859,0.0,0.0,0.0,0.0,1.0,0.0,0.0,0.0,0.0,55,0,1956,0
202,condition,federated,4,vae,N15_M07_F04,258,55,55,1956,fuzzy_fault_only_hi75,0.0,0.0,0.0,0.0,0.5,0.9726504226752859,0.0,0.0,0.0,0.0,1.0,0.0,0.0,0.0,0.0,55,0,1956,0
202,condition,federated,4,vae,N15_M07_F10,256,55,55,1956,hard_val_p95,0.0,0.0,0.0,0.0,0.5,0.9726504226752859,0.0,0.0,0.0,0.0,1.0,0.0,0.0,0.0,0.0,55,0,1956,0
202,condition,federated,4,vae,N15_M07_F10,256,55,55,1956,fuzzy_warning_as_alarm_hi50,0.0,0.0,0.0,0.0,0.5,0.9726504226752859,0.0,0.0,0.0,0.0,1.0,0.0,0.0,0.0,0.0,55,0,1956,0
202,condition,federated,4,vae,N15_M07_F10,256,55,55,1956,fuzzy_fault_only_hi75,0.0,0.0,0.0,0.0,0.5,0.9726504226752859,0.0,0.0,0.0,0.0,1.0,0.0,0.0,0.0,0.0,55,0,1956,0
202,condition,federated,5,vae,N09_M07_F10,256,55,55,1956,hard_val_p95,0.0,0.0,0.0,0.0,0.5,0.9726504226752859,0.0,0.0,0.0,0.0,1.0,0.0,0.0,0.0,0.0,55,0,1956,0
202,condition,federated,5,vae,N09_M07_F10,256,55,55,1956,fuzzy_warning_as_alarm_hi50,0.0,0.0,0.0,0.0,0.5,0.9726504226752859,0.0,0.0,0.0,0.0,1.0,0.0,0.0,0.0,0.0,55,0,1956,0
202,condition,federated,5,vae,N09_M07_F10,256,55,55,1956,fuzzy_fault_only_hi75,0.0,0.0,0.0,0.0,0.5,0.9726504226752859,0.0,0.0,0.0,0.0,1.0,0.0,0.0,0.0,0.0,55,0,1956,0
202,condition,federated,5,vae,N15_M01_F10,258,55,56,1956,hard_val_p95,0.0,0.0,0.0,0.0,0.5,0.9721669980119284,0.0,0.0,0.0,0.0,1.0,0.0,0.0,0.0,0.0,56,0,1956,0
202,condition,federated,5,vae,N15_M01_F10,258,55,56,1956,fuzzy_warning_as_alarm_hi50,0.0,0.0,0.0,0.0,0.5,0.9721669980119284,0.0,0.0,0.0,0.0,1.0,0.0,0.0,0.0,0.0,56,0,1956,0
202,condition,federated,5,vae,N15_M01_F10,258,55,56,1956,fuzzy_fault_only_hi75,0.0,0.0,0.0,0.0,0.5,0.9721669980119284,0.0,0.0,0.0,0.0,1.0,0.0,0.0,0.0,0.0,56,0,1956,0
202,condition,federated,5,vae,N15_M07_F04,258,55,55,1956,hard_val_p95,0.0,0.0,0.0,0.0,0.5,0.9726504226752859,0.0,0.0,0.0,0.0,1.0,0.0,0.0,0.0,0.0,55,0,1956,0
202,condition,federated,5,vae,N15_M07_F04,258,55,55,1956,fuzzy_warning_as_alarm_hi50,0.0,0.0,0.0,0.0,0.5,0.9726504226752859,0.0,0.0,0.0,0.0,1.0,0.0,0.0,0.0,0.0,55,0,1956,0
202,condition,federated,5,vae,N15_M07_F04,258,55,55,1956,fuzzy_fault_only_hi75,0.0,0.0,0.0,0.0,0.5,0.9726504226752859,0.0,0.0,0.0,0.0,1.0,0.0,0.0,0.0,0.0,55,0,1956,0
202,condition,federated,5,vae,N15_M07_F10,256,55,55,1956,hard_val_p95,0.0,0.0,0.0,0.0,0.5,0.9726504226752859,0.0,0.0,0.0,0.0,1.0,0.0,0.0,0.0,0.0,55,0,1956,0
202,condition,federated,5,vae,N15_M07_F10,256,55,55,1956,fuzzy_warning_as_alarm_hi50,0.0,0.0,0.0,0.0,0.5,0.9726504226752859,0.0,0.0,0.0,0.0,1.0,0.0,0.0,0.0,0.0,55,0,1956,0
202,condition,federated,5,vae,N15_M07_F10,256,55,55,1956,fuzzy_fault_only_hi75,0.0,0.0,0.0,0.0,0.5,0.9726504226752859,0.0,0.0,0.0,0.0,1.0,0.0,0.0,0.0,0.0,55,0,1956,0
202,condition,federated,6,vae,N09_M07_F10,256,55,55,1956,hard_val_p95,0.0,0.0,0.0,0.0,0.5,0.9726504226752859,0.0,0.0,0.0,0.0,1.0,0.0,0.0,0.0,0.0,55,0,1956,0
202,condition,federated,6,vae,N09_M07_F10,256,55,55,1956,fuzzy_warning_as_alarm_hi50,0.0,0.0,0.0,0.0,0.5,0.9726504226752859,0.0,0.0,0.0,0.0,1.0,0.0,0.0,0.0,0.0,55,0,1956,0
202,condition,federated,6,vae,N09_M07_F10,256,55,55,1956,fuzzy_fault_only_hi75,0.0,0.0,0.0,0.0,0.5,0.9726504226752859,0.0,0.0,0.0,0.0,1.0,0.0,0.0,0.0,0.0,55,0,1956,0
202,condition,federated,6,vae,N15_M01_F10,258,55,56,1956,hard_val_p95,0.0,0.0,0.0,0.0,0.5,0.9721669980119284,0.0,0.0,0.0,0.0,1.0,0.0,0.0,0.0,0.0,56,0,1956,0
202,condition,federated,6,vae,N15_M01_F10,258,55,56,1956,fuzzy_warning_as_alarm_hi50,0.0,0.0,0.0,0.0,0.5,0.9721669980119284,0.0,0.0,0.0,0.0,1.0,0.0,0.0,0.0,0.0,56,0,1956,0
202,condition,federated,6,vae,N15_M01_F10,258,55,56,1956,fuzzy_fault_only_hi75,0.0,0.0,0.0,0.0,0.5,0.9721669980119284,0.0,0.0,0.0,0.0,1.0,0.0,0.0,0.0,0.0,56,0,1956,0
202,condition,federated,6,vae,N15_M07_F04,258,55,55,1956,hard_val_p95,0.0,0.0,0.0,0.0,0.5,0.9726504226752859,0.0,0.0,0.0,0.0,1.0,0.0,0.0,0.0,0.0,55,0,1956,0
202,condition,federated,6,vae,N15_M07_F04,258,55,55,1956,fuzzy_warning_as_alarm_hi50,0.0,0.0,0.0,0.0,0.5,0.9726504226752859,0.0,0.0,0.0,0.0,1.0,0.0,0.0,0.0,0.0,55,0,1956,0
202,condition,federated,6,vae,N15_M07_F04,258,55,55,1956,fuzzy_fault_only_hi75,0.0,0.0,0.0,0.0,0.5,0.9726504226752859,0.0,0.0,0.0,0.0,1.0,0.0,0.0,0.0,0.0,55,0,1956,0
202,condition,federated,6,vae,N15_M07_F10,256,55,55,1956,hard_val_p95,0.0,0.0,0.0,0.0,0.5,0.9726504226752859,0.0,0.0,0.0,0.0,1.0,0.0,0.0,0.0,0.0,55,0,1956,0
202,condition,federated,6,vae,N15_M07_F10,256,55,55,1956,fuzzy_warning_as_alarm_hi50,0.0,0.0,0.0,0.0,0.5,0.9726504226752859,0.0,0.0,0.0,0.0,1.0,0.0,0.0,0.0,0.0,55,0,1956,0
202,condition,federated,6,vae,N15_M07_F10,256,55,55,1956,fuzzy_fault_only_hi75,0.0,0.0,0.0,0.0,0.5,0.9726504226752859,0.0,0.0,0.0,0.0,1.0,0.0,0.0,0.0,0.0,55,0,1956,0
202,condition,federated,7,vae,N09_M07_F10,256,55,55,1956,hard_val_p95,0.0,0.0,0.0,0.0,0.5,0.9726504226752859,0.0,0.0,0.0,0.0,1.0,0.0,0.0,0.0,0.0,55,0,1956,0
202,condition,federated,7,vae,N09_M07_F10,256,55,55,1956,fuzzy_warning_as_alarm_hi50,0.0,0.0,0.0,0.0,0.5,0.9726504226752859,0.0,0.0,0.0,0.0,1.0,0.0,0.0,0.0,0.0,55,0,1956,0
202,condition,federated,7,vae,N09_M07_F10,256,55,55,1956,fuzzy_fault_only_hi75,0.0,0.0,0.0,0.0,0.5,0.9726504226752859,0.0,0.0,0.0,0.0,1.0,0.0,0.0,0.0,0.0,55,0,1956,0
202,condition,federated,7,vae,N15_M01_F10,258,55,56,1956,hard_val_p95,0.0,0.0,0.0,0.0,0.5,0.9721669980119284,0.0,0.0,0.0,0.0,1.0,0.0,0.0,0.0,0.0,56,0,1956,0
202,condition,federated,7,vae,N15_M01_F10,258,55,56,1956,fuzzy_warning_as_alarm_hi50,0.0,0.0,0.0,0.0,0.5,0.9721669980119284,0.0,0.0,0.0,0.0,1.0,0.0,0.0,0.0,0.0,56,0,1956,0
202,condition,federated,7,vae,N15_M01_F10,258,55,56,1956,fuzzy_fault_only_hi75,0.0,0.0,0.0,0.0,0.5,0.9721669980119284,0.0,0.0,0.0,0.0,1.0,0.0,0.0,0.0,0.0,56,0,1956,0
202,condition,federated,7,vae,N15_M07_F04,258,55,55,1956,hard_val_p95,0.0,0.0,0.0,0.0,0.5,0.9726504226752859,0.0,0.0,0.0,0.0,1.0,0.0,0.0,0.0,0.0,55,0,1956,0
202,condition,federated,7,vae,N15_M07_F04,258,55,55,1956,fuzzy_warning_as_alarm_hi50,0.0,0.0,0.0,0.0,0.5,0.9726504226752859,0.0,0.0,0.0,0.0,1.0,0.0,0.0,0.0,0.0,55,0,1956,0
202,condition,federated,7,vae,N15_M07_F04,258,55,55,1956,fuzzy_fault_only_hi75,0.0,0.0,0.0,0.0,0.5,0.9726504226752859,0.0,0.0,0.0,0.0,1.0,0.0,0.0,0.0,0.0,55,0,1956,0
202,condition,federated,7,vae,N15_M07_F10,256,55,55,1956,hard_val_p95,0.0,0.0,0.0,0.0,0.5,0.9726504226752859,0.0,0.0,0.0,0.0,1.0,0.0,0.0,0.0,0.0,55,0,1956,0
202,condition,federated,7,vae,N15_M07_F10,256,55,55,1956,fuzzy_warning_as_alarm_hi50,0.0,0.0,0.0,0.0,0.5,0.9726504226752859,0.0,0.0,0.0,0.0,1.0,0.0,0.0,0.0,0.0,55,0,1956,0
202,condition,federated,7,vae,N15_M07_F10,256,55,55,1956,fuzzy_fault_only_hi75,0.0,0.0,0.0,0.0,0.5,0.9726504226752859,0.0,0.0,0.0,0.0,1.0,0.0,0.0,0.0,0.0,55,0,1956,0
202,condition,federated,8,vae,N09_M07_F10,256,55,55,1956,hard_val_p95,0.0,0.0,0.0,0.0,0.5,0.9726504226752859,0.0,0.0,0.0,0.0,1.0,0.0,0.0,0.0,0.0,55,0,1956,0
202,condition,federated,8,vae,N09_M07_F10,256,55,55,1956,fuzzy_warning_as_alarm_hi50,0.0,0.0,0.0,0.0,0.5,0.9726504226752859,0.0,0.0,0.0,0.0,1.0,0.0,0.0,0.0,0.0,55,0,1956,0
202,condition,federated,8,vae,N09_M07_F10,256,55,55,1956,fuzzy_fault_only_hi75,0.0,0.0,0.0,0.0,0.5,0.9726504226752859,0.0,0.0,0.0,0.0,1.0,0.0,0.0,0.0,0.0,55,0,1956,0
202,condition,federated,8,vae,N15_M01_F10,258,55,56,1956,hard_val_p95,0.0,0.0,0.0,0.0,0.5,0.9721669980119284,0.0,0.0,0.0,0.0,1.0,0.0,0.0,0.0,0.0,56,0,1956,0
202,condition,federated,8,vae,N15_M01_F10,258,55,56,1956,fuzzy_warning_as_alarm_hi50,0.0,0.0,0.0,0.0,0.5,0.9721669980119284,0.0,0.0,0.0,0.0,1.0,0.0,0.0,0.0,0.0,56,0,1956,0
202,condition,federated,8,vae,N15_M01_F10,258,55,56,1956,fuzzy_fault_only_hi75,0.0,0.0,0.0,0.0,0.5,0.9721669980119284,0.0,0.0,0.0,0.0,1.0,0.0,0.0,0.0,0.0,56,0,1956,0
202,condition,federated,8,vae,N15_M07_F04,258,55,55,1956,hard_val_p95,0.0,0.0,0.0,0.0,0.5,0.9726504226752859,0.0,0.0,0.0,0.0,1.0,0.0,0.0,0.0,0.0,55,0,1956,0
202,condition,federated,8,vae,N15_M07_F04,258,55,55,1956,fuzzy_warning_as_alarm_hi50,0.0,0.0,0.0,0.0,0.5,0.9726504226752859,0.0,0.0,0.0,0.0,1.0,0.0,0.0,0.0,0.0,55,0,1956,0
202,condition,federated,8,vae,N15_M07_F04,258,55,55,1956,fuzzy_fault_only_hi75,0.0,0.0,0.0,0.0,0.5,0.9726504226752859,0.0,0.0,0.0,0.0,1.0,0.0,0.0,0.0,0.0,55,0,1956,0
202,condition,federated,8,vae,N15_M07_F10,256,55,55,1956,hard_val_p95,0.0,0.0,0.0,0.0,0.5,0.9726504226752859,0.0,0.0,0.0,0.0,1.0,0.0,0.0,0.0,0.0,55,0,1956,0
202,condition,federated,8,vae,N15_M07_F10,256,55,55,1956,fuzzy_warning_as_alarm_hi50,0.0,0.0,0.0,0.0,0.5,0.9726504226752859,0.0,0.0,0.0,0.0,1.0,0.0,0.0,0.0,0.0,55,0,1956,0
202,condition,federated,8,vae,N15_M07_F10,256,55,55,1956,fuzzy_fault_only_hi75,0.0,0.0,0.0,0.0,0.5,0.9726504226752859,0.0,0.0,0.0,0.0,1.0,0.0,0.0,0.0,0.0,55,0,1956,0
202,condition,federated,9,vae,N09_M07_F10,256,55,55,1956,hard_val_p95,0.0,0.0,0.0,0.0,0.5,0.9726504226752859,0.0,0.0,0.0,0.0,1.0,0.0,0.0,0.0,0.0,55,0,1956,0
202,condition,federated,9,vae,N09_M07_F10,256,55,55,1956,fuzzy_warning_as_alarm_hi50,0.0,0.0,0.0,0.0,0.5,0.9726504226752859,0.0,0.0,0.0,0.0,1.0,0.0,0.0,0.0,0.0,55,0,1956,0
202,condition,federated,9,vae,N09_M07_F10,256,55,55,1956,fuzzy_fault_only_hi75,0.0,0.0,0.0,0.0,0.5,0.9726504226752859,0.0,0.0,0.0,0.0,1.0,0.0,0.0,0.0,0.0,55,0,1956,0
202,condition,federated,9,vae,N15_M01_F10,258,55,56,1956,hard_val_p95,0.0,0.0,0.0,0.0,0.5,0.9721669980119284,0.0,0.0,0.0,0.0,1.0,0.0,0.0,0.0,0.0,56,0,1956,0
202,condition,federated,9,vae,N15_M01_F10,258,55,56,1956,fuzzy_warning_as_alarm_hi50,0.0,0.0,0.0,0.0,0.5,0.9721669980119284,0.0,0.0,0.0,0.0,1.0,0.0,0.0,0.0,0.0,56,0,1956,0
202,condition,federated,9,vae,N15_M01_F10,258,55,56,1956,fuzzy_fault_only_hi75,0.0,0.0,0.0,0.0,0.5,0.9721669980119284,0.0,0.0,0.0,0.0,1.0,0.0,0.0,0.0,0.0,56,0,1956,0
202,condition,federated,9,vae,N15_M07_F04,258,55,55,1956,hard_val_p95,0.0,0.0,0.0,0.0,0.5,0.9726504226752859,0.0,0.0,0.0,0.0,1.0,0.0,0.0,0.0,0.0,55,0,1956,0
202,condition,federated,9,vae,N15_M07_F04,258,55,55,1956,fuzzy_warning_as_alarm_hi50,0.0,0.0,0.0,0.0,0.5,0.9726504226752859,0.0,0.0,0.0,0.0,1.0,0.0,0.0,0.0,0.0,55,0,1956,0
202,condition,federated,9,vae,N15_M07_F04,258,55,55,1956,fuzzy_fault_only_hi75,0.0,0.0,0.0,0.0,0.5,0.9726504226752859,0.0,0.0,0.0,0.0,1.0,0.0,0.0,0.0,0.0,55,0,1956,0
202,condition,federated,9,vae,N15_M07_F10,256,55,55,1956,hard_val_p95,0.0,0.0,0.0,0.0,0.5,0.9726504226752859,0.0,0.0,0.0,0.0,1.0,0.0,0.0,0.0,0.0,55,0,1956,0
202,condition,federated,9,vae,N15_M07_F10,256,55,55,1956,fuzzy_warning_as_alarm_hi50,0.0,0.0,0.0,0.0,0.5,0.9726504226752859,0.0,0.0,0.0,0.0,1.0,0.0,0.0,0.0,0.0,55,0,1956,0
202,condition,federated,9,vae,N15_M07_F10,256,55,55,1956,fuzzy_fault_only_hi75,0.0,0.0,0.0,0.0,0.5,0.9726504226752859,0.0,0.0,0.0,0.0,1.0,0.0,0.0,0.0,0.0,55,0,1956,0
202,condition,federated,10,vae,N09_M07_F10,256,55,55,1956,hard_val_p95,0.0,0.0,0.0,0.0,0.5,0.9726504226752859,0.0,0.0,0.0,0.0,1.0,0.0,0.0,0.0,0.0,55,0,1956,0
202,condition,federated,10,vae,N09_M07_F10,256,55,55,1956,fuzzy_warning_as_alarm_hi50,0.0,0.0,0.0,0.0,0.5,0.9726504226752859,0.0,0.0,0.0,0.0,1.0,0.0,0.0,0.0,0.0,55,0,1956,0
202,condition,federated,10,vae,N09_M07_F10,256,55,55,1956,fuzzy_fault_only_hi75,0.0,0.0,0.0,0.0,0.5,0.9726504226752859,0.0,0.0,0.0,0.0,1.0,0.0,0.0,0.0,0.0,55,0,1956,0
202,condition,federated,10,vae,N15_M01_F10,258,55,56,1956,hard_val_p95,0.0,0.0,0.0,0.0,0.5,0.9721669980119284,0.0,0.0,0.0,0.0,1.0,0.0,0.0,0.0,0.0,56,0,1956,0
202,condition,federated,10,vae,N15_M01_F10,258,55,56,1956,fuzzy_warning_as_alarm_hi50,0.0,0.0,0.0,0.0,0.5,0.9721669980119284,0.0,0.0,0.0,0.0,1.0,0.0,0.0,0.0,0.0,56,0,1956,0
202,condition,federated,10,vae,N15_M01_F10,258,55,56,1956,fuzzy_fault_only_hi75,0.0,0.0,0.0,0.0,0.5,0.9721669980119284,0.0,0.0,0.0,0.0,1.0,0.0,0.0,0.0,0.0,56,0,1956,0
202,condition,federated,10,vae,N15_M07_F04,258,55,55,1956,hard_val_p95,0.0,0.0,0.0,0.0,0.5,0.9726504226752859,0.0,0.0,0.0,0.0,1.0,0.0,0.0,0.0,0.0,55,0,1956,0
202,condition,federated,10,vae,N15_M07_F04,258,55,55,1956,fuzzy_warning_as_alarm_hi50,0.0,0.0,0.0,0.0,0.5,0.9726504226752859,0.0,0.0,0.0,0.0,1.0,0.0,0.0,0.0,0.0,55,0,1956,0
202,condition,federated,10,vae,N15_M07_F04,258,55,55,1956,fuzzy_fault_only_hi75,0.0,0.0,0.0,0.0,0.5,0.9726504226752859,0.0,0.0,0.0,0.0,1.0,0.0,0.0,0.0,0.0,55,0,1956,0
202,condition,federated,10,vae,N15_M07_F10,256,55,55,1956,hard_val_p95,0.0,0.0,0.0,0.0,0.5,0.9726504226752859,0.0,0.0,0.0,0.0,1.0,0.0,0.0,0.0,0.0,55,0,1956,0
202,condition,federated,10,vae,N15_M07_F10,256,55,55,1956,fuzzy_warning_as_alarm_hi50,0.0,0.0,0.0,0.0,0.5,0.9726504226752859,0.0,0.0,0.0,0.0,1.0,0.0,0.0,0.0,0.0,55,0,1956,0
202,condition,federated,10,vae,N15_M07_F10,256,55,55,1956,fuzzy_fault_only_hi75,0.0,0.0,0.0,0.0,0.5,0.9726504226752859,0.0,0.0,0.0,0.0,1.0,0.0,0.0,0.0,0.0,55,0,1956,0
777,condition,local-only,10,cnn-ae,N09_M07_F10,256,55,55,1956,hard_val_p95,1.0200164318084717,1.023866629600525,1.0259329438209535,1.0278846859931945,0.4502509760178472,0.9646108816908204,0.8787878787878788,0.014826175869120654,0.029160382101558573,0.07272727272727272,0.9851738241308794,0.03232222774738936,0.0992179788461858,0.04031304331820504,-0.05890493552798076,51,4,1927,29
777,condition,local-only,10,cnn-ae,N09_M07_F10,256,55,55,1956,fuzzy_warning_as_alarm_hi50,1.0200164318084717,1.023866629600525,1.0259329438209535,1.0278846859931945,0.4502509760178472,0.9646108816908204,0.8787878787878788,0.014826175869120654,0.029160382101558573,0.07272727272727272,0.9851738241308794,0.03232222774738936,0.0992179788461858,0.04031304331820504,-0.05890493552798076,51,4,1927,29
777,condition,local-only,10,cnn-ae,N09_M07_F10,256,55,55,1956,fuzzy_fault_only_hi75,1.0200164318084717,1.023866629600525,1.0259329438209535,1.0278846859931945,0.4502509760178472,0.9646108816908204,0.8666666666666667,0.0066462167689161555,0.013191273465246067,0.03636363636363636,0.9933537832310838,0.03232222774738936,0.0992179788461858,0.04031304331820504,-0.05890493552798076,53,2,1943,13
777,condition,local-only,10,cnn-ae,N15_M01_F10,258,55,56,1956,hard_val_p95,1.010332703590393,1.0190913677215576,1.0196601510047913,1.021990578174591,0.4793675138767163,0.9684020249168855,0.9622641509433962,0.05214723926380368,0.09893307468477207,0.07142857142857142,0.9478527607361963,0.022365805168986085,0.12978587275162853,0.10444098242989128,-0.025344890321737257,52,4,1854,102
777,condition,local-only,10,cnn-ae,N15_M01_F10,258,55,56,1956,fuzzy_warning_as_alarm_hi50,1.010332703590393,1.0190913677215576,1.0196601510047913,1.021990578174591,0.4793675138767163,0.9684020249168855,0.9622641509433962,0.05214723926380368,0.09893307468477207,0.07142857142857142,0.9478527607361963,0.022365805168986085,0.12978587275162853,0.10444098242989128,-0.025344890321737257,52,4,1854,102
777,condition,local-only,10,cnn-ae,N15_M01_F10,258,55,56,1956,fuzzy_fault_only_hi75,1.010332703590393,1.0190913677215576,1.0196601510047913,1.021990578174591,0.4793675138767163,0.9684020249168855,0.9620253164556962,0.03885480572597137,0.0746928746928747,0.05357142857142857,0.9611451942740287,0.022365805168986085,0.12978587275162853,0.10444098242989128,-0.025344890321737257,53,3,1880,76
777,condition,local-only,10,cnn-ae,N15_M07_F04,258,55,55,1956,hard_val_p95,1.0079569816589355,1.0140543937683106,1.0149364829063416,1.0153911638259887,0.42412158393753485,0.9685814852621637,0.9680851063829787,0.04652351738241309,0.08878048780487804,0.05454545454545454,0.9534764826175869,0.019890601690701143,0.12425835074365914,0.09494844822566666,-0.02930990251799248,52,3,1865,91
777,condition,local-only,10,cnn-ae,N15_M07_F04,258,55,55,1956,fuzzy_warning_as_alarm_hi50,1.0079569816589355,1.0140543937683106,1.0149364829063416,1.0153911638259887,0.42412158393753485,0.9685814852621637,0.9680851063829787,0.04652351738241309,0.08878048780487804,0.05454545454545454,0.9534764826175869,0.019890601690701143,0.12425835074365914,0.09494844822566666,-0.02930990251799248,52,3,1865,91
777,condition,local-only,10,cnn-ae,N15_M07_F04,258,55,55,1956,fuzzy_fault_only_hi75,1.0079569816589355,1.0140543937683106,1.0149364829063416,1.0153911638259887,0.42412158393753485,0.9685814852621637,0.9770114942528736,0.0434560327198364,0.08321096426823299,0.03636363636363636,0.9565439672801636,0.019890601690701143,0.12425835074365914,0.09494844822566666,-0.02930990251799248,53,2,1871,85
777,condition,local-only,10,cnn-ae,N15_M07_F10,256,55,55,1956,hard_val_p95,1.0150847434997559,1.030376935005188,1.0325529336929322,1.0381730461120606,0.435211005763153,0.9684311828922816,0.9538461538461539,0.03169734151329243,0.061355764473033154,0.05454545454545454,0.9683026584867076,0.03878667329686723,0.10973720208875683,0.08656776530331775,-0.023169436785439076,52,3,1894,62
777,condition,local-only,10,cnn-ae,N15_M07_F10,256,55,55,1956,fuzzy_warning_as_alarm_hi50,1.0150847434997559,1.030376935005188,1.0325529336929322,1.0381730461120606,0.435211005763153,0.9684311828922816,0.9538461538461539,0.03169734151329243,0.061355764473033154,0.05454545454545454,0.9683026584867076,0.03878667329686723,0.10973720208875683,0.08656776530331775,-0.023169436785439076,52,3,1894,62
777,condition,local-only,10,cnn-ae,N15_M07_F10,256,55,55,1956,fuzzy_fault_only_hi75,1.0150847434997559,1.030376935005188,1.0325529336929322,1.0381730461120606,0.435211005763153,0.9684311828922816,1.0,0.014826175869120654,0.029219143576826197,0.0,0.9851738241308794,0.03878667329686723,0.10973720208875683,0.08656776530331775,-0.023169436785439076,55,0,1927,29
777,condition,centralized,20,cnn-ae,N09_M07_F10,256,55,55,1956,hard_val_p95,1.0129754543304443,1.0211071729660035,1.022891926765442,1.025894458293915,0.36749395798475554,0.9682347873648389,0.9770114942528736,0.0434560327198364,0.08321096426823299,0.03636363636363636,0.9565439672801636,0.025857782197911485,0.09482998340472011,0.05789054362094716,-0.036939439783772954,53,2,1871,85
777,condition,centralized,20,cnn-ae,N09_M07_F10,256,55,55,1956,fuzzy_warning_as_alarm_hi50,1.0129754543304443,1.0211071729660035,1.022891926765442,1.025894458293915,0.36749395798475554,0.9682347873648389,0.9770114942528736,0.0434560327198364,0.08321096426823299,0.03636363636363636,0.9565439672801636,0.025857782197911485,0.09482998340472011,0.05789054362094716,-0.036939439783772954,53,2,1871,85
777,condition,centralized,20,cnn-ae,N09_M07_F10,256,55,55,1956,fuzzy_fault_only_hi75,1.0129754543304443,1.0211071729660035,1.022891926765442,1.025894458293915,0.36749395798475554,0.9682347873648389,1.0,0.032208588957055216,0.06240713224368499,0.0,0.9677914110429447,0.025857782197911485,0.09482998340472011,0.05789054362094716,-0.036939439783772954,55,0,1893,63
777,condition,centralized,20,cnn-ae,N15_M01_F10,258,55,56,1956,hard_val_p95,1.0063025951385498,1.021663284301758,1.024552059173584,1.034694631099701,0.5109598670756647,0.9716831707137693,0.9841269841269841,0.03169734151329243,0.06141654284299158,0.017857142857142856,0.9683026584867076,0.03578528827037773,0.07029882515931592,0.07052889839043201,0.0002300732311160958,55,1,1894,62
777,condition,centralized,20,cnn-ae,N15_M01_F10,258,55,56,1956,fuzzy_warning_as_alarm_hi50,1.0063025951385498,1.021663284301758,1.024552059173584,1.034694631099701,0.5109598670756647,0.9716831707137693,0.9841269841269841,0.03169734151329243,0.06141654284299158,0.017857142857142856,0.9683026584867076,0.03578528827037773,0.07029882515931592,0.07052889839043201,0.0002300732311160958,55,1,1894,62
777,condition,centralized,20,cnn-ae,N15_M01_F10,258,55,56,1956,fuzzy_fault_only_hi75,1.0063025951385498,1.021663284301758,1.024552059173584,1.034694631099701,0.5109598670756647,0.9716831707137693,1.0,0.01278118609406953,0.02523977788995457,0.0,0.9872188139059305,0.03578528827037773,0.07029882515931592,0.07052889839043201,0.0002300732311160958,56,0,1931,25
777,condition,centralized,20,cnn-ae,N15_M07_F04,258,55,55,1956,hard_val_p95,1.0068085193634033,1.016793441772461,1.019583249092102,1.0240251517295837,0.4621026213050753,0.972676050695009,0.98,0.07515337423312883,0.1396011396011396,0.05454545454545454,0.9248466257668712,0.055196419691695676,0.10723236049207689,0.10970648284507595,0.002474122352999056,52,3,1809,147
777,condition,centralized,20,cnn-ae,N15_M07_F04,258,55,55,1956,fuzzy_warning_as_alarm_hi50,1.0068085193634033,1.016793441772461,1.019583249092102,1.0240251517295837,0.4621026213050753,0.972676050695009,0.98,0.07515337423312883,0.1396011396011396,0.05454545454545454,0.9248466257668712,0.055196419691695676,0.10723236049207689,0.10970648284507595,0.002474122352999056,52,3,1809,147
777,condition,centralized,20,cnn-ae,N15_M07_F04,258,55,55,1956,fuzzy_fault_only_hi75,1.0068085193634033,1.016793441772461,1.019583249092102,1.0240251517295837,0.4621026213050753,0.972676050695009,0.9803921568627451,0.05112474437627812,0.09718172983479106,0.03636363636363636,0.9488752556237219,0.055196419691695676,0.10723236049207689,0.10970648284507595,0.002474122352999056,53,2,1856,100
777,condition,centralized,20,cnn-ae,N15_M07_F10,256,55,55,1956,hard_val_p95,1.002458930015564,1.0163156986236572,1.0198858857154847,1.0235528373718261,0.48393753485778024,0.9729117601899663,0.9782608695652174,0.06901840490797546,0.12893982808022922,0.05454545454545454,0.9309815950920245,0.05818000994530084,0.13126239275179005,0.1340179963094745,0.0027556035576844495,52,3,1821,135
777,condition,centralized,20,cnn-ae,N15_M07_F10,256,55,55,1956,fuzzy_warning_as_alarm_hi50,1.002458930015564,1.0163156986236572,1.0198858857154847,1.0235528373718261,0.48393753485778024,0.9729117601899663,0.9782608695652174,0.06901840490797546,0.12893982808022922,0.05454545454545454,0.9309815950920245,0.05818000994530084,0.13126239275179005,0.1340179963094745,0.0027556035576844495,52,3,1821,135
777,condition,centralized,20,cnn-ae,N15_M07_F10,256,55,55,1956,fuzzy_fault_only_hi75,1.002458930015564,1.0163156986236572,1.0198858857154847,1.0235528373718261,0.48393753485778024,0.9729117601899663,0.9805825242718447,0.0516359918200409,0.09810587663914522,0.03636363636363636,0.9483640081799591,0.05818000994530084,0.13126239275179005,0.1340179963094745,0.0027556035576844495,53,2,1855,101
777,condition,federated,1,cnn-ae,N09_M07_F10,256,55,55,1956,hard_val_p95,1.003712773323059,1.005882453918457,1.0064727187156677,1.0067437505722046,0.5380554006320878,0.9724670585425403,0.9375,0.03067484662576687,0.0594059405940594,0.07272727272727272,0.9693251533742331,0.04823470909995027,0.12612749457021138,0.11223534335719411,-0.013892151213017276,51,4,1896,60
777,condition,federated,1,cnn-ae,N09_M07_F10,256,55,55,1956,fuzzy_warning_as_alarm_hi50,1.003712773323059,1.005882453918457,1.0064727187156677,1.0067437505722046,0.5380554006320878,0.9724670585425403,0.9375,0.03067484662576687,0.0594059405940594,0.07272727272727272,0.9693251533742331,0.04823470909995027,0.12612749457021138,0.11223534335719411,-0.013892151213017276,51,4,1896,60
777,condition,federated,1,cnn-ae,N09_M07_F10,256,55,55,1956,fuzzy_fault_only_hi75,1.003712773323059,1.005882453918457,1.0064727187156677,1.0067437505722046,0.5380554006320878,0.9724670585425403,0.9423076923076923,0.025051124744376277,0.04880478087649402,0.05454545454545454,0.9749488752556237,0.04823470909995027,0.12612749457021138,0.11223534335719411,-0.013892151213017276,52,3,1907,49
777,condition,federated,1,cnn-ae,N15_M01_F10,258,55,56,1956,hard_val_p95,1.004102110862732,1.0056876182556151,1.006089985370636,1.007088394165039,0.5318160239555945,0.9736176912062573,0.975609756097561,0.06134969325153374,0.11544011544011544,0.05357142857142857,0.9386503067484663,0.08001988071570576,0.09990123994770327,0.11280569088425799,0.01290445093655472,53,3,1836,120
777,condition,federated,1,cnn-ae,N15_M01_F10,258,55,56,1956,fuzzy_warning_as_alarm_hi50,1.004102110862732,1.0056876182556151,1.006089985370636,1.007088394165039,0.5318160239555945,0.9736176912062573,0.975609756097561,0.06134969325153374,0.11544011544011544,0.05357142857142857,0.9386503067484663,0.08001988071570576,0.09990123994770327,0.11280569088425799,0.01290445093655472,53,3,1836,120
777,condition,federated,1,cnn-ae,N15_M01_F10,258,55,56,1956,fuzzy_fault_only_hi75,1.004102110862732,1.0056876182556151,1.006089985370636,1.007088394165039,0.5318160239555945,0.9736176912062573,0.9615384615384616,0.02556237218813906,0.049800796812749,0.03571428571428571,0.9744376278118609,0.08001988071570576,0.09990123994770327,0.11280569088425799,0.01290445093655472,54,2,1906,50
777,condition,federated,1,cnn-ae,N15_M07_F04,258,55,55,1956,hard_val_p95,1.0042062997817993,1.0056298494338989,1.006325912475586,1.0067383432388306,0.47579010968581525,0.9700282775225562,0.9659090909090909,0.0434560327198364,0.08317025440313111,0.05454545454545454,0.9565439672801636,0.06911984087518648,0.11970391054270087,0.10060242107959738,-0.019101489463103485,52,3,1871,85
777,condition,federated,1,cnn-ae,N15_M07_F04,258,55,55,1956,fuzzy_warning_as_alarm_hi50,1.0042062997817993,1.0056298494338989,1.006325912475586,1.0067383432388306,0.47579010968581525,0.9700282775225562,0.9659090909090909,0.0434560327198364,0.08317025440313111,0.05454545454545454,0.9565439672801636,0.06911984087518648,0.11970391054270087,0.10060242107959738,-0.019101489463103485,52,3,1871,85
777,condition,federated,1,cnn-ae,N15_M07_F04,258,55,55,1956,fuzzy_fault_only_hi75,1.0042062997817993,1.0056298494338989,1.006325912475586,1.0067383432388306,0.47579010968581525,0.9700282775225562,0.9655172413793104,0.028629856850715747,0.05561072492552135,0.03636363636363636,0.9713701431492843,0.06911984087518648,0.11970391054270087,0.10060242107959738,-0.019101489463103485,53,2,1900,56
777,condition,federated,1,cnn-ae,N15_M07_F10,256,55,55,1956,hard_val_p95,1.004021406173706,1.005958867073059,1.0066303253173827,1.0071328973770142,0.5100901654582637,0.9740344491442561,0.98,0.025051124744376277,0.04885343968095713,0.01818181818181818,0.9749488752556237,0.04475385380407757,0.08232234891044575,0.08900358469606544,0.006681235785619688,54,1,1907,49
777,condition,federated,1,cnn-ae,N15_M07_F10,256,55,55,1956,fuzzy_warning_as_alarm_hi50,1.004021406173706,1.005958867073059,1.0066303253173827,1.0071328973770142,0.5100901654582637,0.9740344491442561,0.98,0.025051124744376277,0.04885343968095713,0.01818181818181818,0.9749488752556237,0.04475385380407757,0.08232234891044575,0.08900358469606544,0.006681235785619688,54,1,1907,49
777,condition,federated,1,cnn-ae,N15_M07_F10,256,55,55,1956,fuzzy_fault_only_hi75,1.004021406173706,1.005958867073059,1.0066303253173827,1.0071328973770142,0.5100901654582637,0.9740344491442561,0.9705882352941176,0.01687116564417178,0.033165829145728645,0.01818181818181818,0.9831288343558282,0.04475385380407757,0.08232234891044575,0.08900358469606544,0.006681235785619688,54,1,1923,33
777,condition,federated,2,cnn-ae,N09_M07_F10,256,55,55,1956,hard_val_p95,1.0058962106704712,1.007968497276306,1.0083947420120238,1.009140591621399,0.5146820970440602,0.9739131226801618,0.9727891156462585,0.07310838445807771,0.1359961959106039,0.07272727272727272,0.9268916155419223,0.06563898557931377,0.11732819473411735,0.13023797411644691,0.012909779382329567,51,4,1813,143
777,condition,federated,2,cnn-ae,N09_M07_F10,256,55,55,1956,fuzzy_warning_as_alarm_hi50,1.0058962106704712,1.007968497276306,1.0083947420120238,1.009140591621399,0.5146820970440602,0.9739131226801618,0.9727891156462585,0.07310838445807771,0.1359961959106039,0.07272727272727272,0.9268916155419223,0.06563898557931377,0.11732819473411735,0.13023797411644691,0.012909779382329567,51,4,1813,143
777,condition,federated,2,cnn-ae,N09_M07_F10,256,55,55,1956,fuzzy_fault_only_hi75,1.0058962106704712,1.007968497276306,1.0083947420120238,1.009140591621399,0.5146820970440602,0.9739131226801618,0.978494623655914,0.04652351738241309,0.08882381649585164,0.03636363636363636,0.9534764826175869,0.06563898557931377,0.11732819473411735,0.13023797411644691,0.012909779382329567,53,2,1865,91
777,condition,federated,2,cnn-ae,N15_M01_F10,258,55,56,1956,hard_val_p95,1.0066710710525513,1.0081018924713134,1.0087091207504273,1.0100420093536377,0.5216914986853637,0.9744969306072468,0.9900990099009901,0.05112474437627812,0.09722897423432182,0.017857142857142856,0.9488752556237219,0.06610337972166998,0.058499239440848484,0.08339983379218185,0.02490059435133337,55,1,1856,100
777,condition,federated,2,cnn-ae,N15_M01_F10,258,55,56,1956,fuzzy_warning_as_alarm_hi50,1.0066710710525513,1.0081018924713134,1.0087091207504273,1.0100420093536377,0.5216914986853637,0.9744969306072468,0.9900990099009901,0.05112474437627812,0.09722897423432182,0.017857142857142856,0.9488752556237219,0.06610337972166998,0.058499239440848484,0.08339983379218185,0.02490059435133337,55,1,1856,100
777,condition,federated,2,cnn-ae,N15_M01_F10,258,55,56,1956,fuzzy_fault_only_hi75,1.0066710710525513,1.0081018924713134,1.0087091207504273,1.0100420093536377,0.5216914986853637,0.9744969306072468,0.9803921568627451,0.02556237218813906,0.04982561036372696,0.017857142857142856,0.9744376278118609,0.06610337972166998,0.058499239440848484,0.08339983379218185,0.02490059435133337,55,1,1906,50
777,condition,federated,2,cnn-ae,N15_M07_F04,258,55,55,1956,hard_val_p95,1.0059278011322021,1.0076700448989868,1.0087053775787354,1.0098951029777528,0.4936465885852389,0.974308957211834,0.9803921568627451,0.05112474437627812,0.09718172983479106,0.03636363636363636,0.9488752556237219,0.0939830929885629,0.10273258505401445,0.1129887686534127,0.010256183599398255,53,2,1856,100
777,condition,federated,2,cnn-ae,N15_M07_F04,258,55,55,1956,fuzzy_warning_as_alarm_hi50,1.0059278011322021,1.0076700448989868,1.0087053775787354,1.0098951029777528,0.4936465885852389,0.974308957211834,0.9803921568627451,0.05112474437627812,0.09718172983479106,0.03636363636363636,0.9488752556237219,0.0939830929885629,0.10273258505401445,0.1129887686534127,0.010256183599398255,53,2,1856,100
777,condition,federated,2,cnn-ae,N15_M07_F04,258,55,55,1956,fuzzy_fault_only_hi75,1.0059278011322021,1.0076700448989868,1.0087053775787354,1.0098951029777528,0.4936465885852389,0.974308957211834,0.9827586206896551,0.029141104294478526,0.05660377358490566,0.01818181818181818,0.9708588957055214,0.0939830929885629,0.10273258505401445,0.1129887686534127,0.010256183599398255,54,1,1899,57
777,condition,federated,2,cnn-ae,N15_M07_F10,256,55,55,1956,hard_val_p95,1.0063782930374146,1.0080700874328614,1.008700180053711,1.009258165359497,0.5442740286298569,0.9762748580562413,0.9901960784313726,0.0516359918200409,0.09815354713313897,0.01818181818181818,0.9483640081799591,0.058677274987568376,0.06371094857517846,0.09871359296109176,0.0350026443859133,54,1,1855,101
777,condition,federated,2,cnn-ae,N15_M07_F10,256,55,55,1956,fuzzy_warning_as_alarm_hi50,1.0063782930374146,1.0080700874328614,1.008700180053711,1.009258165359497,0.5442740286298569,0.9762748580562413,0.9901960784313726,0.0516359918200409,0.09815354713313897,0.01818181818181818,0.9483640081799591,0.058677274987568376,0.06371094857517846,0.09871359296109176,0.0350026443859133,54,1,1855,101
777,condition,federated,2,cnn-ae,N15_M07_F10,256,55,55,1956,fuzzy_fault_only_hi75,1.0063782930374146,1.0080700874328614,1.008700180053711,1.009258165359497,0.5442740286298569,0.9762748580562413,0.9864864864864865,0.037321063394683024,0.07192118226600985,0.01818181818181818,0.962678936605317,0.058677274987568376,0.06371094857517846,0.09871359296109176,0.0350026443859133,54,1,1883,73
777,condition,federated,3,cnn-ae,N09_M07_F10,256,55,55,1956,hard_val_p95,1.0041635036468506,1.0058870553970336,1.0071447014808654,1.0078578042984008,0.5313627068228295,0.9755433310876245,1.0,0.03834355828220859,0.07385524372230429,0.0,0.9616564417177914,0.09696668324216808,0.08336625978034747,0.10933815344319478,0.025971893662847315,55,0,1881,75
777,condition,federated,3,cnn-ae,N09_M07_F10,256,55,55,1956,fuzzy_warning_as_alarm_hi50,1.0041635036468506,1.0058870553970336,1.0071447014808654,1.0078578042984008,0.5313627068228295,0.9755433310876245,1.0,0.03834355828220859,0.07385524372230429,0.0,0.9616564417177914,0.09696668324216808,0.08336625978034747,0.10933815344319478,0.025971893662847315,55,0,1881,75
777,condition,federated,3,cnn-ae,N09_M07_F10,256,55,55,1956,fuzzy_fault_only_hi75,1.0041635036468506,1.0058870553970336,1.0071447014808654,1.0078578042984008,0.5313627068228295,0.9755433310876245,1.0,0.024539877300613498,0.04790419161676647,0.0,0.9754601226993865,0.09696668324216808,0.08336625978034747,0.10933815344319478,0.025971893662847315,55,0,1908,48
777,condition,federated,3,cnn-ae,N15_M01_F10,258,55,56,1956,hard_val_p95,1.004345178604126,1.0064687967300414,1.007370698451996,1.0078530764579774,0.4976491747005551,0.9744633229541383,1.0,0.027607361963190184,0.05373134328358209,0.0,0.9723926380368099,0.05616302186878728,0.06930654192749283,0.0897112678439952,0.020404725916502373,56,0,1902,54
777,condition,federated,3,cnn-ae,N15_M01_F10,258,55,56,1956,fuzzy_warning_as_alarm_hi50,1.004345178604126,1.0064687967300414,1.007370698451996,1.0078530764579774,0.4976491747005551,0.9744633229541383,1.0,0.027607361963190184,0.05373134328358209,0.0,0.9723926380368099,0.05616302186878728,0.06930654192749283,0.0897112678439952,0.020404725916502373,56,0,1902,54
777,condition,federated,3,cnn-ae,N15_M01_F10,258,55,56,1956,fuzzy_fault_only_hi75,1.004345178604126,1.0064687967300414,1.007370698451996,1.0078530764579774,0.4976491747005551,0.9744633229541383,1.0,0.02147239263803681,0.042042042042042045,0.0,0.9785276073619632,0.05616302186878728,0.06930654192749283,0.0897112678439952,0.020404725916502373,56,0,1914,42
777,condition,federated,3,cnn-ae,N15_M07_F04,258,55,55,1956,hard_val_p95,1.004847764968872,1.0064185857772827,1.006632924079895,1.0074527978897094,0.4978806469604016,0.9706928020575583,0.9759036144578314,0.08282208588957055,0.1526861451460886,0.07272727272727272,0.9171779141104295,0.05818000994530084,0.11712709867437397,0.10758274652067008,-0.009544352153703889,51,4,1794,162
777,condition,federated,3,cnn-ae,N15_M07_F04,258,55,55,1956,fuzzy_warning_as_alarm_hi50,1.004847764968872,1.0064185857772827,1.006632924079895,1.0074527978897094,0.4978806469604016,0.9706928020575583,0.9759036144578314,0.08282208588957055,0.1526861451460886,0.07272727272727272,0.9171779141104295,0.05818000994530084,0.11712709867437397,0.10758274652067008,-0.009544352153703889,51,4,1794,162
777,condition,federated,3,cnn-ae,N15_M07_F04,258,55,55,1956,fuzzy_fault_only_hi75,1.004847764968872,1.0064185857772827,1.006632924079895,1.0074527978897094,0.4978806469604016,0.9706928020575583,0.9545454545454546,0.04294478527607362,0.0821917808219178,0.07272727272727272,0.9570552147239264,0.05818000994530084,0.11712709867437397,0.10758274652067008,-0.009544352153703889,51,4,1872,84
777,condition,federated,3,cnn-ae,N15_M07_F10,256,55,55,1956,hard_val_p95,1.0043978691101074,1.0071523904800415,1.0073453664779664,1.0075195860862731,0.5557120282580406,0.9757434534168551,0.9661016949152542,0.029141104294478526,0.05657568238213399,0.03636363636363636,0.9708588957055214,0.0104425658876181,0.07803291074041174,0.08657045793007555,0.008537547189663805,53,2,1899,57
777,condition,federated,3,cnn-ae,N15_M07_F10,256,55,55,1956,fuzzy_warning_as_alarm_hi50,1.0043978691101074,1.0071523904800415,1.0073453664779664,1.0075195860862731,0.5557120282580406,0.9757434534168551,0.9661016949152542,0.029141104294478526,0.05657568238213399,0.03636363636363636,0.9708588957055214,0.0104425658876181,0.07803291074041174,0.08657045793007555,0.008537547189663805,53,2,1899,57
777,condition,federated,3,cnn-ae,N15_M07_F10,256,55,55,1956,fuzzy_fault_only_hi75,1.0043978691101074,1.0071523904800415,1.0073453664779664,1.0075195860862731,0.5557120282580406,0.9757434534168551,0.9629629629629629,0.026584867075664622,0.051741293532338306,0.03636363636363636,0.9734151329243353,0.0104425658876181,0.07803291074041174,0.08657045793007555,0.008537547189663805,53,2,1904,52
777,condition,federated,4,cnn-ae,N09_M07_F10,256,55,55,1956,hard_val_p95,1.0030311346054077,1.0047369003295898,1.00510995388031,1.0054807710647582,0.5083937534857781,0.9742832371088412,0.9844961240310077,0.06492842535787322,0.12182254196642686,0.03636363636363636,0.9350715746421268,0.05619094977623073,0.10785806185103002,0.12268032982769601,0.014822267976665998,53,2,1829,127
777,condition,federated,4,cnn-ae,N09_M07_F10,256,55,55,1956,fuzzy_warning_as_alarm_hi50,1.0030311346054077,1.0047369003295898,1.00510995388031,1.0054807710647582,0.5083937534857781,0.9742832371088412,0.9844961240310077,0.06492842535787322,0.12182254196642686,0.03636363636363636,0.9350715746421268,0.05619094977623073,0.10785806185103002,0.12268032982769601,0.014822267976665998,53,2,1829,127
777,condition,federated,4,cnn-ae,N09_M07_F10,256,55,55,1956,fuzzy_fault_only_hi75,1.0030311346054077,1.0047369003295898,1.00510995388031,1.0054807710647582,0.5083937534857781,0.9742832371088412,0.9791666666666666,0.04805725971370143,0.09161793372319688,0.03636363636363636,0.9519427402862985,0.05619094977623073,0.10785806185103002,0.12268032982769601,0.014822267976665998,53,2,1862,94
777,condition,federated,4,cnn-ae,N15_M01_F10,258,55,56,1956,hard_val_p95,1.0033807754516602,1.0052732467651366,1.0055296659469604,1.0063218545913697,0.5351802147239264,0.9731930985316865,0.971830985915493,0.0352760736196319,0.06808090774543661,0.03571428571428571,0.9647239263803681,0.02982107355864811,0.06679305591431603,0.07578621079710862,0.008993154882792592,54,2,1887,69
777,condition,federated,4,cnn-ae,N15_M01_F10,258,55,56,1956,fuzzy_warning_as_alarm_hi50,1.0033807754516602,1.0052732467651366,1.0055296659469604,1.0063218545913697,0.5351802147239264,0.9731930985316865,0.971830985915493,0.0352760736196319,0.06808090774543661,0.03571428571428571,0.9647239263803681,0.02982107355864811,0.06679305591431603,0.07578621079710862,0.008993154882792592,54,2,1887,69
777,condition,federated,4,cnn-ae,N15_M01_F10,258,55,56,1956,fuzzy_fault_only_hi75,1.0033807754516602,1.0052732467651366,1.0055296659469604,1.0063218545913697,0.5351802147239264,0.9731930985316865,0.972972972972973,0.018404907975460124,0.03612644254892122,0.017857142857142856,0.9815950920245399,0.02982107355864811,0.06679305591431603,0.07578621079710862,0.008993154882792592,55,1,1920,36
777,condition,federated,4,cnn-ae,N15_M07_F04,258,55,55,1956,hard_val_p95,1.0035302639007568,1.0047539472579956,1.0050080060958861,1.0053294849395753,0.5509248931028072,0.9775691716772448,0.9932432432432432,0.07515337423312883,0.1397338403041825,0.01818181818181818,0.9248466257668712,0.04475385380407757,0.049657927792159315,0.11032736310618428,0.060669435314024966,54,1,1809,147
777,condition,federated,4,cnn-ae,N15_M07_F04,258,55,55,1956,fuzzy_warning_as_alarm_hi50,1.0035302639007568,1.0047539472579956,1.0050080060958861,1.0053294849395753,0.5509248931028072,0.9775691716772448,0.9932432432432432,0.07515337423312883,0.1397338403041825,0.01818181818181818,0.9248466257668712,0.04475385380407757,0.049657927792159315,0.11032736310618428,0.060669435314024966,54,1,1809,147
777,condition,federated,4,cnn-ae,N15_M07_F04,258,55,55,1956,fuzzy_fault_only_hi75,1.0035302639007568,1.0047539472579956,1.0050080060958861,1.0053294849395753,0.5509248931028072,0.9775691716772448,1.0,0.0598159509202454,0.11287988422575977,0.0,0.9401840490797546,0.04475385380407757,0.049657927792159315,0.11032736310618428,0.060669435314024966,55,0,1839,117
777,condition,federated,4,cnn-ae,N15_M07_F10,256,55,55,1956,hard_val_p95,1.0032782554626465,1.0048377752304076,1.0054817080497742,1.0059499430656433,0.5377672429819669,0.9765108044689629,1.0,0.03783231083844581,0.0729064039408867,0.0,0.9621676891615542,0.05271009448035803,0.05756267825718429,0.0883235350208815,0.030760856763697213,55,0,1882,74
777,condition,federated,4,cnn-ae,N15_M07_F10,256,55,55,1956,fuzzy_warning_as_alarm_hi50,1.0032782554626465,1.0048377752304076,1.0054817080497742,1.0059499430656433,0.5377672429819669,0.9765108044689629,1.0,0.03783231083844581,0.0729064039408867,0.0,0.9621676891615542,0.05271009448035803,0.05756267825718429,0.0883235350208815,0.030760856763697213,55,0,1882,74
777,condition,federated,4,cnn-ae,N15_M07_F10,256,55,55,1956,fuzzy_fault_only_hi75,1.0032782554626465,1.0048377752304076,1.0054817080497742,1.0059499430656433,0.5377672429819669,0.9765108044689629,1.0,0.028118609406952964,0.05469915464942814,0.0,0.971881390593047,0.05271009448035803,0.05756267825718429,0.0883235350208815,0.030760856763697213,55,0,1901,55
777,condition,federated,5,cnn-ae,N09_M07_F10,256,55,55,1956,hard_val_p95,1.0029298067092896,1.0045944690704345,1.0054672241210938,1.0063567781448364,0.5197899237776539,0.973331125295315,0.9753086419753086,0.040388548057259714,0.07756504663721159,0.03636363636363636,0.9596114519427403,0.0765788165091994,0.10036306530771205,0.10676145926992879,0.006398393962216739,53,2,1877,79
777,condition,federated,5,cnn-ae,N09_M07_F10,256,55,55,1956,fuzzy_warning_as_alarm_hi50,1.0029298067092896,1.0045944690704345,1.0054672241210938,1.0063567781448364,0.5197899237776539,0.973331125295315,0.9753086419753086,0.040388548057259714,0.07756504663721159,0.03636363636363636,0.9596114519427403,0.0765788165091994,0.10036306530771205,0.10676145926992879,0.006398393962216739,53,2,1877,79
777,condition,federated,5,cnn-ae,N09_M07_F10,256,55,55,1956,fuzzy_fault_only_hi75,1.0029298067092896,1.0045944690704345,1.0054672241210938,1.0063567781448364,0.5197899237776539,0.973331125295315,0.9787234042553191,0.023517382413087935,0.04593110334498253,0.01818181818181818,0.976482617586912,0.0765788165091994,0.10036306530771205,0.10676145926992879,0.006398393962216739,54,1,1910,46
777,condition,federated,5,cnn-ae,N15_M01_F10,258,55,56,1956,hard_val_p95,1.0031766891479492,1.0048639297485351,1.005229938030243,1.0069727873802186,0.5159947414548641,0.9696611576042636,0.9369369369369369,0.053169734151329244,0.10062893081761007,0.125,0.9468302658486708,0.0705765407554672,0.12599634742542795,0.09902759085643005,-0.0269687565689979,49,7,1852,104
777,condition,federated,5,cnn-ae,N15_M01_F10,258,55,56,1956,fuzzy_warning_as_alarm_hi50,1.0031766891479492,1.0048639297485351,1.005229938030243,1.0069727873802186,0.5159947414548641,0.9696611576042636,0.9369369369369369,0.053169734151329244,0.10062893081761007,0.125,0.9468302658486708,0.0705765407554672,0.12599634742542795,0.09902759085643005,-0.0269687565689979,49,7,1852,104
777,condition,federated,5,cnn-ae,N15_M01_F10,258,55,56,1956,fuzzy_fault_only_hi75,1.0031766891479492,1.0048639297485351,1.005229938030243,1.0069727873802186,0.5159947414548641,0.9696611576042636,0.967741935483871,0.015337423312883436,0.03019627579265224,0.017857142857142856,0.9846625766871165,0.0705765407554672,0.12599634742542795,0.09902759085643005,-0.0269687565689979,55,1,1926,30
777,condition,federated,5,cnn-ae,N15_M07_F04,258,55,55,1956,hard_val_p95,1.0032286643981934,1.0045831680297852,1.0047216892242432,1.0051618146896362,0.47719371630414575,0.9711007321690426,0.9742489270386266,0.11605316973415133,0.20740063956144358,0.10909090909090909,0.8839468302658486,0.0556936847339632,0.16426082092334726,0.1540513457222681,-0.010209475201079149,49,6,1729,227
777,condition,federated,5,cnn-ae,N15_M07_F04,258,55,55,1956,fuzzy_warning_as_alarm_hi50,1.0032286643981934,1.0045831680297852,1.0047216892242432,1.0051618146896362,0.47719371630414575,0.9711007321690426,0.9742489270386266,0.11605316973415133,0.20740063956144358,0.10909090909090909,0.8839468302658486,0.0556936847339632,0.16426082092334726,0.1540513457222681,-0.010209475201079149,49,6,1729,227
777,condition,federated,5,cnn-ae,N15_M07_F04,258,55,55,1956,fuzzy_fault_only_hi75,1.0032286643981934,1.0045831680297852,1.0047216892242432,1.0051618146896362,0.47719371630414575,0.9711007321690426,0.96875,0.07924335378323108,0.14650283553875237,0.09090909090909091,0.9207566462167689,0.0556936847339632,0.16426082092334726,0.1540513457222681,-0.010209475201079149,50,5,1801,155
777,condition,federated,5,cnn-ae,N15_M07_F10,256,55,55,1956,hard_val_p95,1.0032521486282349,1.0048863410949707,1.0051101684570312,1.005599229335785,0.5797034764826176,0.9798753720318313,1.0,0.06441717791411043,0.12103746397694524,0.0,0.9355828220858896,0.03878667329686723,0.04500374583001081,0.11327781792347859,0.06827407209346778,55,0,1830,126
777,condition,federated,5,cnn-ae,N15_M07_F10,256,55,55,1956,fuzzy_warning_as_alarm_hi50,1.0032521486282349,1.0048863410949707,1.0051101684570312,1.005599229335785,0.5797034764826176,0.9798753720318313,1.0,0.06441717791411043,0.12103746397694524,0.0,0.9355828220858896,0.03878667329686723,0.04500374583001081,0.11327781792347859,0.06827407209346778,55,0,1830,126
777,condition,federated,5,cnn-ae,N15_M07_F10,256,55,55,1956,fuzzy_fault_only_hi75,1.0032521486282349,1.0048863410949707,1.0051101684570312,1.005599229335785,0.5797034764826176,0.9798753720318313,1.0,0.046012269938650305,0.08797653958944282,0.0,0.9539877300613497,0.03878667329686723,0.04500374583001081,0.11327781792347859,0.06827407209346778,55,0,1866,90
777,condition,federated,6,cnn-ae,N09_M07_F10,256,55,55,1956,hard_val_p95,1.0080337524414062,1.0096979141235352,1.010792064666748,1.0116747665405272,0.4730200780814277,0.9686029604394709,0.9318181818181818,0.020961145194274028,0.041,0.05454545454545454,0.9790388548057259,0.05171556439582297,0.09525909270112906,0.06429462134373755,-0.030964471357391513,52,3,1915,41
777,condition,federated,6,cnn-ae,N09_M07_F10,256,55,55,1956,fuzzy_warning_as_alarm_hi50,1.0080337524414062,1.0096979141235352,1.010792064666748,1.0116747665405272,0.4730200780814277,0.9686029604394709,0.9318181818181818,0.020961145194274028,0.041,0.05454545454545454,0.9790388548057259,0.05171556439582297,0.09525909270112906,0.06429462134373755,-0.030964471357391513,52,3,1915,41
777,condition,federated,6,cnn-ae,N09_M07_F10,256,55,55,1956,fuzzy_fault_only_hi75,1.0080337524414062,1.0096979141235352,1.010792064666748,1.0116747665405272,0.4730200780814277,0.9686029604394709,0.9130434782608695,0.010736196319018405,0.021222839818089943,0.03636363636363636,0.9892638036809815,0.05171556439582297,0.09525909270112906,0.06429462134373755,-0.030964471357391513,53,2,1935,21
777,condition,federated,6,cnn-ae,N15_M01_F10,258,55,56,1956,hard_val_p95,1.007140040397644,1.0100794792175294,1.0105976104736327,1.012014307975769,0.5651384019865616,0.9730041225008469,0.9454545454545454,0.026584867075664622,0.05171556439582297,0.05357142857142857,0.9734151329243353,0.03876739562624255,0.09541796840065224,0.09194016514167042,-0.0034778032589818236,53,3,1904,52
777,condition,federated,6,cnn-ae,N15_M01_F10,258,55,56,1956,fuzzy_warning_as_alarm_hi50,1.007140040397644,1.0100794792175294,1.0105976104736327,1.012014307975769,0.5651384019865616,0.9730041225008469,0.9454545454545454,0.026584867075664622,0.05171556439582297,0.05357142857142857,0.9734151329243353,0.03876739562624255,0.09541796840065224,0.09194016514167042,-0.0034778032589818236,53,3,1904,52
777,condition,federated,6,cnn-ae,N15_M01_F10,258,55,56,1956,fuzzy_fault_only_hi75,1.007140040397644,1.0100794792175294,1.0105976104736327,1.012014307975769,0.5651384019865616,0.9730041225008469,0.8636363636363636,0.009713701431492843,0.019211324570273004,0.05357142857142857,0.9902862985685071,0.03876739562624255,0.09541796840065224,0.09194016514167042,-0.0034778032589818236,53,3,1937,19
777,condition,federated,6,cnn-ae,N15_M07_F04,258,55,55,1956,hard_val_p95,1.0081052780151367,1.0094950437545775,1.0098455548286438,1.0114127945899964,0.4491122885294665,0.9646635926637372,0.9433962264150944,0.07668711656441718,0.14184397163120568,0.16363636363636364,0.9233128834355828,0.08254599701640974,0.1768121287094462,0.09682556112101469,-0.07998656758843152,46,9,1806,150
777,condition,federated,6,cnn-ae,N15_M07_F04,258,55,55,1956,fuzzy_warning_as_alarm_hi50,1.0081052780151367,1.0094950437545775,1.0098455548286438,1.0114127945899964,0.4491122885294665,0.9646635926637372,0.9433962264150944,0.07668711656441718,0.14184397163120568,0.16363636363636364,0.9233128834355828,0.08254599701640974,0.1768121287094462,0.09682556112101469,-0.07998656758843152,46,9,1806,150
777,condition,federated,6,cnn-ae,N15_M07_F04,258,55,55,1956,fuzzy_fault_only_hi75,1.0081052780151367,1.0094950437545775,1.0098455548286438,1.0114127945899964,0.4491122885294665,0.9646635926637372,0.8947368421052632,0.02607361963190184,0.05067064083457526,0.10909090909090909,0.9739263803680982,0.08254599701640974,0.1768121287094462,0.09682556112101469,-0.07998656758843152,49,6,1905,51
777,condition,federated,6,cnn-ae,N15_M07_F10,256,55,55,1956,hard_val_p95,1.006284475326538,1.0097678184509278,1.0107476353645324,1.0127169513702392,0.5768683770217513,0.9786103470605816,1.0,0.022494887525562373,0.044,0.0,0.9775051124744376,0.06414719045251119,0.08622415742878625,0.11398364480230784,0.027759487373521588,55,0,1912,44
777,condition,federated,6,cnn-ae,N15_M07_F10,256,55,55,1956,fuzzy_warning_as_alarm_hi50,1.006284475326538,1.0097678184509278,1.0107476353645324,1.0127169513702392,0.5768683770217513,0.9786103470605816,1.0,0.022494887525562373,0.044,0.0,0.9775051124744376,0.06414719045251119,0.08622415742878625,0.11398364480230784,0.027759487373521588,55,0,1912,44
777,condition,federated,6,cnn-ae,N15_M07_F10,256,55,55,1956,fuzzy_fault_only_hi75,1.006284475326538,1.0097678184509278,1.0107476353645324,1.0127169513702392,0.5768683770217513,0.9786103470605816,1.0,0.004601226993865031,0.00916030534351145,0.0,0.995398773006135,0.06414719045251119,0.08622415742878625,0.11398364480230784,0.027759487373521588,55,0,1947,9
777,condition,federated,7,cnn-ae,N09_M07_F10,256,55,55,1956,hard_val_p95,1.0058619976043701,1.007873773574829,1.008858573436737,1.0105376219749451,0.37719836400817996,0.9651816550823212,0.9230769230769231,0.012269938650306749,0.024217961654894045,0.03636363636363636,0.9877300613496932,0.03928393833913476,0.09057488292799064,0.04475452856230769,-0.04582035436568295,53,2,1932,24
777,condition,federated,7,cnn-ae,N09_M07_F10,256,55,55,1956,fuzzy_warning_as_alarm_hi50,1.0058619976043701,1.007873773574829,1.008858573436737,1.0105376219749451,0.37719836400817996,0.9651816550823212,0.9230769230769231,0.012269938650306749,0.024217961654894045,0.03636363636363636,0.9877300613496932,0.03928393833913476,0.09057488292799064,0.04475452856230769,-0.04582035436568295,53,2,1932,24
777,condition,federated,7,cnn-ae,N09_M07_F10,256,55,55,1956,fuzzy_fault_only_hi75,1.0058619976043701,1.007873773574829,1.008858573436737,1.0105376219749451,0.37719836400817996,0.9651816550823212,1.0,0.00408997955010225,0.008146639511201629,0.0,0.9959100204498977,0.03928393833913476,0.09057488292799064,0.04475452856230769,-0.04582035436568295,55,0,1948,8
777,condition,federated,7,cnn-ae,N15_M01_F10,258,55,56,1956,hard_val_p95,1.005422592163086,1.0079357385635377,1.0081863164901734,1.0097200512886046,0.4757522640958224,0.967603309598059,0.9375,0.03834355828220859,0.07367387033398821,0.08928571428571429,0.9616564417177914,0.042743538767395624,0.10461878929232418,0.06848820435331446,-0.036130584939009724,51,5,1881,75
777,condition,federated,7,cnn-ae,N15_M01_F10,258,55,56,1956,fuzzy_warning_as_alarm_hi50,1.005422592163086,1.0079357385635377,1.0081863164901734,1.0097200512886046,0.4757522640958224,0.967603309598059,0.9375,0.03834355828220859,0.07367387033398821,0.08928571428571429,0.9616564417177914,0.042743538767395624,0.10461878929232418,0.06848820435331446,-0.036130584939009724,51,5,1881,75
777,condition,federated,7,cnn-ae,N15_M01_F10,258,55,56,1956,fuzzy_fault_only_hi75,1.005422592163086,1.0079357385635377,1.0081863164901734,1.0097200512886046,0.4757522640958224,0.967603309598059,0.9545454545454546,0.010736196319018405,0.021233569261880688,0.017857142857142856,0.9892638036809815,0.042743538767395624,0.10461878929232418,0.06848820435331446,-0.036130584939009724,55,1,1935,21
777,condition,federated,7,cnn-ae,N15_M07_F04,258,55,55,1956,hard_val_p95,1.004941463470459,1.0080852031707763,1.0085386872291564,1.0098907518386842,0.4460448038668897,0.9668694241294736,0.9069767441860465,0.019938650306748466,0.03901950975487744,0.07272727272727272,0.9800613496932515,0.03381402287419195,0.11585999509430044,0.0685054261264043,-0.04735456896789614,51,4,1917,39
777,condition,federated,7,cnn-ae,N15_M07_F04,258,55,55,1956,fuzzy_warning_as_alarm_hi50,1.004941463470459,1.0080852031707763,1.0085386872291564,1.0098907518386842,0.4460448038668897,0.9668694241294736,0.9069767441860465,0.019938650306748466,0.03901950975487744,0.07272727272727272,0.9800613496932515,0.03381402287419195,0.11585999509430044,0.0685054261264043,-0.04735456896789614,51,4,1917,39
777,condition,federated,7,cnn-ae,N15_M07_F04,258,55,55,1956,fuzzy_fault_only_hi75,1.004941463470459,1.0080852031707763,1.0085386872291564,1.0098907518386842,0.4460448038668897,0.9668694241294736,0.8947368421052632,0.008691206543967281,0.017215189873417722,0.03636363636363636,0.9913087934560327,0.03381402287419195,0.11585999509430044,0.0685054261264043,-0.04735456896789614,53,2,1939,17
777,condition,federated,7,cnn-ae,N15_M07_F10,256,55,55,1956,hard_val_p95,1.0044093132019043,1.0077084064483643,1.0082279443740845,1.0101750922203063,0.47349414389291694,0.9691552952208214,0.961038961038961,0.03783231083844581,0.07279881947860305,0.05454545454545454,0.9621676891615542,0.062158130283441075,0.10841670361553302,0.0873616833930562,-0.021055020222476822,52,3,1882,74
777,condition,federated,7,cnn-ae,N15_M07_F10,256,55,55,1956,fuzzy_warning_as_alarm_hi50,1.0044093132019043,1.0077084064483643,1.0082279443740845,1.0101750922203063,0.47349414389291694,0.9691552952208214,0.961038961038961,0.03783231083844581,0.07279881947860305,0.05454545454545454,0.9621676891615542,0.062158130283441075,0.10841670361553302,0.0873616833930562,-0.021055020222476822,52,3,1882,74
777,condition,federated,7,cnn-ae,N15_M07_F10,256,55,55,1956,fuzzy_fault_only_hi75,1.0044093132019043,1.0077084064483643,1.0082279443740845,1.0101750922203063,0.47349414389291694,0.9691552952208214,1.0,0.008691206543967281,0.017232640648758235,0.0,0.9913087934560327,0.062158130283441075,0.10841670361553302,0.0873616833930562,-0.021055020222476822,55,0,1939,17
777,condition,federated,8,cnn-ae,N09_M07_F10,256,55,55,1956,hard_val_p95,1.002591609954834,1.003742527961731,1.005006206035614,1.0059317684173583,0.3620143149284254,0.9636721338265307,0.8888888888888888,0.0081799591002045,0.016210739614994935,0.03636363636363636,0.9918200408997955,0.026852312282446545,0.08741840736396943,0.03181053910311009,-0.05560786826085934,53,2,1940,16
777,condition,federated,8,cnn-ae,N09_M07_F10,256,55,55,1956,fuzzy_warning_as_alarm_hi50,1.002591609954834,1.003742527961731,1.005006206035614,1.0059317684173583,0.3620143149284254,0.9636721338265307,0.8888888888888888,0.0081799591002045,0.016210739614994935,0.03636363636363636,0.9918200408997955,0.026852312282446545,0.08741840736396943,0.03181053910311009,-0.05560786826085934,53,2,1940,16
777,condition,federated,8,cnn-ae,N09_M07_F10,256,55,55,1956,fuzzy_fault_only_hi75,1.002591609954834,1.003742527961731,1.005006206035614,1.0059317684173583,0.3620143149284254,0.9636721338265307,0.8571428571428571,0.003067484662576687,0.006113092205807438,0.01818181818181818,0.9969325153374233,0.026852312282446545,0.08741840736396943,0.03181053910311009,-0.05560786826085934,54,1,1950,6
777,condition,federated,8,cnn-ae,N15_M01_F10,258,55,56,1956,hard_val_p95,1.0017226934432983,1.0035629749298096,1.0038445949554444,1.0043907213211059,0.47558793456032716,0.9702291307447527,0.970873786407767,0.05112474437627812,0.09713453132588636,0.05357142857142857,0.9488752556237219,0.044234592445328035,0.09435528600327449,0.08525339996909011,-0.009101886034184381,53,3,1856,100
777,condition,federated,8,cnn-ae,N15_M01_F10,258,55,56,1956,fuzzy_warning_as_alarm_hi50,1.0017226934432983,1.0035629749298096,1.0038445949554444,1.0043907213211059,0.47558793456032716,0.9702291307447527,0.970873786407767,0.05112474437627812,0.09713453132588636,0.05357142857142857,0.9488752556237219,0.044234592445328035,0.09435528600327449,0.08525339996909011,-0.009101886034184381,53,3,1856,100
777,condition,federated,8,cnn-ae,N15_M01_F10,258,55,56,1956,fuzzy_fault_only_hi75,1.0017226934432983,1.0035629749298096,1.0038445949554444,1.0043907213211059,0.47558793456032716,0.9702291307447527,0.9848484848484849,0.033231083844580775,0.06429277942631058,0.017857142857142856,0.9667689161554193,0.044234592445328035,0.09435528600327449,0.08525339996909011,-0.009101886034184381,55,1,1891,65
777,condition,federated,8,cnn-ae,N15_M07_F04,258,55,55,1956,hard_val_p95,1.0014915466308594,1.0033644676208495,1.003862738609314,1.0046151852607728,0.4533509946086633,0.9708412715374062,0.9514563106796117,0.050102249488752554,0.09519184069936863,0.09090909090909091,0.9498977505112475,0.06514172053704624,0.11180442456546155,0.08917914027766295,-0.0226252842877986,50,5,1858,98
777,condition,federated,8,cnn-ae,N15_M07_F04,258,55,55,1956,fuzzy_warning_as_alarm_hi50,1.0014915466308594,1.0033644676208495,1.003862738609314,1.0046151852607728,0.4533509946086633,0.9708412715374062,0.9514563106796117,0.050102249488752554,0.09519184069936863,0.09090909090909091,0.9498977505112475,0.06514172053704624,0.11180442456546155,0.08917914027766295,-0.0226252842877986,50,5,1858,98
777,condition,federated,8,cnn-ae,N15_M07_F04,258,55,55,1956,fuzzy_fault_only_hi75,1.0014915466308594,1.0033644676208495,1.003862738609314,1.0046151852607728,0.4533509946086633,0.9708412715374062,0.9622641509433962,0.02607361963190184,0.0507715281234445,0.03636363636363636,0.9739263803680982,0.06514172053704624,0.11180442456546155,0.08917914027766295,-0.0226252842877986,53,2,1905,51
777,condition,federated,8,cnn-ae,N15_M07_F10,256,55,55,1956,hard_val_p95,0.999207615852356,1.003387212753296,1.0037144780158997,1.0045934557914733,0.49059304703476486,0.9725436699152818,0.967479674796748,0.06083844580777096,0.11447811447811448,0.07272727272727272,0.939161554192229,0.06414719045251119,0.13824876803995073,0.13468966067481877,-0.0035591073651319582,51,4,1837,119
777,condition,federated,8,cnn-ae,N15_M07_F10,256,55,55,1956,fuzzy_warning_as_alarm_hi50,0.999207615852356,1.003387212753296,1.0037144780158997,1.0045934557914733,0.49059304703476486,0.9725436699152818,0.967479674796748,0.06083844580777096,0.11447811447811448,0.07272727272727272,0.939161554192229,0.06414719045251119,0.13824876803995073,0.13468966067481877,-0.0035591073651319582,51,4,1837,119
777,condition,federated,8,cnn-ae,N15_M07_F10,256,55,55,1956,fuzzy_fault_only_hi75,0.999207615852356,1.003387212753296,1.0037144780158997,1.0045934557914733,0.49059304703476486,0.9725436699152818,0.967741935483871,0.03067484662576687,0.05946481665014866,0.03636363636363636,0.9693251533742331,0.06414719045251119,0.13824876803995073,0.13468966067481877,-0.0035591073651319582,53,2,1896,60
777,condition,federated,9,cnn-ae,N09_M07_F10,256,55,55,1956,hard_val_p95,1.0018951892852783,1.0032052040100097,1.0035018801689148,1.0047626090049744,0.3834727644543595,0.9692803951547295,0.9508196721311475,0.02965235173824131,0.05751115518096182,0.05454545454545454,0.9703476482617587,0.03580308304326206,0.08220996652816699,0.04610952773436405,-0.03610043879380294,52,3,1898,58
777,condition,federated,9,cnn-ae,N09_M07_F10,256,55,55,1956,fuzzy_warning_as_alarm_hi50,1.0018951892852783,1.0032052040100097,1.0035018801689148,1.0047626090049744,0.3834727644543595,0.9692803951547295,0.9508196721311475,0.02965235173824131,0.05751115518096182,0.05454545454545454,0.9703476482617587,0.03580308304326206,0.08220996652816699,0.04610952773436405,-0.03610043879380294,52,3,1898,58
777,condition,federated,9,cnn-ae,N09_M07_F10,256,55,55,1956,fuzzy_fault_only_hi75,1.0018951892852783,1.0032052040100097,1.0035018801689148,1.0047626090049744,0.3834727644543595,0.9692803951547295,0.96,0.012269938650306749,0.024230186774356385,0.01818181818181818,0.9877300613496932,0.03580308304326206,0.08220996652816699,0.04610952773436405,-0.03610043879380294,54,1,1932,24
777,condition,federated,9,cnn-ae,N15_M01_F10,258,55,56,1956,hard_val_p95,1.0006263256072998,1.0025196075439453,1.0030815720558166,1.0039421677589417,0.45515629564709326,0.9653064705090868,0.9457364341085271,0.06237218813905931,0.1170263788968825,0.125,0.9376278118609407,0.073558648111332,0.1648793578572836,0.10108362688672114,-0.06379573097056247,49,7,1834,122
777,condition,federated,9,cnn-ae,N15_M01_F10,258,55,56,1956,fuzzy_warning_as_alarm_hi50,1.0006263256072998,1.0025196075439453,1.0030815720558166,1.0039421677589417,0.45515629564709326,0.9653064705090868,0.9457364341085271,0.06237218813905931,0.1170263788968825,0.125,0.9376278118609407,0.073558648111332,0.1648793578572836,0.10108362688672114,-0.06379573097056247,49,7,1834,122
777,condition,federated,9,cnn-ae,N15_M01_F10,258,55,56,1956,fuzzy_fault_only_hi75,1.0006263256072998,1.0025196075439453,1.0030815720558166,1.0039421677589417,0.45515629564709326,0.9653064705090868,0.90625,0.02965235173824131,0.05742574257425743,0.10714285714285714,0.9703476482617587,0.073558648111332,0.1648793578572836,0.10108362688672114,-0.06379573097056247,50,6,1898,58
777,condition,federated,9,cnn-ae,N15_M07_F04,258,55,55,1956,hard_val_p95,1.0009453296661377,1.0024524450302124,1.002793836593628,1.0036461067199707,0.42247164900539136,0.9686205293402652,0.9664804469273743,0.08844580777096114,0.16206088992974238,0.10909090909090909,0.9115541922290389,0.06713078070611636,0.158355265848226,0.1116792270635754,-0.04667603878465061,49,6,1783,173
777,condition,federated,9,cnn-ae,N15_M07_F04,258,55,55,1956,fuzzy_warning_as_alarm_hi50,1.0009453296661377,1.0024524450302124,1.002793836593628,1.0036461067199707,0.42247164900539136,0.9686205293402652,0.9664804469273743,0.08844580777096114,0.16206088992974238,0.10909090909090909,0.9115541922290389,0.06713078070611636,0.158355265848226,0.1116792270635754,-0.04667603878465061,49,6,1783,173
777,condition,federated,9,cnn-ae,N15_M07_F04,258,55,55,1956,fuzzy_fault_only_hi75,1.0009453296661377,1.0024524450302124,1.002793836593628,1.0036461067199707,0.42247164900539136,0.9686205293402652,0.970873786407767,0.05112474437627812,0.09713453132588636,0.05454545454545454,0.9488752556237219,0.06713078070611636,0.158355265848226,0.1116792270635754,-0.04667603878465061,52,3,1856,100
777,condition,federated,9,cnn-ae,N15_M07_F10,256,55,55,1956,hard_val_p95,0.99817955493927,1.0028406620025634,1.003616201877594,1.004614839553833,0.4623071202825804,0.9689296611793035,0.9795918367346939,0.024539877300613498,0.047880299251870324,0.01818181818181818,0.9754601226993865,0.06464445549477872,0.12518462672044361,0.11521633929398202,-0.009968287426461594,54,1,1908,48
777,condition,federated,9,cnn-ae,N15_M07_F10,256,55,55,1956,fuzzy_warning_as_alarm_hi50,0.99817955493927,1.0028406620025634,1.003616201877594,1.004614839553833,0.4623071202825804,0.9689296611793035,0.9795918367346939,0.024539877300613498,0.047880299251870324,0.01818181818181818,0.9754601226993865,0.06464445549477872,0.12518462672044361,0.11521633929398202,-0.009968287426461594,54,1,1908,48
777,condition,federated,9,cnn-ae,N15_M07_F10,256,55,55,1956,fuzzy_fault_only_hi75,0.99817955493927,1.0028406620025634,1.003616201877594,1.004614839553833,0.4623071202825804,0.9689296611793035,1.0,0.01278118609406953,0.02523977788995457,0.0,0.9872188139059305,0.06464445549477872,0.12518462672044361,0.11521633929398202,-0.009968287426461594,55,0,1931,25
777,condition,federated,10,cnn-ae,N09_M07_F10,256,55,55,1956,hard_val_p95,1.0019406080245972,1.0036442279815674,1.004575777053833,1.0056737232208253,0.37031976203755346,0.9641852180622095,0.8823529411764706,0.007668711656441718,0.015205271160669031,0.03636363636363636,0.9923312883435583,0.015912481352560914,0.07232233841480931,0.019708402964654342,-0.05261393545015497,53,2,1941,15
777,condition,federated,10,cnn-ae,N09_M07_F10,256,55,55,1956,fuzzy_warning_as_alarm_hi50,1.0019406080245972,1.0036442279815674,1.004575777053833,1.0056737232208253,0.37031976203755346,0.9641852180622095,0.8823529411764706,0.007668711656441718,0.015205271160669031,0.03636363636363636,0.9923312883435583,0.015912481352560914,0.07232233841480931,0.019708402964654342,-0.05261393545015497,53,2,1941,15
777,condition,federated,10,cnn-ae,N09_M07_F10,256,55,55,1956,fuzzy_fault_only_hi75,1.0019406080245972,1.0036442279815674,1.004575777053833,1.0056737232208253,0.37031976203755346,0.9641852180622095,0.8333333333333334,0.002556237218813906,0.0050968399592252805,0.01818181818181818,0.9974437627811861,0.015912481352560914,0.07232233841480931,0.019708402964654342,-0.05261393545015497,54,1,1951,5
777,condition,federated,10,cnn-ae,N15_M01_F10,258,55,56,1956,hard_val_p95,1.0005645751953125,1.0022955417633057,1.0028953552246094,1.0033785581588746,0.49186568799298863,0.9700528304286731,0.9591836734693877,0.04805725971370143,0.09152872444011685,0.07142857142857142,0.9519427402862985,0.04572564612326044,0.11113545981366417,0.0829727395652964,-0.028162720248367773,52,4,1862,94
777,condition,federated,10,cnn-ae,N15_M01_F10,258,55,56,1956,fuzzy_warning_as_alarm_hi50,1.0005645751953125,1.0022955417633057,1.0028953552246094,1.0033785581588746,0.49186568799298863,0.9700528304286731,0.9591836734693877,0.04805725971370143,0.09152872444011685,0.07142857142857142,0.9519427402862985,0.04572564612326044,0.11113545981366417,0.0829727395652964,-0.028162720248367773,52,4,1862,94
777,condition,federated,10,cnn-ae,N15_M01_F10,258,55,56,1956,fuzzy_fault_only_hi75,1.0005645751953125,1.0022955417633057,1.0028953552246094,1.0033785581588746,0.49186568799298863,0.9700528304286731,0.9552238805970149,0.032719836400818,0.06327236777063766,0.05357142857142857,0.967280163599182,0.04572564612326044,0.11113545981366417,0.0829727395652964,-0.028162720248367773,53,3,1892,64
777,condition,federated,10,cnn-ae,N15_M07_F04,258,55,55,1956,hard_val_p95,1.0000123977661133,1.0024556159973144,1.0027119994163514,1.003384928703308,0.40958356571853505,0.9693601769430374,0.943089430894309,0.05930470347648262,0.11159211159211159,0.12727272727272726,0.9406952965235174,0.037294878170064646,0.15060060085204288,0.09932077025237514,-0.051279830599667744,48,7,1840,116
777,condition,federated,10,cnn-ae,N15_M07_F04,258,55,55,1956,fuzzy_warning_as_alarm_hi50,1.0000123977661133,1.0024556159973144,1.0027119994163514,1.003384928703308,0.40958356571853505,0.9693601769430374,0.943089430894309,0.05930470347648262,0.11159211159211159,0.12727272727272726,0.9406952965235174,0.037294878170064646,0.15060060085204288,0.09932077025237514,-0.051279830599667744,48,7,1840,116
777,condition,federated,10,cnn-ae,N15_M07_F04,258,55,55,1956,fuzzy_fault_only_hi75,1.0000123977661133,1.0024556159973144,1.0027119994163514,1.003384928703308,0.40958356571853505,0.9693601769430374,0.96,0.03680981595092025,0.07090103397341212,0.05454545454545454,0.9631901840490797,0.037294878170064646,0.15060060085204288,0.09932077025237514,-0.051279830599667744,52,3,1884,72
777,condition,federated,10,cnn-ae,N15_M07_F10,256,55,55,1956,hard_val_p95,0.9989047050476074,1.0024356365203857,1.0033584237098694,1.0039634943008422,0.4712446551403607,0.9697128369471171,0.9491525423728814,0.028629856850715747,0.055583126550868486,0.05454545454545454,0.9713701431492843,0.051218299353555444,0.11686514296346924,0.09680317481361882,-0.020061968149850423,52,3,1900,56
777,condition,federated,10,cnn-ae,N15_M07_F10,256,55,55,1956,fuzzy_warning_as_alarm_hi50,0.9989047050476074,1.0024356365203857,1.0033584237098694,1.0039634943008422,0.4712446551403607,0.9697128369471171,0.9491525423728814,0.028629856850715747,0.055583126550868486,0.05454545454545454,0.9713701431492843,0.051218299353555444,0.11686514296346924,0.09680317481361882,-0.020061968149850423,52,3,1900,56
777,condition,federated,10,cnn-ae,N15_M07_F10,256,55,55,1956,fuzzy_fault_only_hi75,0.9989047050476074,1.0024356365203857,1.0033584237098694,1.0039634943008422,0.4712446551403607,0.9697128369471171,0.9743589743589743,0.019427402862985686,0.0380952380952381,0.01818181818181818,0.9805725971370143,0.051218299353555444,0.11686514296346924,0.09680317481361882,-0.020061968149850423,54,1,1918,38
777,condition,local-only,10,vae,N09_M07_F10,256,55,55,1956,hard_val_p95,1.002876877784729,1.0036891937255858,1.003913450241089,1.004379096031189,0.3936279977691021,0.9610910466928165,0.8260869565217391,0.009713701431492843,0.019201616978271854,0.07272727272727272,0.9902862985685071,0.01790154152163103,0.110359464897228,0.03978261549376584,-0.07057684940346216,51,4,1937,19
777,condition,local-only,10,vae,N09_M07_F10,256,55,55,1956,fuzzy_warning_as_alarm_hi50,1.002876877784729,1.0036891937255858,1.003913450241089,1.004379096031189,0.3936279977691021,0.9610910466928165,0.8260869565217391,0.009713701431492843,0.019201616978271854,0.07272727272727272,0.9902862985685071,0.01790154152163103,0.110359464897228,0.03978261549376584,-0.07057684940346216,51,4,1937,19
777,condition,local-only,10,vae,N09_M07_F10,256,55,55,1956,fuzzy_fault_only_hi75,1.002876877784729,1.0036891937255858,1.003913450241089,1.004379096031189,0.3936279977691021,0.9610910466928165,0.8888888888888888,0.00408997955010225,0.008142493638676845,0.01818181818181818,0.9959100204498977,0.01790154152163103,0.110359464897228,0.03978261549376584,-0.07057684940346216,54,1,1948,8
777,condition,local-only,10,vae,N15_M01_F10,258,55,56,1956,hard_val_p95,0.0,0.0,0.0,0.0,0.5,0.9721669980119284,0.0,0.0,0.0,0.0,1.0,0.0,0.0,0.0,0.0,56,0,1956,0
777,condition,local-only,10,vae,N15_M01_F10,258,55,56,1956,fuzzy_warning_as_alarm_hi50,0.0,0.0,0.0,0.0,0.5,0.9721669980119284,0.0,0.0,0.0,0.0,1.0,0.0,0.0,0.0,0.0,56,0,1956,0
777,condition,local-only,10,vae,N15_M01_F10,258,55,56,1956,fuzzy_fault_only_hi75,0.0,0.0,0.0,0.0,0.5,0.9721669980119284,0.0,0.0,0.0,0.0,1.0,0.0,0.0,0.0,0.0,56,0,1956,0
777,condition,local-only,10,vae,N15_M07_F04,258,55,55,1956,hard_val_p95,1.0007638931274414,1.0011244535446167,1.0012426018714904,1.0014648580551146,0.4757901096858152,0.9708253366097099,0.9787234042553191,0.023517382413087935,0.04593110334498253,0.01818181818181818,0.976482617586912,0.036300348085529587,0.07188380164021621,0.05726189599375932,-0.014621905646456893,54,1,1910,46
777,condition,local-only,10,vae,N15_M07_F04,258,55,55,1956,fuzzy_warning_as_alarm_hi50,1.0007638931274414,1.0011244535446167,1.0012426018714904,1.0014648580551146,0.4757901096858152,0.9708253366097099,0.9787234042553191,0.023517382413087935,0.04593110334498253,0.01818181818181818,0.976482617586912,0.036300348085529587,0.07188380164021621,0.05726189599375932,-0.014621905646456893,54,1,1910,46
777,condition,local-only,10,vae,N15_M07_F04,258,55,55,1956,fuzzy_fault_only_hi75,1.0007638931274414,1.0011244535446167,1.0012426018714904,1.0014648580551146,0.4757901096858152,0.9708253366097099,0.9473684210526315,0.009202453987730062,0.018227848101265823,0.01818181818181818,0.99079754601227,0.036300348085529587,0.07188380164021621,0.05726189599375932,-0.014621905646456893,54,1,1938,18
777,condition,local-only,10,vae,N15_M07_F10,256,55,55,1956,hard_val_p95,1.0048177242279053,1.0055516481399536,1.0057241320610046,1.0058724451065064,0.41938092582264364,0.9623828407680013,0.8979591836734694,0.022494887525562373,0.04389027431421447,0.09090909090909091,0.9775051124744376,0.022874191944306316,0.14081895226149418,0.06828649965999205,-0.07253245260150214,50,5,1912,44
777,condition,local-only,10,vae,N15_M07_F10,256,55,55,1956,fuzzy_warning_as_alarm_hi50,1.0048177242279053,1.0055516481399536,1.0057241320610046,1.0058724451065064,0.41938092582264364,0.9623828407680013,0.8979591836734694,0.022494887525562373,0.04389027431421447,0.09090909090909091,0.9775051124744376,0.022874191944306316,0.14081895226149418,0.06828649965999205,-0.07253245260150214,50,5,1912,44
777,condition,local-only,10,vae,N15_M07_F10,256,55,55,1956,fuzzy_fault_only_hi75,1.0048177242279053,1.0055516481399536,1.0057241320610046,1.0058724451065064,0.41938092582264364,0.9623828407680013,0.9230769230769231,0.018404907975460124,0.03609022556390978,0.05454545454545454,0.9815950920245399,0.022874191944306316,0.14081895226149418,0.06828649965999205,-0.07253245260150214,52,3,1920,36
777,condition,centralized,20,vae,N09_M07_F10,256,55,55,1956,hard_val_p95,1.0270042419433594,1.0468915939331054,1.0550439834594727,1.0622897577285766,0.41555121769845704,0.9652917674446835,0.9431818181818182,0.04243353783231084,0.0812133072407045,0.09090909090909091,0.9575664621676891,0.04127299850820487,0.1416984964031902,0.07559062910957566,-0.06610786729361455,50,5,1873,83
777,condition,centralized,20,vae,N09_M07_F10,256,55,55,1956,fuzzy_warning_as_alarm_hi50,1.0270042419433594,1.0468915939331054,1.0550439834594727,1.0622897577285766,0.41555121769845704,0.9652917674446835,0.9431818181818182,0.04243353783231084,0.0812133072407045,0.09090909090909091,0.9575664621676891,0.04127299850820487,0.1416984964031902,0.07559062910957566,-0.06610786729361455,50,5,1873,83
777,condition,centralized,20,vae,N09_M07_F10,256,55,55,1956,fuzzy_fault_only_hi75,1.0270042419433594,1.0468915939331054,1.0550439834594727,1.0622897577285766,0.41555121769845704,0.9652917674446835,0.9375,0.03067484662576687,0.0594059405940594,0.07272727272727272,0.9693251533742331,0.04127299850820487,0.1416984964031902,0.07559062910957566,-0.06610786729361455,51,4,1896,60
777,condition,centralized,20,vae,N15_M01_F10,258,55,56,1956,hard_val_p95,1.021944522857666,1.0563458442687987,1.064129686355591,1.0762621426582337,0.44504546450482035,0.9695255194726118,0.975,0.019938650306748466,0.03907815631262525,0.017857142857142856,0.9800613496932515,0.022365805168986085,0.0787485750152993,0.06290012772514689,-0.015848447290152418,55,1,1917,39
777,condition,centralized,20,vae,N15_M01_F10,258,55,56,1956,fuzzy_warning_as_alarm_hi50,1.021944522857666,1.0563458442687987,1.064129686355591,1.0762621426582337,0.44504546450482035,0.9695255194726118,0.975,0.019938650306748466,0.03907815631262525,0.017857142857142856,0.9800613496932515,0.022365805168986085,0.0787485750152993,0.06290012772514689,-0.015848447290152418,55,1,1917,39
777,condition,centralized,20,vae,N15_M01_F10,258,55,56,1956,fuzzy_fault_only_hi75,1.021944522857666,1.0563458442687987,1.064129686355591,1.0762621426582337,0.44504546450482035,0.9695255194726118,0.9583333333333334,0.011758691206543968,0.023232323232323233,0.017857142857142856,0.9882413087934561,0.022365805168986085,0.0787485750152993,0.06290012772514689,-0.015848447290152418,55,1,1933,23
777,condition,centralized,20,vae,N15_M07_F04,258,55,55,1956,hard_val_p95,1.0210280418395996,1.047560167312622,1.049048125743866,1.0629308605194092,0.39993028443948686,0.9668817163590868,0.9716312056737588,0.07004089979550102,0.1306628516928946,0.07272727272727272,0.929959100204499,0.04027846842366982,0.1475319414672799,0.10628862981345294,-0.04124331165382697,51,4,1819,137
777,condition,centralized,20,vae,N15_M07_F04,258,55,55,1956,fuzzy_warning_as_alarm_hi50,1.0210280418395996,1.047560167312622,1.049048125743866,1.0629308605194092,0.39993028443948686,0.9668817163590868,0.9716312056737588,0.07004089979550102,0.1306628516928946,0.07272727272727272,0.929959100204499,0.04027846842366982,0.1475319414672799,0.10628862981345294,-0.04124331165382697,51,4,1819,137
777,condition,centralized,20,vae,N15_M07_F04,258,55,55,1956,fuzzy_fault_only_hi75,1.0210280418395996,1.047560167312622,1.049048125743866,1.0629308605194092,0.39993028443948686,0.9668817163590868,0.9605263157894737,0.037321063394683024,0.0718503937007874,0.05454545454545454,0.962678936605317,0.04027846842366982,0.1475319414672799,0.10628862981345294,-0.04124331165382697,52,3,1883,73
777,condition,centralized,20,vae,N15_M07_F10,256,55,55,1956,hard_val_p95,1.0228275060653687,1.0450551986694336,1.0530266165733337,1.067920479774475,0.4371490983454174,0.9688306490039361,0.9591836734693877,0.04805725971370143,0.09152872444011685,0.07272727272727272,0.9519427402862985,0.05469915464942814,0.11811436438342672,0.08853588078052733,-0.029578483602899386,51,4,1862,94
777,condition,centralized,20,vae,N15_M07_F10,256,55,55,1956,fuzzy_warning_as_alarm_hi50,1.0228275060653687,1.0450551986694336,1.0530266165733337,1.067920479774475,0.4371490983454174,0.9688306490039361,0.9591836734693877,0.04805725971370143,0.09152872444011685,0.07272727272727272,0.9519427402862985,0.05469915464942814,0.11811436438342672,0.08853588078052733,-0.029578483602899386,51,4,1862,94
777,condition,centralized,20,vae,N15_M07_F10,256,55,55,1956,fuzzy_fault_only_hi75,1.0228275060653687,1.0450551986694336,1.0530266165733337,1.067920479774475,0.4371490983454174,0.9688306490039361,0.9636363636363636,0.0270961145194274,0.05271009448035803,0.03636363636363636,0.9729038854805726,0.05469915464942814,0.11811436438342672,0.08853588078052733,-0.029578483602899386,53,2,1903,53
777,condition,federated,1,vae,N09_M07_F10,256,55,55,1956,hard_val_p95,1.0576555728912354,1.058448576927185,1.058591628074646,1.0588714265823365,0.4135805911879531,0.9556077684035458,0.8333333333333334,0.010224948875255624,0.020202020202020204,0.07272727272727272,0.9897750511247444,0.0174042764793635,0.1472285496192246,0.06110886549628827,-0.08611968412293633,51,4,1936,20
777,condition,federated,1,vae,N09_M07_F10,256,55,55,1956,fuzzy_warning_as_alarm_hi50,1.0576555728912354,1.058448576927185,1.058591628074646,1.0588714265823365,0.4135805911879531,0.9556077684035458,0.8333333333333334,0.010224948875255624,0.020202020202020204,0.07272727272727272,0.9897750511247444,0.0174042764793635,0.1472285496192246,0.06110886549628827,-0.08611968412293633,51,4,1936,20
777,condition,federated,1,vae,N09_M07_F10,256,55,55,1956,fuzzy_fault_only_hi75,1.0576555728912354,1.058448576927185,1.058591628074646,1.0588714265823365,0.4135805911879531,0.9556077684035458,0.75,0.004601226993865031,0.009146341463414634,0.05454545454545454,0.995398773006135,0.0174042764793635,0.1472285496192246,0.06110886549628827,-0.08611968412293633,52,3,1947,9
777,condition,federated,1,vae,N15_M01_F10,258,55,56,1956,hard_val_p95,1.0578001737594604,1.0582748889923095,1.0584145784378052,1.0588486695289612,0.43182150160677757,0.9659904559946603,0.9272727272727272,0.02607361963190184,0.05072103431128792,0.07142857142857142,0.9739263803680982,0.04025844930417495,0.10300252887688713,0.05677846239279884,-0.04622406648408829,52,4,1905,51
777,condition,federated,1,vae,N15_M01_F10,258,55,56,1956,fuzzy_warning_as_alarm_hi50,1.0578001737594604,1.0582748889923095,1.0584145784378052,1.0588486695289612,0.43182150160677757,0.9659904559946603,0.9272727272727272,0.02607361963190184,0.05072103431128792,0.07142857142857142,0.9739263803680982,0.04025844930417495,0.10300252887688713,0.05677846239279884,-0.04622406648408829,52,4,1905,51
777,condition,federated,1,vae,N15_M01_F10,258,55,56,1956,fuzzy_fault_only_hi75,1.0578001737594604,1.0582748889923095,1.0584145784378052,1.0588486695289612,0.43182150160677757,0.9659904559946603,0.8947368421052632,0.008691206543967281,0.017215189873417722,0.03571428571428571,0.9913087934560327,0.04025844930417495,0.10300252887688713,0.05677846239279884,-0.04622406648408829,54,2,1939,17
777,condition,federated,1,vae,N15_M07_F04,258,55,55,1956,hard_val_p95,1.0577402114868164,1.0584272146224976,1.0586621284484863,1.058958022594452,0.4401747536716862,0.968523152571468,1.0,0.0066462167689161555,0.013204672422549517,0.0,0.9933537832310838,0.01790154152163103,0.0595248884179024,0.045470889293268264,-0.014053999124634134,55,0,1943,13
777,condition,federated,1,vae,N15_M07_F04,258,55,55,1956,fuzzy_warning_as_alarm_hi50,1.0577402114868164,1.0584272146224976,1.0586621284484863,1.058958022594452,0.4401747536716862,0.968523152571468,1.0,0.0066462167689161555,0.013204672422549517,0.0,0.9933537832310838,0.01790154152163103,0.0595248884179024,0.045470889293268264,-0.014053999124634134,55,0,1943,13
777,condition,federated,1,vae,N15_M07_F04,258,55,55,1956,fuzzy_fault_only_hi75,1.0577402114868164,1.0584272146224976,1.0586621284484863,1.058958022594452,0.4401747536716862,0.968523152571468,1.0,0.002044989775051125,0.004081632653061225,0.0,0.9979550102249489,0.01790154152163103,0.0595248884179024,0.045470889293268264,-0.014053999124634134,55,0,1952,4
777,condition,federated,1,vae,N15_M07_F10,256,55,55,1956,hard_val_p95,1.0577796697616577,1.0581762313842773,1.0582318544387816,1.058421359062195,0.45253764640267713,0.9703201723783216,0.9692307692307692,0.06441717791411043,0.12080536912751678,0.07272727272727272,0.9355828220858896,0.03580308304326206,0.11400585958265196,0.09348472969238389,-0.020521129890268067,51,4,1830,126
777,condition,federated,1,vae,N15_M07_F10,256,55,55,1956,fuzzy_warning_as_alarm_hi50,1.0577796697616577,1.0581762313842773,1.0582318544387816,1.058421359062195,0.45253764640267713,0.9703201723783216,0.9692307692307692,0.06441717791411043,0.12080536912751678,0.07272727272727272,0.9355828220858896,0.03580308304326206,0.11400585958265196,0.09348472969238389,-0.020521129890268067,51,4,1830,126
777,condition,federated,1,vae,N15_M07_F10,256,55,55,1956,fuzzy_fault_only_hi75,1.0577796697616577,1.0581762313842773,1.0582318544387816,1.058421359062195,0.45253764640267713,0.9703201723783216,0.9555555555555556,0.04396728016359918,0.08406647116324535,0.07272727272727272,0.9560327198364008,0.03580308304326206,0.11400585958265196,0.09348472969238389,-0.020521129890268067,51,4,1870,86
777,condition,federated,2,vae,N09_M07_F10,256,55,55,1956,hard_val_p95,1.0403363704681396,1.0407325744628906,1.0409032344818114,1.0412333488464356,0.4104712771890686,0.9602659694302212,0.8636363636363636,0.019427402862985686,0.038,0.10909090909090909,0.9805725971370143,0.047737444057682744,0.14243975225720015,0.0658510465366486,-0.07658870572055156,49,6,1918,38
777,condition,federated,2,vae,N09_M07_F10,256,55,55,1956,fuzzy_warning_as_alarm_hi50,1.0403363704681396,1.0407325744628906,1.0409032344818114,1.0412333488464356,0.4104712771890686,0.9602659694302212,0.8636363636363636,0.019427402862985686,0.038,0.10909090909090909,0.9805725971370143,0.047737444057682744,0.14243975225720015,0.0658510465366486,-0.07658870572055156,49,6,1918,38
777,condition,federated,2,vae,N09_M07_F10,256,55,55,1956,fuzzy_fault_only_hi75,1.0403363704681396,1.0407325744628906,1.0409032344818114,1.0412333488464356,0.4104712771890686,0.9602659694302212,0.8333333333333334,0.005112474437627812,0.01016260162601626,0.03636363636363636,0.9948875255623721,0.047737444057682744,0.14243975225720015,0.0658510465366486,-0.07658870572055156,53,2,1946,10
777,condition,federated,2,vae,N15_M01_F10,258,55,56,1956,hard_val_p95,1.0403645038604736,1.0407427072525024,1.0408571243286133,1.041117181777954,0.46717973999415713,0.9638068646945935,0.9354838709677419,0.02965235173824131,0.057482656095143705,0.07142857142857142,0.9703476482617587,0.040755467196819085,0.12062637559165383,0.06722606411744339,-0.05340031147421044,52,4,1898,58
777,condition,federated,2,vae,N15_M01_F10,258,55,56,1956,fuzzy_warning_as_alarm_hi50,1.0403645038604736,1.0407427072525024,1.0408571243286133,1.041117181777954,0.46717973999415713,0.9638068646945935,0.9354838709677419,0.02965235173824131,0.057482656095143705,0.07142857142857142,0.9703476482617587,0.040755467196819085,0.12062637559165383,0.06722606411744339,-0.05340031147421044,52,4,1898,58
777,condition,federated,2,vae,N15_M01_F10,258,55,56,1956,fuzzy_fault_only_hi75,1.0403645038604736,1.0407427072525024,1.0408571243286133,1.041117181777954,0.46717973999415713,0.9638068646945935,0.8888888888888888,0.012269938650306749,0.024205748865355523,0.05357142857142857,0.9877300613496932,0.040755467196819085,0.12062637559165383,0.06722606411744339,-0.05340031147421044,53,3,1932,24
777,condition,federated,2,vae,N15_M07_F04,258,55,55,1956,hard_val_p95,1.040306806564331,1.0407930612564087,1.0408848643302917,1.0411610174179078,0.46250232385201706,0.9663498845208366,0.9375,0.023006134969325152,0.04491017964071856,0.05454545454545454,0.9769938650306749,0.03381402287419195,0.1087971964608123,0.07306658628589639,-0.03573061017491591,52,3,1911,45
777,condition,federated,2,vae,N15_M07_F04,258,55,55,1956,fuzzy_warning_as_alarm_hi50,1.040306806564331,1.0407930612564087,1.0408848643302917,1.0411610174179078,0.46250232385201706,0.9663498845208366,0.9375,0.023006134969325152,0.04491017964071856,0.05454545454545454,0.9769938650306749,0.03381402287419195,0.1087971964608123,0.07306658628589639,-0.03573061017491591,52,3,1911,45
777,condition,federated,2,vae,N15_M07_F04,258,55,55,1956,fuzzy_fault_only_hi75,1.040306806564331,1.0407930612564087,1.0408848643302917,1.0411610174179078,0.46250232385201706,0.9663498845208366,0.9375,0.007668711656441718,0.015212981744421906,0.01818181818181818,0.9923312883435583,0.03381402287419195,0.1087971964608123,0.07306658628589639,-0.03573061017491591,54,1,1941,15
777,condition,federated,2,vae,N15_M07_F10,256,55,55,1956,hard_val_p95,1.0403199195861816,1.0406881332397462,1.0407556295394897,1.0408289194107057,0.47710540992749584,0.9703697757224021,0.9557522123893806,0.05521472392638037,0.10439826002899952,0.09090909090909091,0.9447852760736196,0.035305818000994534,0.138127546375306,0.10573602306479168,-0.032391523310514314,50,5,1848,108
777,condition,federated,2,vae,N15_M07_F10,256,55,55,1956,fuzzy_warning_as_alarm_hi50,1.0403199195861816,1.0406881332397462,1.0407556295394897,1.0408289194107057,0.47710540992749584,0.9703697757224021,0.9557522123893806,0.05521472392638037,0.10439826002899952,0.09090909090909091,0.9447852760736196,0.035305818000994534,0.138127546375306,0.10573602306479168,-0.032391523310514314,50,5,1848,108
777,condition,federated,2,vae,N15_M07_F10,256,55,55,1956,fuzzy_fault_only_hi75,1.0403199195861816,1.0406881332397462,1.0407556295394897,1.0408289194107057,0.47710540992749584,0.9703697757224021,0.9550561797752809,0.0434560327198364,0.08312958435207823,0.07272727272727272,0.9565439672801636,0.035305818000994534,0.138127546375306,0.10573602306479168,-0.032391523310514314,51,4,1871,85
777,condition,federated,3,vae,N09_M07_F10,256,55,55,1956,hard_val_p95,1.018741250038147,1.020095443725586,1.0202156066894532,1.020843539237976,0.39999535229596583,0.9590822576348028,0.8823529411764706,0.015337423312883436,0.03015075376884422,0.07272727272727272,0.9846625766871165,0.015415216310293387,0.13723139858328856,0.058858790083500985,-0.07837260849978758,51,4,1926,30
777,condition,federated,3,vae,N09_M07_F10,256,55,55,1956,fuzzy_warning_as_alarm_hi50,1.018741250038147,1.020095443725586,1.0202156066894532,1.020843539237976,0.39999535229596583,0.9590822576348028,0.8823529411764706,0.015337423312883436,0.03015075376884422,0.07272727272727272,0.9846625766871165,0.015415216310293387,0.13723139858328856,0.058858790083500985,-0.07837260849978758,51,4,1926,30
777,condition,federated,3,vae,N09_M07_F10,256,55,55,1956,fuzzy_fault_only_hi75,1.018741250038147,1.020095443725586,1.0202156066894532,1.020843539237976,0.39999535229596583,0.9590822576348028,0.7857142857142857,0.005623721881390593,0.01116751269035533,0.05454545454545454,0.9943762781186094,0.015415216310293387,0.13723139858328856,0.058858790083500985,-0.07837260849978758,52,3,1945,11
777,condition,federated,3,vae,N15_M01_F10,258,55,56,1956,hard_val_p95,1.018855333328247,1.0196628093719482,1.0198559403419494,1.020854184627533,0.4494412795793164,0.9659939982579431,0.9381443298969072,0.04652351738241309,0.08865075499269362,0.10714285714285714,0.9534764826175869,0.05666003976143141,0.12287424078138673,0.0719113595877933,-0.050962881193593434,50,6,1865,91
777,condition,federated,3,vae,N15_M01_F10,258,55,56,1956,fuzzy_warning_as_alarm_hi50,1.018855333328247,1.0196628093719482,1.0198559403419494,1.020854184627533,0.4494412795793164,0.9659939982579431,0.9381443298969072,0.04652351738241309,0.08865075499269362,0.10714285714285714,0.9534764826175869,0.05666003976143141,0.12287424078138673,0.0719113595877933,-0.050962881193593434,50,6,1865,91
777,condition,federated,3,vae,N15_M01_F10,258,55,56,1956,fuzzy_fault_only_hi75,1.018855333328247,1.0196628093719482,1.0198559403419494,1.020854184627533,0.4494412795793164,0.9659939982579431,0.9523809523809523,0.010224948875255624,0.020232675771370764,0.017857142857142856,0.9897750511247444,0.05666003976143141,0.12287424078138673,0.0719113595877933,-0.050962881193593434,55,1,1936,20
777,condition,federated,3,vae,N15_M07_F04,258,55,55,1956,hard_val_p95,1.0188456773757935,1.0199395179748536,1.0203808188438415,1.021022653579712,0.44973972857408445,0.9687370520361114,0.9444444444444444,0.008691206543967281,0.017223910840932118,0.01818181818181818,0.9913087934560327,0.023868722028841372,0.06728762377330846,0.04658317521482483,-0.020704448558483635,54,1,1939,17
777,condition,federated,3,vae,N15_M07_F04,258,55,55,1956,fuzzy_warning_as_alarm_hi50,1.0188456773757935,1.0199395179748536,1.0203808188438415,1.021022653579712,0.44973972857408445,0.9687370520361114,0.9444444444444444,0.008691206543967281,0.017223910840932118,0.01818181818181818,0.9913087934560327,0.023868722028841372,0.06728762377330846,0.04658317521482483,-0.020704448558483635,54,1,1939,17
777,condition,federated,3,vae,N15_M07_F04,258,55,55,1956,fuzzy_fault_only_hi75,1.0188456773757935,1.0199395179748536,1.0203808188438415,1.021022653579712,0.44973972857408445,0.9687370520361114,0.8888888888888888,0.00408997955010225,0.008142493638676845,0.01818181818181818,0.9959100204498977,0.023868722028841372,0.06728762377330846,0.04658317521482483,-0.020704448558483635,54,1,1948,8
777,condition,federated,3,vae,N15_M07_F10,256,55,55,1956,hard_val_p95,1.0189356803894043,1.019583535194397,1.019794487953186,1.0200214076042176,0.4434560327198364,0.9689489716269409,0.9537037037037037,0.05265848670756646,0.0998062015503876,0.09090909090909091,0.9473415132924335,0.03878667329686723,0.12077897504514994,0.0825891589593456,-0.03818981608580434,50,5,1853,103
777,condition,federated,3,vae,N15_M07_F10,256,55,55,1956,fuzzy_warning_as_alarm_hi50,1.0189356803894043,1.019583535194397,1.019794487953186,1.0200214076042176,0.4434560327198364,0.9689489716269409,0.9537037037037037,0.05265848670756646,0.0998062015503876,0.09090909090909091,0.9473415132924335,0.03878667329686723,0.12077897504514994,0.0825891589593456,-0.03818981608580434,50,5,1853,103
777,condition,federated,3,vae,N15_M07_F10,256,55,55,1956,fuzzy_fault_only_hi75,1.0189356803894043,1.019583535194397,1.019794487953186,1.0200214076042176,0.4434560327198364,0.9689489716269409,0.963855421686747,0.0408997955010225,0.0784698381559588,0.05454545454545454,0.9591002044989775,0.03878667329686723,0.12077897504514994,0.0825891589593456,-0.03818981608580434,52,3,1876,80
777,condition,federated,4,vae,N09_M07_F10,256,55,55,1956,hard_val_p95,1.0049996376037598,1.0063075780868531,1.0064480543136596,1.0069829964637755,0.41093604759248925,0.9580964403876899,0.8461538461538461,0.011247443762781187,0.022199798183652877,0.07272727272727272,0.9887525562372188,0.013426156141223273,0.13470030050121207,0.05724978274304196,-0.0774505177581701,51,4,1934,22
777,condition,federated,4,vae,N09_M07_F10,256,55,55,1956,fuzzy_warning_as_alarm_hi50,1.0049996376037598,1.0063075780868531,1.0064480543136596,1.0069829964637755,0.41093604759248925,0.9580964403876899,0.8461538461538461,0.011247443762781187,0.022199798183652877,0.07272727272727272,0.9887525562372188,0.013426156141223273,0.13470030050121207,0.05724978274304196,-0.0774505177581701,51,4,1934,22
777,condition,federated,4,vae,N09_M07_F10,256,55,55,1956,fuzzy_fault_only_hi75,1.0049996376037598,1.0063075780868531,1.0064480543136596,1.0069829964637755,0.41093604759248925,0.9580964403876899,0.7692307692307693,0.005112474437627812,0.01015744032503809,0.05454545454545454,0.9948875255623721,0.013426156141223273,0.13470030050121207,0.05724978274304196,-0.0774505177581701,52,3,1946,10
777,condition,federated,4,vae,N15_M01_F10,258,55,56,1956,hard_val_p95,1.0050662755966187,1.0059094429016113,1.0061630010604858,1.0069473338127137,0.4312874306164184,0.9666179137582809,0.9491525423728814,0.028629856850715747,0.055583126550868486,0.05357142857142857,0.9713701431492843,0.04821073558648111,0.10510012006997427,0.06844211319981748,-0.03665800687015679,53,3,1900,56
777,condition,federated,4,vae,N15_M01_F10,258,55,56,1956,fuzzy_warning_as_alarm_hi50,1.0050662755966187,1.0059094429016113,1.0061630010604858,1.0069473338127137,0.4312874306164184,0.9666179137582809,0.9491525423728814,0.028629856850715747,0.055583126550868486,0.05357142857142857,0.9713701431492843,0.04821073558648111,0.10510012006997427,0.06844211319981748,-0.03665800687015679,53,3,1900,56
777,condition,federated,4,vae,N15_M01_F10,258,55,56,1956,fuzzy_fault_only_hi75,1.0050662755966187,1.0059094429016113,1.0061630010604858,1.0069473338127137,0.4312874306164184,0.9666179137582809,0.9444444444444444,0.008691206543967281,0.017223910840932118,0.017857142857142856,0.9913087934560327,0.04821073558648111,0.10510012006997427,0.06844211319981748,-0.03665800687015679,55,1,1939,17
777,condition,federated,4,vae,N15_M07_F04,258,55,55,1956,hard_val_p95,1.0050996541976929,1.0061951637268067,1.0066241502761841,1.0070649290084839,0.4636456590444321,0.9685008838673519,0.9285714285714286,0.0066462167689161555,0.013197969543147208,0.01818181818181818,0.9933537832310838,0.015912481352560914,0.062472689691334064,0.04420203277556268,-0.018270656915771386,54,1,1943,13
777,condition,federated,4,vae,N15_M07_F04,258,55,55,1956,fuzzy_warning_as_alarm_hi50,1.0050996541976929,1.0061951637268067,1.0066241502761841,1.0070649290084839,0.4636456590444321,0.9685008838673519,0.9285714285714286,0.0066462167689161555,0.013197969543147208,0.01818181818181818,0.9933537832310838,0.015912481352560914,0.062472689691334064,0.04420203277556268,-0.018270656915771386,54,1,1943,13
777,condition,federated,4,vae,N15_M07_F04,258,55,55,1956,fuzzy_fault_only_hi75,1.0050996541976929,1.0061951637268067,1.0066241502761841,1.0070649290084839,0.4636456590444321,0.9685008838673519,1.0,0.0035787321063394683,0.007131940906775344,0.0,0.9964212678936605,0.015912481352560914,0.062472689691334064,0.04420203277556268,-0.018270656915771386,55,0,1949,7
777,condition,federated,4,vae,N15_M07_F10,256,55,55,1956,hard_val_p95,1.0052448511123657,1.005827260017395,1.0059043765068054,1.0061539506912232,0.4391847927124001,0.9694978203068471,0.9689922480620154,0.06390593047034765,0.11990407673860912,0.07272727272727272,0.9360940695296524,0.030333167578319244,0.12184086734690448,0.08682159115436328,-0.03501927619254121,51,4,1831,125
777,condition,federated,4,vae,N15_M07_F10,256,55,55,1956,fuzzy_warning_as_alarm_hi50,1.0052448511123657,1.005827260017395,1.0059043765068054,1.0061539506912232,0.4391847927124001,0.9694978203068471,0.9689922480620154,0.06390593047034765,0.11990407673860912,0.07272727272727272,0.9360940695296524,0.030333167578319244,0.12184086734690448,0.08682159115436328,-0.03501927619254121,51,4,1831,125
777,condition,federated,4,vae,N15_M07_F10,256,55,55,1956,fuzzy_fault_only_hi75,1.0052448511123657,1.005827260017395,1.0059043765068054,1.0061539506912232,0.4391847927124001,0.9694978203068471,0.9578947368421052,0.04652351738241309,0.08873720136518772,0.07272727272727272,0.9534764826175869,0.030333167578319244,0.12184086734690448,0.08682159115436328,-0.03501927619254121,51,4,1865,91
777,condition,federated,5,vae,N09_M07_F10,256,55,55,1956,hard_val_p95,1.0024574995040894,1.0035378456115722,1.0036964654922484,1.00418555021286,0.40904443205056706,0.958142005880025,0.8846153846153846,0.011758691206543968,0.02320887991927346,0.05454545454545454,0.9882413087934561,0.0139234211834908,0.13216070734224544,0.053042801748810056,-0.07911790559343539,52,3,1933,23
777,condition,federated,5,vae,N09_M07_F10,256,55,55,1956,fuzzy_warning_as_alarm_hi50,1.0024574995040894,1.0035378456115722,1.0036964654922484,1.00418555021286,0.40904443205056706,0.958142005880025,0.8846153846153846,0.011758691206543968,0.02320887991927346,0.05454545454545454,0.9882413087934561,0.0139234211834908,0.13216070734224544,0.053042801748810056,-0.07911790559343539,52,3,1933,23
777,condition,federated,5,vae,N09_M07_F10,256,55,55,1956,fuzzy_fault_only_hi75,1.0024574995040894,1.0035378456115722,1.0036964654922484,1.00418555021286,0.40904443205056706,0.958142005880025,0.7857142857142857,0.005623721881390593,0.01116751269035533,0.05454545454545454,0.9943762781186094,0.0139234211834908,0.13216070734224544,0.053042801748810056,-0.07911790559343539,52,3,1945,11
777,condition,federated,5,vae,N15_M01_F10,258,55,56,1956,hard_val_p95,1.0025184154510498,1.0032333374023437,1.0034993171691895,1.0041054224967956,0.43105919515045277,0.9673791374074876,0.9583333333333334,0.023517382413087935,0.04590818363273453,0.03571428571428571,0.976482617586912,0.04473161033797217,0.0887367317929413,0.060176093873361536,-0.02856063791957976,54,2,1910,46
777,condition,federated,5,vae,N15_M01_F10,258,55,56,1956,fuzzy_warning_as_alarm_hi50,1.0025184154510498,1.0032333374023437,1.0034993171691895,1.0041054224967956,0.43105919515045277,0.9673791374074876,0.9583333333333334,0.023517382413087935,0.04590818363273453,0.03571428571428571,0.976482617586912,0.04473161033797217,0.0887367317929413,0.060176093873361536,-0.02856063791957976,54,2,1910,46
777,condition,federated,5,vae,N15_M01_F10,258,55,56,1956,fuzzy_fault_only_hi75,1.0025184154510498,1.0032333374023437,1.0034993171691895,1.0041054224967956,0.43105919515045277,0.9673791374074876,0.9375,0.007668711656441718,0.015212981744421906,0.017857142857142856,0.9923312883435583,0.04473161033797217,0.0887367317929413,0.060176093873361536,-0.02856063791957976,55,1,1941,15
777,condition,federated,5,vae,N15_M07_F04,258,55,55,1956,hard_val_p95,1.0025136470794678,1.003495168685913,1.0038666129112244,1.004213454723358,0.4670942554378137,0.9684303548422788,0.9230769230769231,0.006134969325153374,0.01218892839004571,0.01818181818181818,0.9938650306748467,0.015415216310293387,0.059899362920434705,0.04255115946484633,-0.017348203455588372,54,1,1944,12
777,condition,federated,5,vae,N15_M07_F04,258,55,55,1956,fuzzy_warning_as_alarm_hi50,1.0025136470794678,1.003495168685913,1.0038666129112244,1.004213454723358,0.4670942554378137,0.9684303548422788,0.9230769230769231,0.006134969325153374,0.01218892839004571,0.01818181818181818,0.9938650306748467,0.015415216310293387,0.059899362920434705,0.04255115946484633,-0.017348203455588372,54,1,1944,12
777,condition,federated,5,vae,N15_M07_F04,258,55,55,1956,fuzzy_fault_only_hi75,1.0025136470794678,1.003495168685913,1.0038666129112244,1.004213454723358,0.4670942554378137,0.9684303548422788,1.0,0.002044989775051125,0.004081632653061225,0.0,0.9979550102249489,0.015415216310293387,0.059899362920434705,0.04255115946484633,-0.017348203455588372,55,0,1952,4
777,condition,federated,5,vae,N15_M07_F10,256,55,55,1956,hard_val_p95,1.0026452541351318,1.003132152557373,1.003212320804596,1.0034241676330566,0.43275701803309163,0.9688616041161451,0.9696969696969697,0.065439672801636,0.12260536398467432,0.07272727272727272,0.934560327198364,0.03381402287419195,0.12042420738560468,0.08586673468912963,-0.03455747269647505,51,4,1828,128
777,condition,federated,5,vae,N15_M07_F10,256,55,55,1956,fuzzy_warning_as_alarm_hi50,1.0026452541351318,1.003132152557373,1.003212320804596,1.0034241676330566,0.43275701803309163,0.9688616041161451,0.9696969696969697,0.065439672801636,0.12260536398467432,0.07272727272727272,0.934560327198364,0.03381402287419195,0.12042420738560468,0.08586673468912963,-0.03455747269647505,51,4,1828,128
777,condition,federated,5,vae,N15_M07_F10,256,55,55,1956,fuzzy_fault_only_hi75,1.0026452541351318,1.003132152557373,1.003212320804596,1.0034241676330566,0.43275701803309163,0.9688616041161451,0.967391304347826,0.04550102249488753,0.0869140625,0.05454545454545454,0.9544989775051125,0.03381402287419195,0.12042420738560468,0.08586673468912963,-0.03455747269647505,52,3,1867,89
777,condition,federated,6,vae,N09_M07_F10,256,55,55,1956,hard_val_p95,1.001785397529602,1.0026850938796996,1.0028904557228089,1.0033331799507141,0.39741122885294666,0.9586628843395589,0.8333333333333334,0.010224948875255624,0.020202020202020204,0.07272727272727272,0.9897750511247444,0.0174042764793635,0.1260790118892079,0.04595757032246248,-0.08012144156674542,51,4,1936,20
777,condition,federated,6,vae,N09_M07_F10,256,55,55,1956,fuzzy_warning_as_alarm_hi50,1.001785397529602,1.0026850938796996,1.0028904557228089,1.0033331799507141,0.39741122885294666,0.9586628843395589,0.8333333333333334,0.010224948875255624,0.020202020202020204,0.07272727272727272,0.9897750511247444,0.0174042764793635,0.1260790118892079,0.04595757032246248,-0.08012144156674542,51,4,1936,20
777,condition,federated,6,vae,N09_M07_F10,256,55,55,1956,fuzzy_fault_only_hi75,1.001785397529602,1.0026850938796996,1.0028904557228089,1.0033331799507141,0.39741122885294666,0.9586628843395589,0.7272727272727273,0.00408997955010225,0.00813421453990849,0.05454545454545454,0.9959100204498977,0.0174042764793635,0.1260790118892079,0.04595757032246248,-0.08012144156674542,52,3,1948,8
777,condition,federated,6,vae,N15_M01_F10,258,55,56,1956,hard_val_p95,1.0017662048339844,1.0024475574493408,1.0027071475982665,1.0032495498657226,0.4261932150160678,0.9675760103248936,0.9534883720930233,0.020961145194274028,0.04102051025512756,0.03571428571428571,0.9790388548057259,0.041749502982107355,0.0845582507496329,0.05940471139104364,-0.025153539358589258,54,2,1915,41
777,condition,federated,6,vae,N15_M01_F10,258,55,56,1956,fuzzy_warning_as_alarm_hi50,1.0017662048339844,1.0024475574493408,1.0027071475982665,1.0032495498657226,0.4261932150160678,0.9675760103248936,0.9534883720930233,0.020961145194274028,0.04102051025512756,0.03571428571428571,0.9790388548057259,0.041749502982107355,0.0845582507496329,0.05940471139104364,-0.025153539358589258,54,2,1915,41
777,condition,federated,6,vae,N15_M01_F10,258,55,56,1956,fuzzy_fault_only_hi75,1.0017662048339844,1.0024475574493408,1.0027071475982665,1.0032495498657226,0.4261932150160678,0.9675760103248936,0.9333333333333333,0.007157464212678937,0.014205986808726534,0.017857142857142856,0.9928425357873211,0.041749502982107355,0.0845582507496329,0.05940471139104364,-0.025153539358589258,55,1,1942,14
777,condition,federated,6,vae,N15_M07_F04,258,55,55,1956,hard_val_p95,1.001755714416504,1.0026890754699707,1.0030367612838744,1.0033387565612792,0.47221137757947573,0.9684220061997542,0.9230769230769231,0.006134969325153374,0.01218892839004571,0.01818181818181818,0.9938650306748467,0.015912481352560914,0.060409850467926,0.0433802536361026,-0.017029596831823396,54,1,1944,12
777,condition,federated,6,vae,N15_M07_F04,258,55,55,1956,fuzzy_warning_as_alarm_hi50,1.001755714416504,1.0026890754699707,1.0030367612838744,1.0033387565612792,0.47221137757947573,0.9684220061997542,0.9230769230769231,0.006134969325153374,0.01218892839004571,0.01818181818181818,0.9938650306748467,0.015912481352560914,0.060409850467926,0.0433802536361026,-0.017029596831823396,54,1,1944,12
777,condition,federated,6,vae,N15_M07_F04,258,55,55,1956,fuzzy_fault_only_hi75,1.001755714416504,1.0026890754699707,1.0030367612838744,1.0033387565612792,0.47221137757947573,0.9684220061997542,1.0,0.002044989775051125,0.004081632653061225,0.0,0.9979550102249489,0.015912481352560914,0.060409850467926,0.0433802536361026,-0.017029596831823396,55,0,1952,4
777,condition,federated,6,vae,N15_M07_F10,256,55,55,1956,hard_val_p95,1.0018682479858398,1.0023345708847047,1.0024213910102844,1.0026101160049439,0.40888641011340393,0.9682400451880612,0.9615384615384616,0.06390593047034765,0.11984659635666348,0.09090909090909091,0.9360940695296524,0.034808552958727,0.13113657095479664,0.08802181587303079,-0.04311475508176585,50,5,1831,125
777,condition,federated,6,vae,N15_M07_F10,256,55,55,1956,fuzzy_warning_as_alarm_hi50,1.0018682479858398,1.0023345708847047,1.0024213910102844,1.0026101160049439,0.40888641011340393,0.9682400451880612,0.9615384615384616,0.06390593047034765,0.11984659635666348,0.09090909090909091,0.9360940695296524,0.034808552958727,0.13113657095479664,0.08802181587303079,-0.04311475508176585,50,5,1831,125
777,condition,federated,6,vae,N15_M07_F10,256,55,55,1956,fuzzy_fault_only_hi75,1.0018682479858398,1.0023345708847047,1.0024213910102844,1.0026101160049439,0.40888641011340393,0.9682400451880612,0.967741935483871,0.046012269938650305,0.08784773060029283,0.05454545454545454,0.9539877300613497,0.034808552958727,0.13113657095479664,0.08802181587303079,-0.04311475508176585,52,3,1866,90
777,condition,federated,7,vae,N09_M07_F10,256,55,55,1956,hard_val_p95,1.001509666442871,1.0022321701049806,1.0024774074554443,1.0029109501838684,0.376301357129578,0.9596576207134458,0.8333333333333334,0.010224948875255624,0.020202020202020204,0.07272727272727272,0.9897750511247444,0.024365987071108902,0.12023518340960185,0.04263362952514248,-0.07760155388445937,51,4,1936,20
777,condition,federated,7,vae,N09_M07_F10,256,55,55,1956,fuzzy_warning_as_alarm_hi50,1.001509666442871,1.0022321701049806,1.0024774074554443,1.0029109501838684,0.376301357129578,0.9596576207134458,0.8333333333333334,0.010224948875255624,0.020202020202020204,0.07272727272727272,0.9897750511247444,0.024365987071108902,0.12023518340960185,0.04263362952514248,-0.07760155388445937,51,4,1936,20
777,condition,federated,7,vae,N09_M07_F10,256,55,55,1956,fuzzy_fault_only_hi75,1.001509666442871,1.0022321701049806,1.0024774074554443,1.0029109501838684,0.376301357129578,0.9596576207134458,0.625,0.002556237218813906,0.0050916496945010185,0.05454545454545454,0.9974437627811861,0.024365987071108902,0.12023518340960185,0.04263362952514248,-0.07760155388445937,52,3,1951,5
777,condition,federated,7,vae,N15_M01_F10,258,55,56,1956,hard_val_p95,1.001415491104126,1.0020580053329469,1.0023208260536194,1.0027924227714538,0.43952216622845464,0.9679090442075322,0.9761904761904762,0.020961145194274028,0.04104104104104104,0.017857142857142856,0.9790388548057259,0.04224652087475149,0.08245238824821857,0.06327429328482849,-0.019178094963390083,55,1,1915,41
777,condition,federated,7,vae,N15_M01_F10,258,55,56,1956,fuzzy_warning_as_alarm_hi50,1.001415491104126,1.0020580053329469,1.0023208260536194,1.0027924227714538,0.43952216622845464,0.9679090442075322,0.9761904761904762,0.020961145194274028,0.04104104104104104,0.017857142857142856,0.9790388548057259,0.04224652087475149,0.08245238824821857,0.06327429328482849,-0.019178094963390083,55,1,1915,41
777,condition,federated,7,vae,N15_M01_F10,258,55,56,1956,fuzzy_fault_only_hi75,1.001415491104126,1.0020580053329469,1.0023208260536194,1.0027924227714538,0.43952216622845464,0.9679090442075322,1.0,0.007668711656441718,0.015220700152207,0.0,0.9923312883435583,0.04224652087475149,0.08245238824821857,0.06327429328482849,-0.019178094963390083,56,0,1941,15
777,condition,federated,7,vae,N15_M07_F04,258,55,55,1956,hard_val_p95,1.001479148864746,1.0022634506225585,1.002579402923584,1.0028974437713623,0.47351738241308794,0.9684149345340152,0.9375,0.007668711656441718,0.015212981744421906,0.01818181818181818,0.9923312883435583,0.016409746394828444,0.060706441984500724,0.04136079478968649,-0.019345647194814235,54,1,1941,15
777,condition,federated,7,vae,N15_M07_F04,258,55,55,1956,fuzzy_warning_as_alarm_hi50,1.001479148864746,1.0022634506225585,1.002579402923584,1.0028974437713623,0.47351738241308794,0.9684149345340152,0.9375,0.007668711656441718,0.015212981744421906,0.01818181818181818,0.9923312883435583,0.016409746394828444,0.060706441984500724,0.04136079478968649,-0.019345647194814235,54,1,1941,15
777,condition,federated,7,vae,N15_M07_F04,258,55,55,1956,fuzzy_fault_only_hi75,1.001479148864746,1.0022634506225585,1.002579402923584,1.0028974437713623,0.47351738241308794,0.9684149345340152,0.8333333333333334,0.002556237218813906,0.0050968399592252805,0.01818181818181818,0.9974437627811861,0.016409746394828444,0.060706441984500724,0.04136079478968649,-0.019345647194814235,54,1,1951,5
777,condition,federated,7,vae,N15_M07_F10,256,55,55,1956,hard_val_p95,1.0015467405319214,1.0019808292388916,1.0020630836486817,1.0022200131416321,0.4056051310652538,0.9678462533119412,0.9568965517241379,0.05674846625766871,0.10714285714285714,0.09090909090909091,0.9432515337423313,0.033316757831924414,0.13743838472020906,0.0855905041428635,-0.05184788057734556,50,5,1845,111
777,condition,federated,7,vae,N15_M07_F10,256,55,55,1956,fuzzy_warning_as_alarm_hi50,1.0015467405319214,1.0019808292388916,1.0020630836486817,1.0022200131416321,0.4056051310652538,0.9678462533119412,0.9568965517241379,0.05674846625766871,0.10714285714285714,0.09090909090909091,0.9432515337423313,0.033316757831924414,0.13743838472020906,0.0855905041428635,-0.05184788057734556,50,5,1845,111
777,condition,federated,7,vae,N15_M07_F10,256,55,55,1956,fuzzy_fault_only_hi75,1.0015467405319214,1.0019808292388916,1.0020630836486817,1.0022200131416321,0.4056051310652538,0.9678462533119412,0.9565217391304348,0.044989775051124746,0.0859375,0.07272727272727272,0.9550102249488752,0.033316757831924414,0.13743838472020906,0.0855905041428635,-0.05184788057734556,51,4,1868,88
777,condition,federated,8,vae,N09_M07_F10,256,55,55,1956,hard_val_p95,1.0011990070343018,1.0018791675567627,1.0020975589752197,1.0025564908981324,0.39738799033277566,0.959428546349788,0.84,0.010736196319018405,0.02120141342756184,0.07272727272727272,0.9892638036809815,0.030830432620586774,0.1264154821536627,0.05230974295796116,-0.07410573919570153,51,4,1935,21
777,condition,federated,8,vae,N09_M07_F10,256,55,55,1956,fuzzy_warning_as_alarm_hi50,1.0011990070343018,1.0018791675567627,1.0020975589752197,1.0025564908981324,0.39738799033277566,0.959428546349788,0.84,0.010736196319018405,0.02120141342756184,0.07272727272727272,0.9892638036809815,0.030830432620586774,0.1264154821536627,0.05230974295796116,-0.07410573919570153,51,4,1935,21
777,condition,federated,8,vae,N09_M07_F10,256,55,55,1956,fuzzy_fault_only_hi75,1.0011990070343018,1.0018791675567627,1.0020975589752197,1.0025564908981324,0.39738799033277566,0.959428546349788,0.7,0.0035787321063394683,0.007121057985757884,0.05454545454545454,0.9964212678936605,0.030830432620586774,0.1264154821536627,0.05230974295796116,-0.07410573919570153,52,3,1949,7
777,condition,federated,8,vae,N15_M01_F10,258,55,56,1956,hard_val_p95,1.0011683702468872,1.0017199754714965,1.0019862294197082,1.0024009466171264,0.440763767163307,0.9679593111518392,0.9791666666666666,0.024028629856850715,0.046906187624750496,0.017857142857142856,0.9759713701431493,0.045228628230616304,0.08469175772640525,0.06691150725061196,-0.01778025047579329,55,1,1909,47
777,condition,federated,8,vae,N15_M01_F10,258,55,56,1956,fuzzy_warning_as_alarm_hi50,1.0011683702468872,1.0017199754714965,1.0019862294197082,1.0024009466171264,0.440763767163307,0.9679593111518392,0.9791666666666666,0.024028629856850715,0.046906187624750496,0.017857142857142856,0.9759713701431493,0.045228628230616304,0.08469175772640525,0.06691150725061196,-0.01778025047579329,55,1,1909,47
777,condition,federated,8,vae,N15_M01_F10,258,55,56,1956,fuzzy_fault_only_hi75,1.0011683702468872,1.0017199754714965,1.0019862294197082,1.0024009466171264,0.440763767163307,0.9679593111518392,1.0,0.0081799591002045,0.016227180527383367,0.0,0.9918200408997955,0.045228628230616304,0.08469175772640525,0.06691150725061196,-0.01778025047579329,56,0,1940,16
777,condition,federated,8,vae,N15_M07_F04,258,55,55,1956,hard_val_p95,1.0012626647949219,1.0019142627716064,1.0021836519241334,1.0025020360946655,0.456688046105224,0.9683430368905541,0.9444444444444444,0.008691206543967281,0.017223910840932118,0.01818181818181818,0.9913087934560327,0.02187966185977126,0.06447263363758783,0.041275480943162184,-0.023197152694425648,54,1,1939,17
777,condition,federated,8,vae,N15_M07_F04,258,55,55,1956,fuzzy_warning_as_alarm_hi50,1.0012626647949219,1.0019142627716064,1.0021836519241334,1.0025020360946655,0.456688046105224,0.9683430368905541,0.9444444444444444,0.008691206543967281,0.017223910840932118,0.01818181818181818,0.9913087934560327,0.02187966185977126,0.06447263363758783,0.041275480943162184,-0.023197152694425648,54,1,1939,17
777,condition,federated,8,vae,N15_M07_F04,258,55,55,1956,fuzzy_fault_only_hi75,1.0012626647949219,1.0019142627716064,1.0021836519241334,1.0025020360946655,0.456688046105224,0.9683430368905541,0.875,0.0035787321063394683,0.007128309572301426,0.01818181818181818,0.9964212678936605,0.02187966185977126,0.06447263363758783,0.041275480943162184,-0.023197152694425648,54,1,1949,7
777,condition,federated,8,vae,N15_M07_F10,256,55,55,1956,hard_val_p95,1.001305103302002,1.0016974449157714,1.0018107891082764,1.0018876385688782,0.41272541364565896,0.9660953446456402,0.9509803921568627,0.04959100204498978,0.09426627793974733,0.09090909090909091,0.9504089979550102,0.025857782197911485,0.1431060827812497,0.07951618042337752,-0.06358990235787218,50,5,1859,97
777,condition,federated,8,vae,N15_M07_F10,256,55,55,1956,fuzzy_warning_as_alarm_hi50,1.001305103302002,1.0016974449157714,1.0018107891082764,1.0018876385688782,0.41272541364565896,0.9660953446456402,0.9509803921568627,0.04959100204498978,0.09426627793974733,0.09090909090909091,0.9504089979550102,0.025857782197911485,0.1431060827812497,0.07951618042337752,-0.06358990235787218,50,5,1859,97
777,condition,federated,8,vae,N15_M07_F10,256,55,55,1956,fuzzy_fault_only_hi75,1.001305103302002,1.0016974449157714,1.0018107891082764,1.0018876385688782,0.41272541364565896,0.9660953446456402,0.9438202247191011,0.04294478527607362,0.08215158924205379,0.09090909090909091,0.9570552147239264,0.025857782197911485,0.1431060827812497,0.07951618042337752,-0.06358990235787218,50,5,1872,84
777,condition,federated,9,vae,N09_M07_F10,256,55,55,1956,hard_val_p95,1.0010828971862793,1.0017274618148804,1.0019290685653686,1.0022930574417115,0.377602714259156,0.959662500660446,0.8260869565217391,0.009713701431492843,0.019201616978271854,0.07272727272727272,0.9902862985685071,0.0208851317752362,0.11893539406688058,0.042505696869874245,-0.07642969719700635,51,4,1937,19
777,condition,federated,9,vae,N09_M07_F10,256,55,55,1956,fuzzy_warning_as_alarm_hi50,1.0010828971862793,1.0017274618148804,1.0019290685653686,1.0022930574417115,0.377602714259156,0.959662500660446,0.8260869565217391,0.009713701431492843,0.019201616978271854,0.07272727272727272,0.9902862985685071,0.0208851317752362,0.11893539406688058,0.042505696869874245,-0.07642969719700635,51,4,1937,19
777,condition,federated,9,vae,N09_M07_F10,256,55,55,1956,fuzzy_fault_only_hi75,1.0010828971862793,1.0017274618148804,1.0019290685653686,1.0022930574417115,0.377602714259156,0.959662500660446,0.6666666666666666,0.003067484662576687,0.0061068702290076335,0.05454545454545454,0.9969325153374233,0.0208851317752362,0.11893539406688058,0.042505696869874245,-0.07642969719700635,52,3,1950,6
777,condition,federated,9,vae,N15_M01_F10,258,55,56,1956,hard_val_p95,1.0009984970092773,1.001554012298584,1.001795506477356,1.0021665072441102,0.443173933683903,0.9681614054218252,0.9736842105263158,0.018916155419222903,0.037111334002006016,0.017857142857142856,0.9810838445807771,0.042743538767395624,0.08212792993044005,0.0640845056258344,-0.01804342430460565,55,1,1919,37
777,condition,federated,9,vae,N15_M01_F10,258,55,56,1956,fuzzy_warning_as_alarm_hi50,1.0009984970092773,1.001554012298584,1.001795506477356,1.0021665072441102,0.443173933683903,0.9681614054218252,0.9736842105263158,0.018916155419222903,0.037111334002006016,0.017857142857142856,0.9810838445807771,0.042743538767395624,0.08212792993044005,0.0640845056258344,-0.01804342430460565,55,1,1919,37
777,condition,federated,9,vae,N15_M01_F10,258,55,56,1956,fuzzy_fault_only_hi75,1.0009984970092773,1.001554012298584,1.001795506477356,1.0021665072441102,0.443173933683903,0.9681614054218252,1.0,0.008691206543967281,0.017232640648758235,0.0,0.9913087934560327,0.042743538767395624,0.08212792993044005,0.0640845056258344,-0.01804342430460565,56,0,1939,17
777,condition,federated,9,vae,N15_M07_F04,258,55,55,1956,hard_val_p95,1.0010555982589722,1.0017277956008912,1.0020066261291505,1.0022484350204468,0.4750557724484105,0.968085113416864,0.9333333333333333,0.007157464212678937,0.014205986808726534,0.01818181818181818,0.9928425357873211,0.018398806563898557,0.0638174114482343,0.042310380259297745,-0.021507031188936557,54,1,1942,14
777,condition,federated,9,vae,N15_M07_F04,258,55,55,1956,fuzzy_warning_as_alarm_hi50,1.0010555982589722,1.0017277956008912,1.0020066261291505,1.0022484350204468,0.4750557724484105,0.968085113416864,0.9333333333333333,0.007157464212678937,0.014205986808726534,0.01818181818181818,0.9928425357873211,0.018398806563898557,0.0638174114482343,0.042310380259297745,-0.021507031188936557,54,1,1942,14
777,condition,federated,9,vae,N15_M07_F04,258,55,55,1956,fuzzy_fault_only_hi75,1.0010555982589722,1.0017277956008912,1.0020066261291505,1.0022484350204468,0.4750557724484105,0.968085113416864,0.8333333333333334,0.002556237218813906,0.0050968399592252805,0.01818181818181818,0.9974437627811861,0.018398806563898557,0.0638174114482343,0.042310380259297745,-0.021507031188936557,54,1,1951,5
777,condition,federated,9,vae,N15_M07_F10,256,55,55,1956,hard_val_p95,1.0011169910430908,1.0014896392822266,1.0015772700309753,1.0016835808753968,0.40544246142405643,0.9672616166378053,0.9649122807017544,0.05623721881390593,0.10628019323671498,0.07272727272727272,0.943762781186094,0.030830432620586774,0.13149442399752506,0.08516126661555601,-0.04633315738196905,51,4,1846,110
777,condition,federated,9,vae,N15_M07_F10,256,55,55,1956,fuzzy_warning_as_alarm_hi50,1.0011169910430908,1.0014896392822266,1.0015772700309753,1.0016835808753968,0.40544246142405643,0.9672616166378053,0.9649122807017544,0.05623721881390593,0.10628019323671498,0.07272727272727272,0.943762781186094,0.030830432620586774,0.13149442399752506,0.08516126661555601,-0.04633315738196905,51,4,1846,110
777,condition,federated,9,vae,N15_M07_F10,256,55,55,1956,fuzzy_fault_only_hi75,1.0011169910430908,1.0014896392822266,1.0015772700309753,1.0016835808753968,0.40544246142405643,0.9672616166378053,0.967391304347826,0.04550102249488753,0.0869140625,0.05454545454545454,0.9544989775051125,0.030830432620586774,0.13149442399752506,0.08516126661555601,-0.04633315738196905,52,3,1867,89
777,condition,federated,10,vae,N09_M07_F10,256,55,55,1956,hard_val_p95,1.0008965730667114,1.0014869689941406,1.0016916632652282,1.0020136070251464,0.3802704963747908,0.9595820671483649,0.8333333333333334,0.010224948875255624,0.020202020202020204,0.07272727272727272,0.9897750511247444,0.019393336648433616,0.11613308911224604,0.04104843009832924,-0.07508465901391681,51,4,1936,20
777,condition,federated,10,vae,N09_M07_F10,256,55,55,1956,fuzzy_warning_as_alarm_hi50,1.0008965730667114,1.0014869689941406,1.0016916632652282,1.0020136070251464,0.3802704963747908,0.9595820671483649,0.8333333333333334,0.010224948875255624,0.020202020202020204,0.07272727272727272,0.9897750511247444,0.019393336648433616,0.11613308911224604,0.04104843009832924,-0.07508465901391681,51,4,1936,20
777,condition,federated,10,vae,N09_M07_F10,256,55,55,1956,fuzzy_fault_only_hi75,1.0008965730667114,1.0014869689941406,1.0016916632652282,1.0020136070251464,0.3802704963747908,0.9595820671483649,0.7,0.0035787321063394683,0.007121057985757884,0.05454545454545454,0.9964212678936605,0.019393336648433616,0.11613308911224604,0.04104843009832924,-0.07508465901391681,52,3,1949,7
777,condition,federated,10,vae,N15_M01_F10,258,55,56,1956,hard_val_p95,1.0008292198181152,1.0013213634490967,1.0015384435653687,1.0018905758857728,0.44224729769208293,0.9680900348225753,0.9767441860465116,0.02147239263803681,0.04202101050525263,0.017857142857142856,0.9785276073619632,0.044234592445328035,0.08188965501692337,0.06283840108072607,-0.019051253936197304,55,1,1914,42
777,condition,federated,10,vae,N15_M01_F10,258,55,56,1956,fuzzy_warning_as_alarm_hi50,1.0008292198181152,1.0013213634490967,1.0015384435653687,1.0018905758857728,0.44224729769208293,0.9680900348225753,0.9767441860465116,0.02147239263803681,0.04202101050525263,0.017857142857142856,0.9785276073619632,0.044234592445328035,0.08188965501692337,0.06283840108072607,-0.019051253936197304,55,1,1914,42
777,condition,federated,10,vae,N15_M01_F10,258,55,56,1956,fuzzy_fault_only_hi75,1.0008292198181152,1.0013213634490967,1.0015384435653687,1.0018905758857728,0.44224729769208293,0.9680900348225753,1.0,0.009202453987730062,0.0182370820668693,0.0,0.99079754601227,0.044234592445328035,0.08188965501692337,0.06283840108072607,-0.019051253936197304,56,0,1938,18
777,condition,federated,10,vae,N15_M07_F04,258,55,55,1956,hard_val_p95,1.0008659362792969,1.0014943599700927,1.0017585039138794,1.0019476175308228,0.4748419780628369,0.9677797894399167,0.9333333333333333,0.007157464212678937,0.014205986808726534,0.01818181818181818,0.9928425357873211,0.016409746394828444,0.06482775729865847,0.041733064497845716,-0.023094692800812756,54,1,1942,14
777,condition,federated,10,vae,N15_M07_F04,258,55,55,1956,fuzzy_warning_as_alarm_hi50,1.0008659362792969,1.0014943599700927,1.0017585039138794,1.0019476175308228,0.4748419780628369,0.9677797894399167,0.9333333333333333,0.007157464212678937,0.014205986808726534,0.01818181818181818,0.9928425357873211,0.016409746394828444,0.06482775729865847,0.041733064497845716,-0.023094692800812756,54,1,1942,14
777,condition,federated,10,vae,N15_M07_F04,258,55,55,1956,fuzzy_fault_only_hi75,1.0008659362792969,1.0014943599700927,1.0017585039138794,1.0019476175308228,0.4748419780628369,0.9677797894399167,0.875,0.0035787321063394683,0.007128309572301426,0.01818181818181818,0.9964212678936605,0.016409746394828444,0.06482775729865847,0.041733064497845716,-0.023094692800812756,54,1,1949,7
777,condition,federated,10,vae,N15_M07_F10,256,55,55,1956,hard_val_p95,1.0009223222732544,1.0012644052505493,1.0013351440429688,1.0014260983467103,0.39890314184792713,0.9677308797931206,0.967741935483871,0.06134969325153374,0.11538461538461539,0.07272727272727272,0.9386503067484663,0.0278468423669816,0.12846543100881394,0.08866388184156304,-0.0398015491672509,51,4,1836,120
777,condition,federated,10,vae,N15_M07_F10,256,55,55,1956,fuzzy_warning_as_alarm_hi50,1.0009223222732544,1.0012644052505493,1.0013351440429688,1.0014260983467103,0.39890314184792713,0.9677308797931206,0.967741935483871,0.06134969325153374,0.11538461538461539,0.07272727272727272,0.9386503067484663,0.0278468423669816,0.12846543100881394,0.08866388184156304,-0.0398015491672509,51,4,1836,120
777,condition,federated,10,vae,N15_M07_F10,256,55,55,1956,fuzzy_fault_only_hi75,1.0009223222732544,1.0012644052505493,1.0013351440429688,1.0014260983467103,0.39890314184792713,0.9677308797931206,0.9702970297029703,0.050102249488752554,0.09528439474963539,0.05454545454545454,0.9498977505112475,0.0278468423669816,0.12846543100881394,0.08866388184156304,-0.0398015491672509,52,3,1858,98
