training_mode,seed,clients_by,calibration_scope,model,client_id,decision_policy,f1,false_alarm_rate,miss_rate,uncertain_rate,mean_health_normal,mean_health_fault,health_gap
local-only,42,bearing,client_specific,cnn-ae,K001,hard_val_p95,0.04395604395604396,0.05555555555555555,0.9775051124744376,0.02359437751004016,0.0957231168114142,0.06718736291137294,-0.02853575390004126
local-only,42,bearing,client_specific,cnn-ae,K001,fuzzy_warning_as_alarm_hi50,0.04395604395604396,0.05555555555555555,0.9775051124744376,0.02359437751004016,0.0957231168114142,0.06718736291137294,-0.02853575390004126
local-only,42,bearing,client_specific,cnn-ae,K001,fuzzy_fault_only_hi75,0.03117144293614882,0.05555555555555555,0.9841513292433538,0.02359437751004016,0.0957231168114142,0.06718736291137294,-0.02853575390004126
local-only,42,bearing,client_specific,cnn-ae,K002,hard_val_p95,0.11447811447811448,0.1111111111111111,0.939161554192229,0.040160642570281124,0.1436229682903141,0.09356055097932925,-0.05006241731098485
local-only,42,bearing,client_specific,cnn-ae,K002,fuzzy_warning_as_alarm_hi50,0.11447811447811448,0.1111111111111111,0.939161554192229,0.040160642570281124,0.1436229682903141,0.09356055097932925,-0.05006241731098485
local-only,42,bearing,client_specific,cnn-ae,K002,fuzzy_fault_only_hi75,0.08129285014691479,0.08333333333333333,0.9575664621676891,0.040160642570281124,0.1436229682903141,0.09356055097932925,-0.05006241731098485
local-only,42,bearing,client_specific,cnn-ae,K003,hard_val_p95,0.03214465092918132,0.08108108108108109,0.983640081799591,0.02408429503261415,0.09191953239957888,0.04473631181904466,-0.04718322058053422
local-only,42,bearing,client_specific,cnn-ae,K003,fuzzy_warning_as_alarm_hi50,0.03214465092918132,0.08108108108108109,0.983640081799591,0.02408429503261415,0.09191953239957888,0.04473631181904466,-0.04718322058053422
local-only,42,bearing,client_specific,cnn-ae,K003,fuzzy_fault_only_hi75,0.016218955904713634,0.02702702702702703,0.9918200408997955,0.02408429503261415,0.09191953239957888,0.04473631181904466,-0.04718322058053422
local-only,42,bearing,client_specific,cnn-ae,K004,hard_val_p95,0.08687164470473402,0.1111111111111111,0.9544989775051125,0.06275100401606426,0.14525970587955978,0.0938853499331822,-0.05137435594637757
local-only,42,bearing,client_specific,cnn-ae,K004,fuzzy_warning_as_alarm_hi50,0.08687164470473402,0.1111111111111111,0.9544989775051125,0.06275100401606426,0.14525970587955978,0.0938853499331822,-0.05137435594637757
local-only,42,bearing,client_specific,cnn-ae,K004,fuzzy_fault_only_hi75,0.05271009448035803,0.05555555555555555,0.9729038854805726,0.06275100401606426,0.14525970587955978,0.0938853499331822,-0.05137435594637757
local-only,42,bearing,client_specific,cnn-ae,K005,hard_val_p95,0.31225806451612903,0.16666666666666666,0.8144171779141104,0.05271084337349398,0.18741105511874198,0.2280717170238552,0.04066066190511322
local-only,42,bearing,client_specific,cnn-ae,K005,fuzzy_warning_as_alarm_hi50,0.31225806451612903,0.16666666666666666,0.8144171779141104,0.05271084337349398,0.18741105511874198,0.2280717170238552,0.04066066190511322
local-only,42,bearing,client_specific,cnn-ae,K005,fuzzy_fault_only_hi75,0.26690234202386215,0.1388888888888889,0.84560327198364,0.05271084337349398,0.18741105511874198,0.2280717170238552,0.04066066190511322
local-only,42,bearing,client_specific,cnn-ae,K006,hard_val_p95,0.06432459178624443,0.0,0.9667689161554193,0.05622489959839357,0.07837397448423122,0.08901849058088888,0.01064451609665766
local-only,42,bearing,client_specific,cnn-ae,K006,fuzzy_warning_as_alarm_hi50,0.06432459178624443,0.0,0.9667689161554193,0.05622489959839357,0.07837397448423122,0.08901849058088888,0.01064451609665766
local-only,42,bearing,client_specific,cnn-ae,K006,fuzzy_fault_only_hi75,0.017232640648758235,0.0,0.9913087934560327,0.05622489959839357,0.07837397448423122,0.08901849058088888,0.01064451609665766
centralized,42,bearing,client_specific,cnn-ae,K001,hard_val_p95,0.0010209290454313426,0.05555555555555555,0.9994887525562373,0.0015060240963855422,0.10919274071012068,0.018806001592106537,-0.09038673911801415
centralized,42,bearing,client_specific,cnn-ae,K001,fuzzy_warning_as_alarm_hi50,0.0010209290454313426,0.05555555555555555,0.9994887525562373,0.0015060240963855422,0.10919274071012068,0.018806001592106537,-0.09038673911801415
centralized,42,bearing,client_specific,cnn-ae,K001,fuzzy_fault_only_hi75,0.0010214504596527069,0.027777777777777776,0.9994887525562373,0.0015060240963855422,0.10919274071012068,0.018806001592106537,-0.09038673911801415
centralized,42,bearing,pooled,cnn-ae,K001,hard_val_p95,0.0020387359836901123,0.1111111111111111,0.9989775051124744,0.005522088353413655,0.1433956592492994,0.02362261128633582,-0.11977304796296358
centralized,42,bearing,pooled,cnn-ae,K001,fuzzy_warning_as_alarm_hi50,0.0020387359836901123,0.1111111111111111,0.9989775051124744,0.005522088353413655,0.1433956592492994,0.02362261128633582,-0.11977304796296358
centralized,42,bearing,pooled,cnn-ae,K001,fuzzy_fault_only_hi75,0.0010214504596527069,0.027777777777777776,0.9994887525562373,0.005522088353413655,0.1433956592492994,0.02362261128633582,-0.11977304796296358
centralized,42,bearing,client_specific,cnn-ae,K002,hard_val_p95,0.12260536398467432,0.1111111111111111,0.934560327198364,0.040160642570281124,0.12685193946552545,0.09220431613249494,-0.03464762333303051
centralized,42,bearing,client_specific,cnn-ae,K002,fuzzy_warning_as_alarm_hi50,0.12260536398467432,0.1111111111111111,0.934560327198364,0.040160642570281124,0.12685193946552545,0.09220431613249494,-0.03464762333303051
centralized,42,bearing,client_specific,cnn-ae,K002,fuzzy_fault_only_hi75,0.07941176470588235,0.08333333333333333,0.9585889570552147,0.040160642570281124,0.12685193946552545,0.09220431613249494,-0.03464762333303051
centralized,42,bearing,pooled,cnn-ae,K002,hard_val_p95,0.0020429009193054137,0.0,0.9989775051124744,0.0025100401606425703,0.027902715562187413,0.02362261128633582,-0.004280104275851591
centralized,42,bearing,pooled,cnn-ae,K002,fuzzy_warning_as_alarm_hi50,0.0020429009193054137,0.0,0.9989775051124744,0.0025100401606425703,0.027902715562187413,0.02362261128633582,-0.004280104275851591
centralized,42,bearing,pooled,cnn-ae,K002,fuzzy_fault_only_hi75,0.001021972406745018,0.0,0.9994887525562373,0.0025100401606425703,0.027902715562187413,0.02362261128633582,-0.004280104275851591
centralized,42,bearing,client_specific,cnn-ae,K003,hard_val_p95,0.0010209290454313426,0.05405405405405406,0.9994887525562373,0.002007024586051179,0.1275837348205048,0.015433887190312683,-0.11214984763019212
centralized,42,bearing,client_specific,cnn-ae,K003,fuzzy_warning_as_alarm_hi50,0.0010209290454313426,0.05405405405405406,0.9994887525562373,0.002007024586051179,0.1275837348205048,0.015433887190312683,-0.11214984763019212
centralized,42,bearing,client_specific,cnn-ae,K003,fuzzy_fault_only_hi75,0.0,0.05405405405405406,1.0,0.002007024586051179,0.1275837348205048,0.015433887190312683,-0.11214984763019212
centralized,42,bearing,pooled,cnn-ae,K003,hard_val_p95,0.0020376974019358125,0.13513513513513514,0.9989775051124744,0.004515805318615153,0.18733051080648594,0.02362261128633582,-0.1637078995201501
centralized,42,bearing,pooled,cnn-ae,K003,fuzzy_warning_as_alarm_hi50,0.0020376974019358125,0.13513513513513514,0.9989775051124744,0.004515805318615153,0.18733051080648594,0.02362261128633582,-0.1637078995201501
centralized,42,bearing,pooled,cnn-ae,K003,fuzzy_fault_only_hi75,0.0010193679918450561,0.13513513513513514,0.9994887525562373,0.004515805318615153,0.18733051080648594,0.02362261128633582,-0.1637078995201501
centralized,42,bearing,client_specific,cnn-ae,K004,hard_val_p95,0.49635036496350365,0.027777777777777776,0.6697341513292433,0.029116465863453816,0.06348279963051845,0.33870193412969685,0.2752191344991784
centralized,42,bearing,client_specific,cnn-ae,K004,fuzzy_warning_as_alarm_hi50,0.49635036496350365,0.027777777777777776,0.6697341513292433,0.029116465863453816,0.06348279963051845,0.33870193412969685,0.2752191344991784
centralized,42,bearing,client_specific,cnn-ae,K004,fuzzy_fault_only_hi75,0.47306791569086654,0.0,0.6901840490797546,0.029116465863453816,0.06348279963051845,0.33870193412969685,0.2752191344991784
centralized,42,bearing,pooled,cnn-ae,K004,hard_val_p95,0.0020429009193054137,0.0,0.9989775051124744,0.0025100401606425703,0.00038729685716429297,0.02362261128633582,0.023235314429171528
centralized,42,bearing,pooled,cnn-ae,K004,fuzzy_warning_as_alarm_hi50,0.0020429009193054137,0.0,0.9989775051124744,0.0025100401606425703,0.00038729685716429297,0.02362261128633582,0.023235314429171528
centralized,42,bearing,pooled,cnn-ae,K004,fuzzy_fault_only_hi75,0.001021972406745018,0.0,0.9994887525562373,0.0025100401606425703,0.00038729685716429297,0.02362261128633582,0.023235314429171528
centralized,42,bearing,client_specific,cnn-ae,K005,hard_val_p95,0.600928903179707,0.05555555555555555,0.570040899795501,0.06827309236947791,0.08851094340050088,0.44722140509693886,0.358710461696438
centralized,42,bearing,client_specific,cnn-ae,K005,fuzzy_warning_as_alarm_hi50,0.600928903179707,0.05555555555555555,0.570040899795501,0.06827309236947791,0.08851094340050088,0.44722140509693886,0.358710461696438
centralized,42,bearing,client_specific,cnn-ae,K005,fuzzy_fault_only_hi75,0.5541189508681197,0.027777777777777776,0.6165644171779141,0.06827309236947791,0.08851094340050088,0.44722140509693886,0.358710461696438
centralized,42,bearing,pooled,cnn-ae,K005,hard_val_p95,0.0020429009193054137,0.0,0.9989775051124744,0.0025100401606425703,1.628009627396104e-05,0.02362261128633582,0.02360633119006186
centralized,42,bearing,pooled,cnn-ae,K005,fuzzy_warning_as_alarm_hi50,0.0020429009193054137,0.0,0.9989775051124744,0.0025100401606425703,1.628009627396104e-05,0.02362261128633582,0.02360633119006186
centralized,42,bearing,pooled,cnn-ae,K005,fuzzy_fault_only_hi75,0.001021972406745018,0.0,0.9994887525562373,0.0025100401606425703,1.628009627396104e-05,0.02362261128633582,0.02360633119006186
centralized,42,bearing,client_specific,cnn-ae,K006,hard_val_p95,0.002041858090862685,0.027777777777777776,0.9989775051124744,0.0025100401606425703,0.08083296231380009,0.02088812357631106,-0.05994483873748903
centralized,42,bearing,client_specific,cnn-ae,K006,fuzzy_warning_as_alarm_hi50,0.002041858090862685,0.027777777777777776,0.9989775051124744,0.0025100401606425703,0.08083296231380009,0.02088812357631106,-0.05994483873748903
centralized,42,bearing,client_specific,cnn-ae,K006,fuzzy_fault_only_hi75,0.001021972406745018,0.0,0.9994887525562373,0.0025100401606425703,0.08083296231380009,0.02088812357631106,-0.05994483873748903
centralized,42,bearing,pooled,cnn-ae,K006,hard_val_p95,0.002041858090862685,0.027777777777777776,0.9989775051124744,0.004518072289156626,0.0869442433240249,0.02362261128633582,-0.06332163203768908
centralized,42,bearing,pooled,cnn-ae,K006,fuzzy_warning_as_alarm_hi50,0.002041858090862685,0.027777777777777776,0.9989775051124744,0.004518072289156626,0.0869442433240249,0.02362261128633582,-0.06332163203768908
centralized,42,bearing,pooled,cnn-ae,K006,fuzzy_fault_only_hi75,0.001021972406745018,0.0,0.9994887525562373,0.004518072289156626,0.0869442433240249,0.02362261128633582,-0.06332163203768908
fedavg,42,bearing,client_specific,cnn-ae,K001,hard_val_p95,0.03510531594784353,0.08333333333333333,0.9821063394683026,0.02359437751004016,0.1188266090009302,0.0525228094252708,-0.0663037995756594
fedavg,42,bearing,client_specific,cnn-ae,K001,fuzzy_warning_as_alarm_hi50,0.03510531594784353,0.08333333333333333,0.9821063394683026,0.02359437751004016,0.1188266090009302,0.0525228094252708,-0.0663037995756594
fedavg,42,bearing,client_specific,cnn-ae,K001,fuzzy_fault_only_hi75,0.022222222222222223,0.05555555555555555,0.9887525562372188,0.02359437751004016,0.1188266090009302,0.0525228094252708,-0.0663037995756594
fedavg,42,bearing,pooled,cnn-ae,K001,hard_val_p95,0.06231454005934718,0.08333333333333333,0.9677914110429447,0.03162650602409638,0.1438075649110283,0.07832463714607954,-0.06548292776494877
fedavg,42,bearing,pooled,cnn-ae,K001,fuzzy_warning_as_alarm_hi50,0.06231454005934718,0.08333333333333333,0.9677914110429447,0.03162650602409638,0.1438075649110283,0.07832463714607954,-0.06548292776494877
fedavg,42,bearing,pooled,cnn-ae,K001,fuzzy_fault_only_hi75,0.0291897332662305,0.05555555555555555,0.9851738241308794,0.03162650602409638,0.1438075649110283,0.07832463714607954,-0.06548292776494877
fedavg,42,bearing,client_specific,cnn-ae,K002,hard_val_p95,0.10902074288470816,0.1111111111111111,0.9422290388548057,0.03162650602409638,0.1684796397234372,0.10306282503308709,-0.06541681469035013
fedavg,42,bearing,client_specific,cnn-ae,K002,fuzzy_warning_as_alarm_hi50,0.10902074288470816,0.1111111111111111,0.9422290388548057,0.03162650602409638,0.1684796397234372,0.10306282503308709,-0.06541681469035013
fedavg,42,bearing,client_specific,cnn-ae,K002,fuzzy_fault_only_hi75,0.09068746952705997,0.05555555555555555,0.9524539877300614,0.03162650602409638,0.1684796397234372,0.10306282503308709,-0.06541681469035013
fedavg,42,bearing,pooled,cnn-ae,K002,hard_val_p95,0.062376237623762376,0.027777777777777776,0.9677914110429447,0.0321285140562249,0.10507744340734453,0.07832463714607954,-0.026752806261264986
fedavg,42,bearing,pooled,cnn-ae,K002,fuzzy_warning_as_alarm_hi50,0.062376237623762376,0.027777777777777776,0.9677914110429447,0.0321285140562249,0.10507744340734453,0.07832463714607954,-0.026752806261264986
fedavg,42,bearing,pooled,cnn-ae,K002,fuzzy_fault_only_hi75,0.029219143576826197,0.0,0.9851738241308794,0.0321285140562249,0.10507744340734453,0.07832463714607954,-0.026752806261264986
fedavg,42,bearing,client_specific,cnn-ae,K003,hard_val_p95,0.05171556439582297,0.08108108108108109,0.9734151329243353,0.017561465127947817,0.14001274814456224,0.06367720913155095,-0.0763355390130113
fedavg,42,bearing,client_specific,cnn-ae,K003,fuzzy_warning_as_alarm_hi50,0.05171556439582297,0.08108108108108109,0.9734151329243353,0.017561465127947817,0.14001274814456224,0.06367720913155095,-0.0763355390130113
fedavg,42,bearing,client_specific,cnn-ae,K003,fuzzy_fault_only_hi75,0.030165912518853696,0.08108108108108109,0.9846625766871165,0.017561465127947817,0.14001274814456224,0.06367720913155095,-0.0763355390130113
fedavg,42,bearing,pooled,cnn-ae,K003,hard_val_p95,0.06231454005934718,0.08108108108108109,0.9677914110429447,0.031108881083793276,0.1412852442079617,0.07832463714607954,-0.06296060706188217
fedavg,42,bearing,pooled,cnn-ae,K003,fuzzy_warning_as_alarm_hi50,0.06231454005934718,0.08108108108108109,0.9677914110429447,0.031108881083793276,0.1412852442079617,0.07832463714607954,-0.06296060706188217
fedavg,42,bearing,pooled,cnn-ae,K003,fuzzy_fault_only_hi75,0.029175050301810865,0.08108108108108109,0.9851738241308794,0.031108881083793276,0.1412852442079617,0.07832463714607954,-0.06296060706188217
fedavg,42,bearing,client_specific,cnn-ae,K004,hard_val_p95,0.15725047080979285,0.027777777777777776,0.9146216768916156,0.08383534136546185,0.08490631830717545,0.1359705409909638,0.051064222683788366
fedavg,42,bearing,client_specific,cnn-ae,K004,fuzzy_warning_as_alarm_hi50,0.15725047080979285,0.027777777777777776,0.9146216768916156,0.08383534136546185,0.08490631830717545,0.1359705409909638,0.051064222683788366
fedavg,42,bearing,client_specific,cnn-ae,K004,fuzzy_fault_only_hi75,0.11917347429120614,0.027777777777777776,0.9366053169734151,0.08383534136546185,0.08490631830717545,0.1359705409909638,0.051064222683788366
fedavg,42,bearing,pooled,cnn-ae,K004,hard_val_p95,0.062376237623762376,0.027777777777777776,0.9677914110429447,0.03162650602409638,0.05211151210323308,0.07832463714607954,0.02621312504284646
fedavg,42,bearing,pooled,cnn-ae,K004,fuzzy_warning_as_alarm_hi50,0.062376237623762376,0.027777777777777776,0.9677914110429447,0.03162650602409638,0.05211151210323308,0.07832463714607954,0.02621312504284646
fedavg,42,bearing,pooled,cnn-ae,K004,fuzzy_fault_only_hi75,0.029219143576826197,0.0,0.9851738241308794,0.03162650602409638,0.05211151210323308,0.07832463714607954,0.02621312504284646
fedavg,42,bearing,client_specific,cnn-ae,K005,hard_val_p95,0.0888671875,0.027777777777777776,0.9534764826175869,0.05622489959839357,0.08939356081162142,0.10756031772147541,0.01816675690985399
fedavg,42,bearing,client_specific,cnn-ae,K005,fuzzy_warning_as_alarm_hi50,0.0888671875,0.027777777777777776,0.9534764826175869,0.05622489959839357,0.08939356081162142,0.10756031772147541,0.01816675690985399
fedavg,42,bearing,client_specific,cnn-ae,K005,fuzzy_fault_only_hi75,0.06141654284299158,0.027777777777777776,0.9683026584867076,0.05622489959839357,0.08939356081162142,0.10756031772147541,0.01816675690985399
fedavg,42,bearing,pooled,cnn-ae,K005,hard_val_p95,0.062376237623762376,0.027777777777777776,0.9677914110429447,0.03162650602409638,0.06857626260054903,0.07832463714607954,0.009748374545530514
fedavg,42,bearing,pooled,cnn-ae,K005,fuzzy_warning_as_alarm_hi50,0.062376237623762376,0.027777777777777776,0.9677914110429447,0.03162650602409638,0.06857626260054903,0.07832463714607954,0.009748374545530514
fedavg,42,bearing,pooled,cnn-ae,K005,fuzzy_fault_only_hi75,0.029219143576826197,0.0,0.9851738241308794,0.03162650602409638,0.06857626260054903,0.07832463714607954,0.009748374545530514
fedavg,42,bearing,client_specific,cnn-ae,K006,hard_val_p95,0.028183190739808756,0.08333333333333333,0.9856850715746421,0.045180722891566265,0.16545500207571037,0.07083602068498261,-0.09461898139072776
fedavg,42,bearing,client_specific,cnn-ae,K006,fuzzy_warning_as_alarm_hi50,0.028183190739808756,0.08333333333333333,0.9856850715746421,0.045180722891566265,0.16545500207571037,0.07083602068498261,-0.09461898139072776
fedavg,42,bearing,client_specific,cnn-ae,K006,fuzzy_fault_only_hi75,0.015197568389057751,0.08333333333333333,0.9923312883435583,0.045180722891566265,0.16545500207571037,0.07083602068498261,-0.09461898139072776
fedavg,42,bearing,pooled,cnn-ae,K006,hard_val_p95,0.06225296442687747,0.1388888888888889,0.9677914110429447,0.0321285140562249,0.18102838440185515,0.07832463714607954,-0.10270374725577561
fedavg,42,bearing,pooled,cnn-ae,K006,fuzzy_warning_as_alarm_hi50,0.06225296442687747,0.1388888888888889,0.9677914110429447,0.0321285140562249,0.18102838440185515,0.07832463714607954,-0.10270374725577561
fedavg,42,bearing,pooled,cnn-ae,K006,fuzzy_fault_only_hi75,0.029175050301810865,0.08333333333333333,0.9851738241308794,0.0321285140562249,0.18102838440185515,0.07832463714607954,-0.10270374725577561
fedavg,42,bearing,client_specific,cnn-ae,K001,hard_val_p95,0.017232640648758235,0.0,0.9913087934560327,0.014558232931726908,0.0700816223456965,0.041519052725984586,-0.02856256961971191
fedavg,42,bearing,client_specific,cnn-ae,K001,fuzzy_warning_as_alarm_hi50,0.017232640648758235,0.0,0.9913087934560327,0.014558232931726908,0.0700816223456965,0.041519052725984586,-0.02856256961971191
fedavg,42,bearing,client_specific,cnn-ae,K001,fuzzy_fault_only_hi75,0.00916030534351145,0.0,0.995398773006135,0.014558232931726908,0.0700816223456965,0.041519052725984586,-0.02856256961971191
fedavg,42,bearing,pooled,cnn-ae,K001,hard_val_p95,0.05268389662027833,0.08333333333333333,0.9729038854805726,0.06927710843373494,0.14898266003646332,0.07644511069750434,-0.07253754933895898
fedavg,42,bearing,pooled,cnn-ae,K001,fuzzy_warning_as_alarm_hi50,0.05268389662027833,0.08333333333333333,0.9729038854805726,0.06927710843373494,0.14898266003646332,0.07644511069750434,-0.07253754933895898
fedavg,42,bearing,pooled,cnn-ae,K001,fuzzy_fault_only_hi75,0.020232675771370764,0.027777777777777776,0.9897750511247444,0.06927710843373494,0.14898266003646332,0.07644511069750434,-0.07253754933895898
fedavg,42,bearing,client_specific,cnn-ae,K002,hard_val_p95,0.04688279301745636,0.05555555555555555,0.9759713701431493,0.07580321285140562,0.1437753807781376,0.09554152329435761,-0.04823385748377998
fedavg,42,bearing,client_specific,cnn-ae,K002,fuzzy_warning_as_alarm_hi50,0.04688279301745636,0.05555555555555555,0.9759713701431493,0.07580321285140562,0.1437753807781376,0.09554152329435761,-0.04823385748377998
fedavg,42,bearing,client_specific,cnn-ae,K002,fuzzy_fault_only_hi75,0.04395604395604396,0.05555555555555555,0.9775051124744376,0.07580321285140562,0.1437753807781376,0.09554152329435761,-0.04823385748377998
fedavg,42,bearing,pooled,cnn-ae,K002,hard_val_p95,0.05271009448035803,0.05555555555555555,0.9729038854805726,0.06977911646586345,0.110694609285585,0.07644511069750434,-0.03424949858808066
fedavg,42,bearing,pooled,cnn-ae,K002,fuzzy_warning_as_alarm_hi50,0.05271009448035803,0.05555555555555555,0.9729038854805726,0.06977911646586345,0.110694609285585,0.07644511069750434,-0.03424949858808066
fedavg,42,bearing,pooled,cnn-ae,K002,fuzzy_fault_only_hi75,0.020232675771370764,0.027777777777777776,0.9897750511247444,0.06977911646586345,0.110694609285585,0.07644511069750434,-0.03424949858808066
fedavg,42,bearing,client_specific,cnn-ae,K003,hard_val_p95,0.017223910840932118,0.02702702702702703,0.9913087934560327,0.03161063723030607,0.08302965947076682,0.03913593155153444,-0.04389372791923238
fedavg,42,bearing,client_specific,cnn-ae,K003,fuzzy_warning_as_alarm_hi50,0.017223910840932118,0.02702702702702703,0.9913087934560327,0.03161063723030607,0.08302965947076682,0.03913593155153444,-0.04389372791923238
fedavg,42,bearing,client_specific,cnn-ae,K003,fuzzy_fault_only_hi75,0.0061162079510703364,0.0,0.9969325153374233,0.03161063723030607,0.08302965947076682,0.03913593155153444,-0.04389372791923238
fedavg,42,bearing,pooled,cnn-ae,K003,hard_val_p95,0.05271009448035803,0.05405405405405406,0.9729038854805726,0.07024586051179127,0.1657665149632702,0.07644511069750434,-0.08932140426576585
fedavg,42,bearing,pooled,cnn-ae,K003,fuzzy_warning_as_alarm_hi50,0.05271009448035803,0.05405405405405406,0.9729038854805726,0.07024586051179127,0.1657665149632702,0.07644511069750434,-0.08932140426576585
fedavg,42,bearing,pooled,cnn-ae,K003,fuzzy_fault_only_hi75,0.020232675771370764,0.02702702702702703,0.9897750511247444,0.07024586051179127,0.1657665149632702,0.07644511069750434,-0.08932140426576585
fedavg,42,bearing,client_specific,cnn-ae,K004,hard_val_p95,0.4333199839807769,0.0,0.7234151329243353,0.06224899598393574,0.08137855662584169,0.3211412677381645,0.23976271111232278
fedavg,42,bearing,client_specific,cnn-ae,K004,fuzzy_warning_as_alarm_hi50,0.4333199839807769,0.0,0.7234151329243353,0.06224899598393574,0.08137855662584169,0.3211412677381645,0.23976271111232278
fedavg,42,bearing,client_specific,cnn-ae,K004,fuzzy_fault_only_hi75,0.41169305724725946,0.0,0.74079754601227,0.06224899598393574,0.08137855662584169,0.3211412677381645,0.23976271111232278
fedavg,42,bearing,pooled,cnn-ae,K004,hard_val_p95,0.05276256844201095,0.0,0.9729038854805726,0.06726907630522089,0.00895752377836142,0.07644511069750434,0.06748758691914292
fedavg,42,bearing,pooled,cnn-ae,K004,fuzzy_warning_as_alarm_hi50,0.05276256844201095,0.0,0.9729038854805726,0.06726907630522089,0.00895752377836142,0.07644511069750434,0.06748758691914292
fedavg,42,bearing,pooled,cnn-ae,K004,fuzzy_fault_only_hi75,0.020242914979757085,0.0,0.9897750511247444,0.06726907630522089,0.00895752377836142,0.07644511069750434,0.06748758691914292
fedavg,42,bearing,client_specific,cnn-ae,K005,hard_val_p95,0.5393509884371503,0.05555555555555555,0.6303680981595092,0.09939759036144578,0.10318278006091777,0.41342740343151924,0.31024462337060144
fedavg,42,bearing,client_specific,cnn-ae,K005,fuzzy_warning_as_alarm_hi50,0.5393509884371503,0.05555555555555555,0.6303680981595092,0.09939759036144578,0.10318278006091777,0.41342740343151924,0.31024462337060144
fedavg,42,bearing,client_specific,cnn-ae,K005,fuzzy_fault_only_hi75,0.5043943446694689,0.027777777777777776,0.6625766871165644,0.09939759036144578,0.10318278006091777,0.41342740343151924,0.31024462337060144
fedavg,42,bearing,pooled,cnn-ae,K005,hard_val_p95,0.05276256844201095,0.0,0.9729038854805726,0.06726907630522089,0.005302475429418236,0.07644511069750434,0.0711426352680861
fedavg,42,bearing,pooled,cnn-ae,K005,fuzzy_warning_as_alarm_hi50,0.05276256844201095,0.0,0.9729038854805726,0.06726907630522089,0.005302475429418236,0.07644511069750434,0.0711426352680861
fedavg,42,bearing,pooled,cnn-ae,K005,fuzzy_fault_only_hi75,0.020242914979757085,0.0,0.9897750511247444,0.06726907630522089,0.005302475429418236,0.07644511069750434,0.0711426352680861
fedavg,42,bearing,client_specific,cnn-ae,K006,hard_val_p95,0.2122040072859745,0.19444444444444445,0.880879345603272,0.03313253012048193,0.24702350834384312,0.1380732278963847,-0.10895028044745841
fedavg,42,bearing,client_specific,cnn-ae,K006,fuzzy_warning_as_alarm_hi50,0.2122040072859745,0.19444444444444445,0.880879345603272,0.03313253012048193,0.24702350834384312,0.1380732278963847,-0.10895028044745841
fedavg,42,bearing,client_specific,cnn-ae,K006,fuzzy_fault_only_hi75,0.1790352504638219,0.19444444444444445,0.9013292433537833,0.03313253012048193,0.24702350834384312,0.1380732278963847,-0.10895028044745841
fedavg,42,bearing,pooled,cnn-ae,K006,hard_val_p95,0.05271009448035803,0.05555555555555555,0.9729038854805726,0.06927710843373494,0.14393659972682482,0.07644511069750434,-0.06749148902932048
fedavg,42,bearing,pooled,cnn-ae,K006,fuzzy_warning_as_alarm_hi50,0.05271009448035803,0.05555555555555555,0.9729038854805726,0.06927710843373494,0.14393659972682482,0.07644511069750434,-0.06749148902932048
fedavg,42,bearing,pooled,cnn-ae,K006,fuzzy_fault_only_hi75,0.020232675771370764,0.027777777777777776,0.9897750511247444,0.06927710843373494,0.14393659972682482,0.07644511069750434,-0.06749148902932048
fedavg,42,bearing,client_specific,cnn-ae,K001,hard_val_p95,0.0,0.027777777777777776,1.0,0.0025100401606425703,0.07011503730674325,0.021921016167035574,-0.04819402113970767
fedavg,42,bearing,client_specific,cnn-ae,K001,fuzzy_warning_as_alarm_hi50,0.0,0.027777777777777776,1.0,0.0025100401606425703,0.07011503730674325,0.021921016167035574,-0.04819402113970767
fedavg,42,bearing,client_specific,cnn-ae,K001,fuzzy_fault_only_hi75,0.0,0.0,1.0,0.0025100401606425703,0.07011503730674325,0.021921016167035574,-0.04819402113970767
fedavg,42,bearing,pooled,cnn-ae,K001,hard_val_p95,0.008142493638676845,0.027777777777777776,0.9959100204498977,0.015562248995983935,0.13183506369236114,0.0516597280547652,-0.08017533563759593
fedavg,42,bearing,pooled,cnn-ae,K001,fuzzy_warning_as_alarm_hi50,0.008142493638676845,0.027777777777777776,0.9959100204498977,0.015562248995983935,0.13183506369236114,0.0516597280547652,-0.08017533563759593
fedavg,42,bearing,pooled,cnn-ae,K001,fuzzy_fault_only_hi75,0.00407955124936257,0.027777777777777776,0.9979550102249489,0.015562248995983935,0.13183506369236114,0.0516597280547652,-0.08017533563759593
fedavg,42,bearing,client_specific,cnn-ae,K002,hard_val_p95,0.08133268005879471,0.05555555555555555,0.9575664621676891,0.08333333333333333,0.12219633630682195,0.10403085940960777,-0.018165476897214178
fedavg,42,bearing,client_specific,cnn-ae,K002,fuzzy_warning_as_alarm_hi50,0.08133268005879471,0.05555555555555555,0.9575664621676891,0.08333333333333333,0.12219633630682195,0.10403085940960777,-0.018165476897214178
fedavg,42,bearing,client_specific,cnn-ae,K002,fuzzy_fault_only_hi75,0.04302151075537769,0.0,0.9780163599182005,0.08333333333333333,0.12219633630682195,0.10403085940960777,-0.018165476897214178
fedavg,42,bearing,pooled,cnn-ae,K002,hard_val_p95,0.008146639511201629,0.0,0.9959100204498977,0.014056224899598393,0.05500493250450333,0.0516597280547652,-0.003345204449738126
fedavg,42,bearing,pooled,cnn-ae,K002,fuzzy_warning_as_alarm_hi50,0.008146639511201629,0.0,0.9959100204498977,0.014056224899598393,0.05500493250450333,0.0516597280547652,-0.003345204449738126
fedavg,42,bearing,pooled,cnn-ae,K002,fuzzy_fault_only_hi75,0.004081632653061225,0.0,0.9979550102249489,0.014056224899598393,0.05500493250450333,0.0516597280547652,-0.003345204449738126
fedavg,42,bearing,client_specific,cnn-ae,K003,hard_val_p95,0.0030581039755351682,0.08108108108108109,0.9984662576687117,0.004014049172102358,0.1345102934170595,0.026253470842538217,-0.10825682257452128
fedavg,42,bearing,client_specific,cnn-ae,K003,fuzzy_warning_as_alarm_hi50,0.0030581039755351682,0.08108108108108109,0.9984662576687117,0.004014049172102358,0.1345102934170595,0.026253470842538217,-0.10825682257452128
fedavg,42,bearing,client_specific,cnn-ae,K003,fuzzy_fault_only_hi75,0.0010209290454313426,0.05405405405405406,0.9994887525562373,0.004014049172102358,0.1345102934170595,0.026253470842538217,-0.10825682257452128
fedavg,42,bearing,pooled,cnn-ae,K003,hard_val_p95,0.008125952260030472,0.13513513513513514,0.9959100204498977,0.01655795283492223,0.22228756525796337,0.0516597280547652,-0.17062783720319816
fedavg,42,bearing,pooled,cnn-ae,K003,fuzzy_warning_as_alarm_hi50,0.008125952260030472,0.13513513513513514,0.9959100204498977,0.01655795283492223,0.22228756525796337,0.0516597280547652,-0.17062783720319816
fedavg,42,bearing,pooled,cnn-ae,K003,fuzzy_fault_only_hi75,0.004073319755600814,0.10810810810810811,0.9979550102249489,0.01655795283492223,0.22228756525796337,0.0516597280547652,-0.17062783720319816
fedavg,42,bearing,client_specific,cnn-ae,K004,hard_val_p95,0.5030534351145038,0.1388888888888889,0.6630879345603272,0.03714859437751004,0.17906216624775007,0.36751984621405226,0.1884576799663022
fedavg,42,bearing,client_specific,cnn-ae,K004,fuzzy_warning_as_alarm_hi50,0.5030534351145038,0.1388888888888889,0.6630879345603272,0.03714859437751004,0.17906216624775007,0.36751984621405226,0.1884576799663022
fedavg,42,bearing,client_specific,cnn-ae,K004,fuzzy_fault_only_hi75,0.4876543209876543,0.1111111111111111,0.6768916155419223,0.03714859437751004,0.17906216624775007,0.36751984621405226,0.1884576799663022
fedavg,42,bearing,pooled,cnn-ae,K004,hard_val_p95,0.008146639511201629,0.0,0.9959100204498977,0.014056224899598393,0.009879785850560768,0.0516597280547652,0.04177994220420443
fedavg,42,bearing,pooled,cnn-ae,K004,fuzzy_warning_as_alarm_hi50,0.008146639511201629,0.0,0.9959100204498977,0.014056224899598393,0.009879785850560768,0.0516597280547652,0.04177994220420443
fedavg,42,bearing,pooled,cnn-ae,K004,fuzzy_fault_only_hi75,0.004081632653061225,0.0,0.9979550102249489,0.014056224899598393,0.009879785850560768,0.0516597280547652,0.04177994220420443
fedavg,42,bearing,client_specific,cnn-ae,K005,hard_val_p95,0.548219584569733,0.027777777777777776,0.6221881390593047,0.02961847389558233,0.07785753120297101,0.42645356522008365,0.34859603401711264
fedavg,42,bearing,client_specific,cnn-ae,K005,fuzzy_warning_as_alarm_hi50,0.548219584569733,0.027777777777777776,0.6221881390593047,0.02961847389558233,0.07785753120297101,0.42645356522008365,0.34859603401711264
fedavg,42,bearing,client_specific,cnn-ae,K005,fuzzy_fault_only_hi75,0.5449814126394052,0.027777777777777776,0.6252556237218814,0.02961847389558233,0.07785753120297101,0.42645356522008365,0.34859603401711264
fedavg,42,bearing,pooled,cnn-ae,K005,hard_val_p95,0.008146639511201629,0.0,0.9959100204498977,0.014056224899598393,0.0019069007162382627,0.0516597280547652,0.04975282733852694
fedavg,42,bearing,pooled,cnn-ae,K005,fuzzy_warning_as_alarm_hi50,0.008146639511201629,0.0,0.9959100204498977,0.014056224899598393,0.0019069007162382627,0.0516597280547652,0.04975282733852694
fedavg,42,bearing,pooled,cnn-ae,K005,fuzzy_fault_only_hi75,0.004081632653061225,0.0,0.9979550102249489,0.014056224899598393,0.0019069007162382627,0.0516597280547652,0.04975282733852694
fedavg,42,bearing,client_specific,cnn-ae,K006,hard_val_p95,0.04095904095904096,0.1388888888888889,0.9790388548057259,0.02459839357429719,0.16648649302590157,0.05276780454362768,-0.1137186884822739
fedavg,42,bearing,client_specific,cnn-ae,K006,fuzzy_warning_as_alarm_hi50,0.04095904095904096,0.1388888888888889,0.9790388548057259,0.02459839357429719,0.16648649302590157,0.05276780454362768,-0.1137186884822739
fedavg,42,bearing,client_specific,cnn-ae,K006,fuzzy_fault_only_hi75,0.02619647355163728,0.08333333333333333,0.9867075664621677,0.02459839357429719,0.16648649302590157,0.05276780454362768,-0.1137186884822739
fedavg,42,bearing,pooled,cnn-ae,K006,hard_val_p95,0.008142493638676845,0.027777777777777776,0.9959100204498977,0.015562248995983935,0.13655055846477546,0.0516597280547652,-0.08489083041001025
fedavg,42,bearing,pooled,cnn-ae,K006,fuzzy_warning_as_alarm_hi50,0.008142493638676845,0.027777777777777776,0.9959100204498977,0.015562248995983935,0.13655055846477546,0.0516597280547652,-0.08489083041001025
fedavg,42,bearing,pooled,cnn-ae,K006,fuzzy_fault_only_hi75,0.00407955124936257,0.027777777777777776,0.9979550102249489,0.015562248995983935,0.13655055846477546,0.0516597280547652,-0.08489083041001025
fedavg,42,bearing,client_specific,cnn-ae,K001,hard_val_p95,0.0,0.0,1.0,0.0,0.023721017836518185,0.011648435950408913,-0.012072581886109272
fedavg,42,bearing,client_specific,cnn-ae,K001,fuzzy_warning_as_alarm_hi50,0.0,0.0,1.0,0.0,0.023721017836518185,0.011648435950408913,-0.012072581886109272
fedavg,42,bearing,client_specific,cnn-ae,K001,fuzzy_fault_only_hi75,0.0,0.0,1.0,0.0,0.023721017836518185,0.011648435950408913,-0.012072581886109272
fedavg,42,bearing,pooled,cnn-ae,K001,hard_val_p95,0.025227043390514632,0.027777777777777776,0.9872188139059305,0.02359437751004016,0.05855065907035609,0.028819907619990277,-0.02973075145036581
fedavg,42,bearing,pooled,cnn-ae,K001,fuzzy_warning_as_alarm_hi50,0.025227043390514632,0.027777777777777776,0.9872188139059305,0.02359437751004016,0.05855065907035609,0.028819907619990277,-0.02973075145036581
fedavg,42,bearing,pooled,cnn-ae,K001,fuzzy_fault_only_hi75,0.003061224489795918,0.027777777777777776,0.9984662576687117,0.02359437751004016,0.05855065907035609,0.028819907619990277,-0.02973075145036581
fedavg,42,bearing,client_specific,cnn-ae,K002,hard_val_p95,0.08418991678903573,0.027777777777777776,0.9560327198364008,0.06526104417670683,0.060580258847005845,0.06628739173700102,0.0057071328899951715
fedavg,42,bearing,client_specific,cnn-ae,K002,fuzzy_warning_as_alarm_hi50,0.08418991678903573,0.027777777777777776,0.9560327198364008,0.06526104417670683,0.060580258847005845,0.06628739173700102,0.0057071328899951715
fedavg,42,bearing,client_specific,cnn-ae,K002,fuzzy_fault_only_hi75,0.044977511244377814,0.0,0.9769938650306749,0.06526104417670683,0.060580258847005845,0.06628739173700102,0.0057071328899951715
fedavg,42,bearing,pooled,cnn-ae,K002,hard_val_p95,0.02523977788995457,0.0,0.9872188139059305,0.02359437751004016,0.02299057687916514,0.028819907619990277,0.005829330740825138
fedavg,42,bearing,pooled,cnn-ae,K002,fuzzy_warning_as_alarm_hi50,0.02523977788995457,0.0,0.9872188139059305,0.02359437751004016,0.02299057687916514,0.028819907619990277,0.005829330740825138
fedavg,42,bearing,pooled,cnn-ae,K002,fuzzy_fault_only_hi75,0.0030627871362940277,0.0,0.9984662576687117,0.02359437751004016,0.02299057687916514,0.028819907619990277,0.005829330740825138
fedavg,42,bearing,client_specific,cnn-ae,K003,hard_val_p95,0.002039775624681285,0.08108108108108109,0.9989775051124744,0.0055193176116407425,0.13206857438923092,0.014031541865361232,-0.11803703252386968
fedavg,42,bearing,client_specific,cnn-ae,K003,fuzzy_warning_as_alarm_hi50,0.002039775624681285,0.08108108108108109,0.9989775051124744,0.0055193176116407425,0.13206857438923092,0.014031541865361232,-0.11803703252386968
fedavg,42,bearing,client_specific,cnn-ae,K003,fuzzy_fault_only_hi75,0.002039775624681285,0.08108108108108109,0.9989775051124744,0.0055193176116407425,0.13206857438923092,0.014031541865361232,-0.11803703252386968
fedavg,42,bearing,pooled,cnn-ae,K003,hard_val_p95,0.025176233635448138,0.13513513513513514,0.9872188139059305,0.02609131961866533,0.1785600374108731,0.028819907619990277,-0.1497401297908828
fedavg,42,bearing,pooled,cnn-ae,K003,fuzzy_warning_as_alarm_hi50,0.025176233635448138,0.13513513513513514,0.9872188139059305,0.02609131961866533,0.1785600374108731,0.028819907619990277,-0.1497401297908828
fedavg,42,bearing,pooled,cnn-ae,K003,fuzzy_fault_only_hi75,0.003056546102903719,0.10810810810810811,0.9984662576687117,0.02609131961866533,0.1785600374108731,0.028819907619990277,-0.1497401297908828
fedavg,42,bearing,client_specific,cnn-ae,K004,hard_val_p95,0.29044919319668555,0.1111111111111111,0.8297546012269938,0.060240963855421686,0.16059523473788287,0.20218901086021374,0.04159377612233087
fedavg,42,bearing,client_specific,cnn-ae,K004,fuzzy_warning_as_alarm_hi50,0.29044919319668555,0.1111111111111111,0.8297546012269938,0.060240963855421686,0.16059523473788287,0.20218901086021374,0.04159377612233087
fedavg,42,bearing,client_specific,cnn-ae,K004,fuzzy_fault_only_hi75,0.2549019607843137,0.05555555555555555,0.8537832310838446,0.060240963855421686,0.16059523473788287,0.20218901086021374,0.04159377612233087
fedavg,42,bearing,pooled,cnn-ae,K004,hard_val_p95,0.02523977788995457,0.0,0.9872188139059305,0.02359437751004016,0.013271763302310195,0.028819907619990277,0.015548144317680082
fedavg,42,bearing,pooled,cnn-ae,K004,fuzzy_warning_as_alarm_hi50,0.02523977788995457,0.0,0.9872188139059305,0.02359437751004016,0.013271763302310195,0.028819907619990277,0.015548144317680082
fedavg,42,bearing,pooled,cnn-ae,K004,fuzzy_fault_only_hi75,0.0030627871362940277,0.0,0.9984662576687117,0.02359437751004016,0.013271763302310195,0.028819907619990277,0.015548144317680082
fedavg,42,bearing,client_specific,cnn-ae,K005,hard_val_p95,0.4173069146785281,0.027777777777777776,0.7361963190184049,0.09437751004016064,0.1506678072787491,0.31004022577468493,0.15937241849593584
fedavg,42,bearing,client_specific,cnn-ae,K005,fuzzy_warning_as_alarm_hi50,0.4173069146785281,0.027777777777777776,0.7361963190184049,0.09437751004016064,0.1506678072787491,0.31004022577468493,0.15937241849593584
fedavg,42,bearing,client_specific,cnn-ae,K005,fuzzy_fault_only_hi75,0.36984589754269054,0.027777777777777776,0.7730061349693251,0.09437751004016064,0.1506678072787491,0.31004022577468493,0.15937241849593584
fedavg,42,bearing,pooled,cnn-ae,K005,hard_val_p95,0.02523977788995457,0.0,0.9872188139059305,0.02359437751004016,0.004668187671936506,0.028819907619990277,0.02415171994805377
fedavg,42,bearing,pooled,cnn-ae,K005,fuzzy_warning_as_alarm_hi50,0.02523977788995457,0.0,0.9872188139059305,0.02359437751004016,0.004668187671936506,0.028819907619990277,0.02415171994805377
fedavg,42,bearing,pooled,cnn-ae,K005,fuzzy_fault_only_hi75,0.0030627871362940277,0.0,0.9984662576687117,0.02359437751004016,0.004668187671936506,0.028819907619990277,0.02415171994805377
fedavg,42,bearing,client_specific,cnn-ae,K006,hard_val_p95,0.045862412761714856,0.1111111111111111,0.976482617586912,0.024096385542168676,0.12265735435941706,0.04063288894298972,-0.08202446541642734
fedavg,42,bearing,client_specific,cnn-ae,K006,fuzzy_warning_as_alarm_hi50,0.045862412761714856,0.1111111111111111,0.976482617586912,0.024096385542168676,0.12265735435941706,0.04063288894298972,-0.08202446541642734
fedavg,42,bearing,client_specific,cnn-ae,K006,fuzzy_fault_only_hi75,0.028169014084507043,0.1111111111111111,0.9856850715746421,0.024096385542168676,0.12265735435941706,0.04063288894298972,-0.08202446541642734
fedavg,42,bearing,pooled,cnn-ae,K006,hard_val_p95,0.025214321734745335,0.05555555555555555,0.9872188139059305,0.025100401606425703,0.09003802767080432,0.028819907619990277,-0.06121812005081405
fedavg,42,bearing,pooled,cnn-ae,K006,fuzzy_warning_as_alarm_hi50,0.025214321734745335,0.05555555555555555,0.9872188139059305,0.025100401606425703,0.09003802767080432,0.028819907619990277,-0.06121812005081405
fedavg,42,bearing,pooled,cnn-ae,K006,fuzzy_fault_only_hi75,0.003061224489795918,0.027777777777777776,0.9984662576687117,0.025100401606425703,0.09003802767080432,0.028819907619990277,-0.06121812005081405
fedavg,42,bearing,client_specific,cnn-ae,K001,hard_val_p95,0.0,0.0,1.0,0.0,0.025846677469413958,0.016136519934695503,-0.009710157534718454
fedavg,42,bearing,client_specific,cnn-ae,K001,fuzzy_warning_as_alarm_hi50,0.0,0.0,1.0,0.0,0.025846677469413958,0.016136519934695503,-0.009710157534718454
fedavg,42,bearing,client_specific,cnn-ae,K001,fuzzy_fault_only_hi75,0.0,0.0,1.0,0.0,0.025846677469413958,0.016136519934695503,-0.009710157534718454
fedavg,42,bearing,pooled,cnn-ae,K001,hard_val_p95,0.02223345123799899,0.027777777777777776,0.9887525562372188,0.02961847389558233,0.08885531101332932,0.04894928103132667,-0.03990602998200265
fedavg,42,bearing,pooled,cnn-ae,K001,fuzzy_warning_as_alarm_hi50,0.02223345123799899,0.027777777777777776,0.9887525562372188,0.02961847389558233,0.08885531101332932,0.04894928103132667,-0.03990602998200265
fedavg,42,bearing,pooled,cnn-ae,K001,fuzzy_fault_only_hi75,0.002041858090862685,0.027777777777777776,0.9989775051124744,0.02961847389558233,0.08885531101332932,0.04894928103132667,-0.03990602998200265
fedavg,42,bearing,client_specific,cnn-ae,K002,hard_val_p95,0.11549566891241578,0.05555555555555555,0.9386503067484663,0.14006024096385541,0.10404071064750624,0.11051342845161458,0.006472717804108338
fedavg,42,bearing,client_specific,cnn-ae,K002,fuzzy_warning_as_alarm_hi50,0.11549566891241578,0.05555555555555555,0.9386503067484663,0.14006024096385541,0.10404071064750624,0.11051342845161458,0.006472717804108338
fedavg,42,bearing,client_specific,cnn-ae,K002,fuzzy_fault_only_hi75,0.062376237623762376,0.027777777777777776,0.9677914110429447,0.14006024096385541,0.10404071064750624,0.11051342845161458,0.006472717804108338
fedavg,42,bearing,pooled,cnn-ae,K002,hard_val_p95,0.022244691607684528,0.0,0.9887525562372188,0.02961847389558233,0.04232991569362369,0.04894928103132667,0.006619365337702979
fedavg,42,bearing,pooled,cnn-ae,K002,fuzzy_warning_as_alarm_hi50,0.022244691607684528,0.0,0.9887525562372188,0.02961847389558233,0.04232991569362369,0.04894928103132667,0.006619365337702979
fedavg,42,bearing,pooled,cnn-ae,K002,fuzzy_fault_only_hi75,0.0020429009193054137,0.0,0.9989775051124744,0.02961847389558233,0.04232991569362369,0.04894928103132667,0.006619365337702979
fedavg,42,bearing,client_specific,cnn-ae,K003,hard_val_p95,0.0010198878123406426,0.10810810810810811,0.9994887525562373,0.008028098344204716,0.11697128644870494,0.015507939834428448,-0.1014633466142765
fedavg,42,bearing,client_specific,cnn-ae,K003,fuzzy_warning_as_alarm_hi50,0.0010198878123406426,0.10810810810810811,0.9994887525562373,0.008028098344204716,0.11697128644870494,0.015507939834428448,-0.1014633466142765
fedavg,42,bearing,client_specific,cnn-ae,K003,fuzzy_fault_only_hi75,0.0,0.02702702702702703,1.0,0.008028098344204716,0.11697128644870494,0.015507939834428448,-0.1014633466142765
fedavg,42,bearing,pooled,cnn-ae,K003,hard_val_p95,0.02217741935483871,0.16216216216216217,0.9887525562372188,0.03161063723030607,0.21661365157832843,0.04894928103132667,-0.16766437054700176
fedavg,42,bearing,pooled,cnn-ae,K003,fuzzy_warning_as_alarm_hi50,0.02217741935483871,0.16216216216216217,0.9887525562372188,0.03161063723030607,0.21661365157832843,0.04894928103132667,-0.16766437054700176
fedavg,42,bearing,pooled,cnn-ae,K003,fuzzy_fault_only_hi75,0.0020387359836901123,0.10810810810810811,0.9989775051124744,0.03161063723030607,0.21661365157832843,0.04894928103132667,-0.16766437054700176
fedavg,42,bearing,client_specific,cnn-ae,K004,hard_val_p95,0.47374562427071176,0.16666666666666666,0.6886503067484663,0.05421686746987952,0.14035062879673788,0.3110603484876111,0.17070971969087323
fedavg,42,bearing,client_specific,cnn-ae,K004,fuzzy_warning_as_alarm_hi50,0.47374562427071176,0.16666666666666666,0.6886503067484663,0.05421686746987952,0.14035062879673788,0.3110603484876111,0.17070971969087323
fedavg,42,bearing,client_specific,cnn-ae,K004,fuzzy_fault_only_hi75,0.4359281437125748,0.08333333333333333,0.7208588957055214,0.05421686746987952,0.14035062879673788,0.3110603484876111,0.17070971969087323
fedavg,42,bearing,pooled,cnn-ae,K004,hard_val_p95,0.022244691607684528,0.0,0.9887525562372188,0.02961847389558233,0.011621034732468359,0.04894928103132667,0.03732824629885831
fedavg,42,bearing,pooled,cnn-ae,K004,fuzzy_warning_as_alarm_hi50,0.022244691607684528,0.0,0.9887525562372188,0.02961847389558233,0.011621034732468359,0.04894928103132667,0.03732824629885831
fedavg,42,bearing,pooled,cnn-ae,K004,fuzzy_fault_only_hi75,0.0020429009193054137,0.0,0.9989775051124744,0.02961847389558233,0.011621034732468359,0.04894928103132667,0.03732824629885831
fedavg,42,bearing,client_specific,cnn-ae,K005,hard_val_p95,0.5597646193453476,0.05555555555555555,0.6109406952965235,0.0642570281124498,0.13890533550281098,0.404840758770055,0.265935423267244
fedavg,42,bearing,client_specific,cnn-ae,K005,fuzzy_warning_as_alarm_hi50,0.5597646193453476,0.05555555555555555,0.6109406952965235,0.0642570281124498,0.13890533550281098,0.404840758770055,0.265935423267244
fedavg,42,bearing,client_specific,cnn-ae,K005,fuzzy_fault_only_hi75,0.5009574875526618,0.027777777777777776,0.6656441717791411,0.0642570281124498,0.13890533550281098,0.404840758770055,0.265935423267244
fedavg,42,bearing,pooled,cnn-ae,K005,hard_val_p95,0.022244691607684528,0.0,0.9887525562372188,0.02961847389558233,0.0018106227189060636,0.04894928103132667,0.0471386583124206
fedavg,42,bearing,pooled,cnn-ae,K005,fuzzy_warning_as_alarm_hi50,0.022244691607684528,0.0,0.9887525562372188,0.02961847389558233,0.0018106227189060636,0.04894928103132667,0.0471386583124206
fedavg,42,bearing,pooled,cnn-ae,K005,fuzzy_fault_only_hi75,0.0020429009193054137,0.0,0.9989775051124744,0.02961847389558233,0.0018106227189060636,0.04894928103132667,0.0471386583124206
fedavg,42,bearing,client_specific,cnn-ae,K006,hard_val_p95,0.06228373702422145,0.1111111111111111,0.9677914110429447,0.05622489959839357,0.14033711021470768,0.06280303246184918,-0.0775340777528585
fedavg,42,bearing,client_specific,cnn-ae,K006,fuzzy_warning_as_alarm_hi50,0.06228373702422145,0.1111111111111111,0.9677914110429447,0.05622489959839357,0.14033711021470768,0.06280303246184918,-0.0775340777528585
fedavg,42,bearing,client_specific,cnn-ae,K006,fuzzy_fault_only_hi75,0.036072144288577156,0.1111111111111111,0.9815950920245399,0.05622489959839357,0.14033711021470768,0.06280303246184918,-0.0775340777528585
fedavg,42,bearing,pooled,cnn-ae,K006,hard_val_p95,0.022222222222222223,0.05555555555555555,0.9887525562372188,0.03112449799196787,0.1228386297338118,0.04894928103132667,-0.07388934870248512
fedavg,42,bearing,pooled,cnn-ae,K006,fuzzy_warning_as_alarm_hi50,0.022222222222222223,0.05555555555555555,0.9887525562372188,0.03112449799196787,0.1228386297338118,0.04894928103132667,-0.07388934870248512
fedavg,42,bearing,pooled,cnn-ae,K006,fuzzy_fault_only_hi75,0.002041858090862685,0.027777777777777776,0.9989775051124744,0.03112449799196787,0.1228386297338118,0.04894928103132667,-0.07388934870248512
fedavg,42,bearing,client_specific,cnn-ae,K001,hard_val_p95,0.0,0.0,1.0,0.0015060240963855422,0.009615176494058904,0.008409372702844389,-0.0012058037912145159
fedavg,42,bearing,client_specific,cnn-ae,K001,fuzzy_warning_as_alarm_hi50,0.0,0.0,1.0,0.0015060240963855422,0.009615176494058904,0.008409372702844389,-0.0012058037912145159
fedavg,42,bearing,client_specific,cnn-ae,K001,fuzzy_fault_only_hi75,0.0,0.0,1.0,0.0015060240963855422,0.009615176494058904,0.008409372702844389,-0.0012058037912145159
fedavg,42,bearing,pooled,cnn-ae,K001,hard_val_p95,0.047880299251870324,0.027777777777777776,0.9754601226993865,0.035140562248995984,0.034011071863503384,0.03250869128931152,-0.0015023805741918653
fedavg,42,bearing,pooled,cnn-ae,K001,fuzzy_warning_as_alarm_hi50,0.047880299251870324,0.027777777777777776,0.9754601226993865,0.035140562248995984,0.034011071863503384,0.03250869128931152,-0.0015023805741918653
fedavg,42,bearing,pooled,cnn-ae,K001,fuzzy_fault_only_hi75,0.010167768174885612,0.027777777777777776,0.9948875255623721,0.035140562248995984,0.034011071863503384,0.03250869128931152,-0.0015023805741918653
fedavg,42,bearing,client_specific,cnn-ae,K002,hard_val_p95,0.17094815506772537,0.05555555555555555,0.906441717791411,0.09789156626506024,0.0585310095169964,0.08781691266365352,0.02928590314665712
fedavg,42,bearing,client_specific,cnn-ae,K002,fuzzy_warning_as_alarm_hi50,0.17094815506772537,0.05555555555555555,0.906441717791411,0.09789156626506024,0.0585310095169964,0.08781691266365352,0.02928590314665712
fedavg,42,bearing,client_specific,cnn-ae,K002,fuzzy_fault_only_hi75,0.058560794044665014,0.0,0.9698364008179959,0.09789156626506024,0.0585310095169964,0.08781691266365352,0.02928590314665712
fedavg,42,bearing,pooled,cnn-ae,K002,hard_val_p95,0.04790419161676647,0.0,0.9754601226993865,0.035140562248995984,0.011886800818514018,0.03250869128931152,0.020621890470797502
fedavg,42,bearing,pooled,cnn-ae,K002,fuzzy_warning_as_alarm_hi50,0.04790419161676647,0.0,0.9754601226993865,0.035140562248995984,0.011886800818514018,0.03250869128931152,0.020621890470797502
fedavg,42,bearing,pooled,cnn-ae,K002,fuzzy_fault_only_hi75,0.01017293997965412,0.0,0.9948875255623721,0.035140562248995984,0.011886800818514018,0.03250869128931152,0.020621890470797502
fedavg,42,bearing,client_specific,cnn-ae,K003,hard_val_p95,0.009137055837563452,0.13513513513513514,0.995398773006135,0.012543903662819869,0.1162206311827078,0.01460791895792577,-0.10161271222478203
fedavg,42,bearing,client_specific,cnn-ae,K003,fuzzy_warning_as_alarm_hi50,0.009137055837563452,0.13513513513513514,0.995398773006135,0.012543903662819869,0.1162206311827078,0.01460791895792577,-0.10161271222478203
fedavg,42,bearing,client_specific,cnn-ae,K003,fuzzy_fault_only_hi75,0.0020408163265306124,0.05405405405405406,0.9989775051124744,0.012543903662819869,0.1162206311827078,0.01460791895792577,-0.10161271222478203
fedavg,42,bearing,pooled,cnn-ae,K003,hard_val_p95,0.047784967645594825,0.13513513513513514,0.9754601226993865,0.03612644254892122,0.15559738075399618,0.03250869128931152,-0.12308868946468465
fedavg,42,bearing,pooled,cnn-ae,K003,fuzzy_warning_as_alarm_hi50,0.047784967645594825,0.13513513513513514,0.9754601226993865,0.03612644254892122,0.15559738075399618,0.03250869128931152,-0.12308868946468465
fedavg,42,bearing,pooled,cnn-ae,K003,fuzzy_fault_only_hi75,0.010147133434804667,0.13513513513513514,0.9948875255623721,0.03612644254892122,0.15559738075399618,0.03250869128931152,-0.12308868946468465
fedavg,42,bearing,client_specific,cnn-ae,K004,hard_val_p95,0.25,0.1111111111111111,0.8568507157464212,0.05070281124497992,0.11103494564137584,0.1450810399123036,0.03404609427092775
fedavg,42,bearing,client_specific,cnn-ae,K004,fuzzy_warning_as_alarm_hi50,0.25,0.1111111111111111,0.8568507157464212,0.05070281124497992,0.11103494564137584,0.1450810399123036,0.03404609427092775
fedavg,42,bearing,client_specific,cnn-ae,K004,fuzzy_fault_only_hi75,0.19289340101522842,0.05555555555555555,0.8931492842535788,0.05070281124497992,0.11103494564137584,0.1450810399123036,0.03404609427092775
fedavg,42,bearing,pooled,cnn-ae,K004,hard_val_p95,0.04790419161676647,0.0,0.9754601226993865,0.035140562248995984,0.013000691164392815,0.03250869128931152,0.019508000124918705
fedavg,42,bearing,pooled,cnn-ae,K004,fuzzy_warning_as_alarm_hi50,0.04790419161676647,0.0,0.9754601226993865,0.035140562248995984,0.013000691164392815,0.03250869128931152,0.019508000124918705
fedavg,42,bearing,pooled,cnn-ae,K004,fuzzy_fault_only_hi75,0.01017293997965412,0.0,0.9948875255623721,0.035140562248995984,0.013000691164392815,0.03250869128931152,0.019508000124918705
fedavg,42,bearing,client_specific,cnn-ae,K005,hard_val_p95,0.37172557172557175,0.05555555555555555,0.7714723926380368,0.0391566265060241,0.1497957418733079,0.2806332542651014,0.13083751239179348
fedavg,42,bearing,client_specific,cnn-ae,K005,fuzzy_warning_as_alarm_hi50,0.37172557172557175,0.05555555555555555,0.7714723926380368,0.0391566265060241,0.1497957418733079,0.2806332542651014,0.13083751239179348
fedavg,42,bearing,client_specific,cnn-ae,K005,fuzzy_fault_only_hi75,0.34643008027038447,0.027777777777777776,0.7903885480572597,0.0391566265060241,0.1497957418733079,0.2806332542651014,0.13083751239179348
fedavg,42,bearing,pooled,cnn-ae,K005,hard_val_p95,0.04790419161676647,0.0,0.9754601226993865,0.035140562248995984,0.003368938808693483,0.03250869128931152,0.029139752480618036
fedavg,42,bearing,pooled,cnn-ae,K005,fuzzy_warning_as_alarm_hi50,0.04790419161676647,0.0,0.9754601226993865,0.035140562248995984,0.003368938808693483,0.03250869128931152,0.029139752480618036
fedavg,42,bearing,pooled,cnn-ae,K005,fuzzy_fault_only_hi75,0.01017293997965412,0.0,0.9948875255623721,0.035140562248995984,0.003368938808693483,0.03250869128931152,0.029139752480618036
fedavg,42,bearing,client_specific,cnn-ae,K006,hard_val_p95,0.09704027171276079,0.1388888888888889,0.9488752556237219,0.015562248995983935,0.13622694356358206,0.06523511830486634,-0.07099182525871572
fedavg,42,bearing,client_specific,cnn-ae,K006,fuzzy_warning_as_alarm_hi50,0.09704027171276079,0.1388888888888889,0.9488752556237219,0.015562248995983935,0.13622694356358206,0.06523511830486634,-0.07099182525871572
fedavg,42,bearing,client_specific,cnn-ae,K006,fuzzy_fault_only_hi75,0.08966861598440545,0.1111111111111111,0.9529652351738241,0.015562248995983935,0.13622694356358206,0.06523511830486634,-0.07099182525871572
fedavg,42,bearing,pooled,cnn-ae,K006,hard_val_p95,0.047856430707876374,0.05555555555555555,0.9754601226993865,0.0356425702811245,0.0797132585469213,0.03250869128931152,-0.04720456725760978
fedavg,42,bearing,pooled,cnn-ae,K006,fuzzy_warning_as_alarm_hi50,0.047856430707876374,0.05555555555555555,0.9754601226993865,0.0356425702811245,0.0797132585469213,0.03250869128931152,-0.04720456725760978
fedavg,42,bearing,pooled,cnn-ae,K006,fuzzy_fault_only_hi75,0.01016260162601626,0.05555555555555555,0.9948875255623721,0.0356425702811245,0.0797132585469213,0.03250869128931152,-0.04720456725760978
fedavg,42,bearing,client_specific,cnn-ae,K001,hard_val_p95,0.0,0.0,1.0,0.000502008032128514,0.008691623959253443,0.0077651128075254695,-0.0009265111517279736
fedavg,42,bearing,client_specific,cnn-ae,K001,fuzzy_warning_as_alarm_hi50,0.0,0.0,1.0,0.000502008032128514,0.008691623959253443,0.0077651128075254695,-0.0009265111517279736
fedavg,42,bearing,client_specific,cnn-ae,K001,fuzzy_fault_only_hi75,0.0,0.0,1.0,0.000502008032128514,0.008691623959253443,0.0077651128075254695,-0.0009265111517279736
fedavg,42,bearing,pooled,cnn-ae,K001,hard_val_p95,0.05370462456489309,0.027777777777777776,0.9723926380368099,0.0391566265060241,0.03307148621937505,0.0340256955455193,0.000954209326144248
fedavg,42,bearing,pooled,cnn-ae,K001,fuzzy_warning_as_alarm_hi50,0.05370462456489309,0.027777777777777776,0.9723926380368099,0.0391566265060241,0.03307148621937505,0.0340256955455193,0.000954209326144248
fedavg,42,bearing,pooled,cnn-ae,K001,fuzzy_fault_only_hi75,0.010167768174885612,0.027777777777777776,0.9948875255623721,0.0391566265060241,0.03307148621937505,0.0340256955455193,0.000954209326144248
fedavg,42,bearing,client_specific,cnn-ae,K002,hard_val_p95,0.1786046511627907,0.05555555555555555,0.901840490797546,0.09036144578313253,0.0430316397399976,0.08489624086270668,0.04186460112270908
fedavg,42,bearing,client_specific,cnn-ae,K002,fuzzy_warning_as_alarm_hi50,0.1786046511627907,0.05555555555555555,0.901840490797546,0.09036144578313253,0.0430316397399976,0.08489624086270668,0.04186460112270908
fedavg,42,bearing,client_specific,cnn-ae,K002,fuzzy_fault_only_hi75,0.061446977205153616,0.0,0.9683026584867076,0.09036144578313253,0.0430316397399976,0.08489624086270668,0.04186460112270908
fedavg,42,bearing,pooled,cnn-ae,K002,hard_val_p95,0.05373134328358209,0.0,0.9723926380368099,0.0391566265060241,0.011163802175209927,0.0340256955455193,0.02286189337030937
fedavg,42,bearing,pooled,cnn-ae,K002,fuzzy_warning_as_alarm_hi50,0.05373134328358209,0.0,0.9723926380368099,0.0391566265060241,0.011163802175209927,0.0340256955455193,0.02286189337030937
fedavg,42,bearing,pooled,cnn-ae,K002,fuzzy_fault_only_hi75,0.01017293997965412,0.0,0.9948875255623721,0.0391566265060241,0.011163802175209927,0.0340256955455193,0.02286189337030937
fedavg,42,bearing,client_specific,cnn-ae,K003,hard_val_p95,0.013171225937183385,0.13513513513513514,0.9933537832310838,0.01655795283492223,0.11509930845156491,0.016056972236172355,-0.09904233621539255
fedavg,42,bearing,client_specific,cnn-ae,K003,fuzzy_warning_as_alarm_hi50,0.013171225937183385,0.13513513513513514,0.9933537832310838,0.01655795283492223,0.11509930845156491,0.016056972236172355,-0.09904233621539255
fedavg,42,bearing,client_specific,cnn-ae,K003,fuzzy_fault_only_hi75,0.0020408163265306124,0.05405405405405406,0.9989775051124744,0.01655795283492223,0.11509930845156491,0.016056972236172355,-0.09904233621539255
fedavg,42,bearing,pooled,cnn-ae,K003,hard_val_p95,0.05357142857142857,0.16216216216216217,0.9723926380368099,0.040642247867536375,0.15231468246139795,0.0340256955455193,-0.11828898691587866
fedavg,42,bearing,pooled,cnn-ae,K003,fuzzy_warning_as_alarm_hi50,0.05357142857142857,0.16216216216216217,0.9723926380368099,0.040642247867536375,0.15231468246139795,0.0340256955455193,-0.11828898691587866
fedavg,42,bearing,pooled,cnn-ae,K003,fuzzy_fault_only_hi75,0.01015228426395939,0.10810810810810811,0.9948875255623721,0.040642247867536375,0.15231468246139795,0.0340256955455193,-0.11828898691587866
fedavg,42,bearing,client_specific,cnn-ae,K004,hard_val_p95,0.23592976136875282,0.08333333333333333,0.8660531697341514,0.03413654618473896,0.09559366912410174,0.13279244141661387,0.03719877229251213
fedavg,42,bearing,client_specific,cnn-ae,K004,fuzzy_warning_as_alarm_hi50,0.23592976136875282,0.08333333333333333,0.8660531697341514,0.03413654618473896,0.09559366912410174,0.13279244141661387,0.03719877229251213
fedavg,42,bearing,client_specific,cnn-ae,K004,fuzzy_fault_only_hi75,0.19030023094688223,0.08333333333333333,0.8946830265848671,0.03413654618473896,0.09559366912410174,0.13279244141661387,0.03719877229251213
fedavg,42,bearing,pooled,cnn-ae,K004,hard_val_p95,0.05373134328358209,0.0,0.9723926380368099,0.03965863453815261,0.017724412630592608,0.0340256955455193,0.01630128291492669
fedavg,42,bearing,pooled,cnn-ae,K004,fuzzy_warning_as_alarm_hi50,0.05373134328358209,0.0,0.9723926380368099,0.03965863453815261,0.017724412630592608,0.0340256955455193,0.01630128291492669
fedavg,42,bearing,pooled,cnn-ae,K004,fuzzy_fault_only_hi75,0.01017293997965412,0.0,0.9948875255623721,0.03965863453815261,0.017724412630592608,0.0340256955455193,0.01630128291492669
fedavg,42,bearing,client_specific,cnn-ae,K005,hard_val_p95,0.34877843302443134,0.1111111111111111,0.7883435582822086,0.06676706827309237,0.20270237156284834,0.2667755010530514,0.06407312949020308
fedavg,42,bearing,client_specific,cnn-ae,K005,fuzzy_warning_as_alarm_hi50,0.34877843302443134,0.1111111111111111,0.7883435582822086,0.06676706827309237,0.20270237156284834,0.2667755010530514,0.06407312949020308
fedavg,42,bearing,client_specific,cnn-ae,K005,fuzzy_fault_only_hi75,0.3213367609254499,0.08333333333333333,0.808282208588957,0.06676706827309237,0.20270237156284834,0.2667755010530514,0.06407312949020308
fedavg,42,bearing,pooled,cnn-ae,K005,hard_val_p95,0.05373134328358209,0.0,0.9723926380368099,0.0391566265060241,0.00405217425924553,0.0340256955455193,0.029973521286273768
fedavg,42,bearing,pooled,cnn-ae,K005,fuzzy_warning_as_alarm_hi50,0.05373134328358209,0.0,0.9723926380368099,0.0391566265060241,0.00405217425924553,0.0340256955455193,0.029973521286273768
fedavg,42,bearing,pooled,cnn-ae,K005,fuzzy_fault_only_hi75,0.01017293997965412,0.0,0.9948875255623721,0.0391566265060241,0.00405217425924553,0.0340256955455193,0.029973521286273768
fedavg,42,bearing,client_specific,cnn-ae,K006,hard_val_p95,0.10628019323671498,0.1111111111111111,0.943762781186094,0.02610441767068273,0.13420455282910487,0.06904492550789602,-0.06515962732120885
fedavg,42,bearing,client_specific,cnn-ae,K006,fuzzy_warning_as_alarm_hi50,0.10628019323671498,0.1111111111111111,0.943762781186094,0.02610441767068273,0.13420455282910487,0.06904492550789602,-0.06515962732120885
fedavg,42,bearing,client_specific,cnn-ae,K006,fuzzy_fault_only_hi75,0.09059912323429128,0.1111111111111111,0.9524539877300614,0.02610441767068273,0.13420455282910487,0.06904492550789602,-0.06515962732120885
fedavg,42,bearing,pooled,cnn-ae,K006,hard_val_p95,0.0536779324055666,0.05555555555555555,0.9723926380368099,0.03965863453815261,0.07854785829645947,0.0340256955455193,-0.04452216275094017
fedavg,42,bearing,pooled,cnn-ae,K006,fuzzy_warning_as_alarm_hi50,0.0536779324055666,0.05555555555555555,0.9723926380368099,0.03965863453815261,0.07854785829645947,0.0340256955455193,-0.04452216275094017
fedavg,42,bearing,pooled,cnn-ae,K006,fuzzy_fault_only_hi75,0.01016260162601626,0.05555555555555555,0.9948875255623721,0.03965863453815261,0.07854785829645947,0.0340256955455193,-0.04452216275094017
fedavg,42,bearing,client_specific,cnn-ae,K001,hard_val_p95,0.0,0.0,1.0,0.0015060240963855422,0.009195003910404722,0.003791201917547822,-0.005403801992856901
fedavg,42,bearing,client_specific,cnn-ae,K001,fuzzy_warning_as_alarm_hi50,0.0,0.0,1.0,0.0015060240963855422,0.009195003910404722,0.003791201917547822,-0.005403801992856901
fedavg,42,bearing,client_specific,cnn-ae,K001,fuzzy_fault_only_hi75,0.0,0.0,1.0,0.0015060240963855422,0.009195003910404722,0.003791201917547822,-0.005403801992856901
fedavg,42,bearing,pooled,cnn-ae,K001,hard_val_p95,0.05853174603174603,0.027777777777777776,0.9698364008179959,0.026606425702811246,0.033128566618101915,0.0245733111111516,-0.008555255506950316
fedavg,42,bearing,pooled,cnn-ae,K001,fuzzy_warning_as_alarm_hi50,0.05853174603174603,0.027777777777777776,0.9698364008179959,0.026606425702811246,0.033128566618101915,0.0245733111111516,-0.008555255506950316
fedavg,42,bearing,pooled,cnn-ae,K001,fuzzy_fault_only_hi75,0.009155645981688708,0.027777777777777776,0.995398773006135,0.026606425702811246,0.033128566618101915,0.0245733111111516,-0.008555255506950316
fedavg,42,bearing,client_specific,cnn-ae,K002,hard_val_p95,0.07385524372230429,0.0,0.9616564417177914,0.02108433734939759,0.03836038859610738,0.06007408010142623,0.02171369150531885
fedavg,42,bearing,client_specific,cnn-ae,K002,fuzzy_warning_as_alarm_hi50,0.07385524372230429,0.0,0.9616564417177914,0.02108433734939759,0.03836038859610738,0.06007408010142623,0.02171369150531885
fedavg,42,bearing,client_specific,cnn-ae,K002,fuzzy_fault_only_hi75,0.05082212257100149,0.0,0.9739263803680982,0.02108433734939759,0.03836038859610738,0.06007408010142623,0.02171369150531885
fedavg,42,bearing,pooled,cnn-ae,K002,hard_val_p95,0.058560794044665014,0.0,0.9698364008179959,0.026606425702811246,0.0055360022333438876,0.0245733111111516,0.01903730887780771
fedavg,42,bearing,pooled,cnn-ae,K002,fuzzy_warning_as_alarm_hi50,0.058560794044665014,0.0,0.9698364008179959,0.026606425702811246,0.0055360022333438876,0.0245733111111516,0.01903730887780771
fedavg,42,bearing,pooled,cnn-ae,K002,fuzzy_fault_only_hi75,0.00916030534351145,0.0,0.995398773006135,0.026606425702811246,0.0055360022333438876,0.0245733111111516,0.01903730887780771
fedavg,42,bearing,client_specific,cnn-ae,K003,hard_val_p95,0.01819100555836281,0.13513513513513514,0.99079754601227,0.01655795283492223,0.10754476273839467,0.012352647920183498,-0.09519211481821117
fedavg,42,bearing,client_specific,cnn-ae,K003,fuzzy_warning_as_alarm_hi50,0.01819100555836281,0.13513513513513514,0.99079754601227,0.01655795283492223,0.10754476273839467,0.012352647920183498,-0.09519211481821117
fedavg,42,bearing,client_specific,cnn-ae,K003,fuzzy_fault_only_hi75,0.005094243504839531,0.05405405405405406,0.9974437627811861,0.01655795283492223,0.10754476273839467,0.012352647920183498,-0.09519211481821117
fedavg,42,bearing,pooled,cnn-ae,K003,hard_val_p95,0.05838693715982187,0.16216216216216217,0.9698364008179959,0.029101856497742096,0.1439940202108114,0.0245733111111516,-0.1194207090996598
fedavg,42,bearing,pooled,cnn-ae,K003,fuzzy_warning_as_alarm_hi50,0.05838693715982187,0.16216216216216217,0.9698364008179959,0.029101856497742096,0.1439940202108114,0.0245733111111516,-0.1194207090996598
fedavg,42,bearing,pooled,cnn-ae,K003,fuzzy_fault_only_hi75,0.009150991357397052,0.05405405405405406,0.995398773006135,0.029101856497742096,0.1439940202108114,0.0245733111111516,-0.1194207090996598
fedavg,42,bearing,client_specific,cnn-ae,K004,hard_val_p95,0.17682643089809214,0.08333333333333333,0.9028629856850716,0.03965863453815261,0.13380849112404702,0.1290486303714042,-0.004759860752642814
fedavg,42,bearing,client_specific,cnn-ae,K004,fuzzy_warning_as_alarm_hi50,0.17682643089809214,0.08333333333333333,0.9028629856850716,0.03965863453815261,0.13380849112404702,0.1290486303714042,-0.004759860752642814
fedavg,42,bearing,client_specific,cnn-ae,K004,fuzzy_fault_only_hi75,0.12631578947368421,0.05555555555555555,0.9325153374233128,0.03965863453815261,0.13380849112404702,0.1290486303714042,-0.004759860752642814
fedavg,42,bearing,pooled,cnn-ae,K004,hard_val_p95,0.05853174603174603,0.027777777777777776,0.9698364008179959,0.02710843373493976,0.022436999455651512,0.0245733111111516,0.0021363116555000866
fedavg,42,bearing,pooled,cnn-ae,K004,fuzzy_warning_as_alarm_hi50,0.05853174603174603,0.027777777777777776,0.9698364008179959,0.02710843373493976,0.022436999455651512,0.0245733111111516,0.0021363116555000866
fedavg,42,bearing,pooled,cnn-ae,K004,fuzzy_fault_only_hi75,0.00916030534351145,0.0,0.995398773006135,0.02710843373493976,0.022436999455651512,0.0245733111111516,0.0021363116555000866
fedavg,42,bearing,client_specific,cnn-ae,K005,hard_val_p95,0.3434599156118143,0.19444444444444445,0.7919222903885481,0.10190763052208836,0.2683057981798097,0.2631907220570334,-0.005115076122776285
fedavg,42,bearing,client_specific,cnn-ae,K005,fuzzy_warning_as_alarm_hi50,0.3434599156118143,0.19444444444444445,0.7919222903885481,0.10190763052208836,0.2683057981798097,0.2631907220570334,-0.005115076122776285
fedavg,42,bearing,client_specific,cnn-ae,K005,fuzzy_fault_only_hi75,0.31732418524871353,0.16666666666666666,0.810838445807771,0.10190763052208836,0.2683057981798097,0.2631907220570334,-0.005115076122776285
fedavg,42,bearing,pooled,cnn-ae,K005,hard_val_p95,0.058560794044665014,0.0,0.9698364008179959,0.026606425702811246,0.005578237869379019,0.0245733111111516,0.01899507324177258
fedavg,42,bearing,pooled,cnn-ae,K005,fuzzy_warning_as_alarm_hi50,0.058560794044665014,0.0,0.9698364008179959,0.026606425702811246,0.005578237869379019,0.0245733111111516,0.01899507324177258
fedavg,42,bearing,pooled,cnn-ae,K005,fuzzy_fault_only_hi75,0.00916030534351145,0.0,0.995398773006135,0.026606425702811246,0.005578237869379019,0.0245733111111516,0.01899507324177258
fedavg,42,bearing,client_specific,cnn-ae,K006,hard_val_p95,0.06899950714637752,0.08333333333333333,0.9642126789366053,0.006024096385542169,0.0939253619494108,0.04392395576815334,-0.05000140618125746
fedavg,42,bearing,client_specific,cnn-ae,K006,fuzzy_warning_as_alarm_hi50,0.06899950714637752,0.08333333333333333,0.9642126789366053,0.006024096385542169,0.0939253619494108,0.04392395576815334,-0.05000140618125746
fedavg,42,bearing,client_specific,cnn-ae,K006,fuzzy_fault_only_hi75,0.06042595344229817,0.05555555555555555,0.9688139059304703,0.006024096385542169,0.0939253619494108,0.04392395576815334,-0.05000140618125746
fedavg,42,bearing,pooled,cnn-ae,K006,hard_val_p95,0.05850272682201289,0.05555555555555555,0.9698364008179959,0.02710843373493976,0.0647559852909246,0.0245733111111516,-0.040182674179773004
fedavg,42,bearing,pooled,cnn-ae,K006,fuzzy_warning_as_alarm_hi50,0.05850272682201289,0.05555555555555555,0.9698364008179959,0.02710843373493976,0.0647559852909246,0.0245733111111516,-0.040182674179773004
fedavg,42,bearing,pooled,cnn-ae,K006,fuzzy_fault_only_hi75,0.009150991357397052,0.05555555555555555,0.995398773006135,0.02710843373493976,0.0647559852909246,0.0245733111111516,-0.040182674179773004
fedavg,42,bearing,client_specific,cnn-ae,K001,hard_val_p95,0.0,0.0,1.0,0.0015060240963855422,0.009276437805069333,0.005464384227787542,-0.0038120535772817902
fedavg,42,bearing,client_specific,cnn-ae,K001,fuzzy_warning_as_alarm_hi50,0.0,0.0,1.0,0.0015060240963855422,0.009276437805069333,0.005464384227787542,-0.0038120535772817902
fedavg,42,bearing,client_specific,cnn-ae,K001,fuzzy_fault_only_hi75,0.0,0.0,1.0,0.0015060240963855422,0.009276437805069333,0.005464384227787542,-0.0038120535772817902
fedavg,42,bearing,pooled,cnn-ae,K001,hard_val_p95,0.05467196819085487,0.027777777777777776,0.971881390593047,0.030622489959839357,0.034513438468343066,0.02676444186625441,-0.007748996602088658
fedavg,42,bearing,pooled,cnn-ae,K001,fuzzy_warning_as_alarm_hi50,0.05467196819085487,0.027777777777777776,0.971881390593047,0.030622489959839357,0.034513438468343066,0.02676444186625441,-0.007748996602088658
fedavg,42,bearing,pooled,cnn-ae,K001,fuzzy_fault_only_hi75,0.010167768174885612,0.027777777777777776,0.9948875255623721,0.030622489959839357,0.034513438468343066,0.02676444186625441,-0.007748996602088658
fedavg,42,bearing,client_specific,cnn-ae,K002,hard_val_p95,0.1237410071942446,0.0,0.9340490797546013,0.04116465863453815,0.017678278513747144,0.062762130533019,0.045083852019271856
fedavg,42,bearing,client_specific,cnn-ae,K002,fuzzy_warning_as_alarm_hi50,0.1237410071942446,0.0,0.9340490797546013,0.04116465863453815,0.017678278513747144,0.062762130533019,0.045083852019271856
fedavg,42,bearing,client_specific,cnn-ae,K002,fuzzy_fault_only_hi75,0.06048587010411502,0.0,0.9688139059304703,0.04116465863453815,0.017678278513747144,0.062762130533019,0.045083852019271856
fedavg,42,bearing,pooled,cnn-ae,K002,hard_val_p95,0.05469915464942814,0.0,0.971881390593047,0.030622489959839357,0.0028097090386266944,0.02676444186625441,0.023954732827627716
fedavg,42,bearing,pooled,cnn-ae,K002,fuzzy_warning_as_alarm_hi50,0.05469915464942814,0.0,0.971881390593047,0.030622489959839357,0.0028097090386266944,0.02676444186625441,0.023954732827627716
fedavg,42,bearing,pooled,cnn-ae,K002,fuzzy_fault_only_hi75,0.01017293997965412,0.0,0.9948875255623721,0.030622489959839357,0.0028097090386266944,0.02676444186625441,0.023954732827627716
fedavg,42,bearing,client_specific,cnn-ae,K003,hard_val_p95,0.01719777440566515,0.10810810810810811,0.9913087934560327,0.019066733567486203,0.10481195070860704,0.014744867643932628,-0.09006708306467441
fedavg,42,bearing,client_specific,cnn-ae,K003,fuzzy_warning_as_alarm_hi50,0.01719777440566515,0.10810810810810811,0.9913087934560327,0.019066733567486203,0.10481195070860704,0.014744867643932628,-0.09006708306467441
fedavg,42,bearing,client_specific,cnn-ae,K003,fuzzy_fault_only_hi75,0.004077471967380225,0.05405405405405406,0.9979550102249489,0.019066733567486203,0.10481195070860704,0.014744867643932628,-0.09006708306467441
fedavg,42,bearing,pooled,cnn-ae,K003,hard_val_p95,0.05453644025780863,0.16216216216216217,0.971881390593047,0.03311590566984446,0.1346857200092286,0.02676444186625441,-0.1079212781429742
fedavg,42,bearing,pooled,cnn-ae,K003,fuzzy_warning_as_alarm_hi50,0.05453644025780863,0.16216216216216217,0.971881390593047,0.03311590566984446,0.1346857200092286,0.02676444186625441,-0.1079212781429742
fedavg,42,bearing,pooled,cnn-ae,K003,fuzzy_fault_only_hi75,0.01016260162601626,0.05405405405405406,0.9948875255623721,0.03311590566984446,0.1346857200092286,0.02676444186625441,-0.1079212781429742
fedavg,42,bearing,client_specific,cnn-ae,K004,hard_val_p95,0.14576431613819216,0.08333333333333333,0.9212678936605317,0.02459839357429719,0.09155969073104141,0.08437773507510744,-0.007181955655933964
fedavg,42,bearing,client_specific,cnn-ae,K004,fuzzy_warning_as_alarm_hi50,0.14576431613819216,0.08333333333333333,0.9212678936605317,0.02459839357429719,0.09155969073104141,0.08437773507510744,-0.007181955655933964
fedavg,42,bearing,client_specific,cnn-ae,K004,fuzzy_fault_only_hi75,0.11453320500481232,0.08333333333333333,0.939161554192229,0.02459839357429719,0.09155969073104141,0.08437773507510744,-0.007181955655933964
fedavg,42,bearing,pooled,cnn-ae,K004,hard_val_p95,0.05467196819085487,0.027777777777777776,0.971881390593047,0.03112449799196787,0.022963361538815244,0.02676444186625441,0.0038010803274391644
fedavg,42,bearing,pooled,cnn-ae,K004,fuzzy_warning_as_alarm_hi50,0.05467196819085487,0.027777777777777776,0.971881390593047,0.03112449799196787,0.022963361538815244,0.02676444186625441,0.0038010803274391644
fedavg,42,bearing,pooled,cnn-ae,K004,fuzzy_fault_only_hi75,0.01017293997965412,0.0,0.9948875255623721,0.03112449799196787,0.022963361538815244,0.02676444186625441,0.0038010803274391644
fedavg,42,bearing,client_specific,cnn-ae,K005,hard_val_p95,0.31556319862424764,0.08333333333333333,0.8123721881390593,0.09487951807228916,0.2153696016691573,0.24049740717599416,0.025127805506836853
fedavg,42,bearing,client_specific,cnn-ae,K005,fuzzy_warning_as_alarm_hi50,0.31556319862424764,0.08333333333333333,0.8123721881390593,0.09487951807228916,0.2153696016691573,0.24049740717599416,0.025127805506836853
fedavg,42,bearing,client_specific,cnn-ae,K005,fuzzy_fault_only_hi75,0.27855887521968364,0.08333333333333333,0.8379345603271984,0.09487951807228916,0.2153696016691573,0.24049740717599416,0.025127805506836853
fedavg,42,bearing,pooled,cnn-ae,K005,hard_val_p95,0.05469915464942814,0.0,0.971881390593047,0.030622489959839357,0.0050386671057524495,0.02676444186625441,0.02172577476050196
fedavg,42,bearing,pooled,cnn-ae,K005,fuzzy_warning_as_alarm_hi50,0.05469915464942814,0.0,0.971881390593047,0.030622489959839357,0.0050386671057524495,0.02676444186625441,0.02172577476050196
fedavg,42,bearing,pooled,cnn-ae,K005,fuzzy_fault_only_hi75,0.01017293997965412,0.0,0.9948875255623721,0.030622489959839357,0.0050386671057524495,0.02676444186625441,0.02172577476050196
fedavg,42,bearing,client_specific,cnn-ae,K006,hard_val_p95,0.07654563297350343,0.1111111111111111,0.9601226993865031,0.02610441767068273,0.0994015131066289,0.04730231883305764,-0.05209919427357126
fedavg,42,bearing,client_specific,cnn-ae,K006,fuzzy_warning_as_alarm_hi50,0.07654563297350343,0.1111111111111111,0.9601226993865031,0.02610441767068273,0.0994015131066289,0.04730231883305764,-0.05209919427357126
fedavg,42,bearing,client_specific,cnn-ae,K006,fuzzy_fault_only_hi75,0.061386138613861385,0.05555555555555555,0.9683026584867076,0.02610441767068273,0.0994015131066289,0.04730231883305764,-0.05209919427357126
fedavg,42,bearing,pooled,cnn-ae,K006,hard_val_p95,0.0546448087431694,0.05555555555555555,0.971881390593047,0.03112449799196787,0.06781416890593527,0.02676444186625441,-0.04104972703968086
fedavg,42,bearing,pooled,cnn-ae,K006,fuzzy_warning_as_alarm_hi50,0.0546448087431694,0.05555555555555555,0.971881390593047,0.03112449799196787,0.06781416890593527,0.02676444186625441,-0.04104972703968086
fedavg,42,bearing,pooled,cnn-ae,K006,fuzzy_fault_only_hi75,0.010167768174885612,0.027777777777777776,0.9948875255623721,0.03112449799196787,0.06781416890593527,0.02676444186625441,-0.04104972703968086
fedavg,42,bearing,client_specific,cnn-ae,K001,hard_val_p95,0.001021972406745018,0.0,0.9994887525562373,0.000502008032128514,0.0062882059575242455,0.0033912895802124484,-0.002896916377311797
fedavg,42,bearing,client_specific,cnn-ae,K001,fuzzy_warning_as_alarm_hi50,0.001021972406745018,0.0,0.9994887525562373,0.000502008032128514,0.0062882059575242455,0.0033912895802124484,-0.002896916377311797
fedavg,42,bearing,client_specific,cnn-ae,K001,fuzzy_fault_only_hi75,0.001021972406745018,0.0,0.9994887525562373,0.000502008032128514,0.0062882059575242455,0.0033912895802124484,-0.002896916377311797
fedavg,42,bearing,pooled,cnn-ae,K001,hard_val_p95,0.046906187624750496,0.027777777777777776,0.9759713701431493,0.023092369477911646,0.031107019450372204,0.021366390434506447,-0.009740629015865757
fedavg,42,bearing,pooled,cnn-ae,K001,fuzzy_warning_as_alarm_hi50,0.046906187624750496,0.027777777777777776,0.9759713701431493,0.023092369477911646,0.031107019450372204,0.021366390434506447,-0.009740629015865757
fedavg,42,bearing,pooled,cnn-ae,K001,fuzzy_fault_only_hi75,0.006113092205807438,0.027777777777777776,0.9969325153374233,0.023092369477911646,0.031107019450372204,0.021366390434506447,-0.009740629015865757
fedavg,42,bearing,client_specific,cnn-ae,K002,hard_val_p95,0.08321096426823299,0.05555555555555555,0.9565439672801636,0.04919678714859438,0.0692752992169337,0.07932030783359036,0.01004500861665665
fedavg,42,bearing,client_specific,cnn-ae,K002,fuzzy_warning_as_alarm_hi50,0.08321096426823299,0.05555555555555555,0.9565439672801636,0.04919678714859438,0.0692752992169337,0.07932030783359036,0.01004500861665665
fedavg,42,bearing,client_specific,cnn-ae,K002,fuzzy_fault_only_hi75,0.04790419161676647,0.0,0.9754601226993865,0.04919678714859438,0.0692752992169337,0.07932030783359036,0.01004500861665665
fedavg,42,bearing,pooled,cnn-ae,K002,hard_val_p95,0.046929605591612585,0.0,0.9759713701431493,0.023092369477911646,0.006691571573746859,0.021366390434506447,0.014674818860759588
fedavg,42,bearing,pooled,cnn-ae,K002,fuzzy_warning_as_alarm_hi50,0.046929605591612585,0.0,0.9759713701431493,0.023092369477911646,0.006691571573746859,0.021366390434506447,0.014674818860759588
fedavg,42,bearing,pooled,cnn-ae,K002,fuzzy_fault_only_hi75,0.0061162079510703364,0.0,0.9969325153374233,0.023092369477911646,0.006691571573746859,0.021366390434506447,0.014674818860759588
fedavg,42,bearing,client_specific,cnn-ae,K003,hard_val_p95,0.020222446916076844,0.05405405405405406,0.9897750511247444,0.015554440541896638,0.08631421997145262,0.011377218118662977,-0.07493700185278965
fedavg,42,bearing,client_specific,cnn-ae,K003,fuzzy_warning_as_alarm_hi50,0.020222446916076844,0.05405405405405406,0.9897750511247444,0.015554440541896638,0.08631421997145262,0.011377218118662977,-0.07493700185278965
fedavg,42,bearing,client_specific,cnn-ae,K003,fuzzy_fault_only_hi75,0.006109979633401222,0.05405405405405406,0.9969325153374233,0.015554440541896638,0.08631421997145262,0.011377218118662977,-0.07493700185278965
fedavg,42,bearing,pooled,cnn-ae,K003,hard_val_p95,0.046812749003984064,0.13513513513513514,0.9759713701431493,0.025087807325639738,0.12855333383566842,0.021366390434506447,-0.10718694340116197
fedavg,42,bearing,pooled,cnn-ae,K003,fuzzy_warning_as_alarm_hi50,0.046812749003984064,0.13513513513513514,0.9759713701431493,0.025087807325639738,0.12855333383566842,0.021366390434506447,-0.10718694340116197
fedavg,42,bearing,pooled,cnn-ae,K003,fuzzy_fault_only_hi75,0.006109979633401222,0.05405405405405406,0.9969325153374233,0.025087807325639738,0.12855333383566842,0.021366390434506447,-0.10718694340116197
fedavg,42,bearing,client_specific,cnn-ae,K004,hard_val_p95,0.1561618062088429,0.1111111111111111,0.9151329243353783,0.060240963855421686,0.12451776702528956,0.10373247683761382,-0.020785290187675748
fedavg,42,bearing,client_specific,cnn-ae,K004,fuzzy_warning_as_alarm_hi50,0.1561618062088429,0.1111111111111111,0.9151329243353783,0.060240963855421686,0.12451776702528956,0.10373247683761382,-0.020785290187675748
fedavg,42,bearing,client_specific,cnn-ae,K004,fuzzy_fault_only_hi75,0.07756504663721159,0.05555555555555555,0.9596114519427403,0.060240963855421686,0.12451776702528956,0.10373247683761382,-0.020785290187675748
fedavg,42,bearing,pooled,cnn-ae,K004,hard_val_p95,0.046906187624750496,0.027777777777777776,0.9759713701431493,0.02359437751004016,0.02124004043193902,0.021366390434506447,0.0001263500025674262
fedavg,42,bearing,pooled,cnn-ae,K004,fuzzy_warning_as_alarm_hi50,0.046906187624750496,0.027777777777777776,0.9759713701431493,0.02359437751004016,0.02124004043193902,0.021366390434506447,0.0001263500025674262
fedavg,42,bearing,pooled,cnn-ae,K004,fuzzy_fault_only_hi75,0.0061162079510703364,0.0,0.9969325153374233,0.02359437751004016,0.02124004043193902,0.021366390434506447,0.0001263500025674262
fedavg,42,bearing,client_specific,cnn-ae,K005,hard_val_p95,0.3881821912187115,0.2222222222222222,0.7581799591002045,0.12349397590361445,0.28362546161121605,0.29471897450395107,0.011093512892735025
fedavg,42,bearing,client_specific,cnn-ae,K005,fuzzy_warning_as_alarm_hi50,0.3881821912187115,0.2222222222222222,0.7581799591002045,0.12349397590361445,0.28362546161121605,0.29471897450395107,0.011093512892735025
fedavg,42,bearing,client_specific,cnn-ae,K005,fuzzy_fault_only_hi75,0.34778947368421054,0.16666666666666666,0.7888548057259713,0.12349397590361445,0.28362546161121605,0.29471897450395107,0.011093512892735025
fedavg,42,bearing,pooled,cnn-ae,K005,hard_val_p95,0.046929605591612585,0.0,0.9759713701431493,0.023092369477911646,0.00744701313922471,0.021366390434506447,0.013919377295281737
fedavg,42,bearing,pooled,cnn-ae,K005,fuzzy_warning_as_alarm_hi50,0.046929605591612585,0.0,0.9759713701431493,0.023092369477911646,0.00744701313922471,0.021366390434506447,0.013919377295281737
fedavg,42,bearing,pooled,cnn-ae,K005,fuzzy_fault_only_hi75,0.0061162079510703364,0.0,0.9969325153374233,0.023092369477911646,0.00744701313922471,0.021366390434506447,0.013919377295281737
fedavg,42,bearing,client_specific,cnn-ae,K006,hard_val_p95,0.05943536404160475,0.08333333333333333,0.9693251533742331,0.007028112449799197,0.08942605926703112,0.039636933929328946,-0.049789125337702175
fedavg,42,bearing,client_specific,cnn-ae,K006,fuzzy_warning_as_alarm_hi50,0.05943536404160475,0.08333333333333333,0.9693251533742331,0.007028112449799197,0.08942605926703112,0.039636933929328946,-0.049789125337702175
fedavg,42,bearing,client_specific,cnn-ae,K006,fuzzy_fault_only_hi75,0.048829098156452415,0.05555555555555555,0.9749488752556237,0.007028112449799197,0.08942605926703112,0.039636933929328946,-0.049789125337702175
fedavg,42,bearing,pooled,cnn-ae,K006,hard_val_p95,0.04688279301745636,0.05555555555555555,0.9759713701431493,0.02359437751004016,0.058317906797514044,0.021366390434506447,-0.0369515163630076
fedavg,42,bearing,pooled,cnn-ae,K006,fuzzy_warning_as_alarm_hi50,0.04688279301745636,0.05555555555555555,0.9759713701431493,0.02359437751004016,0.058317906797514044,0.021366390434506447,-0.0369515163630076
fedavg,42,bearing,pooled,cnn-ae,K006,fuzzy_fault_only_hi75,0.006113092205807438,0.027777777777777776,0.9969325153374233,0.02359437751004016,0.058317906797514044,0.021366390434506447,-0.0369515163630076
fedavg-personalized,42,bearing,client_specific,cnn-ae,K001,hard_val_p95,0.0020429009193054137,0.0,0.9989775051124744,0.000502008032128514,0.006510886445200551,0.0026299210216088422,-0.003880965423591709
fedavg-personalized,42,bearing,client_specific,cnn-ae,K001,fuzzy_warning_as_alarm_hi50,0.0020429009193054137,0.0,0.9989775051124744,0.000502008032128514,0.006510886445200551,0.0026299210216088422,-0.003880965423591709
fedavg-personalized,42,bearing,client_specific,cnn-ae,K001,fuzzy_fault_only_hi75,0.001021972406745018,0.0,0.9994887525562373,0.000502008032128514,0.006510886445200551,0.0026299210216088422,-0.003880965423591709
fedavg-personalized,42,bearing,client_specific,cnn-ae,K002,hard_val_p95,0.11832611832611832,0.0,0.9371165644171779,0.046686746987951805,0.015726814370821893,0.06439720980826999,0.0486703954374481
fedavg-personalized,42,bearing,client_specific,cnn-ae,K002,fuzzy_warning_as_alarm_hi50,0.11832611832611832,0.0,0.9371165644171779,0.046686746987951805,0.015726814370821893,0.06439720980826999,0.0486703954374481
fedavg-personalized,42,bearing,client_specific,cnn-ae,K002,fuzzy_fault_only_hi75,0.058560794044665014,0.0,0.9698364008179959,0.046686746987951805,0.015726814370821893,0.06439720980826999,0.0486703954374481
fedavg-personalized,42,bearing,client_specific,cnn-ae,K003,hard_val_p95,0.021222839818089943,0.05405405405405406,0.9892638036809815,0.012543903662819869,0.08626941129740494,0.011376272034713043,-0.0748931392626919
fedavg-personalized,42,bearing,client_specific,cnn-ae,K003,fuzzy_warning_as_alarm_hi50,0.021222839818089943,0.05405405405405406,0.9892638036809815,0.012543903662819869,0.08626941129740494,0.011376272034713043,-0.0748931392626919
fedavg-personalized,42,bearing,client_specific,cnn-ae,K003,fuzzy_fault_only_hi75,0.009150991357397052,0.05405405405405406,0.995398773006135,0.012543903662819869,0.08626941129740494,0.011376272034713043,-0.0748931392626919
fedavg-personalized,42,bearing,client_specific,cnn-ae,K004,hard_val_p95,0.17936802973977695,0.08333333333333333,0.9013292433537833,0.09036144578313253,0.09494240590539622,0.1057824817289356,0.01084007582353938
fedavg-personalized,42,bearing,client_specific,cnn-ae,K004,fuzzy_warning_as_alarm_hi50,0.17936802973977695,0.08333333333333333,0.9013292433537833,0.09036144578313253,0.09494240590539622,0.1057824817289356,0.01084007582353938
fedavg-personalized,42,bearing,client_specific,cnn-ae,K004,fuzzy_fault_only_hi75,0.08602150537634409,0.05555555555555555,0.9550102249488752,0.09036144578313253,0.09494240590539622,0.1057824817289356,0.01084007582353938
fedavg-personalized,42,bearing,client_specific,cnn-ae,K005,hard_val_p95,0.44144501786423185,0.19444444444444445,0.7157464212678937,0.13654618473895583,0.2803066262236239,0.33277984608317174,0.05247321985954784
fedavg-personalized,42,bearing,client_specific,cnn-ae,K005,fuzzy_warning_as_alarm_hi50,0.44144501786423185,0.19444444444444445,0.7157464212678937,0.13654618473895583,0.2803066262236239,0.33277984608317174,0.05247321985954784
fedavg-personalized,42,bearing,client_specific,cnn-ae,K005,fuzzy_fault_only_hi75,0.3773272652047993,0.1388888888888889,0.7668711656441718,0.13654618473895583,0.2803066262236239,0.33277984608317174,0.05247321985954784
fedavg-personalized,42,bearing,client_specific,cnn-ae,K006,hard_val_p95,0.04878048780487805,0.1111111111111111,0.9749488752556237,0.053714859437751006,0.11271791363361133,0.052017156297835467,-0.060700757335775866
fedavg-personalized,42,bearing,client_specific,cnn-ae,K006,fuzzy_warning_as_alarm_hi50,0.04878048780487805,0.1111111111111111,0.9749488752556237,0.053714859437751006,0.11271791363361133,0.052017156297835467,-0.060700757335775866
fedavg-personalized,42,bearing,client_specific,cnn-ae,K006,fuzzy_fault_only_hi75,0.016218955904713634,0.027777777777777776,0.9918200408997955,0.053714859437751006,0.11271791363361133,0.052017156297835467,-0.060700757335775866
fedprox,42,bearing,client_specific,cnn-ae,K001,hard_val_p95,0.007131940906775344,0.0,0.9964212678936605,0.014558232931726908,0.057464246534680616,0.041168070523544736,-0.01629617601113588
fedprox,42,bearing,client_specific,cnn-ae,K001,fuzzy_warning_as_alarm_hi50,0.007131940906775344,0.0,0.9964212678936605,0.014558232931726908,0.057464246534680616,0.041168070523544736,-0.01629617601113588
fedprox,42,bearing,client_specific,cnn-ae,K001,fuzzy_fault_only_hi75,0.005099439061703213,0.0,0.9974437627811861,0.014558232931726908,0.057464246534680616,0.041168070523544736,-0.01629617601113588
fedprox,42,bearing,pooled,cnn-ae,K001,hard_val_p95,0.04004004004004004,0.05555555555555555,0.9795501022494888,0.0356425702811245,0.10223043499746173,0.0698028592873584,-0.03242757571010334
fedprox,42,bearing,pooled,cnn-ae,K001,fuzzy_warning_as_alarm_hi50,0.04004004004004004,0.05555555555555555,0.9795501022494888,0.0356425702811245,0.10223043499746173,0.0698028592873584,-0.03242757571010334
fedprox,42,bearing,pooled,cnn-ae,K001,fuzzy_fault_only_hi75,0.019230769230769232,0.027777777777777776,0.9902862985685071,0.0356425702811245,0.10223043499746173,0.0698028592873584,-0.03242757571010334
fedprox,42,bearing,client_specific,cnn-ae,K002,hard_val_p95,0.04495504495504495,0.027777777777777776,0.9769938650306749,0.021586345381526106,0.08663144861987968,0.06217338578661444,-0.024458062833265237
fedprox,42,bearing,client_specific,cnn-ae,K002,fuzzy_warning_as_alarm_hi50,0.04495504495504495,0.027777777777777776,0.9769938650306749,0.021586345381526106,0.08663144861987968,0.06217338578661444,-0.024458062833265237
fedprox,42,bearing,client_specific,cnn-ae,K002,fuzzy_fault_only_hi75,0.030211480362537766,0.0,0.9846625766871165,0.021586345381526106,0.08663144861987968,0.06217338578661444,-0.024458062833265237
fedprox,42,bearing,pooled,cnn-ae,K002,hard_val_p95,0.04008016032064128,0.0,0.9795501022494888,0.035140562248995984,0.09427554954777714,0.0698028592873584,-0.024472690260418747
fedprox,42,bearing,pooled,cnn-ae,K002,fuzzy_warning_as_alarm_hi50,0.04008016032064128,0.0,0.9795501022494888,0.035140562248995984,0.09427554954777714,0.0698028592873584,-0.024472690260418747
fedprox,42,bearing,pooled,cnn-ae,K002,fuzzy_fault_only_hi75,0.019240506329113925,0.0,0.9902862985685071,0.035140562248995984,0.09427554954777714,0.0698028592873584,-0.024472690260418747
fedprox,42,bearing,client_specific,cnn-ae,K003,hard_val_p95,0.05952380952380952,0.0,0.9693251533742331,0.03361766181635725,0.06773007858926713,0.07445974743734739,0.006729668848080253
fedprox,42,bearing,client_specific,cnn-ae,K003,fuzzy_warning_as_alarm_hi50,0.05952380952380952,0.0,0.9693251533742331,0.03361766181635725,0.06773007858926713,0.07445974743734739,0.006729668848080253
fedprox,42,bearing,client_specific,cnn-ae,K003,fuzzy_fault_only_hi75,0.03712995484194681,0.0,0.9810838445807771,0.03361766181635725,0.06773007858926713,0.07445974743734739,0.006729668848080253
fedprox,42,bearing,pooled,cnn-ae,K003,hard_val_p95,0.04008016032064128,0.0,0.9795501022494888,0.03411941796287005,0.06173981003828059,0.0698028592873584,0.008063049249077803
fedprox,42,bearing,pooled,cnn-ae,K003,fuzzy_warning_as_alarm_hi50,0.04008016032064128,0.0,0.9795501022494888,0.03411941796287005,0.06173981003828059,0.0698028592873584,0.008063049249077803
fedprox,42,bearing,pooled,cnn-ae,K003,fuzzy_fault_only_hi75,0.019240506329113925,0.0,0.9902862985685071,0.03411941796287005,0.06173981003828059,0.0698028592873584,0.008063049249077803
fedprox,42,bearing,client_specific,cnn-ae,K004,hard_val_p95,0.1986206896551724,0.08333333333333333,0.8895705521472392,0.07028112449799197,0.12341340225375018,0.15761485486945115,0.03420145261570097
fedprox,42,bearing,client_specific,cnn-ae,K004,fuzzy_warning_as_alarm_hi50,0.1986206896551724,0.08333333333333333,0.8895705521472392,0.07028112449799197,0.12341340225375018,0.15761485486945115,0.03420145261570097
fedprox,42,bearing,client_specific,cnn-ae,K004,fuzzy_fault_only_hi75,0.1510146295422369,0.08333333333333333,0.918200408997955,0.07028112449799197,0.12341340225375018,0.15761485486945115,0.03420145261570097
fedprox,42,bearing,pooled,cnn-ae,K004,hard_val_p95,0.04008016032064128,0.0,0.9795501022494888,0.033634538152610444,0.041021567042661244,0.0698028592873584,0.02878129224469715
fedprox,42,bearing,pooled,cnn-ae,K004,fuzzy_warning_as_alarm_hi50,0.04008016032064128,0.0,0.9795501022494888,0.033634538152610444,0.041021567042661244,0.0698028592873584,0.02878129224469715
fedprox,42,bearing,pooled,cnn-ae,K004,fuzzy_fault_only_hi75,0.019240506329113925,0.0,0.9902862985685071,0.033634538152610444,0.041021567042661244,0.0698028592873584,0.02878129224469715
fedprox,42,bearing,client_specific,cnn-ae,K005,hard_val_p95,0.0869140625,0.08333333333333333,0.9544989775051125,0.06325301204819277,0.11087287578719941,0.1226260382923464,0.011753162505146991
fedprox,42,bearing,client_specific,cnn-ae,K005,fuzzy_warning_as_alarm_hi50,0.0869140625,0.08333333333333333,0.9544989775051125,0.06325301204819277,0.11087287578719941,0.1226260382923464,0.011753162505146991
fedprox,42,bearing,client_specific,cnn-ae,K005,fuzzy_fault_only_hi75,0.055666003976143144,0.0,0.9713701431492843,0.06325301204819277,0.11087287578719941,0.1226260382923464,0.011753162505146991
fedprox,42,bearing,pooled,cnn-ae,K005,hard_val_p95,0.04008016032064128,0.0,0.9795501022494888,0.03413654618473896,0.055978114228370325,0.0698028592873584,0.01382474505898807
fedprox,42,bearing,pooled,cnn-ae,K005,fuzzy_warning_as_alarm_hi50,0.04008016032064128,0.0,0.9795501022494888,0.03413654618473896,0.055978114228370325,0.0698028592873584,0.01382474505898807
fedprox,42,bearing,pooled,cnn-ae,K005,fuzzy_fault_only_hi75,0.019240506329113925,0.0,0.9902862985685071,0.03413654618473896,0.055978114228370325,0.0698028592873584,0.01382474505898807
fedprox,42,bearing,client_specific,cnn-ae,K006,hard_val_p95,0.03707414829659319,0.08333333333333333,0.9810838445807771,0.025100401606425703,0.1669833923484916,0.07009669974711177,-0.09688669260137983
fedprox,42,bearing,client_specific,cnn-ae,K006,fuzzy_warning_as_alarm_hi50,0.03707414829659319,0.08333333333333333,0.9810838445807771,0.025100401606425703,0.1669833923484916,0.07009669974711177,-0.09688669260137983
fedprox,42,bearing,client_specific,cnn-ae,K006,fuzzy_fault_only_hi75,0.019211324570273004,0.08333333333333333,0.9902862985685071,0.025100401606425703,0.1669833923484916,0.07009669974711177,-0.09688669260137983
fedprox,42,bearing,pooled,cnn-ae,K006,hard_val_p95,0.04,0.1111111111111111,0.9795501022494888,0.035140562248995984,0.17091818292175576,0.0698028592873584,-0.10111532363439736
fedprox,42,bearing,pooled,cnn-ae,K006,fuzzy_warning_as_alarm_hi50,0.04,0.1111111111111111,0.9795501022494888,0.035140562248995984,0.17091818292175576,0.0698028592873584,-0.10111532363439736
fedprox,42,bearing,pooled,cnn-ae,K006,fuzzy_fault_only_hi75,0.019211324570273004,0.08333333333333333,0.9902862985685071,0.035140562248995984,0.17091818292175576,0.0698028592873584,-0.10111532363439736
fedprox,42,bearing,client_specific,cnn-ae,K001,hard_val_p95,0.009146341463414634,0.08333333333333333,0.995398773006135,0.01957831325301205,0.08803890850329123,0.02453380676612032,-0.0635051017371709
fedprox,42,bearing,client_specific,cnn-ae,K001,fuzzy_warning_as_alarm_hi50,0.009146341463414634,0.08333333333333333,0.995398773006135,0.01957831325301205,0.08803890850329123,0.02453380676612032,-0.0635051017371709
fedprox,42,bearing,client_specific,cnn-ae,K001,fuzzy_fault_only_hi75,0.0020429009193054137,0.0,0.9989775051124744,0.01957831325301205,0.08803890850329123,0.02453380676612032,-0.0635051017371709
fedprox,42,bearing,pooled,cnn-ae,K001,hard_val_p95,0.05168986083499006,0.1111111111111111,0.9734151329243353,0.03765060240963856,0.1827294049296245,0.06949796482240952,-0.11323144010721498
fedprox,42,bearing,pooled,cnn-ae,K001,fuzzy_warning_as_alarm_hi50,0.05168986083499006,0.1111111111111111,0.9734151329243353,0.03765060240963856,0.1827294049296245,0.06949796482240952,-0.11323144010721498
fedprox,42,bearing,pooled,cnn-ae,K001,fuzzy_fault_only_hi75,0.0202122283981809,0.08333333333333333,0.9897750511247444,0.03765060240963856,0.1827294049296245,0.06949796482240952,-0.11323144010721498
fedprox,42,bearing,client_specific,cnn-ae,K002,hard_val_p95,0.12523900573613767,0.1388888888888889,0.9330265848670757,0.06676706827309237,0.18152748375513336,0.11487431609533374,-0.06665316765979962
fedprox,42,bearing,client_specific,cnn-ae,K002,fuzzy_warning_as_alarm_hi50,0.12523900573613767,0.1388888888888889,0.9330265848670757,0.06676706827309237,0.18152748375513336,0.11487431609533374,-0.06665316765979962
fedprox,42,bearing,client_specific,cnn-ae,K002,fuzzy_fault_only_hi75,0.08414872798434442,0.05555555555555555,0.9560327198364008,0.06676706827309237,0.18152748375513336,0.11487431609533374,-0.06665316765979962
fedprox,42,bearing,pooled,cnn-ae,K002,hard_val_p95,0.051741293532338306,0.05555555555555555,0.9734151329243353,0.03714859437751004,0.10628295711758969,0.06949796482240952,-0.03678499229518016
fedprox,42,bearing,pooled,cnn-ae,K002,fuzzy_warning_as_alarm_hi50,0.051741293532338306,0.05555555555555555,0.9734151329243353,0.03714859437751004,0.10628295711758969,0.06949796482240952,-0.03678499229518016
fedprox,42,bearing,pooled,cnn-ae,K002,fuzzy_fault_only_hi75,0.020232675771370764,0.027777777777777776,0.9897750511247444,0.03714859437751004,0.10628295711758969,0.06949796482240952,-0.03678499229518016
fedprox,42,bearing,client_specific,cnn-ae,K003,hard_val_p95,0.027204030226700253,0.05405405405405406,0.9861963190184049,0.017561465127947817,0.09804456785206875,0.037637955366870285,-0.06040661248519846
fedprox,42,bearing,client_specific,cnn-ae,K003,fuzzy_warning_as_alarm_hi50,0.027204030226700253,0.05405405405405406,0.9861963190184049,0.017561465127947817,0.09804456785206875,0.037637955366870285,-0.06040661248519846
fedprox,42,bearing,client_specific,cnn-ae,K003,fuzzy_fault_only_hi75,0.011178861788617886,0.02702702702702703,0.9943762781186094,0.017561465127947817,0.09804456785206875,0.037637955366870285,-0.06040661248519846
fedprox,42,bearing,pooled,cnn-ae,K003,hard_val_p95,0.05171556439582297,0.08108108108108109,0.9734151329243353,0.038133467134972406,0.16026412250028133,0.06949796482240952,-0.0907661576778718
fedprox,42,bearing,pooled,cnn-ae,K003,fuzzy_warning_as_alarm_hi50,0.05171556439582297,0.08108108108108109,0.9734151329243353,0.038133467134972406,0.16026412250028133,0.06949796482240952,-0.0907661576778718
fedprox,42,bearing,pooled,cnn-ae,K003,fuzzy_fault_only_hi75,0.020232675771370764,0.02702702702702703,0.9897750511247444,0.038133467134972406,0.16026412250028133,0.06949796482240952,-0.0907661576778718
fedprox,42,bearing,client_specific,cnn-ae,K004,hard_val_p95,0.39310627821091504,0.05555555555555555,0.7551124744376279,0.04317269076305221,0.10327717226870439,0.2928479697076134,0.189570797438909
fedprox,42,bearing,client_specific,cnn-ae,K004,fuzzy_warning_as_alarm_hi50,0.39310627821091504,0.05555555555555555,0.7551124744376279,0.04317269076305221,0.10327717226870439,0.2928479697076134,0.189570797438909
fedprox,42,bearing,client_specific,cnn-ae,K004,fuzzy_fault_only_hi75,0.36916666666666664,0.027777777777777776,0.773517382413088,0.04317269076305221,0.10327717226870439,0.2928479697076134,0.189570797438909
fedprox,42,bearing,pooled,cnn-ae,K004,hard_val_p95,0.05179282868525897,0.0,0.9734151329243353,0.03614457831325301,0.016321593244429503,0.06949796482240952,0.053176371577980025
fedprox,42,bearing,pooled,cnn-ae,K004,fuzzy_warning_as_alarm_hi50,0.05179282868525897,0.0,0.9734151329243353,0.03614457831325301,0.016321593244429503,0.06949796482240952,0.053176371577980025
fedprox,42,bearing,pooled,cnn-ae,K004,fuzzy_fault_only_hi75,0.020242914979757085,0.0,0.9897750511247444,0.03614457831325301,0.016321593244429503,0.06949796482240952,0.053176371577980025
fedprox,42,bearing,client_specific,cnn-ae,K005,hard_val_p95,0.5280180518992103,0.027777777777777776,0.6411042944785276,0.15060240963855423,0.10163924768940971,0.38864546080763024,0.2870062131182205
fedprox,42,bearing,client_specific,cnn-ae,K005,fuzzy_warning_as_alarm_hi50,0.5280180518992103,0.027777777777777776,0.6411042944785276,0.15060240963855423,0.10163924768940971,0.38864546080763024,0.2870062131182205
fedprox,42,bearing,client_specific,cnn-ae,K005,fuzzy_fault_only_hi75,0.44311853619729513,0.027777777777777776,0.7152351738241309,0.15060240963855423,0.10163924768940971,0.38864546080763024,0.2870062131182205
fedprox,42,bearing,pooled,cnn-ae,K005,hard_val_p95,0.05179282868525897,0.0,0.9734151329243353,0.03614457831325301,0.0060315601070519516,0.06949796482240952,0.06346640471535757
fedprox,42,bearing,pooled,cnn-ae,K005,fuzzy_warning_as_alarm_hi50,0.05179282868525897,0.0,0.9734151329243353,0.03614457831325301,0.0060315601070519516,0.06949796482240952,0.06346640471535757
fedprox,42,bearing,pooled,cnn-ae,K005,fuzzy_fault_only_hi75,0.020242914979757085,0.0,0.9897750511247444,0.03614457831325301,0.0060315601070519516,0.06949796482240952,0.06346640471535757
fedprox,42,bearing,client_specific,cnn-ae,K006,hard_val_p95,0.083984375,0.16666666666666666,0.9560327198364008,0.041666666666666664,0.2072999161336451,0.06887249708560868,-0.1384274190480364
fedprox,42,bearing,client_specific,cnn-ae,K006,fuzzy_warning_as_alarm_hi50,0.083984375,0.16666666666666666,0.9560327198364008,0.041666666666666664,0.2072999161336451,0.06887249708560868,-0.1384274190480364
fedprox,42,bearing,client_specific,cnn-ae,K006,fuzzy_fault_only_hi75,0.05651958353991076,0.1111111111111111,0.9708588957055214,0.041666666666666664,0.2072999161336451,0.06887249708560868,-0.1384274190480364
fedprox,42,bearing,pooled,cnn-ae,K006,hard_val_p95,0.051741293532338306,0.05555555555555555,0.9734151329243353,0.038654618473895584,0.18274751345219087,0.06949796482240952,-0.11324954862978134
fedprox,42,bearing,pooled,cnn-ae,K006,fuzzy_warning_as_alarm_hi50,0.051741293532338306,0.05555555555555555,0.9734151329243353,0.038654618473895584,0.18274751345219087,0.06949796482240952,-0.11324954862978134
fedprox,42,bearing,pooled,cnn-ae,K006,fuzzy_fault_only_hi75,0.020232675771370764,0.027777777777777776,0.9897750511247444,0.038654618473895584,0.18274751345219087,0.06949796482240952,-0.11324954862978134
fedprox,42,bearing,client_specific,cnn-ae,K001,hard_val_p95,0.0,0.027777777777777776,1.0,0.0025100401606425703,0.06628151902377913,0.00582516198649511,-0.06045635703728402
fedprox,42,bearing,client_specific,cnn-ae,K001,fuzzy_warning_as_alarm_hi50,0.0,0.027777777777777776,1.0,0.0025100401606425703,0.06628151902377913,0.00582516198649511,-0.06045635703728402
fedprox,42,bearing,client_specific,cnn-ae,K001,fuzzy_fault_only_hi75,0.0,0.0,1.0,0.0025100401606425703,0.06628151902377913,0.00582516198649511,-0.06045635703728402
fedprox,42,bearing,pooled,cnn-ae,K001,hard_val_p95,0.009146341463414634,0.08333333333333333,0.995398773006135,0.023092369477911646,0.1769386868641764,0.04190136399105656,-0.13503732287311984
fedprox,42,bearing,pooled,cnn-ae,K001,fuzzy_warning_as_alarm_hi50,0.009146341463414634,0.08333333333333333,0.995398773006135,0.023092369477911646,0.1769386868641764,0.04190136399105656,-0.13503732287311984
fedprox,42,bearing,pooled,cnn-ae,K001,fuzzy_fault_only_hi75,0.0,0.05555555555555555,1.0,0.023092369477911646,0.1769386868641764,0.04190136399105656,-0.13503732287311984
fedprox,42,bearing,client_specific,cnn-ae,K002,hard_val_p95,0.051741293532338306,0.05555555555555555,0.9734151329243353,0.04568273092369478,0.0971693453679375,0.05558867617402969,-0.041580669193907814
fedprox,42,bearing,client_specific,cnn-ae,K002,fuzzy_warning_as_alarm_hi50,0.051741293532338306,0.05555555555555555,0.9734151329243353,0.04568273092369478,0.0971693453679375,0.05558867617402969,-0.041580669193907814
fedprox,42,bearing,client_specific,cnn-ae,K002,fuzzy_fault_only_hi75,0.025227043390514632,0.027777777777777776,0.9872188139059305,0.04568273092369478,0.0971693453679375,0.05558867617402969,-0.041580669193907814
fedprox,42,bearing,pooled,cnn-ae,K002,hard_val_p95,0.00916030534351145,0.0,0.995398773006135,0.020582329317269075,0.063963428049201,0.04190136399105656,-0.022062064058144433
fedprox,42,bearing,pooled,cnn-ae,K002,fuzzy_warning_as_alarm_hi50,0.00916030534351145,0.0,0.995398773006135,0.020582329317269075,0.063963428049201,0.04190136399105656,-0.022062064058144433
fedprox,42,bearing,pooled,cnn-ae,K002,fuzzy_fault_only_hi75,0.0,0.0,1.0,0.020582329317269075,0.063963428049201,0.04190136399105656,-0.022062064058144433
fedprox,42,bearing,client_specific,cnn-ae,K003,hard_val_p95,0.0071174377224199285,0.10810810810810811,0.9964212678936605,0.009031610637230306,0.1349953509588552,0.011388290117401709,-0.1236070608414535
fedprox,42,bearing,client_specific,cnn-ae,K003,fuzzy_warning_as_alarm_hi50,0.0071174377224199285,0.10810810810810811,0.9964212678936605,0.009031610637230306,0.1349953509588552,0.011388290117401709,-0.1236070608414535
fedprox,42,bearing,client_specific,cnn-ae,K003,fuzzy_fault_only_hi75,0.0,0.05405405405405406,1.0,0.009031610637230306,0.1349953509588552,0.011388290117401709,-0.1236070608414535
fedprox,42,bearing,pooled,cnn-ae,K003,hard_val_p95,0.009141696292534281,0.10810810810810811,0.995398773006135,0.023582538886101356,0.1853422953178101,0.04190136399105656,-0.14344093132675353
fedprox,42,bearing,pooled,cnn-ae,K003,fuzzy_warning_as_alarm_hi50,0.009141696292534281,0.10810810810810811,0.995398773006135,0.023582538886101356,0.1853422953178101,0.04190136399105656,-0.14344093132675353
fedprox,42,bearing,pooled,cnn-ae,K003,fuzzy_fault_only_hi75,0.0,0.05405405405405406,1.0,0.023582538886101356,0.1853422953178101,0.04190136399105656,-0.14344093132675353
fedprox,42,bearing,client_specific,cnn-ae,K004,hard_val_p95,0.11900191938579655,0.1111111111111111,0.9366053169734151,0.010542168674698794,0.13664697415071664,0.11787257516604607,-0.018774398984670565
fedprox,42,bearing,client_specific,cnn-ae,K004,fuzzy_warning_as_alarm_hi50,0.11900191938579655,0.1111111111111111,0.9366053169734151,0.010542168674698794,0.13664697415071664,0.11787257516604607,-0.018774398984670565
fedprox,42,bearing,client_specific,cnn-ae,K004,fuzzy_fault_only_hi75,0.11180722891566265,0.08333333333333333,0.9406952965235174,0.010542168674698794,0.13664697415071664,0.11787257516604607,-0.018774398984670565
fedprox,42,bearing,pooled,cnn-ae,K004,hard_val_p95,0.00916030534351145,0.0,0.995398773006135,0.020080321285140562,0.03193988078867179,0.04190136399105656,0.009961483202384769
fedprox,42,bearing,pooled,cnn-ae,K004,fuzzy_warning_as_alarm_hi50,0.00916030534351145,0.0,0.995398773006135,0.020080321285140562,0.03193988078867179,0.04190136399105656,0.009961483202384769
fedprox,42,bearing,pooled,cnn-ae,K004,fuzzy_fault_only_hi75,0.0,0.0,1.0,0.020080321285140562,0.03193988078867179,0.04190136399105656,0.009961483202384769
fedprox,42,bearing,client_specific,cnn-ae,K005,hard_val_p95,0.17614165890027958,0.027777777777777776,0.9033742331288344,0.1355421686746988,0.07113607762673943,0.18667446844369406,0.11553839081695463
fedprox,42,bearing,client_specific,cnn-ae,K005,fuzzy_warning_as_alarm_hi50,0.17614165890027958,0.027777777777777776,0.9033742331288344,0.1355421686746988,0.07113607762673943,0.18667446844369406,0.11553839081695463
fedprox,42,bearing,client_specific,cnn-ae,K005,fuzzy_fault_only_hi75,0.1624413145539906,0.027777777777777776,0.9115541922290389,0.1355421686746988,0.07113607762673943,0.18667446844369406,0.11553839081695463
fedprox,42,bearing,pooled,cnn-ae,K005,hard_val_p95,0.00916030534351145,0.0,0.995398773006135,0.020080321285140562,0.00873212747388944,0.04190136399105656,0.03316923651716712
fedprox,42,bearing,pooled,cnn-ae,K005,fuzzy_warning_as_alarm_hi50,0.00916030534351145,0.0,0.995398773006135,0.020080321285140562,0.00873212747388944,0.04190136399105656,0.03316923651716712
fedprox,42,bearing,pooled,cnn-ae,K005,fuzzy_fault_only_hi75,0.0,0.0,1.0,0.020080321285140562,0.00873212747388944,0.04190136399105656,0.03316923651716712
fedprox,42,bearing,client_specific,cnn-ae,K006,hard_val_p95,0.002039775624681285,0.08333333333333333,0.9989775051124744,0.005522088353413655,0.12286371884435605,0.008382359922369333,-0.11448135892198671
fedprox,42,bearing,client_specific,cnn-ae,K006,fuzzy_warning_as_alarm_hi50,0.002039775624681285,0.08333333333333333,0.9989775051124744,0.005522088353413655,0.12286371884435605,0.008382359922369333,-0.11448135892198671
fedprox,42,bearing,client_specific,cnn-ae,K006,fuzzy_fault_only_hi75,0.0010209290454313426,0.05555555555555555,0.9994887525562373,0.005522088353413655,0.12286371884435605,0.008382359922369333,-0.11448135892198671
fedprox,42,bearing,pooled,cnn-ae,K006,hard_val_p95,0.009141696292534281,0.1111111111111111,0.995398773006135,0.02208835341365462,0.18913712630808727,0.04190136399105656,-0.1472357623170307
fedprox,42,bearing,pooled,cnn-ae,K006,fuzzy_warning_as_alarm_hi50,0.009141696292534281,0.1111111111111111,0.995398773006135,0.02208835341365462,0.18913712630808727,0.04190136399105656,-0.1472357623170307
fedprox,42,bearing,pooled,cnn-ae,K006,fuzzy_fault_only_hi75,0.0,0.05555555555555555,1.0,0.02208835341365462,0.18913712630808727,0.04190136399105656,-0.1472357623170307
fedprox,42,bearing,client_specific,cnn-ae,K001,hard_val_p95,0.0,0.027777777777777776,1.0,0.0015060240963855422,0.06289028496722543,0.021025952589662,-0.04186433237756343
fedprox,42,bearing,client_specific,cnn-ae,K001,fuzzy_warning_as_alarm_hi50,0.0,0.027777777777777776,1.0,0.0015060240963855422,0.06289028496722543,0.021025952589662,-0.04186433237756343
fedprox,42,bearing,client_specific,cnn-ae,K001,fuzzy_fault_only_hi75,0.0,0.0,1.0,0.0015060240963855422,0.06289028496722543,0.021025952589662,-0.04186433237756343
fedprox,42,bearing,pooled,cnn-ae,K001,hard_val_p95,0.006113092205807438,0.027777777777777776,0.9969325153374233,0.015562248995983935,0.08950854054611425,0.025689780479996635,-0.06381876006611761
fedprox,42,bearing,pooled,cnn-ae,K001,fuzzy_warning_as_alarm_hi50,0.006113092205807438,0.027777777777777776,0.9969325153374233,0.015562248995983935,0.08950854054611425,0.025689780479996635,-0.06381876006611761
fedprox,42,bearing,pooled,cnn-ae,K001,fuzzy_fault_only_hi75,0.0,0.0,1.0,0.015562248995983935,0.08950854054611425,0.025689780479996635,-0.06381876006611761
fedprox,42,bearing,client_specific,cnn-ae,K002,hard_val_p95,0.07745098039215687,0.1388888888888889,0.9596114519427403,0.03714859437751004,0.10705082035440983,0.05962443456536897,-0.047426385789040855
fedprox,42,bearing,client_specific,cnn-ae,K002,fuzzy_warning_as_alarm_hi50,0.07745098039215687,0.1388888888888889,0.9596114519427403,0.03714859437751004,0.10705082035440983,0.05962443456536897,-0.047426385789040855
fedprox,42,bearing,client_specific,cnn-ae,K002,fuzzy_fault_only_hi75,0.04202101050525263,0.027777777777777776,0.9785276073619632,0.03714859437751004,0.10705082035440983,0.05962443456536897,-0.047426385789040855
fedprox,42,bearing,pooled,cnn-ae,K002,hard_val_p95,0.0061162079510703364,0.0,0.9969325153374233,0.013052208835341365,0.03701148807762106,0.025689780479996635,-0.011321707597624422
fedprox,42,bearing,pooled,cnn-ae,K002,fuzzy_warning_as_alarm_hi50,0.0061162079510703364,0.0,0.9969325153374233,0.013052208835341365,0.03701148807762106,0.025689780479996635,-0.011321707597624422
fedprox,42,bearing,pooled,cnn-ae,K002,fuzzy_fault_only_hi75,0.0,0.0,1.0,0.013052208835341365,0.03701148807762106,0.025689780479996635,-0.011321707597624422
fedprox,42,bearing,client_specific,cnn-ae,K003,hard_val_p95,0.0020408163265306124,0.05405405405405406,0.9989775051124744,0.008529854490717512,0.11187214018144144,0.023179113458181834,-0.0886930267232596
fedprox,42,bearing,client_specific,cnn-ae,K003,fuzzy_warning_as_alarm_hi50,0.0020408163265306124,0.05405405405405406,0.9989775051124744,0.008529854490717512,0.11187214018144144,0.023179113458181834,-0.0886930267232596
fedprox,42,bearing,client_specific,cnn-ae,K003,fuzzy_fault_only_hi75,0.0,0.02702702702702703,1.0,0.008529854490717512,0.11187214018144144,0.023179113458181834,-0.0886930267232596
fedprox,42,bearing,pooled,cnn-ae,K003,hard_val_p95,0.006103763987792472,0.10810810810810811,0.9969325153374233,0.016056196688409432,0.12714798956914591,0.025689780479996635,-0.10145820908914928
fedprox,42,bearing,pooled,cnn-ae,K003,fuzzy_warning_as_alarm_hi50,0.006103763987792472,0.10810810810810811,0.9969325153374233,0.016056196688409432,0.12714798956914591,0.025689780479996635,-0.10145820908914928
fedprox,42,bearing,pooled,cnn-ae,K003,fuzzy_fault_only_hi75,0.0,0.02702702702702703,1.0,0.016056196688409432,0.12714798956914591,0.025689780479996635,-0.10145820908914928
fedprox,42,bearing,client_specific,cnn-ae,K004,hard_val_p95,0.0507715281234445,0.05555555555555555,0.9739263803680982,0.009538152610441768,0.09243415059550428,0.05051136124681987,-0.04192278934868441
fedprox,42,bearing,client_specific,cnn-ae,K004,fuzzy_warning_as_alarm_hi50,0.0507715281234445,0.05555555555555555,0.9739263803680982,0.009538152610441768,0.09243415059550428,0.05051136124681987,-0.04192278934868441
fedprox,42,bearing,client_specific,cnn-ae,K004,fuzzy_fault_only_hi75,0.04297851074462768,0.05555555555555555,0.9780163599182005,0.009538152610441768,0.09243415059550428,0.05051136124681987,-0.04192278934868441
fedprox,42,bearing,pooled,cnn-ae,K004,hard_val_p95,0.0061162079510703364,0.0,0.9969325153374233,0.013052208835341365,0.03629343083867998,0.025689780479996635,-0.010603650358683346
fedprox,42,bearing,pooled,cnn-ae,K004,fuzzy_warning_as_alarm_hi50,0.0061162079510703364,0.0,0.9969325153374233,0.013052208835341365,0.03629343083867998,0.025689780479996635,-0.010603650358683346
fedprox,42,bearing,pooled,cnn-ae,K004,fuzzy_fault_only_hi75,0.0,0.0,1.0,0.013052208835341365,0.03629343083867998,0.025689780479996635,-0.010603650358683346
fedprox,42,bearing,client_specific,cnn-ae,K005,hard_val_p95,0.08704156479217603,0.0,0.9544989775051125,0.05421686746987952,0.04323853671100522,0.07671492554867129,0.03347638883766607
fedprox,42,bearing,client_specific,cnn-ae,K005,fuzzy_warning_as_alarm_hi50,0.08704156479217603,0.0,0.9544989775051125,0.05421686746987952,0.04323853671100522,0.07671492554867129,0.03347638883766607
fedprox,42,bearing,client_specific,cnn-ae,K005,fuzzy_fault_only_hi75,0.07195662888122227,0.0,0.962678936605317,0.05421686746987952,0.04323853671100522,0.07671492554867129,0.03347638883766607
fedprox,42,bearing,pooled,cnn-ae,K005,hard_val_p95,0.0061162079510703364,0.0,0.9969325153374233,0.013052208835341365,0.01656269393624015,0.025689780479996635,0.009127086543756484
fedprox,42,bearing,pooled,cnn-ae,K005,fuzzy_warning_as_alarm_hi50,0.0061162079510703364,0.0,0.9969325153374233,0.013052208835341365,0.01656269393624015,0.025689780479996635,0.009127086543756484
fedprox,42,bearing,pooled,cnn-ae,K005,fuzzy_fault_only_hi75,0.0,0.0,1.0,0.013052208835341365,0.01656269393624015,0.025689780479996635,0.009127086543756484
fedprox,42,bearing,client_specific,cnn-ae,K006,hard_val_p95,0.0020408163265306124,0.05555555555555555,0.9989775051124744,0.009036144578313253,0.1102050654773345,0.023821097150153202,-0.08638396832718129
fedprox,42,bearing,client_specific,cnn-ae,K006,fuzzy_warning_as_alarm_hi50,0.0020408163265306124,0.05555555555555555,0.9989775051124744,0.009036144578313253,0.1102050654773345,0.023821097150153202,-0.08638396832718129
fedprox,42,bearing,client_specific,cnn-ae,K006,fuzzy_fault_only_hi75,0.0,0.05555555555555555,1.0,0.009036144578313253,0.1102050654773345,0.023821097150153202,-0.08638396832718129
fedprox,42,bearing,pooled,cnn-ae,K006,hard_val_p95,0.0061068702290076335,0.08333333333333333,0.9969325153374233,0.01355421686746988,0.11299686048090833,0.025689780479996635,-0.0873070800009117
fedprox,42,bearing,pooled,cnn-ae,K006,fuzzy_warning_as_alarm_hi50,0.0061068702290076335,0.08333333333333333,0.9969325153374233,0.01355421686746988,0.11299686048090833,0.025689780479996635,-0.0873070800009117
fedprox,42,bearing,pooled,cnn-ae,K006,fuzzy_fault_only_hi75,0.0,0.05555555555555555,1.0,0.01355421686746988,0.11299686048090833,0.025689780479996635,-0.0873070800009117
fedprox,42,bearing,client_specific,cnn-ae,K001,hard_val_p95,0.0050968399592252805,0.027777777777777776,0.9974437627811861,0.002008032128514056,0.03507698681177021,0.012941277616055537,-0.022135709195714674
fedprox,42,bearing,client_specific,cnn-ae,K001,fuzzy_warning_as_alarm_hi50,0.0050968399592252805,0.027777777777777776,0.9974437627811861,0.002008032128514056,0.03507698681177021,0.012941277616055537,-0.022135709195714674
fedprox,42,bearing,client_specific,cnn-ae,K001,fuzzy_fault_only_hi75,0.0030627871362940277,0.0,0.9984662576687117,0.002008032128514056,0.03507698681177021,0.012941277616055537,-0.022135709195714674
fedprox,42,bearing,pooled,cnn-ae,K001,hard_val_p95,0.008142493638676845,0.027777777777777776,0.9959100204498977,0.011546184738955823,0.05053912394623515,0.016009444172798582,-0.03452967977343657
fedprox,42,bearing,pooled,cnn-ae,K001,fuzzy_warning_as_alarm_hi50,0.008142493638676845,0.027777777777777776,0.9959100204498977,0.011546184738955823,0.05053912394623515,0.016009444172798582,-0.03452967977343657
fedprox,42,bearing,pooled,cnn-ae,K001,fuzzy_fault_only_hi75,0.005099439061703213,0.0,0.9974437627811861,0.011546184738955823,0.05053912394623515,0.016009444172798582,-0.03452967977343657
fedprox,42,bearing,client_specific,cnn-ae,K002,hard_val_p95,0.06518518518518518,0.08333333333333333,0.9662576687116564,0.04216867469879518,0.06766183695616311,0.041685036202956535,-0.025976800753206575
fedprox,42,bearing,client_specific,cnn-ae,K002,fuzzy_warning_as_alarm_hi50,0.06518518518518518,0.08333333333333333,0.9662576687116564,0.04216867469879518,0.06766183695616311,0.041685036202956535,-0.025976800753206575
fedprox,42,bearing,client_specific,cnn-ae,K002,fuzzy_fault_only_hi75,0.026236125126135216,0.0,0.9867075664621677,0.04216867469879518,0.06766183695616311,0.041685036202956535,-0.025976800753206575
fedprox,42,bearing,pooled,cnn-ae,K002,hard_val_p95,0.008146639511201629,0.0,0.9959100204498977,0.010040160642570281,0.021148955308387157,0.016009444172798582,-0.0051395111355885745
fedprox,42,bearing,pooled,cnn-ae,K002,fuzzy_warning_as_alarm_hi50,0.008146639511201629,0.0,0.9959100204498977,0.010040160642570281,0.021148955308387157,0.016009444172798582,-0.0051395111355885745
fedprox,42,bearing,pooled,cnn-ae,K002,fuzzy_fault_only_hi75,0.005099439061703213,0.0,0.9974437627811861,0.010040160642570281,0.021148955308387157,0.016009444172798582,-0.0051395111355885745
fedprox,42,bearing,client_specific,cnn-ae,K003,hard_val_p95,0.0050968399592252805,0.02702702702702703,0.9974437627811861,0.0055193176116407425,0.06493701970180771,0.01226709486558924,-0.05266992483621847
fedprox,42,bearing,client_specific,cnn-ae,K003,fuzzy_warning_as_alarm_hi50,0.0050968399592252805,0.02702702702702703,0.9974437627811861,0.0055193176116407425,0.06493701970180771,0.01226709486558924,-0.05266992483621847
fedprox,42,bearing,client_specific,cnn-ae,K003,fuzzy_fault_only_hi75,0.001021972406745018,0.0,0.9994887525562373,0.0055193176116407425,0.06493701970180771,0.01226709486558924,-0.05266992483621847
fedprox,42,bearing,pooled,cnn-ae,K003,hard_val_p95,0.008138351983723296,0.05405405405405406,0.9959100204498977,0.01154039136979428,0.0931930903281531,0.016009444172798582,-0.07718364615535452
fedprox,42,bearing,pooled,cnn-ae,K003,fuzzy_warning_as_alarm_hi50,0.008138351983723296,0.05405405405405406,0.9959100204498977,0.01154039136979428,0.0931930903281531,0.016009444172798582,-0.07718364615535452
fedprox,42,bearing,pooled,cnn-ae,K003,fuzzy_fault_only_hi75,0.0050968399592252805,0.02702702702702703,0.9974437627811861,0.01154039136979428,0.0931930903281531,0.016009444172798582,-0.07718364615535452
fedprox,42,bearing,client_specific,cnn-ae,K004,hard_val_p95,0.06709422792303897,0.08333333333333333,0.9652351738241309,0.020582329317269075,0.1065862349538608,0.04756426907912671,-0.059021965874734086
fedprox,42,bearing,client_specific,cnn-ae,K004,fuzzy_warning_as_alarm_hi50,0.06709422792303897,0.08333333333333333,0.9652351738241309,0.020582329317269075,0.1065862349538608,0.04756426907912671,-0.059021965874734086
fedprox,42,bearing,client_specific,cnn-ae,K004,fuzzy_fault_only_hi75,0.05946481665014866,0.05555555555555555,0.9693251533742331,0.020582329317269075,0.1065862349538608,0.04756426907912671,-0.059021965874734086
fedprox,42,bearing,pooled,cnn-ae,K004,hard_val_p95,0.008146639511201629,0.0,0.9959100204498977,0.01104417670682731,0.03353438150683595,0.016009444172798582,-0.017524937334037368
fedprox,42,bearing,pooled,cnn-ae,K004,fuzzy_warning_as_alarm_hi50,0.008146639511201629,0.0,0.9959100204498977,0.01104417670682731,0.03353438150683595,0.016009444172798582,-0.017524937334037368
fedprox,42,bearing,pooled,cnn-ae,K004,fuzzy_fault_only_hi75,0.005099439061703213,0.0,0.9974437627811861,0.01104417670682731,0.03353438150683595,0.016009444172798582,-0.017524937334037368
fedprox,42,bearing,client_specific,cnn-ae,K005,hard_val_p95,0.1468498342018001,0.0,0.9207566462167689,0.035140562248995984,0.014325857600853623,0.08043687819111772,0.0661110205902641
fedprox,42,bearing,client_specific,cnn-ae,K005,fuzzy_warning_as_alarm_hi50,0.1468498342018001,0.0,0.9207566462167689,0.035140562248995984,0.014325857600853623,0.08043687819111772,0.0661110205902641
fedprox,42,bearing,client_specific,cnn-ae,K005,fuzzy_fault_only_hi75,0.10556900726392252,0.0,0.9442740286298569,0.035140562248995984,0.014325857600853623,0.08043687819111772,0.0661110205902641
fedprox,42,bearing,pooled,cnn-ae,K005,hard_val_p95,0.008146639511201629,0.0,0.9959100204498977,0.010040160642570281,0.0019638062153489516,0.016009444172798582,0.01404563795744963
fedprox,42,bearing,pooled,cnn-ae,K005,fuzzy_warning_as_alarm_hi50,0.008146639511201629,0.0,0.9959100204498977,0.010040160642570281,0.0019638062153489516,0.016009444172798582,0.01404563795744963
fedprox,42,bearing,pooled,cnn-ae,K005,fuzzy_fault_only_hi75,0.005099439061703213,0.0,0.9974437627811861,0.010040160642570281,0.0019638062153489516,0.016009444172798582,0.01404563795744963
fedprox,42,bearing,client_specific,cnn-ae,K006,hard_val_p95,0.012182741116751269,0.05555555555555555,0.9938650306748467,0.01104417670682731,0.07046480735833537,0.01718888759323622,-0.05327591976509914
fedprox,42,bearing,client_specific,cnn-ae,K006,fuzzy_warning_as_alarm_hi50,0.012182741116751269,0.05555555555555555,0.9938650306748467,0.01104417670682731,0.07046480735833537,0.01718888759323622,-0.05327591976509914
fedprox,42,bearing,client_specific,cnn-ae,K006,fuzzy_fault_only_hi75,0.0050968399592252805,0.027777777777777776,0.9974437627811861,0.01104417670682731,0.07046480735833537,0.01718888759323622,-0.05327591976509914
fedprox,42,bearing,pooled,cnn-ae,K006,hard_val_p95,0.008142493638676845,0.027777777777777776,0.9959100204498977,0.01104417670682731,0.06671922602062794,0.016009444172798582,-0.05070978184782936
fedprox,42,bearing,pooled,cnn-ae,K006,fuzzy_warning_as_alarm_hi50,0.008142493638676845,0.027777777777777776,0.9959100204498977,0.01104417670682731,0.06671922602062794,0.016009444172798582,-0.05070978184782936
fedprox,42,bearing,pooled,cnn-ae,K006,fuzzy_fault_only_hi75,0.0050968399592252805,0.027777777777777776,0.9974437627811861,0.01104417670682731,0.06671922602062794,0.016009444172798582,-0.05070978184782936
fedprox,42,bearing,client_specific,cnn-ae,K001,hard_val_p95,0.0061162079510703364,0.0,0.9969325153374233,0.001004016064257028,0.019361314374359284,0.00890689534906252,-0.010454419025296764
fedprox,42,bearing,client_specific,cnn-ae,K001,fuzzy_warning_as_alarm_hi50,0.0061162079510703364,0.0,0.9969325153374233,0.001004016064257028,0.019361314374359284,0.00890689534906252,-0.010454419025296764
fedprox,42,bearing,client_specific,cnn-ae,K001,fuzzy_fault_only_hi75,0.0061162079510703364,0.0,0.9969325153374233,0.001004016064257028,0.019361314374359284,0.00890689534906252,-0.010454419025296764
fedprox,42,bearing,pooled,cnn-ae,K001,hard_val_p95,0.01218892839004571,0.027777777777777776,0.9938650306748467,0.01606425702811245,0.04001200745351824,0.013058065542052676,-0.026953941911465565
fedprox,42,bearing,pooled,cnn-ae,K001,fuzzy_warning_as_alarm_hi50,0.01218892839004571,0.027777777777777776,0.9938650306748467,0.01606425702811245,0.04001200745351824,0.013058065542052676,-0.026953941911465565
fedprox,42,bearing,pooled,cnn-ae,K001,fuzzy_fault_only_hi75,0.007131940906775344,0.0,0.9964212678936605,0.01606425702811245,0.04001200745351824,0.013058065542052676,-0.026953941911465565
fedprox,42,bearing,client_specific,cnn-ae,K002,hard_val_p95,0.0746928746928747,0.08333333333333333,0.9611451942740287,0.0286144578313253,0.06305173951081033,0.03775895650015008,-0.025292783010660257
fedprox,42,bearing,client_specific,cnn-ae,K002,fuzzy_warning_as_alarm_hi50,0.0746928746928747,0.08333333333333333,0.9611451942740287,0.0286144578313253,0.06305173951081033,0.03775895650015008,-0.025292783010660257
fedprox,42,bearing,client_specific,cnn-ae,K002,fuzzy_fault_only_hi75,0.03612644254892122,0.027777777777777776,0.9815950920245399,0.0286144578313253,0.06305173951081033,0.03775895650015008,-0.025292783010660257
fedprox,42,bearing,pooled,cnn-ae,K002,hard_val_p95,0.012195121951219513,0.0,0.9938650306748467,0.015060240963855422,0.01868525145353918,0.013058065542052676,-0.005627185911486502
fedprox,42,bearing,pooled,cnn-ae,K002,fuzzy_warning_as_alarm_hi50,0.012195121951219513,0.0,0.9938650306748467,0.015060240963855422,0.01868525145353918,0.013058065542052676,-0.005627185911486502
fedprox,42,bearing,pooled,cnn-ae,K002,fuzzy_fault_only_hi75,0.007131940906775344,0.0,0.9964212678936605,0.015060240963855422,0.01868525145353918,0.013058065542052676,-0.005627185911486502
fedprox,42,bearing,client_specific,cnn-ae,K003,hard_val_p95,0.0061162079510703364,0.0,0.9969325153374233,0.006522829904666332,0.04418660252392017,0.00849478213621219,-0.035691820387707976
fedprox,42,bearing,client_specific,cnn-ae,K003,fuzzy_warning_as_alarm_hi50,0.0061162079510703364,0.0,0.9969325153374233,0.006522829904666332,0.04418660252392017,0.00849478213621219,-0.035691820387707976
fedprox,42,bearing,client_specific,cnn-ae,K003,fuzzy_fault_only_hi75,0.004081632653061225,0.0,0.9979550102249489,0.006522829904666332,0.04418660252392017,0.00849478213621219,-0.035691820387707976
fedprox,42,bearing,pooled,cnn-ae,K003,hard_val_p95,0.012170385395537525,0.10810810810810811,0.9938650306748467,0.01655795283492223,0.07907577578118691,0.013058065542052676,-0.06601771023913423
fedprox,42,bearing,pooled,cnn-ae,K003,fuzzy_warning_as_alarm_hi50,0.012170385395537525,0.10810810810810811,0.9938650306748467,0.01655795283492223,0.07907577578118691,0.013058065542052676,-0.06601771023913423
fedprox,42,bearing,pooled,cnn-ae,K003,fuzzy_fault_only_hi75,0.007131940906775344,0.0,0.9964212678936605,0.01655795283492223,0.07907577578118691,0.013058065542052676,-0.06601771023913423
fedprox,42,bearing,client_specific,cnn-ae,K004,hard_val_p95,0.09426627793974733,0.1388888888888889,0.9504089979550102,0.008032128514056224,0.13194808734022032,0.05546303207828309,-0.07648505526193722
fedprox,42,bearing,client_specific,cnn-ae,K004,fuzzy_warning_as_alarm_hi50,0.09426627793974733,0.1388888888888889,0.9504089979550102,0.008032128514056224,0.13194808734022032,0.05546303207828309,-0.07648505526193722
fedprox,42,bearing,client_specific,cnn-ae,K004,fuzzy_fault_only_hi75,0.08500244259892525,0.1111111111111111,0.9555214723926381,0.008032128514056224,0.13194808734022032,0.05546303207828309,-0.07648505526193722
fedprox,42,bearing,pooled,cnn-ae,K004,hard_val_p95,0.012195121951219513,0.0,0.9938650306748467,0.015562248995983935,0.023518549413664692,0.013058065542052676,-0.010460483871612017
fedprox,42,bearing,pooled,cnn-ae,K004,fuzzy_warning_as_alarm_hi50,0.012195121951219513,0.0,0.9938650306748467,0.015562248995983935,0.023518549413664692,0.013058065542052676,-0.010460483871612017
fedprox,42,bearing,pooled,cnn-ae,K004,fuzzy_fault_only_hi75,0.007131940906775344,0.0,0.9964212678936605,0.015562248995983935,0.023518549413664692,0.013058065542052676,-0.010460483871612017
fedprox,42,bearing,client_specific,cnn-ae,K005,hard_val_p95,0.10004856726566294,0.0,0.9473415132924335,0.014558232931726908,0.02802806777914528,0.07727104929805348,0.0492429815189082
fedprox,42,bearing,client_specific,cnn-ae,K005,fuzzy_warning_as_alarm_hi50,0.10004856726566294,0.0,0.9473415132924335,0.014558232931726908,0.02802806777914528,0.07727104929805348,0.0492429815189082
fedprox,42,bearing,client_specific,cnn-ae,K005,fuzzy_fault_only_hi75,0.08610567514677103,0.0,0.9550102249488752,0.014558232931726908,0.02802806777914528,0.07727104929805348,0.0492429815189082
fedprox,42,bearing,pooled,cnn-ae,K005,hard_val_p95,0.012195121951219513,0.0,0.9938650306748467,0.014558232931726908,0.0004101152615391644,0.013058065542052676,0.012647950280513512
fedprox,42,bearing,pooled,cnn-ae,K005,fuzzy_warning_as_alarm_hi50,0.012195121951219513,0.0,0.9938650306748467,0.014558232931726908,0.0004101152615391644,0.013058065542052676,0.012647950280513512
fedprox,42,bearing,pooled,cnn-ae,K005,fuzzy_fault_only_hi75,0.007131940906775344,0.0,0.9964212678936605,0.014558232931726908,0.0004101152615391644,0.013058065542052676,0.012647950280513512
fedprox,42,bearing,client_specific,cnn-ae,K006,hard_val_p95,0.015212981744421906,0.027777777777777776,0.9923312883435583,0.014056224899598393,0.042704963189156626,0.012491591571148928,-0.030213371618007696
fedprox,42,bearing,client_specific,cnn-ae,K006,fuzzy_warning_as_alarm_hi50,0.015212981744421906,0.027777777777777776,0.9923312883435583,0.014056224899598393,0.042704963189156626,0.012491591571148928,-0.030213371618007696
fedprox,42,bearing,client_specific,cnn-ae,K006,fuzzy_fault_only_hi75,0.006113092205807438,0.027777777777777776,0.9969325153374233,0.014056224899598393,0.042704963189156626,0.012491591571148928,-0.030213371618007696
fedprox,42,bearing,pooled,cnn-ae,K006,hard_val_p95,0.01218892839004571,0.027777777777777776,0.9938650306748467,0.015060240963855422,0.044278207014587685,0.013058065542052676,-0.03122014147253501
fedprox,42,bearing,pooled,cnn-ae,K006,fuzzy_warning_as_alarm_hi50,0.01218892839004571,0.027777777777777776,0.9938650306748467,0.015060240963855422,0.044278207014587685,0.013058065542052676,-0.03122014147253501
fedprox,42,bearing,pooled,cnn-ae,K006,fuzzy_fault_only_hi75,0.007128309572301426,0.027777777777777776,0.9964212678936605,0.015060240963855422,0.044278207014587685,0.013058065542052676,-0.03122014147253501
fedprox,42,bearing,client_specific,cnn-ae,K001,hard_val_p95,0.007128309572301426,0.027777777777777776,0.9964212678936605,0.0025100401606425703,0.03148367670064681,0.009104905626011536,-0.02237877107463527
fedprox,42,bearing,client_specific,cnn-ae,K001,fuzzy_warning_as_alarm_hi50,0.007128309572301426,0.027777777777777776,0.9964212678936605,0.0025100401606425703,0.03148367670064681,0.009104905626011536,-0.02237877107463527
fedprox,42,bearing,client_specific,cnn-ae,K001,fuzzy_fault_only_hi75,0.0061162079510703364,0.0,0.9969325153374233,0.0025100401606425703,0.03148367670064681,0.009104905626011536,-0.02237877107463527
fedprox,42,bearing,pooled,cnn-ae,K001,hard_val_p95,0.019221041982802226,0.05555555555555555,0.9902862985685071,0.01706827309236948,0.053835788124196475,0.014604045687496769,-0.039231742436699704
fedprox,42,bearing,pooled,cnn-ae,K001,fuzzy_warning_as_alarm_hi50,0.019221041982802226,0.05555555555555555,0.9902862985685071,0.01706827309236948,0.053835788124196475,0.014604045687496769,-0.039231742436699704
fedprox,42,bearing,pooled,cnn-ae,K001,fuzzy_fault_only_hi75,0.007128309572301426,0.027777777777777776,0.9964212678936605,0.01706827309236948,0.053835788124196475,0.014604045687496769,-0.039231742436699704
fedprox,42,bearing,client_specific,cnn-ae,K002,hard_val_p95,0.08410757946210269,0.08333333333333333,0.9560327198364008,0.0321285140562249,0.06331091214920712,0.03850020631880091,-0.024810705830406204
fedprox,42,bearing,client_specific,cnn-ae,K002,fuzzy_warning_as_alarm_hi50,0.08410757946210269,0.08333333333333333,0.9560327198364008,0.0321285140562249,0.06331091214920712,0.03850020631880091,-0.024810705830406204
fedprox,42,bearing,client_specific,cnn-ae,K002,fuzzy_fault_only_hi75,0.03118712273641851,0.027777777777777776,0.9841513292433538,0.0321285140562249,0.06331091214920712,0.03850020631880091,-0.024810705830406204
fedprox,42,bearing,pooled,cnn-ae,K002,hard_val_p95,0.019240506329113925,0.0,0.9902862985685071,0.016566265060240965,0.021303232969513607,0.014604045687496769,-0.0066991872820168375
fedprox,42,bearing,pooled,cnn-ae,K002,fuzzy_warning_as_alarm_hi50,0.019240506329113925,0.0,0.9902862985685071,0.016566265060240965,0.021303232969513607,0.014604045687496769,-0.0066991872820168375
fedprox,42,bearing,pooled,cnn-ae,K002,fuzzy_fault_only_hi75,0.007131940906775344,0.0,0.9964212678936605,0.016566265060240965,0.021303232969513607,0.014604045687496769,-0.0066991872820168375
fedprox,42,bearing,client_specific,cnn-ae,K003,hard_val_p95,0.007131940906775344,0.0,0.9964212678936605,0.007024586051179127,0.046038655969701484,0.009303221914259637,-0.03673543405544184
fedprox,42,bearing,client_specific,cnn-ae,K003,fuzzy_warning_as_alarm_hi50,0.007131940906775344,0.0,0.9964212678936605,0.007024586051179127,0.046038655969701484,0.009303221914259637,-0.03673543405544184
fedprox,42,bearing,client_specific,cnn-ae,K003,fuzzy_fault_only_hi75,0.005099439061703213,0.0,0.9974437627811861,0.007024586051179127,0.046038655969701484,0.009303221914259637,-0.03673543405544184
fedprox,42,bearing,pooled,cnn-ae,K003,hard_val_p95,0.019201616978271854,0.10810810810810811,0.9902862985685071,0.017561465127947817,0.08695468935152559,0.014604045687496769,-0.07235064366402882
fedprox,42,bearing,pooled,cnn-ae,K003,fuzzy_warning_as_alarm_hi50,0.019201616978271854,0.10810810810810811,0.9902862985685071,0.017561465127947817,0.08695468935152559,0.014604045687496769,-0.07235064366402882
fedprox,42,bearing,pooled,cnn-ae,K003,fuzzy_fault_only_hi75,0.007128309572301426,0.02702702702702703,0.9964212678936605,0.017561465127947817,0.08695468935152559,0.014604045687496769,-0.07235064366402882
fedprox,42,bearing,client_specific,cnn-ae,K004,hard_val_p95,0.0998062015503876,0.1388888888888889,0.9473415132924335,0.007530120481927711,0.14381127737170896,0.06304812572839068,-0.08076315164331828
fedprox,42,bearing,client_specific,cnn-ae,K004,fuzzy_warning_as_alarm_hi50,0.0998062015503876,0.1388888888888889,0.9473415132924335,0.007530120481927711,0.14381127737170896,0.06304812572839068,-0.08076315164331828
fedprox,42,bearing,client_specific,cnn-ae,K004,fuzzy_fault_only_hi75,0.08962493911349245,0.1388888888888889,0.9529652351738241,0.007530120481927711,0.14381127737170896,0.06304812572839068,-0.08076315164331828
fedprox,42,bearing,pooled,cnn-ae,K004,hard_val_p95,0.019240506329113925,0.0,0.9902862985685071,0.01706827309236948,0.027161772398630303,0.014604045687496769,-0.012557726711133534
fedprox,42,bearing,pooled,cnn-ae,K004,fuzzy_warning_as_alarm_hi50,0.019240506329113925,0.0,0.9902862985685071,0.01706827309236948,0.027161772398630303,0.014604045687496769,-0.012557726711133534
fedprox,42,bearing,pooled,cnn-ae,K004,fuzzy_fault_only_hi75,0.007131940906775344,0.0,0.9964212678936605,0.01706827309236948,0.027161772398630303,0.014604045687496769,-0.012557726711133534
fedprox,42,bearing,client_specific,cnn-ae,K005,hard_val_p95,0.10373242850218128,0.0,0.9452965235173824,0.012048192771084338,0.035134717653373615,0.08376981032483945,0.04863509267146583
fedprox,42,bearing,client_specific,cnn-ae,K005,fuzzy_warning_as_alarm_hi50,0.10373242850218128,0.0,0.9452965235173824,0.012048192771084338,0.035134717653373615,0.08376981032483945,0.04863509267146583
fedprox,42,bearing,client_specific,cnn-ae,K005,fuzzy_fault_only_hi75,0.08984375,0.0,0.9529652351738241,0.012048192771084338,0.035134717653373615,0.08376981032483945,0.04863509267146583
fedprox,42,bearing,pooled,cnn-ae,K005,hard_val_p95,0.019240506329113925,0.0,0.9902862985685071,0.01606425702811245,0.0004738447074556924,0.014604045687496769,0.014130200980041077
fedprox,42,bearing,pooled,cnn-ae,K005,fuzzy_warning_as_alarm_hi50,0.019240506329113925,0.0,0.9902862985685071,0.01606425702811245,0.0004738447074556924,0.014604045687496769,0.014130200980041077
fedprox,42,bearing,pooled,cnn-ae,K005,fuzzy_fault_only_hi75,0.007131940906775344,0.0,0.9964212678936605,0.01606425702811245,0.0004738447074556924,0.014604045687496769,0.014130200980041077
fedprox,42,bearing,client_specific,cnn-ae,K006,hard_val_p95,0.018227848101265823,0.027777777777777776,0.99079754601227,0.012048192771084338,0.03975245253291022,0.013245099131652425,-0.026507353401257792
fedprox,42,bearing,client_specific,cnn-ae,K006,fuzzy_warning_as_alarm_hi50,0.018227848101265823,0.027777777777777776,0.99079754601227,0.012048192771084338,0.03975245253291022,0.013245099131652425,-0.026507353401257792
fedprox,42,bearing,client_specific,cnn-ae,K006,fuzzy_fault_only_hi75,0.006113092205807438,0.027777777777777776,0.9969325153374233,0.012048192771084338,0.03975245253291022,0.013245099131652425,-0.026507353401257792
fedprox,42,bearing,pooled,cnn-ae,K006,hard_val_p95,0.019230769230769232,0.027777777777777776,0.9902862985685071,0.016566265060240965,0.042605211289714284,0.014604045687496769,-0.028001165602217513
fedprox,42,bearing,pooled,cnn-ae,K006,fuzzy_warning_as_alarm_hi50,0.019230769230769232,0.027777777777777776,0.9902862985685071,0.016566265060240965,0.042605211289714284,0.014604045687496769,-0.028001165602217513
fedprox,42,bearing,pooled,cnn-ae,K006,fuzzy_fault_only_hi75,0.007128309572301426,0.027777777777777776,0.9964212678936605,0.016566265060240965,0.042605211289714284,0.014604045687496769,-0.028001165602217513
fedprox,42,bearing,client_specific,cnn-ae,K001,hard_val_p95,0.012195121951219513,0.0,0.9938650306748467,0.004518072289156626,0.014877227662210113,0.00801942970911582,-0.006857797953094293
fedprox,42,bearing,client_specific,cnn-ae,K001,fuzzy_warning_as_alarm_hi50,0.012195121951219513,0.0,0.9938650306748467,0.004518072289156626,0.014877227662210113,0.00801942970911582,-0.006857797953094293
fedprox,42,bearing,client_specific,cnn-ae,K001,fuzzy_fault_only_hi75,0.01017293997965412,0.0,0.9948875255623721,0.004518072289156626,0.014877227662210113,0.00801942970911582,-0.006857797953094293
fedprox,42,bearing,pooled,cnn-ae,K001,hard_val_p95,0.021233569261880688,0.027777777777777776,0.9892638036809815,0.005522088353413655,0.03241885798423801,0.013813515812954317,-0.018605342171283696
fedprox,42,bearing,pooled,cnn-ae,K001,fuzzy_warning_as_alarm_hi50,0.021233569261880688,0.027777777777777776,0.9892638036809815,0.005522088353413655,0.03241885798423801,0.013813515812954317,-0.018605342171283696
fedprox,42,bearing,pooled,cnn-ae,K001,fuzzy_fault_only_hi75,0.013197969543147208,0.027777777777777776,0.9933537832310838,0.005522088353413655,0.03241885798423801,0.013813515812954317,-0.018605342171283696
fedprox,42,bearing,client_specific,cnn-ae,K002,hard_val_p95,0.07001972386587771,0.027777777777777776,0.9637014314928425,0.03965863453815261,0.09995167627449597,0.07166494741057937,-0.028286728863916602
fedprox,42,bearing,client_specific,cnn-ae,K002,fuzzy_warning_as_alarm_hi50,0.07001972386587771,0.027777777777777776,0.9637014314928425,0.03965863453815261,0.09995167627449597,0.07166494741057937,-0.028286728863916602
fedprox,42,bearing,client_specific,cnn-ae,K002,fuzzy_fault_only_hi75,0.02223345123799899,0.027777777777777776,0.9887525562372188,0.03965863453815261,0.09995167627449597,0.07166494741057937,-0.028286728863916602
fedprox,42,bearing,pooled,cnn-ae,K002,hard_val_p95,0.021233569261880688,0.027777777777777776,0.9892638036809815,0.006024096385542169,0.022163237279314366,0.013813515812954317,-0.008349721466360049
fedprox,42,bearing,pooled,cnn-ae,K002,fuzzy_warning_as_alarm_hi50,0.021233569261880688,0.027777777777777776,0.9892638036809815,0.006024096385542169,0.022163237279314366,0.013813515812954317,-0.008349721466360049
fedprox,42,bearing,pooled,cnn-ae,K002,fuzzy_fault_only_hi75,0.013204672422549517,0.0,0.9933537832310838,0.006024096385542169,0.022163237279314366,0.013813515812954317,-0.008349721466360049
fedprox,42,bearing,client_specific,cnn-ae,K003,hard_val_p95,0.014213197969543147,0.0,0.9928425357873211,0.006522829904666332,0.032229065667578126,0.007939574395033872,-0.024289491272544254
fedprox,42,bearing,client_specific,cnn-ae,K003,fuzzy_warning_as_alarm_hi50,0.014213197969543147,0.0,0.9928425357873211,0.006522829904666332,0.032229065667578126,0.007939574395033872,-0.024289491272544254
fedprox,42,bearing,client_specific,cnn-ae,K003,fuzzy_fault_only_hi75,0.0061162079510703364,0.0,0.9969325153374233,0.006522829904666332,0.032229065667578126,0.007939574395033872,-0.024289491272544254
fedprox,42,bearing,pooled,cnn-ae,K003,hard_val_p95,0.02120141342756184,0.10810810810810811,0.9892638036809815,0.007526342197691922,0.07293382905702428,0.013813515812954317,-0.059120313244069966
fedprox,42,bearing,pooled,cnn-ae,K003,fuzzy_warning_as_alarm_hi50,0.02120141342756184,0.10810810810810811,0.9892638036809815,0.007526342197691922,0.07293382905702428,0.013813515812954317,-0.059120313244069966
fedprox,42,bearing,pooled,cnn-ae,K003,fuzzy_fault_only_hi75,0.013204672422549517,0.0,0.9933537832310838,0.007526342197691922,0.07293382905702428,0.013813515812954317,-0.059120313244069966
fedprox,42,bearing,client_specific,cnn-ae,K004,hard_val_p95,0.11634615384615385,0.08333333333333333,0.9381390593047034,0.04417670682730924,0.12504466621881818,0.09617890019081382,-0.028865766028004364
fedprox,42,bearing,client_specific,cnn-ae,K004,fuzzy_warning_as_alarm_hi50,0.11634615384615385,0.08333333333333333,0.9381390593047034,0.04417670682730924,0.12504466621881818,0.09617890019081382,-0.028865766028004364
fedprox,42,bearing,client_specific,cnn-ae,K004,fuzzy_fault_only_hi75,0.07567567567567568,0.05555555555555555,0.9606339468302658,0.04417670682730924,0.12504466621881818,0.09617890019081382,-0.028865766028004364
fedprox,42,bearing,pooled,cnn-ae,K004,hard_val_p95,0.021244309559939303,0.0,0.9892638036809815,0.005522088353413655,0.010148968295843226,0.013813515812954317,0.0036645475171110907
fedprox,42,bearing,pooled,cnn-ae,K004,fuzzy_warning_as_alarm_hi50,0.021244309559939303,0.0,0.9892638036809815,0.005522088353413655,0.010148968295843226,0.013813515812954317,0.0036645475171110907
fedprox,42,bearing,pooled,cnn-ae,K004,fuzzy_fault_only_hi75,0.013204672422549517,0.0,0.9933537832310838,0.005522088353413655,0.010148968295843226,0.013813515812954317,0.0036645475171110907
fedprox,42,bearing,client_specific,cnn-ae,K005,hard_val_p95,0.3683991683991684,0.16666666666666666,0.773517382413088,0.12951807228915663,0.20154865504225575,0.23925552596183675,0.037706870919581
fedprox,42,bearing,client_specific,cnn-ae,K005,fuzzy_warning_as_alarm_hi50,0.3683991683991684,0.16666666666666666,0.773517382413088,0.12951807228915663,0.20154865504225575,0.23925552596183675,0.037706870919581
fedprox,42,bearing,client_specific,cnn-ae,K005,fuzzy_fault_only_hi75,0.21483841602184797,0.1388888888888889,0.8793456032719836,0.12951807228915663,0.20154865504225575,0.23925552596183675,0.037706870919581
fedprox,42,bearing,pooled,cnn-ae,K005,hard_val_p95,0.021244309559939303,0.0,0.9892638036809815,0.005522088353413655,0.003167639215766849,0.013813515812954317,0.010645876597187468
fedprox,42,bearing,pooled,cnn-ae,K005,fuzzy_warning_as_alarm_hi50,0.021244309559939303,0.0,0.9892638036809815,0.005522088353413655,0.003167639215766849,0.013813515812954317,0.010645876597187468
fedprox,42,bearing,pooled,cnn-ae,K005,fuzzy_fault_only_hi75,0.013204672422549517,0.0,0.9933537832310838,0.005522088353413655,0.003167639215766849,0.013813515812954317,0.010645876597187468
fedprox,42,bearing,client_specific,cnn-ae,K006,hard_val_p95,0.021233569261880688,0.027777777777777776,0.9892638036809815,0.009036144578313253,0.03360981457631063,0.012126122811672958,-0.021483691764637675
fedprox,42,bearing,client_specific,cnn-ae,K006,fuzzy_warning_as_alarm_hi50,0.021233569261880688,0.027777777777777776,0.9892638036809815,0.009036144578313253,0.03360981457631063,0.012126122811672958,-0.021483691764637675
fedprox,42,bearing,client_specific,cnn-ae,K006,fuzzy_fault_only_hi75,0.006113092205807438,0.027777777777777776,0.9969325153374233,0.009036144578313253,0.03360981457631063,0.012126122811672958,-0.021483691764637675
fedprox,42,bearing,pooled,cnn-ae,K006,hard_val_p95,0.021233569261880688,0.027777777777777776,0.9892638036809815,0.005522088353413655,0.03444547882445269,0.013813515812954317,-0.02063196301149837
fedprox,42,bearing,pooled,cnn-ae,K006,fuzzy_warning_as_alarm_hi50,0.021233569261880688,0.027777777777777776,0.9892638036809815,0.005522088353413655,0.03444547882445269,0.013813515812954317,-0.02063196301149837
fedprox,42,bearing,pooled,cnn-ae,K006,fuzzy_fault_only_hi75,0.013197969543147208,0.027777777777777776,0.9933537832310838,0.005522088353413655,0.03444547882445269,0.013813515812954317,-0.02063196301149837
fedprox,42,bearing,client_specific,cnn-ae,K001,hard_val_p95,0.006113092205807438,0.027777777777777776,0.9969325153374233,0.006526104417670682,0.02888498787555517,0.008754607523907202,-0.02013038035164797
fedprox,42,bearing,client_specific,cnn-ae,K001,fuzzy_warning_as_alarm_hi50,0.006113092205807438,0.027777777777777776,0.9969325153374233,0.006526104417670682,0.02888498787555517,0.008754607523907202,-0.02013038035164797
fedprox,42,bearing,client_specific,cnn-ae,K001,fuzzy_fault_only_hi75,0.005099439061703213,0.0,0.9974437627811861,0.006526104417670682,0.02888498787555517,0.008754607523907202,-0.02013038035164797
fedprox,42,bearing,pooled,cnn-ae,K001,hard_val_p95,0.020222446916076844,0.05555555555555555,0.9897750511247444,0.017570281124497992,0.04695178601202686,0.014555991053008926,-0.03239579495901793
fedprox,42,bearing,pooled,cnn-ae,K001,fuzzy_warning_as_alarm_hi50,0.020222446916076844,0.05555555555555555,0.9897750511247444,0.017570281124497992,0.04695178601202686,0.014555991053008926,-0.03239579495901793
fedprox,42,bearing,pooled,cnn-ae,K001,fuzzy_fault_only_hi75,0.008142493638676845,0.027777777777777776,0.9959100204498977,0.017570281124497992,0.04695178601202686,0.014555991053008926,-0.03239579495901793
fedprox,42,bearing,client_specific,cnn-ae,K002,hard_val_p95,0.07567567567567568,0.05555555555555555,0.9606339468302658,0.02208835341365462,0.061902311170279584,0.04630386792711724,-0.015598443243162341
fedprox,42,bearing,client_specific,cnn-ae,K002,fuzzy_warning_as_alarm_hi50,0.07567567567567568,0.05555555555555555,0.9606339468302658,0.02208835341365462,0.061902311170279584,0.04630386792711724,-0.015598443243162341
fedprox,42,bearing,client_specific,cnn-ae,K002,fuzzy_fault_only_hi75,0.04104104104104104,0.027777777777777776,0.9790388548057259,0.02208835341365462,0.061902311170279584,0.04630386792711724,-0.015598443243162341
fedprox,42,bearing,pooled,cnn-ae,K002,hard_val_p95,0.020242914979757085,0.0,0.9897750511247444,0.01706827309236948,0.01736990728104583,0.014555991053008926,-0.0028139162280369032
fedprox,42,bearing,pooled,cnn-ae,K002,fuzzy_warning_as_alarm_hi50,0.020242914979757085,0.0,0.9897750511247444,0.01706827309236948,0.01736990728104583,0.014555991053008926,-0.0028139162280369032
fedprox,42,bearing,pooled,cnn-ae,K002,fuzzy_fault_only_hi75,0.008146639511201629,0.0,0.9959100204498977,0.01706827309236948,0.01736990728104583,0.014555991053008926,-0.0028139162280369032
fedprox,42,bearing,client_specific,cnn-ae,K003,hard_val_p95,0.008146639511201629,0.0,0.9959100204498977,0.007526342197691922,0.03650142094908587,0.008967568974231097,-0.027533851974854775
fedprox,42,bearing,client_specific,cnn-ae,K003,fuzzy_warning_as_alarm_hi50,0.008146639511201629,0.0,0.9959100204498977,0.007526342197691922,0.03650142094908587,0.008967568974231097,-0.027533851974854775
fedprox,42,bearing,client_specific,cnn-ae,K003,fuzzy_fault_only_hi75,0.005099439061703213,0.0,0.9974437627811861,0.007526342197691922,0.03650142094908587,0.008967568974231097,-0.027533851974854775
fedprox,42,bearing,pooled,cnn-ae,K003,hard_val_p95,0.020202020202020204,0.10810810810810811,0.9897750511247444,0.018564977420973405,0.0760750363019733,0.014555991053008926,-0.06151904524896438
fedprox,42,bearing,pooled,cnn-ae,K003,fuzzy_warning_as_alarm_hi50,0.020202020202020204,0.10810810810810811,0.9897750511247444,0.018564977420973405,0.0760750363019733,0.014555991053008926,-0.06151904524896438
fedprox,42,bearing,pooled,cnn-ae,K003,fuzzy_fault_only_hi75,0.008146639511201629,0.0,0.9959100204498977,0.018564977420973405,0.0760750363019733,0.014555991053008926,-0.06151904524896438
fedprox,42,bearing,client_specific,cnn-ae,K004,hard_val_p95,0.11169956668271545,0.1388888888888889,0.9406952965235174,0.0321285140562249,0.15849103414191118,0.0865721908894153,-0.07191884325249588
fedprox,42,bearing,client_specific,cnn-ae,K004,fuzzy_warning_as_alarm_hi50,0.11169956668271545,0.1388888888888889,0.9406952965235174,0.0321285140562249,0.15849103414191118,0.0865721908894153,-0.07191884325249588
fedprox,42,bearing,client_specific,cnn-ae,K004,fuzzy_fault_only_hi75,0.08500244259892525,0.1111111111111111,0.9555214723926381,0.0321285140562249,0.15849103414191118,0.0865721908894153,-0.07191884325249588
fedprox,42,bearing,pooled,cnn-ae,K004,hard_val_p95,0.020242914979757085,0.0,0.9897750511247444,0.01706827309236948,0.01856063610357097,0.014555991053008926,-0.0040046450505620435
fedprox,42,bearing,pooled,cnn-ae,K004,fuzzy_warning_as_alarm_hi50,0.020242914979757085,0.0,0.9897750511247444,0.01706827309236948,0.01856063610357097,0.014555991053008926,-0.0040046450505620435
fedprox,42,bearing,pooled,cnn-ae,K004,fuzzy_fault_only_hi75,0.008146639511201629,0.0,0.9959100204498977,0.01706827309236948,0.01856063610357097,0.014555991053008926,-0.0040046450505620435
fedprox,42,bearing,client_specific,cnn-ae,K005,hard_val_p95,0.2446236559139785,0.08333333333333333,0.8604294478527608,0.15612449799196787,0.12095282062417018,0.16305127980901124,0.042098459184841064
fedprox,42,bearing,client_specific,cnn-ae,K005,fuzzy_warning_as_alarm_hi50,0.2446236559139785,0.08333333333333333,0.8604294478527608,0.15612449799196787,0.12095282062417018,0.16305127980901124,0.042098459184841064
fedprox,42,bearing,client_specific,cnn-ae,K005,fuzzy_fault_only_hi75,0.08516886930983847,0.0,0.9555214723926381,0.15612449799196787,0.12095282062417018,0.16305127980901124,0.042098459184841064
fedprox,42,bearing,pooled,cnn-ae,K005,hard_val_p95,0.020242914979757085,0.0,0.9897750511247444,0.016566265060240965,0.0007708007087826812,0.014555991053008926,0.013785190344226246
fedprox,42,bearing,pooled,cnn-ae,K005,fuzzy_warning_as_alarm_hi50,0.020242914979757085,0.0,0.9897750511247444,0.016566265060240965,0.0007708007087826812,0.014555991053008926,0.013785190344226246
fedprox,42,bearing,pooled,cnn-ae,K005,fuzzy_fault_only_hi75,0.008146639511201629,0.0,0.9959100204498977,0.016566265060240965,0.0007708007087826812,0.014555991053008926,0.013785190344226246
fedprox,42,bearing,client_specific,cnn-ae,K006,hard_val_p95,0.020232675771370764,0.027777777777777776,0.9897750511247444,0.015562248995983935,0.03663352658132606,0.013837117339474231,-0.022796409241851834
fedprox,42,bearing,client_specific,cnn-ae,K006,fuzzy_warning_as_alarm_hi50,0.020232675771370764,0.027777777777777776,0.9897750511247444,0.015562248995983935,0.03663352658132606,0.013837117339474231,-0.022796409241851834
fedprox,42,bearing,client_specific,cnn-ae,K006,fuzzy_fault_only_hi75,0.006113092205807438,0.027777777777777776,0.9969325153374233,0.015562248995983935,0.03663352658132606,0.013837117339474231,-0.022796409241851834
fedprox,42,bearing,pooled,cnn-ae,K006,hard_val_p95,0.020232675771370764,0.027777777777777776,0.9897750511247444,0.016566265060240965,0.03964982810724537,0.014555991053008926,-0.025093837054236443
fedprox,42,bearing,pooled,cnn-ae,K006,fuzzy_warning_as_alarm_hi50,0.020232675771370764,0.027777777777777776,0.9897750511247444,0.016566265060240965,0.03964982810724537,0.014555991053008926,-0.025093837054236443
fedprox,42,bearing,pooled,cnn-ae,K006,fuzzy_fault_only_hi75,0.008142493638676845,0.027777777777777776,0.9959100204498977,0.016566265060240965,0.03964982810724537,0.014555991053008926,-0.025093837054236443
fedprox,42,bearing,client_specific,cnn-ae,K001,hard_val_p95,0.015212981744421906,0.027777777777777776,0.9923312883435583,0.006526104417670682,0.028551153648117014,0.009460266518940058,-0.019090887129176955
fedprox,42,bearing,client_specific,cnn-ae,K001,fuzzy_warning_as_alarm_hi50,0.015212981744421906,0.027777777777777776,0.9923312883435583,0.006526104417670682,0.028551153648117014,0.009460266518940058,-0.019090887129176955
fedprox,42,bearing,client_specific,cnn-ae,K001,fuzzy_fault_only_hi75,0.008142493638676845,0.027777777777777776,0.9959100204498977,0.006526104417670682,0.028551153648117014,0.009460266518940058,-0.019090887129176955
fedprox,42,bearing,pooled,cnn-ae,K001,hard_val_p95,0.021233569261880688,0.027777777777777776,0.9892638036809815,0.012048192771084338,0.03566327409655776,0.014093521648767303,-0.021569752447790455
fedprox,42,bearing,pooled,cnn-ae,K001,fuzzy_warning_as_alarm_hi50,0.021233569261880688,0.027777777777777776,0.9892638036809815,0.012048192771084338,0.03566327409655776,0.014093521648767303,-0.021569752447790455
fedprox,42,bearing,pooled,cnn-ae,K001,fuzzy_fault_only_hi75,0.011178861788617886,0.027777777777777776,0.9943762781186094,0.012048192771084338,0.03566327409655776,0.014093521648767303,-0.021569752447790455
fedprox,42,bearing,client_specific,cnn-ae,K002,hard_val_p95,0.06042595344229817,0.05555555555555555,0.9688139059304703,0.033634538152610444,0.09772186821976642,0.06939900090845821,-0.028322867311308203
fedprox,42,bearing,client_specific,cnn-ae,K002,fuzzy_warning_as_alarm_hi50,0.06042595344229817,0.05555555555555555,0.9688139059304703,0.033634538152610444,0.09772186821976642,0.06939900090845821,-0.028322867311308203
fedprox,42,bearing,client_specific,cnn-ae,K002,fuzzy_fault_only_hi75,0.03907815631262525,0.027777777777777776,0.9800613496932515,0.033634538152610444,0.09772186821976642,0.06939900090845821,-0.028322867311308203
fedprox,42,bearing,pooled,cnn-ae,K002,hard_val_p95,0.021244309559939303,0.0,0.9892638036809815,0.012048192771084338,0.01731890170745903,0.014093521648767303,-0.0032253800586917267
fedprox,42,bearing,pooled,cnn-ae,K002,fuzzy_warning_as_alarm_hi50,0.021244309559939303,0.0,0.9892638036809815,0.012048192771084338,0.01731890170745903,0.014093521648767303,-0.0032253800586917267
fedprox,42,bearing,pooled,cnn-ae,K002,fuzzy_fault_only_hi75,0.011184544992374174,0.0,0.9943762781186094,0.012048192771084338,0.01731890170745903,0.014093521648767303,-0.0032253800586917267
fedprox,42,bearing,client_specific,cnn-ae,K003,hard_val_p95,0.01017293997965412,0.0,0.9948875255623721,0.006522829904666332,0.03358791263651567,0.00808932627154145,-0.02549858636497422
fedprox,42,bearing,client_specific,cnn-ae,K003,fuzzy_warning_as_alarm_hi50,0.01017293997965412,0.0,0.9948875255623721,0.006522829904666332,0.03358791263651567,0.00808932627154145,-0.02549858636497422
fedprox,42,bearing,client_specific,cnn-ae,K003,fuzzy_fault_only_hi75,0.0061162079510703364,0.0,0.9969325153374233,0.006522829904666332,0.03358791263651567,0.00808932627154145,-0.02549858636497422
fedprox,42,bearing,pooled,cnn-ae,K003,hard_val_p95,0.021212121212121213,0.08108108108108109,0.9892638036809815,0.013547415955845458,0.07361838758416407,0.014093521648767303,-0.05952486593539677
fedprox,42,bearing,pooled,cnn-ae,K003,fuzzy_warning_as_alarm_hi50,0.021212121212121213,0.08108108108108109,0.9892638036809815,0.013547415955845458,0.07361838758416407,0.014093521648767303,-0.05952486593539677
fedprox,42,bearing,pooled,cnn-ae,K003,fuzzy_fault_only_hi75,0.011184544992374174,0.0,0.9943762781186094,0.013547415955845458,0.07361838758416407,0.014093521648767303,-0.05952486593539677
fedprox,42,bearing,client_specific,cnn-ae,K004,hard_val_p95,0.12875536480686695,0.16666666666666666,0.9309815950920245,0.04066265060240964,0.18350493648639207,0.10509783187607329,-0.07840710461031879
fedprox,42,bearing,client_specific,cnn-ae,K004,fuzzy_warning_as_alarm_hi50,0.12875536480686695,0.16666666666666666,0.9309815950920245,0.04066265060240964,0.18350493648639207,0.10509783187607329,-0.07840710461031879
fedprox,42,bearing,client_specific,cnn-ae,K004,fuzzy_fault_only_hi75,0.0943579766536965,0.08333333333333333,0.9504089979550102,0.04066265060240964,0.18350493648639207,0.10509783187607329,-0.07840710461031879
fedprox,42,bearing,pooled,cnn-ae,K004,hard_val_p95,0.021244309559939303,0.0,0.9892638036809815,0.011546184738955823,0.006181503191700462,0.014093521648767303,0.007912018457066843
fedprox,42,bearing,pooled,cnn-ae,K004,fuzzy_warning_as_alarm_hi50,0.021244309559939303,0.0,0.9892638036809815,0.011546184738955823,0.006181503191700462,0.014093521648767303,0.007912018457066843
fedprox,42,bearing,pooled,cnn-ae,K004,fuzzy_fault_only_hi75,0.011184544992374174,0.0,0.9943762781186094,0.011546184738955823,0.006181503191700462,0.014093521648767303,0.007912018457066843
fedprox,42,bearing,client_specific,cnn-ae,K005,hard_val_p95,0.3729796933278077,0.19444444444444445,0.7699386503067485,0.06375502008032129,0.22310213534184553,0.26188639956137755,0.038784264219532016
fedprox,42,bearing,client_specific,cnn-ae,K005,fuzzy_warning_as_alarm_hi50,0.3729796933278077,0.19444444444444445,0.7699386503067485,0.06375502008032129,0.22310213534184553,0.26188639956137755,0.038784264219532016
fedprox,42,bearing,client_specific,cnn-ae,K005,fuzzy_fault_only_hi75,0.3237932507475438,0.16666666666666666,0.806237218813906,0.06375502008032129,0.22310213534184553,0.26188639956137755,0.038784264219532016
fedprox,42,bearing,pooled,cnn-ae,K005,hard_val_p95,0.021244309559939303,0.0,0.9892638036809815,0.011546184738955823,0.001785421045713581,0.014093521648767303,0.012308100603053722
fedprox,42,bearing,pooled,cnn-ae,K005,fuzzy_warning_as_alarm_hi50,0.021244309559939303,0.0,0.9892638036809815,0.011546184738955823,0.001785421045713581,0.014093521648767303,0.012308100603053722
fedprox,42,bearing,pooled,cnn-ae,K005,fuzzy_fault_only_hi75,0.011184544992374174,0.0,0.9943762781186094,0.011546184738955823,0.001785421045713581,0.014093521648767303,0.012308100603053722
fedprox,42,bearing,client_specific,cnn-ae,K006,hard_val_p95,0.02223345123799899,0.027777777777777776,0.9887525562372188,0.015060240963855422,0.03549349004047832,0.013714798856973003,-0.021778691183505314
fedprox,42,bearing,client_specific,cnn-ae,K006,fuzzy_warning_as_alarm_hi50,0.02223345123799899,0.027777777777777776,0.9887525562372188,0.015060240963855422,0.03549349004047832,0.013714798856973003,-0.021778691183505314
fedprox,42,bearing,client_specific,cnn-ae,K006,fuzzy_fault_only_hi75,0.007128309572301426,0.027777777777777776,0.9964212678936605,0.015060240963855422,0.03549349004047832,0.013714798856973003,-0.021778691183505314
fedprox,42,bearing,pooled,cnn-ae,K006,hard_val_p95,0.021233569261880688,0.027777777777777776,0.9892638036809815,0.011546184738955823,0.03543642330008762,0.014093521648767303,-0.02134290165132032
fedprox,42,bearing,pooled,cnn-ae,K006,fuzzy_warning_as_alarm_hi50,0.021233569261880688,0.027777777777777776,0.9892638036809815,0.011546184738955823,0.03543642330008762,0.014093521648767303,-0.02134290165132032
fedprox,42,bearing,pooled,cnn-ae,K006,fuzzy_fault_only_hi75,0.011178861788617886,0.027777777777777776,0.9943762781186094,0.011546184738955823,0.03543642330008762,0.014093521648767303,-0.02134290165132032
fedprox-personalized,42,bearing,client_specific,cnn-ae,K001,hard_val_p95,0.010167768174885612,0.027777777777777776,0.9948875255623721,0.004016064257028112,0.04951752631795143,0.02163267348011493,-0.0278848528378365
fedprox-personalized,42,bearing,client_specific,cnn-ae,K001,fuzzy_warning_as_alarm_hi50,0.010167768174885612,0.027777777777777776,0.9948875255623721,0.004016064257028112,0.04951752631795143,0.02163267348011493,-0.0278848528378365
fedprox-personalized,42,bearing,client_specific,cnn-ae,K001,fuzzy_fault_only_hi75,0.008142493638676845,0.027777777777777776,0.9959100204498977,0.004016064257028112,0.04951752631795143,0.02163267348011493,-0.0278848528378365
fedprox-personalized,42,bearing,client_specific,cnn-ae,K002,hard_val_p95,0.039097744360902256,0.0,0.9800613496932515,0.02610441767068273,0.06962989249940574,0.048942621245299855,-0.020687271254105882
fedprox-personalized,42,bearing,client_specific,cnn-ae,K002,fuzzy_warning_as_alarm_hi50,0.039097744360902256,0.0,0.9800613496932515,0.02610441767068273,0.06962989249940574,0.048942621245299855,-0.020687271254105882
fedprox-personalized,42,bearing,client_specific,cnn-ae,K002,fuzzy_fault_only_hi75,0.024242424242424242,0.0,0.9877300613496932,0.02610441767068273,0.06962989249940574,0.048942621245299855,-0.020687271254105882
fedprox-personalized,42,bearing,client_specific,cnn-ae,K003,hard_val_p95,0.010167768174885612,0.02702702702702703,0.9948875255623721,0.007024586051179127,0.035651261889136275,0.007222687452507988,-0.028428574436628287
fedprox-personalized,42,bearing,client_specific,cnn-ae,K003,fuzzy_warning_as_alarm_hi50,0.010167768174885612,0.02702702702702703,0.9948875255623721,0.007024586051179127,0.035651261889136275,0.007222687452507988,-0.028428574436628287
fedprox-personalized,42,bearing,client_specific,cnn-ae,K003,fuzzy_fault_only_hi75,0.0061162079510703364,0.0,0.9969325153374233,0.007024586051179127,0.035651261889136275,0.007222687452507988,-0.028428574436628287
fedprox-personalized,42,bearing,client_specific,cnn-ae,K004,hard_val_p95,0.10460048426150122,0.027777777777777776,0.9447852760736196,0.023092369477911646,0.07362660439976783,0.10416338031273954,0.030536775912971714
fedprox-personalized,42,bearing,client_specific,cnn-ae,K004,fuzzy_warning_as_alarm_hi50,0.10460048426150122,0.027777777777777776,0.9447852760736196,0.023092369477911646,0.07362660439976783,0.10416338031273954,0.030536775912971714
fedprox-personalized,42,bearing,client_specific,cnn-ae,K004,fuzzy_fault_only_hi75,0.09722897423432182,0.027777777777777776,0.9488752556237219,0.023092369477911646,0.07362660439976783,0.10416338031273954,0.030536775912971714
fedprox-personalized,42,bearing,client_specific,cnn-ae,K005,hard_val_p95,0.37080049771878887,0.2222222222222222,0.7714723926380368,0.20230923694779115,0.20075063783415034,0.2307632499014608,0.030012612067310457
fedprox-personalized,42,bearing,client_specific,cnn-ae,K005,fuzzy_warning_as_alarm_hi50,0.37080049771878887,0.2222222222222222,0.7714723926380368,0.20230923694779115,0.20075063783415034,0.2307632499014608,0.030012612067310457
fedprox-personalized,42,bearing,client_specific,cnn-ae,K005,fuzzy_fault_only_hi75,0.19113573407202217,0.08333333333333333,0.8941717791411042,0.20230923694779115,0.20075063783415034,0.2307632499014608,0.030012612067310457
fedprox-personalized,42,bearing,client_specific,cnn-ae,K006,hard_val_p95,0.017223910840932118,0.027777777777777776,0.9913087934560327,0.010040160642570281,0.03294719229030739,0.011380260283432355,-0.021566932006875032
fedprox-personalized,42,bearing,client_specific,cnn-ae,K006,fuzzy_warning_as_alarm_hi50,0.017223910840932118,0.027777777777777776,0.9913087934560327,0.010040160642570281,0.03294719229030739,0.011380260283432355,-0.021566932006875032
fedprox-personalized,42,bearing,client_specific,cnn-ae,K006,fuzzy_fault_only_hi75,0.008142493638676845,0.027777777777777776,0.9959100204498977,0.010040160642570281,0.03294719229030739,0.011380260283432355,-0.021566932006875032
local-only,202,bearing,client_specific,cnn-ae,K001,hard_val_p95,0.04095904095904096,0.1388888888888889,0.9790388548057259,0.02208835341365462,0.15745706934486273,0.044142708370669845,-0.11331436097419288
local-only,202,bearing,client_specific,cnn-ae,K001,fuzzy_warning_as_alarm_hi50,0.04095904095904096,0.1388888888888889,0.9790388548057259,0.02208835341365462,0.15745706934486273,0.044142708370669845,-0.11331436097419288
local-only,202,bearing,client_specific,cnn-ae,K001,fuzzy_fault_only_hi75,0.020232675771370764,0.027777777777777776,0.9897750511247444,0.02208835341365462,0.15745706934486273,0.044142708370669845,-0.11331436097419288
local-only,202,bearing,client_specific,cnn-ae,K002,hard_val_p95,0.11917347429120614,0.027777777777777776,0.9366053169734151,0.0747991967871486,0.07969288674327778,0.2417714192830648,0.16207853253978705
local-only,202,bearing,client_specific,cnn-ae,K002,fuzzy_warning_as_alarm_hi50,0.11917347429120614,0.027777777777777776,0.9366053169734151,0.0747991967871486,0.07969288674327778,0.2417714192830648,0.16207853253978705
local-only,202,bearing,client_specific,cnn-ae,K002,fuzzy_fault_only_hi75,0.058560794044665014,0.0,0.9698364008179959,0.0747991967871486,0.07969288674327778,0.2417714192830648,0.16207853253978705
local-only,202,bearing,client_specific,cnn-ae,K003,hard_val_p95,0.012195121951219513,0.0,0.9938650306748467,0.012543903662819869,0.07060414338564133,0.02304536351495496,-0.04755877987068637
local-only,202,bearing,client_specific,cnn-ae,K003,fuzzy_warning_as_alarm_hi50,0.012195121951219513,0.0,0.9938650306748467,0.012543903662819869,0.07060414338564133,0.02304536351495496,-0.04755877987068637
local-only,202,bearing,client_specific,cnn-ae,K003,fuzzy_fault_only_hi75,0.0030627871362940277,0.0,0.9984662576687117,0.012543903662819869,0.07060414338564133,0.02304536351495496,-0.04755877987068637
local-only,202,bearing,client_specific,cnn-ae,K004,hard_val_p95,0.140484100616991,0.08333333333333333,0.9243353783231084,0.10692771084337349,0.1579552994486767,0.16528044156305777,0.007325142114381067
local-only,202,bearing,client_specific,cnn-ae,K004,fuzzy_warning_as_alarm_hi50,0.140484100616991,0.08333333333333333,0.9243353783231084,0.10692771084337349,0.1579552994486767,0.16528044156305777,0.007325142114381067
local-only,202,bearing,client_specific,cnn-ae,K004,fuzzy_fault_only_hi75,0.10179350460494425,0.05555555555555555,0.946319018404908,0.10692771084337349,0.1579552994486767,0.16528044156305777,0.007325142114381067
local-only,202,bearing,client_specific,cnn-ae,K005,hard_val_p95,0.16322701688555347,0.05555555555555555,0.911042944785276,0.06224899598393574,0.09320507007857634,0.16424940899382057,0.07104433891524423
local-only,202,bearing,client_specific,cnn-ae,K005,fuzzy_warning_as_alarm_hi50,0.16322701688555347,0.05555555555555555,0.911042944785276,0.06224899598393574,0.09320507007857634,0.16424940899382057,0.07104433891524423
local-only,202,bearing,client_specific,cnn-ae,K005,fuzzy_fault_only_hi75,0.14414414414414414,0.027777777777777776,0.9222903885480572,0.06224899598393574,0.09320507007857634,0.16424940899382057,0.07104433891524423
local-only,202,bearing,client_specific,cnn-ae,K006,hard_val_p95,0.038,0.16666666666666666,0.9805725971370143,0.022590361445783132,0.16772259904100897,0.047495502411593955,-0.12022709662941503
local-only,202,bearing,client_specific,cnn-ae,K006,fuzzy_warning_as_alarm_hi50,0.038,0.16666666666666666,0.9805725971370143,0.022590361445783132,0.16772259904100897,0.047495502411593955,-0.12022709662941503
local-only,202,bearing,client_specific,cnn-ae,K006,fuzzy_fault_only_hi75,0.008146639511201629,0.0,0.9959100204498977,0.022590361445783132,0.16772259904100897,0.047495502411593955,-0.12022709662941503
centralized,202,bearing,client_specific,cnn-ae,K001,hard_val_p95,0.23592976136875282,0.08333333333333333,0.8660531697341514,0.046686746987951805,0.10918975865998794,0.15141811793597498,0.042228359275987046
centralized,202,bearing,client_specific,cnn-ae,K001,fuzzy_warning_as_alarm_hi50,0.23592976136875282,0.08333333333333333,0.8660531697341514,0.046686746987951805,0.10918975865998794,0.15141811793597498,0.042228359275987046
centralized,202,bearing,client_specific,cnn-ae,K001,fuzzy_fault_only_hi75,0.1913123844731978,0.027777777777777776,0.8941717791411042,0.046686746987951805,0.10918975865998794,0.15141811793597498,0.042228359275987046
centralized,202,bearing,pooled,cnn-ae,K001,hard_val_p95,0.09635036496350365,0.0,0.9493865030674846,0.09688755020080321,0.06691820760026038,0.0865339055752285,0.01961569797496812
centralized,202,bearing,pooled,cnn-ae,K001,fuzzy_warning_as_alarm_hi50,0.09635036496350365,0.0,0.9493865030674846,0.09688755020080321,0.06691820760026038,0.0865339055752285,0.01961569797496812
centralized,202,bearing,pooled,cnn-ae,K001,fuzzy_fault_only_hi75,0.024242424242424242,0.0,0.9877300613496932,0.09688755020080321,0.06691820760026038,0.0865339055752285,0.01961569797496812
centralized,202,bearing,client_specific,cnn-ae,K002,hard_val_p95,0.48667439165701043,0.08333333333333333,0.6779141104294478,0.02961847389558233,0.14213583770409255,0.45217081249333096,0.3100349747892384
centralized,202,bearing,client_specific,cnn-ae,K002,fuzzy_warning_as_alarm_hi50,0.48667439165701043,0.08333333333333333,0.6779141104294478,0.02961847389558233,0.14213583770409255,0.45217081249333096,0.3100349747892384
centralized,202,bearing,client_specific,cnn-ae,K002,fuzzy_fault_only_hi75,0.4813953488372093,0.08333333333333333,0.6825153374233128,0.02961847389558233,0.14213583770409255,0.45217081249333096,0.3100349747892384
centralized,202,bearing,pooled,cnn-ae,K002,hard_val_p95,0.09635036496350365,0.0,0.9493865030674846,0.09588353413654618,0.010819842302356638,0.0865339055752285,0.07571406327287186
centralized,202,bearing,pooled,cnn-ae,K002,fuzzy_warning_as_alarm_hi50,0.09635036496350365,0.0,0.9493865030674846,0.09588353413654618,0.010819842302356638,0.0865339055752285,0.07571406327287186
centralized,202,bearing,pooled,cnn-ae,K002,fuzzy_fault_only_hi75,0.024242424242424242,0.0,0.9877300613496932,0.09588353413654618,0.010819842302356638,0.0865339055752285,0.07571406327287186
centralized,202,bearing,client_specific,cnn-ae,K003,hard_val_p95,0.22603978300180833,0.16216216216216217,0.8721881390593047,0.02609131961866533,0.21606047325279815,0.16224675377193531,-0.05381371948086283
centralized,202,bearing,client_specific,cnn-ae,K003,fuzzy_warning_as_alarm_hi50,0.22603978300180833,0.16216216216216217,0.8721881390593047,0.02609131961866533,0.21606047325279815,0.16224675377193531,-0.05381371948086283
centralized,202,bearing,client_specific,cnn-ae,K003,fuzzy_fault_only_hi75,0.21636363636363637,0.16216216216216217,0.878323108384458,0.02609131961866533,0.21606047325279815,0.16224675377193531,-0.05381371948086283
centralized,202,bearing,pooled,cnn-ae,K003,hard_val_p95,0.09620991253644315,0.08108108108108109,0.9493865030674846,0.09884596086302057,0.11013318731521522,0.0865339055752285,-0.023599281739986724
centralized,202,bearing,pooled,cnn-ae,K003,fuzzy_warning_as_alarm_hi50,0.09620991253644315,0.08108108108108109,0.9493865030674846,0.09884596086302057,0.11013318731521522,0.0865339055752285,-0.023599281739986724
centralized,202,bearing,pooled,cnn-ae,K003,fuzzy_fault_only_hi75,0.024242424242424242,0.0,0.9877300613496932,0.09884596086302057,0.11013318731521522,0.0865339055752285,-0.023599281739986724
centralized,202,bearing,client_specific,cnn-ae,K004,hard_val_p95,0.001021972406745018,0.0,0.9994887525562373,0.007530120481927711,0.043157805252302756,0.017321885011037878,-0.025835920241264878
centralized,202,bearing,client_specific,cnn-ae,K004,fuzzy_warning_as_alarm_hi50,0.001021972406745018,0.0,0.9994887525562373,0.007530120481927711,0.043157805252302756,0.017321885011037878,-0.025835920241264878
centralized,202,bearing,client_specific,cnn-ae,K004,fuzzy_fault_only_hi75,0.0,0.0,1.0,0.007530120481927711,0.043157805252302756,0.017321885011037878,-0.025835920241264878
centralized,202,bearing,pooled,cnn-ae,K004,hard_val_p95,0.09606986899563319,0.16666666666666666,0.9493865030674846,0.09789156626506024,0.19229779412062598,0.0865339055752285,-0.10576388854539748
centralized,202,bearing,pooled,cnn-ae,K004,fuzzy_warning_as_alarm_hi50,0.09606986899563319,0.16666666666666666,0.9493865030674846,0.09789156626506024,0.19229779412062598,0.0865339055752285,-0.10576388854539748
centralized,202,bearing,pooled,cnn-ae,K004,fuzzy_fault_only_hi75,0.024205748865355523,0.08333333333333333,0.9877300613496932,0.09789156626506024,0.19229779412062598,0.0865339055752285,-0.10576388854539748
centralized,202,bearing,client_specific,cnn-ae,K005,hard_val_p95,0.23534715960324618,0.027777777777777776,0.8665644171779141,0.16214859437751003,0.08419325267114547,0.15670913811735065,0.07251588544620519
centralized,202,bearing,client_specific,cnn-ae,K005,fuzzy_warning_as_alarm_hi50,0.23534715960324618,0.027777777777777776,0.8665644171779141,0.16214859437751003,0.08419325267114547,0.15670913811735065,0.07251588544620519
centralized,202,bearing,client_specific,cnn-ae,K005,fuzzy_fault_only_hi75,0.06623826000988631,0.0,0.9657464212678937,0.16214859437751003,0.08419325267114547,0.15670913811735065,0.07251588544620519
centralized,202,bearing,pooled,cnn-ae,K005,hard_val_p95,0.09635036496350365,0.0,0.9493865030674846,0.0963855421686747,0.0384116588533276,0.0865339055752285,0.0481222467219009
centralized,202,bearing,pooled,cnn-ae,K005,fuzzy_warning_as_alarm_hi50,0.09635036496350365,0.0,0.9493865030674846,0.0963855421686747,0.0384116588533276,0.0865339055752285,0.0481222467219009
centralized,202,bearing,pooled,cnn-ae,K005,fuzzy_fault_only_hi75,0.024242424242424242,0.0,0.9877300613496932,0.0963855421686747,0.0384116588533276,0.0865339055752285,0.0481222467219009
centralized,202,bearing,client_specific,cnn-ae,K006,hard_val_p95,0.26483613817537643,0.08333333333333333,0.8471370143149284,0.0572289156626506,0.1449265131230051,0.1680564259198872,0.02312991279688209
centralized,202,bearing,client_specific,cnn-ae,K006,fuzzy_warning_as_alarm_hi50,0.26483613817537643,0.08333333333333333,0.8471370143149284,0.0572289156626506,0.1449265131230051,0.1680564259198872,0.02312991279688209
centralized,202,bearing,client_specific,cnn-ae,K006,fuzzy_fault_only_hi75,0.20449335167354424,0.05555555555555555,0.8859918200408998,0.0572289156626506,0.1449265131230051,0.1680564259198872,0.02312991279688209
centralized,202,bearing,pooled,cnn-ae,K006,hard_val_p95,0.09635036496350365,0.0,0.9493865030674846,0.09688755020080321,0.07470097546213234,0.0865339055752285,0.011832930113096163
centralized,202,bearing,pooled,cnn-ae,K006,fuzzy_warning_as_alarm_hi50,0.09635036496350365,0.0,0.9493865030674846,0.09688755020080321,0.07470097546213234,0.0865339055752285,0.011832930113096163
centralized,202,bearing,pooled,cnn-ae,K006,fuzzy_fault_only_hi75,0.024242424242424242,0.0,0.9877300613496932,0.09688755020080321,0.07470097546213234,0.0865339055752285,0.011832930113096163
fedavg,202,bearing,client_specific,cnn-ae,K001,hard_val_p95,0.04008016032064128,0.0,0.9795501022494888,0.02459839357429719,0.06393226610276852,0.05585008988013288,-0.008082176222635636
fedavg,202,bearing,client_specific,cnn-ae,K001,fuzzy_warning_as_alarm_hi50,0.04008016032064128,0.0,0.9795501022494888,0.02459839357429719,0.06393226610276852,0.05585008988013288,-0.008082176222635636
fedavg,202,bearing,client_specific,cnn-ae,K001,fuzzy_fault_only_hi75,0.019240506329113925,0.0,0.9902862985685071,0.02459839357429719,0.06393226610276852,0.05585008988013288,-0.008082176222635636
fedavg,202,bearing,pooled,cnn-ae,K001,hard_val_p95,0.06429277942631058,0.027777777777777776,0.9667689161554193,0.04467871485943775,0.09230820741865192,0.08012724293409429,-0.012180964484557633
fedavg,202,bearing,pooled,cnn-ae,K001,fuzzy_warning_as_alarm_hi50,0.06429277942631058,0.027777777777777776,0.9667689161554193,0.04467871485943775,0.09230820741865192,0.08012724293409429,-0.012180964484557633
fedavg,202,bearing,pooled,cnn-ae,K001,fuzzy_fault_only_hi75,0.024242424242424242,0.0,0.9877300613496932,0.04467871485943775,0.09230820741865192,0.08012724293409429,-0.012180964484557633
fedavg,202,bearing,client_specific,cnn-ae,K002,hard_val_p95,0.12893982808022922,0.08333333333333333,0.9309815950920245,0.035140562248995984,0.14314354018914022,0.12149529597583199,-0.02164824421330823
fedavg,202,bearing,client_specific,cnn-ae,K002,fuzzy_warning_as_alarm_hi50,0.12893982808022922,0.08333333333333333,0.9309815950920245,0.035140562248995984,0.14314354018914022,0.12149529597583199,-0.02164824421330823
fedavg,202,bearing,client_specific,cnn-ae,K002,fuzzy_fault_only_hi75,0.11544011544011544,0.08333333333333333,0.9386503067484663,0.035140562248995984,0.14314354018914022,0.12149529597583199,-0.02164824421330823
fedavg,202,bearing,pooled,cnn-ae,K002,hard_val_p95,0.06426099851705389,0.05555555555555555,0.9667689161554193,0.04467871485943775,0.10980060697934034,0.08012724293409429,-0.02967336404524605
fedavg,202,bearing,pooled,cnn-ae,K002,fuzzy_warning_as_alarm_hi50,0.06426099851705389,0.05555555555555555,0.9667689161554193,0.04467871485943775,0.10980060697934034,0.08012724293409429,-0.02967336404524605
fedavg,202,bearing,pooled,cnn-ae,K002,fuzzy_fault_only_hi75,0.024230186774356385,0.027777777777777776,0.9877300613496932,0.04467871485943775,0.10980060697934034,0.08012724293409429,-0.02967336404524605
fedavg,202,bearing,client_specific,cnn-ae,K003,hard_val_p95,0.06518518518518518,0.08108108108108109,0.9662576687116564,0.043652784746613146,0.09891959763084561,0.0868737544103564,-0.01204584322048921
fedavg,202,bearing,client_specific,cnn-ae,K003,fuzzy_warning_as_alarm_hi50,0.06518518518518518,0.08108108108108109,0.9662576687116564,0.043652784746613146,0.09891959763084561,0.0868737544103564,-0.01204584322048921
fedavg,202,bearing,client_specific,cnn-ae,K003,fuzzy_fault_only_hi75,0.024242424242424242,0.0,0.9877300613496932,0.043652784746613146,0.09891959763084561,0.0868737544103564,-0.01204584322048921
fedavg,202,bearing,pooled,cnn-ae,K003,hard_val_p95,0.06422924901185771,0.08108108108108109,0.9667689161554193,0.04565980933266432,0.0939638470157084,0.08012724293409429,-0.013836604081614107
fedavg,202,bearing,pooled,cnn-ae,K003,fuzzy_warning_as_alarm_hi50,0.06422924901185771,0.08108108108108109,0.9667689161554193,0.04565980933266432,0.0939638470157084,0.08012724293409429,-0.013836604081614107
fedavg,202,bearing,pooled,cnn-ae,K003,fuzzy_fault_only_hi75,0.024242424242424242,0.0,0.9877300613496932,0.04565980933266432,0.0939638470157084,0.08012724293409429,-0.013836604081614107
fedavg,202,bearing,client_specific,cnn-ae,K004,hard_val_p95,0.16588566073102157,0.027777777777777776,0.9095092024539877,0.03263052208835342,0.08727470751022073,0.13462039995311287,0.047345692442892134
fedavg,202,bearing,client_specific,cnn-ae,K004,fuzzy_warning_as_alarm_hi50,0.16588566073102157,0.027777777777777776,0.9095092024539877,0.03263052208835342,0.08727470751022073,0.13462039995311287,0.047345692442892134
fedavg,202,bearing,client_specific,cnn-ae,K004,fuzzy_fault_only_hi75,0.14061757719714965,0.027777777777777776,0.9243353783231084,0.03263052208835342,0.08727470751022073,0.13462039995311287,0.047345692442892134
fedavg,202,bearing,pooled,cnn-ae,K004,hard_val_p95,0.06429277942631058,0.027777777777777776,0.9667689161554193,0.043674698795180725,0.07646864626986181,0.08012724293409429,0.0036585966642324746
fedavg,202,bearing,pooled,cnn-ae,K004,fuzzy_warning_as_alarm_hi50,0.06429277942631058,0.027777777777777776,0.9667689161554193,0.043674698795180725,0.07646864626986181,0.08012724293409429,0.0036585966642324746
fedavg,202,bearing,pooled,cnn-ae,K004,fuzzy_fault_only_hi75,0.024230186774356385,0.027777777777777776,0.9877300613496932,0.043674698795180725,0.07646864626986181,0.08012724293409429,0.0036585966642324746
fedavg,202,bearing,client_specific,cnn-ae,K005,hard_val_p95,0.1951219512195122,0.1388888888888889,0.8916155419222904,0.04116465863453815,0.20562691997219534,0.17803511601898944,-0.0275918039532059
fedavg,202,bearing,client_specific,cnn-ae,K005,fuzzy_warning_as_alarm_hi50,0.1951219512195122,0.1388888888888889,0.8916155419222904,0.04116465863453815,0.20562691997219534,0.17803511601898944,-0.0275918039532059
fedavg,202,bearing,client_specific,cnn-ae,K005,fuzzy_fault_only_hi75,0.16822429906542055,0.1111111111111111,0.9079754601226994,0.04116465863453815,0.20562691997219534,0.17803511601898944,-0.0275918039532059
fedavg,202,bearing,pooled,cnn-ae,K005,hard_val_p95,0.06432459178624443,0.0,0.9667689161554193,0.043674698795180725,0.06832946486988295,0.08012724293409429,0.01179777806421134
fedavg,202,bearing,pooled,cnn-ae,K005,fuzzy_warning_as_alarm_hi50,0.06432459178624443,0.0,0.9667689161554193,0.043674698795180725,0.06832946486988295,0.08012724293409429,0.01179777806421134
fedavg,202,bearing,pooled,cnn-ae,K005,fuzzy_fault_only_hi75,0.024242424242424242,0.0,0.9877300613496932,0.043674698795180725,0.06832946486988295,0.08012724293409429,0.01179777806421134
fedavg,202,bearing,client_specific,cnn-ae,K006,hard_val_p95,0.020242914979757085,0.0,0.9897750511247444,0.013052208835341365,0.06900774863605869,0.05955745990947818,-0.009450288726580505
fedavg,202,bearing,client_specific,cnn-ae,K006,fuzzy_warning_as_alarm_hi50,0.020242914979757085,0.0,0.9897750511247444,0.013052208835341365,0.06900774863605869,0.05955745990947818,-0.009450288726580505
fedavg,202,bearing,client_specific,cnn-ae,K006,fuzzy_fault_only_hi75,0.014213197969543147,0.0,0.9928425357873211,0.013052208835341365,0.06900774863605869,0.05955745990947818,-0.009450288726580505
fedavg,202,bearing,pooled,cnn-ae,K006,hard_val_p95,0.06429277942631058,0.027777777777777776,0.9667689161554193,0.04417670682730924,0.09172603244021273,0.08012724293409429,-0.011598789506118437
fedavg,202,bearing,pooled,cnn-ae,K006,fuzzy_warning_as_alarm_hi50,0.06429277942631058,0.027777777777777776,0.9667689161554193,0.04417670682730924,0.09172603244021273,0.08012724293409429,-0.011598789506118437
fedavg,202,bearing,pooled,cnn-ae,K006,fuzzy_fault_only_hi75,0.024230186774356385,0.027777777777777776,0.9877300613496932,0.04417670682730924,0.09172603244021273,0.08012724293409429,-0.011598789506118437
fedavg,202,bearing,client_specific,cnn-ae,K001,hard_val_p95,0.061446977205153616,0.0,0.9683026584867076,0.03614457831325301,0.05557132959784351,0.08033297319595116,0.024761643598107647
fedavg,202,bearing,client_specific,cnn-ae,K001,fuzzy_warning_as_alarm_hi50,0.061446977205153616,0.0,0.9683026584867076,0.03614457831325301,0.05557132959784351,0.08033297319595116,0.024761643598107647
fedavg,202,bearing,client_specific,cnn-ae,K001,fuzzy_fault_only_hi75,0.05276256844201095,0.0,0.9729038854805726,0.03614457831325301,0.05557132959784351,0.08033297319595116,0.024761643598107647
fedavg,202,bearing,pooled,cnn-ae,K001,hard_val_p95,0.06719367588932806,0.0,0.9652351738241309,0.06977911646586345,0.06750010853823732,0.08877156834227248,0.021271459804035164
fedavg,202,bearing,pooled,cnn-ae,K001,fuzzy_warning_as_alarm_hi50,0.06719367588932806,0.0,0.9652351738241309,0.06977911646586345,0.06750010853823732,0.08877156834227248,0.021271459804035164
fedavg,202,bearing,pooled,cnn-ae,K001,fuzzy_fault_only_hi75,0.04302151075537769,0.0,0.9780163599182005,0.06977911646586345,0.06750010853823732,0.08877156834227248,0.021271459804035164
fedavg,202,bearing,client_specific,cnn-ae,K002,hard_val_p95,0.13257033857892228,0.05555555555555555,0.9289366053169734,0.08785140562248996,0.09120004633419093,0.1051402813834284,0.01394023504923747
fedavg,202,bearing,client_specific,cnn-ae,K002,fuzzy_warning_as_alarm_hi50,0.13257033857892228,0.05555555555555555,0.9289366053169734,0.08785140562248996,0.09120004633419093,0.1051402813834284,0.01394023504923747
fedavg,202,bearing,client_specific,cnn-ae,K002,fuzzy_fault_only_hi75,0.06042595344229817,0.05555555555555555,0.9688139059304703,0.08785140562248996,0.09120004633419093,0.1051402813834284,0.01394023504923747
fedavg,202,bearing,pooled,cnn-ae,K002,hard_val_p95,0.06712734452122408,0.05555555555555555,0.9652351738241309,0.06927710843373494,0.0789303113903581,0.08877156834227248,0.009841256951914387
fedavg,202,bearing,pooled,cnn-ae,K002,fuzzy_warning_as_alarm_hi50,0.06712734452122408,0.05555555555555555,0.9652351738241309,0.06927710843373494,0.0789303113903581,0.08877156834227248,0.009841256951914387
fedavg,202,bearing,pooled,cnn-ae,K002,fuzzy_fault_only_hi75,0.043,0.027777777777777776,0.9780163599182005,0.06927710843373494,0.0789303113903581,0.08877156834227248,0.009841256951914387
fedavg,202,bearing,client_specific,cnn-ae,K003,hard_val_p95,0.06045589692765114,0.02702702702702703,0.9688139059304703,0.05619668840943302,0.07178594683560104,0.07838109201800796,0.00659514518240692
fedavg,202,bearing,client_specific,cnn-ae,K003,fuzzy_warning_as_alarm_hi50,0.06045589692765114,0.02702702702702703,0.9688139059304703,0.05619668840943302,0.07178594683560104,0.07838109201800796,0.00659514518240692
fedavg,202,bearing,client_specific,cnn-ae,K003,fuzzy_fault_only_hi75,0.043,0.02702702702702703,0.9780163599182005,0.05619668840943302,0.07178594683560104,0.07838109201800796,0.00659514518240692
fedavg,202,bearing,pooled,cnn-ae,K003,hard_val_p95,0.0671604938271605,0.02702702702702703,0.9652351738241309,0.06924234821876568,0.08068587031213273,0.08877156834227248,0.008085698030139754
fedavg,202,bearing,pooled,cnn-ae,K003,fuzzy_warning_as_alarm_hi50,0.0671604938271605,0.02702702702702703,0.9652351738241309,0.06924234821876568,0.08068587031213273,0.08877156834227248,0.008085698030139754
fedavg,202,bearing,pooled,cnn-ae,K003,fuzzy_fault_only_hi75,0.043,0.02702702702702703,0.9780163599182005,0.06924234821876568,0.08068587031213273,0.08877156834227248,0.008085698030139754
fedavg,202,bearing,client_specific,cnn-ae,K004,hard_val_p95,0.06814814814814815,0.0,0.9647239263803681,0.05321285140562249,0.06675089012781915,0.10127180091084112,0.03452091078302197
fedavg,202,bearing,client_specific,cnn-ae,K004,fuzzy_warning_as_alarm_hi50,0.06814814814814815,0.0,0.9647239263803681,0.05321285140562249,0.06675089012781915,0.10127180091084112,0.03452091078302197
fedavg,202,bearing,client_specific,cnn-ae,K004,fuzzy_fault_only_hi75,0.06048587010411502,0.0,0.9688139059304703,0.05321285140562249,0.06675089012781915,0.10127180091084112,0.03452091078302197
fedavg,202,bearing,pooled,cnn-ae,K004,hard_val_p95,0.06719367588932806,0.0,0.9652351738241309,0.06927710843373494,0.05945946531660781,0.08877156834227248,0.02931210302566467
fedavg,202,bearing,pooled,cnn-ae,K004,fuzzy_warning_as_alarm_hi50,0.06719367588932806,0.0,0.9652351738241309,0.06927710843373494,0.05945946531660781,0.08877156834227248,0.02931210302566467
fedavg,202,bearing,pooled,cnn-ae,K004,fuzzy_fault_only_hi75,0.04302151075537769,0.0,0.9780163599182005,0.06927710843373494,0.05945946531660781,0.08877156834227248,0.02931210302566467
fedavg,202,bearing,client_specific,cnn-ae,K005,hard_val_p95,0.26229508196721313,0.1388888888888889,0.8486707566462167,0.09437751004016064,0.1692788678900066,0.19227994989044023,0.02300108200043363
fedavg,202,bearing,client_specific,cnn-ae,K005,fuzzy_warning_as_alarm_hi50,0.26229508196721313,0.1388888888888889,0.8486707566462167,0.09437751004016064,0.1692788678900066,0.19227994989044023,0.02300108200043363
fedavg,202,bearing,client_specific,cnn-ae,K005,fuzzy_fault_only_hi75,0.19770114942528735,0.1111111111111111,0.8900817995910021,0.09437751004016064,0.1692788678900066,0.19227994989044023,0.02300108200043363
fedavg,202,bearing,pooled,cnn-ae,K005,hard_val_p95,0.06719367588932806,0.0,0.9652351738241309,0.06977911646586345,0.06066443472125252,0.08877156834227248,0.028107133621019964
fedavg,202,bearing,pooled,cnn-ae,K005,fuzzy_warning_as_alarm_hi50,0.06719367588932806,0.0,0.9652351738241309,0.06977911646586345,0.06066443472125252,0.08877156834227248,0.028107133621019964
fedavg,202,bearing,pooled,cnn-ae,K005,fuzzy_fault_only_hi75,0.04302151075537769,0.0,0.9780163599182005,0.06977911646586345,0.06066443472125252,0.08877156834227248,0.028107133621019964
fedavg,202,bearing,client_specific,cnn-ae,K006,hard_val_p95,0.039097744360902256,0.0,0.9800613496932515,0.04417670682730924,0.07126823170608187,0.0702395561185719,-0.001028675587509978
fedavg,202,bearing,client_specific,cnn-ae,K006,fuzzy_warning_as_alarm_hi50,0.039097744360902256,0.0,0.9800613496932515,0.04417670682730924,0.07126823170608187,0.0702395561185719,-0.001028675587509978
fedavg,202,bearing,client_specific,cnn-ae,K006,fuzzy_fault_only_hi75,0.03219315895372234,0.0,0.983640081799591,0.04417670682730924,0.07126823170608187,0.0702395561185719,-0.001028675587509978
fedavg,202,bearing,pooled,cnn-ae,K006,hard_val_p95,0.0671604938271605,0.027777777777777776,0.9652351738241309,0.06977911646586345,0.09523126262761487,0.08877156834227248,-0.0064596942853423905
fedavg,202,bearing,pooled,cnn-ae,K006,fuzzy_warning_as_alarm_hi50,0.0671604938271605,0.027777777777777776,0.9652351738241309,0.06977911646586345,0.09523126262761487,0.08877156834227248,-0.0064596942853423905
fedavg,202,bearing,pooled,cnn-ae,K006,fuzzy_fault_only_hi75,0.04302151075537769,0.0,0.9780163599182005,0.06977911646586345,0.09523126262761487,0.08877156834227248,-0.0064596942853423905
fedavg,202,bearing,client_specific,cnn-ae,K001,hard_val_p95,0.10551790900290416,0.027777777777777776,0.9442740286298569,0.05321285140562249,0.07506330547271346,0.09883953991731956,0.023776234444606095
fedavg,202,bearing,client_specific,cnn-ae,K001,fuzzy_warning_as_alarm_hi50,0.10551790900290416,0.027777777777777776,0.9442740286298569,0.05321285140562249,0.07506330547271346,0.09883953991731956,0.023776234444606095
fedavg,202,bearing,client_specific,cnn-ae,K001,fuzzy_fault_only_hi75,0.07480314960629922,0.0,0.9611451942740287,0.05321285140562249,0.07506330547271346,0.09883953991731956,0.023776234444606095
fedavg,202,bearing,pooled,cnn-ae,K001,hard_val_p95,0.06719367588932806,0.0,0.9652351738241309,0.05321285140562249,0.0807920425965417,0.09407818949694523,0.013286146900403528
fedavg,202,bearing,pooled,cnn-ae,K001,fuzzy_warning_as_alarm_hi50,0.06719367588932806,0.0,0.9652351738241309,0.05321285140562249,0.0807920425965417,0.09407818949694523,0.013286146900403528
fedavg,202,bearing,pooled,cnn-ae,K001,fuzzy_fault_only_hi75,0.03515821195379206,0.0,0.9821063394683026,0.05321285140562249,0.0807920425965417,0.09407818949694523,0.013286146900403528
fedavg,202,bearing,client_specific,cnn-ae,K002,hard_val_p95,0.03120281831907398,0.0,0.9841513292433538,0.05471887550200803,0.07665149950567939,0.09136834279576989,0.0147168432900905
fedavg,202,bearing,client_specific,cnn-ae,K002,fuzzy_warning_as_alarm_hi50,0.03120281831907398,0.0,0.9841513292433538,0.05471887550200803,0.07665149950567939,0.09136834279576989,0.0147168432900905
fedavg,202,bearing,client_specific,cnn-ae,K002,fuzzy_fault_only_hi75,0.02723146747352496,0.0,0.9861963190184049,0.05471887550200803,0.07665149950567939,0.09136834279576989,0.0147168432900905
fedavg,202,bearing,pooled,cnn-ae,K002,hard_val_p95,0.06719367588932806,0.0,0.9652351738241309,0.053714859437751006,0.07372649239963787,0.09407818949694523,0.02035169709730736
fedavg,202,bearing,pooled,cnn-ae,K002,fuzzy_warning_as_alarm_hi50,0.06719367588932806,0.0,0.9652351738241309,0.053714859437751006,0.07372649239963787,0.09407818949694523,0.02035169709730736
fedavg,202,bearing,pooled,cnn-ae,K002,fuzzy_fault_only_hi75,0.03515821195379206,0.0,0.9821063394683026,0.053714859437751006,0.07372649239963787,0.09407818949694523,0.02035169709730736
fedavg,202,bearing,client_specific,cnn-ae,K003,hard_val_p95,0.1318051575931232,0.0,0.9294478527607362,0.05669844455594581,0.05175630872064814,0.11383616724251044,0.062079858521862305
fedavg,202,bearing,client_specific,cnn-ae,K003,fuzzy_warning_as_alarm_hi50,0.1318051575931232,0.0,0.9294478527607362,0.05669844455594581,0.05175630872064814,0.11383616724251044,0.062079858521862305
fedavg,202,bearing,client_specific,cnn-ae,K003,fuzzy_fault_only_hi75,0.10648596321393998,0.0,0.943762781186094,0.05669844455594581,0.05175630872064814,0.11383616724251044,0.062079858521862305
fedavg,202,bearing,pooled,cnn-ae,K003,hard_val_p95,0.06719367588932806,0.0,0.9652351738241309,0.05268439538384345,0.05549168470914488,0.09407818949694523,0.038586504787800346
fedavg,202,bearing,pooled,cnn-ae,K003,fuzzy_warning_as_alarm_hi50,0.06719367588932806,0.0,0.9652351738241309,0.05268439538384345,0.05549168470914488,0.09407818949694523,0.038586504787800346
fedavg,202,bearing,pooled,cnn-ae,K003,fuzzy_fault_only_hi75,0.03515821195379206,0.0,0.9821063394683026,0.05268439538384345,0.05549168470914488,0.09407818949694523,0.038586504787800346
fedavg,202,bearing,client_specific,cnn-ae,K004,hard_val_p95,0.08512720156555773,0.027777777777777776,0.9555214723926381,0.03463855421686747,0.09379062327250112,0.10276141878024833,0.008970795507747209
fedavg,202,bearing,client_specific,cnn-ae,K004,fuzzy_warning_as_alarm_hi50,0.08512720156555773,0.027777777777777776,0.9555214723926381,0.03463855421686747,0.09379062327250112,0.10276141878024833,0.008970795507747209
fedavg,202,bearing,client_specific,cnn-ae,K004,fuzzy_fault_only_hi75,0.05853174603174603,0.027777777777777776,0.9698364008179959,0.03463855421686747,0.09379062327250112,0.10276141878024833,0.008970795507747209
fedavg,202,bearing,pooled,cnn-ae,K004,hard_val_p95,0.0671604938271605,0.027777777777777776,0.9652351738241309,0.05321285140562249,0.08368287066141719,0.09407818949694523,0.010395318835528036
fedavg,202,bearing,pooled,cnn-ae,K004,fuzzy_warning_as_alarm_hi50,0.0671604938271605,0.027777777777777776,0.9652351738241309,0.05321285140562249,0.08368287066141719,0.09407818949694523,0.010395318835528036
fedavg,202,bearing,pooled,cnn-ae,K004,fuzzy_fault_only_hi75,0.03515821195379206,0.0,0.9821063394683026,0.05321285140562249,0.08368287066141719,0.09407818949694523,0.010395318835528036
fedavg,202,bearing,client_specific,cnn-ae,K005,hard_val_p95,0.41195476575121165,0.2777777777777778,0.7392638036809815,0.1290160642570281,0.266461847849251,0.25528814949190354,-0.011173698357347439
fedavg,202,bearing,client_specific,cnn-ae,K005,fuzzy_warning_as_alarm_hi50,0.41195476575121165,0.2777777777777778,0.7392638036809815,0.1290160642570281,0.266461847849251,0.25528814949190354,-0.011173698357347439
fedavg,202,bearing,client_specific,cnn-ae,K005,fuzzy_fault_only_hi75,0.2711267605633803,0.2222222222222222,0.8425357873210634,0.1290160642570281,0.266461847849251,0.25528814949190354,-0.011173698357347439
fedavg,202,bearing,pooled,cnn-ae,K005,hard_val_p95,0.06719367588932806,0.0,0.9652351738241309,0.053714859437751006,0.07261177282208336,0.09407818949694523,0.021466416674861863
fedavg,202,bearing,pooled,cnn-ae,K005,fuzzy_warning_as_alarm_hi50,0.06719367588932806,0.0,0.9652351738241309,0.053714859437751006,0.07261177282208336,0.09407818949694523,0.021466416674861863
fedavg,202,bearing,pooled,cnn-ae,K005,fuzzy_fault_only_hi75,0.03515821195379206,0.0,0.9821063394683026,0.053714859437751006,0.07261177282208336,0.09407818949694523,0.021466416674861863
fedavg,202,bearing,client_specific,cnn-ae,K006,hard_val_p95,0.03120281831907398,0.0,0.9841513292433538,0.033634538152610444,0.08649415793073371,0.06726302785396238,-0.01923113007677134
fedavg,202,bearing,client_specific,cnn-ae,K006,fuzzy_warning_as_alarm_hi50,0.03120281831907398,0.0,0.9841513292433538,0.033634538152610444,0.08649415793073371,0.06726302785396238,-0.01923113007677134
fedavg,202,bearing,client_specific,cnn-ae,K006,fuzzy_fault_only_hi75,0.011184544992374174,0.0,0.9943762781186094,0.033634538152610444,0.08649415793073371,0.06726302785396238,-0.01923113007677134
fedavg,202,bearing,pooled,cnn-ae,K006,hard_val_p95,0.0671604938271605,0.027777777777777776,0.9652351738241309,0.053714859437751006,0.1147701672000952,0.09407818949694523,-0.02069197770314997
fedavg,202,bearing,pooled,cnn-ae,K006,fuzzy_warning_as_alarm_hi50,0.0671604938271605,0.027777777777777776,0.9652351738241309,0.053714859437751006,0.1147701672000952,0.09407818949694523,-0.02069197770314997
fedavg,202,bearing,pooled,cnn-ae,K006,fuzzy_fault_only_hi75,0.03515821195379206,0.0,0.9821063394683026,0.053714859437751006,0.1147701672000952,0.09407818949694523,-0.02069197770314997
fedavg,202,bearing,client_specific,cnn-ae,K001,hard_val_p95,0.0963035019455253,0.027777777777777776,0.9493865030674846,0.03463855421686747,0.1031243530109826,0.11363207646451227,0.010507723453529669
fedavg,202,bearing,client_specific,cnn-ae,K001,fuzzy_warning_as_alarm_hi50,0.0963035019455253,0.027777777777777776,0.9493865030674846,0.03463855421686747,0.1031243530109826,0.11363207646451227,0.010507723453529669
fedavg,202,bearing,client_specific,cnn-ae,K001,fuzzy_fault_only_hi75,0.0832517140058766,0.027777777777777776,0.9565439672801636,0.03463855421686747,0.1031243530109826,0.11363207646451227,0.010507723453529669
fedavg,202,bearing,pooled,cnn-ae,K001,hard_val_p95,0.08043158410985778,0.027777777777777776,0.9580777096114519,0.05471887550200803,0.08682595031188313,0.09435883529836118,0.007532884986478056
fedavg,202,bearing,pooled,cnn-ae,K001,fuzzy_warning_as_alarm_hi50,0.08043158410985778,0.027777777777777776,0.9580777096114519,0.05471887550200803,0.08682595031188313,0.09435883529836118,0.007532884986478056
fedavg,202,bearing,pooled,cnn-ae,K001,fuzzy_fault_only_hi75,0.03515821195379206,0.0,0.9821063394683026,0.05471887550200803,0.08682595031188313,0.09435883529836118,0.007532884986478056
fedavg,202,bearing,client_specific,cnn-ae,K002,hard_val_p95,0.07097092163627403,0.027777777777777776,0.9631901840490797,0.07530120481927711,0.10309930711579063,0.11342179472794924,0.010322487612158607
fedavg,202,bearing,client_specific,cnn-ae,K002,fuzzy_warning_as_alarm_hi50,0.07097092163627403,0.027777777777777776,0.9631901840490797,0.07530120481927711,0.10309930711579063,0.11342179472794924,0.010322487612158607
fedavg,202,bearing,client_specific,cnn-ae,K002,fuzzy_fault_only_hi75,0.024242424242424242,0.0,0.9877300613496932,0.07530120481927711,0.10309930711579063,0.11342179472794924,0.010322487612158607
fedavg,202,bearing,pooled,cnn-ae,K002,hard_val_p95,0.08043158410985778,0.027777777777777776,0.9580777096114519,0.055220883534136546,0.08454619752534234,0.09435883529836118,0.009812637773018842
fedavg,202,bearing,pooled,cnn-ae,K002,fuzzy_warning_as_alarm_hi50,0.08043158410985778,0.027777777777777776,0.9580777096114519,0.055220883534136546,0.08454619752534234,0.09435883529836118,0.009812637773018842
fedavg,202,bearing,pooled,cnn-ae,K002,fuzzy_fault_only_hi75,0.03515821195379206,0.0,0.9821063394683026,0.055220883534136546,0.08454619752534234,0.09435883529836118,0.009812637773018842
fedavg,202,bearing,client_specific,cnn-ae,K003,hard_val_p95,0.15819209039548024,0.0,0.9141104294478528,0.04114400401404917,0.052556444794773775,0.1250156162984068,0.07245917150363301
fedavg,202,bearing,client_specific,cnn-ae,K003,fuzzy_warning_as_alarm_hi50,0.15819209039548024,0.0,0.9141104294478528,0.04114400401404917,0.052556444794773775,0.1250156162984068,0.07245917150363301
fedavg,202,bearing,client_specific,cnn-ae,K003,fuzzy_fault_only_hi75,0.12553905126976522,0.0,0.9330265848670757,0.04114400401404917,0.052556444794773775,0.1250156162984068,0.07245917150363301
fedavg,202,bearing,pooled,cnn-ae,K003,hard_val_p95,0.08047105004906771,0.0,0.9580777096114519,0.054189663823381834,0.057214932501725366,0.09435883529836118,0.03714390279663582
fedavg,202,bearing,pooled,cnn-ae,K003,fuzzy_warning_as_alarm_hi50,0.08047105004906771,0.0,0.9580777096114519,0.054189663823381834,0.057214932501725366,0.09435883529836118,0.03714390279663582
fedavg,202,bearing,pooled,cnn-ae,K003,fuzzy_fault_only_hi75,0.03515821195379206,0.0,0.9821063394683026,0.054189663823381834,0.057214932501725366,0.09435883529836118,0.03714390279663582
fedavg,202,bearing,client_specific,cnn-ae,K004,hard_val_p95,0.08414872798434442,0.05555555555555555,0.9560327198364008,0.029116465863453816,0.11403044480765999,0.09779673383121865,-0.016233710976441343
fedavg,202,bearing,client_specific,cnn-ae,K004,fuzzy_warning_as_alarm_hi50,0.08414872798434442,0.05555555555555555,0.9560327198364008,0.029116465863453816,0.11403044480765999,0.09779673383121865,-0.016233710976441343
fedavg,202,bearing,client_specific,cnn-ae,K004,fuzzy_fault_only_hi75,0.0507715281234445,0.05555555555555555,0.9739263803680982,0.029116465863453816,0.11403044480765999,0.09779673383121865,-0.016233710976441343
fedavg,202,bearing,pooled,cnn-ae,K004,hard_val_p95,0.0803921568627451,0.05555555555555555,0.9580777096114519,0.05421686746987952,0.104092002573837,0.09435883529836118,-0.00973316727547581
fedavg,202,bearing,pooled,cnn-ae,K004,fuzzy_warning_as_alarm_hi50,0.0803921568627451,0.05555555555555555,0.9580777096114519,0.05421686746987952,0.104092002573837,0.09435883529836118,-0.00973316727547581
fedavg,202,bearing,pooled,cnn-ae,K004,fuzzy_fault_only_hi75,0.035122930255895635,0.05555555555555555,0.9821063394683026,0.05421686746987952,0.104092002573837,0.09435883529836118,-0.00973316727547581
fedavg,202,bearing,client_specific,cnn-ae,K005,hard_val_p95,0.396734693877551,0.2222222222222222,0.7515337423312883,0.16716867469879518,0.26334946065583426,0.24009257745087187,-0.023256883204962386
fedavg,202,bearing,client_specific,cnn-ae,K005,fuzzy_warning_as_alarm_hi50,0.396734693877551,0.2222222222222222,0.7515337423312883,0.16716867469879518,0.26334946065583426,0.24009257745087187,-0.023256883204962386
fedavg,202,bearing,client_specific,cnn-ae,K005,fuzzy_fault_only_hi75,0.20658135283363802,0.16666666666666666,0.8844580777096115,0.16716867469879518,0.26334946065583426,0.24009257745087187,-0.023256883204962386
fedavg,202,bearing,pooled,cnn-ae,K005,hard_val_p95,0.08035276825085742,0.08333333333333333,0.9580777096114519,0.05622489959839357,0.11268733003552092,0.09435883529836118,-0.018328494737159737
fedavg,202,bearing,pooled,cnn-ae,K005,fuzzy_warning_as_alarm_hi50,0.08035276825085742,0.08333333333333333,0.9580777096114519,0.05622489959839357,0.11268733003552092,0.09435883529836118,-0.018328494737159737
fedavg,202,bearing,pooled,cnn-ae,K005,fuzzy_fault_only_hi75,0.03515821195379206,0.0,0.9821063394683026,0.05622489959839357,0.11268733003552092,0.09435883529836118,-0.018328494737159737
fedavg,202,bearing,client_specific,cnn-ae,K006,hard_val_p95,0.024242424242424242,0.0,0.9877300613496932,0.02610441767068273,0.08036248997765587,0.06160790153879643,-0.018754588438859437
fedavg,202,bearing,client_specific,cnn-ae,K006,fuzzy_warning_as_alarm_hi50,0.024242424242424242,0.0,0.9877300613496932,0.02610441767068273,0.08036248997765587,0.06160790153879643,-0.018754588438859437
fedavg,202,bearing,client_specific,cnn-ae,K006,fuzzy_fault_only_hi75,0.00916030534351145,0.0,0.995398773006135,0.02610441767068273,0.08036248997765587,0.06160790153879643,-0.018754588438859437
fedavg,202,bearing,pooled,cnn-ae,K006,hard_val_p95,0.0803921568627451,0.05555555555555555,0.9580777096114519,0.05622489959839357,0.12911389127764505,0.09435883529836118,-0.03475505597928387
fedavg,202,bearing,pooled,cnn-ae,K006,fuzzy_warning_as_alarm_hi50,0.0803921568627451,0.05555555555555555,0.9580777096114519,0.05622489959839357,0.12911389127764505,0.09435883529836118,-0.03475505597928387
fedavg,202,bearing,pooled,cnn-ae,K006,fuzzy_fault_only_hi75,0.03515821195379206,0.0,0.9821063394683026,0.05622489959839357,0.12911389127764505,0.09435883529836118,-0.03475505597928387
fedavg,202,bearing,client_specific,cnn-ae,K001,hard_val_p95,0.08971233544612384,0.08333333333333333,0.9529652351738241,0.058734939759036146,0.15885705191755078,0.10710539772238788,-0.05175165419516291
fedavg,202,bearing,client_specific,cnn-ae,K001,fuzzy_warning_as_alarm_hi50,0.08971233544612384,0.08333333333333333,0.9529652351738241,0.058734939759036146,0.15885705191755078,0.10710539772238788,-0.05175165419516291
fedavg,202,bearing,client_specific,cnn-ae,K001,fuzzy_fault_only_hi75,0.0536779324055666,0.05555555555555555,0.9723926380368099,0.058734939759036146,0.15885705191755078,0.10710539772238788,-0.05175165419516291
fedavg,202,bearing,pooled,cnn-ae,K001,hard_val_p95,0.09157330735509012,0.08333333333333333,0.9519427402862985,0.06927710843373494,0.161247722691673,0.10981429200721327,-0.05143343068445974
fedavg,202,bearing,pooled,cnn-ae,K001,fuzzy_warning_as_alarm_hi50,0.09157330735509012,0.08333333333333333,0.9519427402862985,0.06927710843373494,0.161247722691673,0.10981429200721327,-0.05143343068445974
fedavg,202,bearing,pooled,cnn-ae,K001,fuzzy_fault_only_hi75,0.05271009448035803,0.05555555555555555,0.9729038854805726,0.06927710843373494,0.161247722691673,0.10981429200721327,-0.05143343068445974
fedavg,202,bearing,client_specific,cnn-ae,K002,hard_val_p95,0.06336633663366337,0.0,0.967280163599182,0.0747991967871486,0.09503080770015698,0.11065283317020695,0.015622025470049969
fedavg,202,bearing,client_specific,cnn-ae,K002,fuzzy_warning_as_alarm_hi50,0.06336633663366337,0.0,0.967280163599182,0.0747991967871486,0.09503080770015698,0.11065283317020695,0.015622025470049969
fedavg,202,bearing,client_specific,cnn-ae,K002,fuzzy_fault_only_hi75,0.03219315895372234,0.0,0.983640081799591,0.0747991967871486,0.09503080770015698,0.11065283317020695,0.015622025470049969
fedavg,202,bearing,pooled,cnn-ae,K002,hard_val_p95,0.09170731707317073,0.0,0.9519427402862985,0.06877510040160642,0.09169211235665999,0.10981429200721327,0.01812217965055328
fedavg,202,bearing,pooled,cnn-ae,K002,fuzzy_warning_as_alarm_hi50,0.09170731707317073,0.0,0.9519427402862985,0.06877510040160642,0.09169211235665999,0.10981429200721327,0.01812217965055328
fedavg,202,bearing,pooled,cnn-ae,K002,fuzzy_fault_only_hi75,0.05276256844201095,0.0,0.9729038854805726,0.06877510040160642,0.09169211235665999,0.10981429200721327,0.01812217965055328
fedavg,202,bearing,client_specific,cnn-ae,K003,hard_val_p95,0.2710816777041943,0.05405405405405406,0.8430470347648262,0.11791269443050677,0.10959446533555825,0.1893204514033177,0.07972598606775946
fedavg,202,bearing,client_specific,cnn-ae,K003,fuzzy_warning_as_alarm_hi50,0.2710816777041943,0.05405405405405406,0.8430470347648262,0.11791269443050677,0.10959446533555825,0.1893204514033177,0.07972598606775946
fedavg,202,bearing,client_specific,cnn-ae,K003,fuzzy_fault_only_hi75,0.17102803738317757,0.02702702702702703,0.906441717791411,0.11791269443050677,0.10959446533555825,0.1893204514033177,0.07972598606775946
fedavg,202,bearing,pooled,cnn-ae,K003,hard_val_p95,0.09170731707317073,0.0,0.9519427402862985,0.0682388359257401,0.06477313771893436,0.10981429200721327,0.0450411542882789
fedavg,202,bearing,pooled,cnn-ae,K003,fuzzy_warning_as_alarm_hi50,0.09170731707317073,0.0,0.9519427402862985,0.0682388359257401,0.06477313771893436,0.10981429200721327,0.0450411542882789
fedavg,202,bearing,pooled,cnn-ae,K003,fuzzy_fault_only_hi75,0.05276256844201095,0.0,0.9729038854805726,0.0682388359257401,0.06477313771893436,0.10981429200721327,0.0450411542882789
fedavg,202,bearing,client_specific,cnn-ae,K004,hard_val_p95,0.08793356130923302,0.027777777777777776,0.9539877300613497,0.04969879518072289,0.08101347675858508,0.10554457594994589,0.024531099191360803
fedavg,202,bearing,client_specific,cnn-ae,K004,fuzzy_warning_as_alarm_hi50,0.08793356130923302,0.027777777777777776,0.9539877300613497,0.04969879518072289,0.08101347675858508,0.10554457594994589,0.024531099191360803
fedavg,202,bearing,client_specific,cnn-ae,K004,fuzzy_fault_only_hi75,0.07480314960629922,0.0,0.9611451942740287,0.04969879518072289,0.08101347675858508,0.10554457594994589,0.024531099191360803
fedavg,202,bearing,pooled,cnn-ae,K004,hard_val_p95,0.0916626036079961,0.027777777777777776,0.9519427402862985,0.06877510040160642,0.08772898174013755,0.10981429200721327,0.02208531026707572
fedavg,202,bearing,pooled,cnn-ae,K004,fuzzy_warning_as_alarm_hi50,0.0916626036079961,0.027777777777777776,0.9519427402862985,0.06877510040160642,0.08772898174013755,0.10981429200721327,0.02208531026707572
fedavg,202,bearing,pooled,cnn-ae,K004,fuzzy_fault_only_hi75,0.05276256844201095,0.0,0.9729038854805726,0.06877510040160642,0.08772898174013755,0.10981429200721327,0.02208531026707572
fedavg,202,bearing,client_specific,cnn-ae,K005,hard_val_p95,0.1869504858861638,0.08333333333333333,0.8967280163599182,0.11295180722891567,0.1806068691342958,0.18210462174917344,0.0014977526148776399
fedavg,202,bearing,client_specific,cnn-ae,K005,fuzzy_warning_as_alarm_hi50,0.1869504858861638,0.08333333333333333,0.8967280163599182,0.11295180722891567,0.1806068691342958,0.18210462174917344,0.0014977526148776399
fedavg,202,bearing,client_specific,cnn-ae,K005,fuzzy_fault_only_hi75,0.1640112464854733,0.08333333333333333,0.9105316973415133,0.11295180722891567,0.1806068691342958,0.18210462174917344,0.0014977526148776399
fedavg,202,bearing,pooled,cnn-ae,K005,hard_val_p95,0.09157330735509012,0.08333333333333333,0.9519427402862985,0.06827309236947791,0.13162562047934104,0.10981429200721327,-0.021811328472127772
fedavg,202,bearing,pooled,cnn-ae,K005,fuzzy_warning_as_alarm_hi50,0.09157330735509012,0.08333333333333333,0.9519427402862985,0.06827309236947791,0.13162562047934104,0.10981429200721327,-0.021811328472127772
fedavg,202,bearing,pooled,cnn-ae,K005,fuzzy_fault_only_hi75,0.05271009448035803,0.05555555555555555,0.9729038854805726,0.06827309236947791,0.13162562047934104,0.10981429200721327,-0.021811328472127772
fedavg,202,bearing,client_specific,cnn-ae,K006,hard_val_p95,0.08699902248289346,0.027777777777777776,0.9544989775051125,0.06526104417670683,0.08407063263286871,0.07988849675512123,-0.004182135877747475
fedavg,202,bearing,client_specific,cnn-ae,K006,fuzzy_warning_as_alarm_hi50,0.08699902248289346,0.027777777777777776,0.9544989775051125,0.06526104417670683,0.08407063263286871,0.07988849675512123,-0.004182135877747475
fedavg,202,bearing,client_specific,cnn-ae,K006,fuzzy_fault_only_hi75,0.01017293997965412,0.0,0.9948875255623721,0.06526104417670683,0.08407063263286871,0.07988849675512123,-0.004182135877747475
fedavg,202,bearing,pooled,cnn-ae,K006,hard_val_p95,0.0916626036079961,0.027777777777777776,0.9519427402862985,0.07028112449799197,0.11933419868731827,0.10981429200721327,-0.009519906680105009
fedavg,202,bearing,pooled,cnn-ae,K006,fuzzy_warning_as_alarm_hi50,0.0916626036079961,0.027777777777777776,0.9519427402862985,0.07028112449799197,0.11933419868731827,0.10981429200721327,-0.009519906680105009
fedavg,202,bearing,pooled,cnn-ae,K006,fuzzy_fault_only_hi75,0.0527363184079602,0.027777777777777776,0.9729038854805726,0.07028112449799197,0.11933419868731827,0.10981429200721327,-0.009519906680105009
fedavg,202,bearing,client_specific,cnn-ae,K001,hard_val_p95,0.1171387421987518,0.1388888888888889,0.9376278118609407,0.04718875502008032,0.16510735088129197,0.10803007380235899,-0.05707727707893298
fedavg,202,bearing,client_specific,cnn-ae,K001,fuzzy_warning_as_alarm_hi50,0.1171387421987518,0.1388888888888889,0.9376278118609407,0.04718875502008032,0.16510735088129197,0.10803007380235899,-0.05707727707893298
fedavg,202,bearing,client_specific,cnn-ae,K001,fuzzy_fault_only_hi75,0.0869140625,0.08333333333333333,0.9544989775051125,0.04718875502008032,0.16510735088129197,0.10803007380235899,-0.05707727707893298
fedavg,202,bearing,pooled,cnn-ae,K001,hard_val_p95,0.08035276825085742,0.08333333333333333,0.9580777096114519,0.053714859437751006,0.1330034070399906,0.10185841699425155,-0.031144990045739063
fedavg,202,bearing,pooled,cnn-ae,K001,fuzzy_warning_as_alarm_hi50,0.08035276825085742,0.08333333333333333,0.9580777096114519,0.053714859437751006,0.1330034070399906,0.10185841699425155,-0.031144990045739063
fedavg,202,bearing,pooled,cnn-ae,K001,fuzzy_fault_only_hi75,0.05373134328358209,0.0,0.9723926380368099,0.053714859437751006,0.1330034070399906,0.10185841699425155,-0.031144990045739063
fedavg,202,bearing,client_specific,cnn-ae,K002,hard_val_p95,0.16063879755753874,0.05555555555555555,0.9125766871165644,0.10291164658634538,0.10864177807013992,0.17282998389614326,0.06418820582600335
fedavg,202,bearing,client_specific,cnn-ae,K002,fuzzy_warning_as_alarm_hi50,0.16063879755753874,0.05555555555555555,0.9125766871165644,0.10291164658634538,0.10864177807013992,0.17282998389614326,0.06418820582600335
fedavg,202,bearing,client_specific,cnn-ae,K002,fuzzy_fault_only_hi75,0.11560693641618497,0.0,0.9386503067484663,0.10291164658634538,0.10864177807013992,0.17282998389614326,0.06418820582600335
fedavg,202,bearing,pooled,cnn-ae,K002,hard_val_p95,0.08047105004906771,0.0,0.9580777096114519,0.05120481927710843,0.059328208588287544,0.10185841699425155,0.042530208405964005
fedavg,202,bearing,pooled,cnn-ae,K002,fuzzy_warning_as_alarm_hi50,0.08047105004906771,0.0,0.9580777096114519,0.05120481927710843,0.059328208588287544,0.10185841699425155,0.042530208405964005
fedavg,202,bearing,pooled,cnn-ae,K002,fuzzy_fault_only_hi75,0.05373134328358209,0.0,0.9723926380368099,0.05120481927710843,0.059328208588287544,0.10185841699425155,0.042530208405964005
fedavg,202,bearing,client_specific,cnn-ae,K003,hard_val_p95,0.15890926187118007,0.05405405405405406,0.91359918200409,0.02207727044656297,0.07591533954382565,0.12050862189908308,0.04459328235525743
fedavg,202,bearing,client_specific,cnn-ae,K003,fuzzy_warning_as_alarm_hi50,0.15890926187118007,0.05405405405405406,0.91359918200409,0.02207727044656297,0.07591533954382565,0.12050862189908308,0.04459328235525743
fedavg,202,bearing,client_specific,cnn-ae,K003,fuzzy_fault_only_hi75,0.12631578947368421,0.05405405405405406,0.9325153374233128,0.02207727044656297,0.07591533954382565,0.12050862189908308,0.04459328235525743
fedavg,202,bearing,pooled,cnn-ae,K003,hard_val_p95,0.08047105004906771,0.0,0.9580777096114519,0.05218263923733066,0.06464427312703314,0.10185841699425155,0.03721414386721841
fedavg,202,bearing,pooled,cnn-ae,K003,fuzzy_warning_as_alarm_hi50,0.08047105004906771,0.0,0.9580777096114519,0.05218263923733066,0.06464427312703314,0.10185841699425155,0.03721414386721841
fedavg,202,bearing,pooled,cnn-ae,K003,fuzzy_fault_only_hi75,0.05373134328358209,0.0,0.9723926380368099,0.05218263923733066,0.06464427312703314,0.10185841699425155,0.03721414386721841
fedavg,202,bearing,client_specific,cnn-ae,K004,hard_val_p95,0.06432459178624443,0.0,0.9667689161554193,0.035140562248995984,0.06464104783670477,0.09082616365197656,0.02618511581527179
fedavg,202,bearing,client_specific,cnn-ae,K004,fuzzy_warning_as_alarm_hi50,0.06432459178624443,0.0,0.9667689161554193,0.035140562248995984,0.06464104783670477,0.09082616365197656,0.02618511581527179
fedavg,202,bearing,client_specific,cnn-ae,K004,fuzzy_fault_only_hi75,0.03515821195379206,0.0,0.9821063394683026,0.035140562248995984,0.06464104783670477,0.09082616365197656,0.02618511581527179
fedavg,202,bearing,pooled,cnn-ae,K004,hard_val_p95,0.08047105004906771,0.0,0.9580777096114519,0.05220883534136546,0.07184163928063252,0.10185841699425155,0.030016777713619033
fedavg,202,bearing,pooled,cnn-ae,K004,fuzzy_warning_as_alarm_hi50,0.08047105004906771,0.0,0.9580777096114519,0.05220883534136546,0.07184163928063252,0.10185841699425155,0.030016777713619033
fedavg,202,bearing,pooled,cnn-ae,K004,fuzzy_fault_only_hi75,0.05373134328358209,0.0,0.9723926380368099,0.05220883534136546,0.07184163928063252,0.10185841699425155,0.030016777713619033
fedavg,202,bearing,client_specific,cnn-ae,K005,hard_val_p95,0.17249417249417248,0.1111111111111111,0.9054192229038854,0.11044176706827309,0.19452107818212064,0.167924048404728,-0.026597029777392645
fedavg,202,bearing,client_specific,cnn-ae,K005,fuzzy_warning_as_alarm_hi50,0.17249417249417248,0.1111111111111111,0.9054192229038854,0.11044176706827309,0.19452107818212064,0.167924048404728,-0.026597029777392645
fedavg,202,bearing,client_specific,cnn-ae,K005,fuzzy_fault_only_hi75,0.12619502868068833,0.1111111111111111,0.9325153374233128,0.11044176706827309,0.19452107818212064,0.167924048404728,-0.026597029777392645
fedavg,202,bearing,pooled,cnn-ae,K005,hard_val_p95,0.0803921568627451,0.05555555555555555,0.9580777096114519,0.05271084337349398,0.11339390034664659,0.10185841699425155,-0.011535483352395043
fedavg,202,bearing,pooled,cnn-ae,K005,fuzzy_warning_as_alarm_hi50,0.0803921568627451,0.05555555555555555,0.9580777096114519,0.05271084337349398,0.11339390034664659,0.10185841699425155,-0.011535483352395043
fedavg,202,bearing,pooled,cnn-ae,K005,fuzzy_fault_only_hi75,0.05370462456489309,0.027777777777777776,0.9723926380368099,0.05271084337349398,0.11339390034664659,0.10185841699425155,-0.011535483352395043
fedavg,202,bearing,client_specific,cnn-ae,K006,hard_val_p95,0.0536779324055666,0.05555555555555555,0.9723926380368099,0.03162650602409638,0.10381692511974791,0.07264927822193909,-0.03116764689780882
fedavg,202,bearing,client_specific,cnn-ae,K006,fuzzy_warning_as_alarm_hi50,0.0536779324055666,0.05555555555555555,0.9723926380368099,0.03162650602409638,0.10381692511974791,0.07264927822193909,-0.03116764689780882
fedavg,202,bearing,client_specific,cnn-ae,K006,fuzzy_fault_only_hi75,0.018218623481781375,0.05555555555555555,0.99079754601227,0.03162650602409638,0.10381692511974791,0.07264927822193909,-0.03116764689780882
fedavg,202,bearing,pooled,cnn-ae,K006,hard_val_p95,0.0803921568627451,0.05555555555555555,0.9580777096114519,0.05120481927710843,0.12657562516629586,0.10185841699425155,-0.024717208172044314
fedavg,202,bearing,pooled,cnn-ae,K006,fuzzy_warning_as_alarm_hi50,0.0803921568627451,0.05555555555555555,0.9580777096114519,0.05120481927710843,0.12657562516629586,0.10185841699425155,-0.024717208172044314
fedavg,202,bearing,pooled,cnn-ae,K006,fuzzy_fault_only_hi75,0.0536779324055666,0.05555555555555555,0.9723926380368099,0.05120481927710843,0.12657562516629586,0.10185841699425155,-0.024717208172044314
fedavg,202,bearing,client_specific,cnn-ae,K001,hard_val_p95,0.087890625,0.05555555555555555,0.9539877300613497,0.03614457831325301,0.1318013971949089,0.09916695633137,-0.03263444086353891
fedavg,202,bearing,client_specific,cnn-ae,K001,fuzzy_warning_as_alarm_hi50,0.087890625,0.05555555555555555,0.9539877300613497,0.03614457831325301,0.1318013971949089,0.09916695633137,-0.03263444086353891
fedavg,202,bearing,client_specific,cnn-ae,K001,fuzzy_fault_only_hi75,0.08602150537634409,0.05555555555555555,0.9550102249488752,0.03614457831325301,0.1318013971949089,0.09916695633137,-0.03263444086353891
fedavg,202,bearing,pooled,cnn-ae,K001,hard_val_p95,0.0962566844919786,0.05555555555555555,0.9493865030674846,0.0677710843373494,0.14597982003256652,0.10513000256098329,-0.04084981747158323
fedavg,202,bearing,pooled,cnn-ae,K001,fuzzy_warning_as_alarm_hi50,0.0962566844919786,0.05555555555555555,0.9493865030674846,0.0677710843373494,0.14597982003256652,0.10513000256098329,-0.04084981747158323
fedavg,202,bearing,pooled,cnn-ae,K001,fuzzy_fault_only_hi75,0.05850272682201289,0.05555555555555555,0.9698364008179959,0.0677710843373494,0.14597982003256652,0.10513000256098329,-0.04084981747158323
fedavg,202,bearing,client_specific,cnn-ae,K002,hard_val_p95,0.18300046446818394,0.0,0.8992842535787321,0.11997991967871485,0.08941448065052937,0.22452983642726104,0.13511535577673167
fedavg,202,bearing,client_specific,cnn-ae,K002,fuzzy_warning_as_alarm_hi50,0.18300046446818394,0.0,0.8992842535787321,0.11997991967871485,0.08941448065052937,0.22452983642726104,0.13511535577673167
fedavg,202,bearing,client_specific,cnn-ae,K002,fuzzy_fault_only_hi75,0.14597156398104266,0.0,0.9212678936605317,0.11997991967871485,0.08941448065052937,0.22452983642726104,0.13511535577673167
fedavg,202,bearing,pooled,cnn-ae,K002,hard_val_p95,0.09635036496350365,0.0,0.9493865030674846,0.06626506024096386,0.02842427263722906,0.10513000256098329,0.07670572992375423
fedavg,202,bearing,pooled,cnn-ae,K002,fuzzy_warning_as_alarm_hi50,0.09635036496350365,0.0,0.9493865030674846,0.06626506024096386,0.02842427263722906,0.10513000256098329,0.07670572992375423
fedavg,202,bearing,pooled,cnn-ae,K002,fuzzy_fault_only_hi75,0.058560794044665014,0.0,0.9698364008179959,0.06626506024096386,0.02842427263722906,0.10513000256098329,0.07670572992375423
fedavg,202,bearing,client_specific,cnn-ae,K003,hard_val_p95,0.12452107279693486,0.05405405405405406,0.9335378323108384,0.07175112895132965,0.09504767089935576,0.10727110413443136,0.012223433235075604
fedavg,202,bearing,client_specific,cnn-ae,K003,fuzzy_warning_as_alarm_hi50,0.12452107279693486,0.05405405405405406,0.9335378323108384,0.07175112895132965,0.09504767089935576,0.10727110413443136,0.012223433235075604
fedavg,202,bearing,client_specific,cnn-ae,K003,fuzzy_fault_only_hi75,0.09254749147588895,0.05405405405405406,0.9514314928425358,0.07175112895132965,0.09504767089935576,0.10727110413443136,0.012223433235075604
fedavg,202,bearing,pooled,cnn-ae,K003,hard_val_p95,0.0962566844919786,0.05405405405405406,0.9493865030674846,0.0677370797792273,0.10238657594075168,0.10513000256098329,0.0027434266202316093
fedavg,202,bearing,pooled,cnn-ae,K003,fuzzy_warning_as_alarm_hi50,0.0962566844919786,0.05405405405405406,0.9493865030674846,0.0677370797792273,0.10238657594075168,0.10513000256098329,0.0027434266202316093
fedavg,202,bearing,pooled,cnn-ae,K003,fuzzy_fault_only_hi75,0.05853174603174603,0.02702702702702703,0.9698364008179959,0.0677370797792273,0.10238657594075168,0.10513000256098329,0.0027434266202316093
fedavg,202,bearing,client_specific,cnn-ae,K004,hard_val_p95,0.046929605591612585,0.0,0.9759713701431493,0.05421686746987952,0.06242898778482859,0.07484147298966921,0.012412485204840625
fedavg,202,bearing,client_specific,cnn-ae,K004,fuzzy_warning_as_alarm_hi50,0.046929605591612585,0.0,0.9759713701431493,0.05421686746987952,0.06242898778482859,0.07484147298966921,0.012412485204840625
fedavg,202,bearing,client_specific,cnn-ae,K004,fuzzy_fault_only_hi75,0.04008016032064128,0.0,0.9795501022494888,0.05421686746987952,0.06242898778482859,0.07484147298966921,0.012412485204840625
fedavg,202,bearing,pooled,cnn-ae,K004,hard_val_p95,0.0963035019455253,0.027777777777777776,0.9493865030674846,0.06676706827309237,0.09795718624618255,0.10513000256098329,0.0071728163148007396
fedavg,202,bearing,pooled,cnn-ae,K004,fuzzy_warning_as_alarm_hi50,0.0963035019455253,0.027777777777777776,0.9493865030674846,0.06676706827309237,0.09795718624618255,0.10513000256098329,0.0071728163148007396
fedavg,202,bearing,pooled,cnn-ae,K004,fuzzy_fault_only_hi75,0.05853174603174603,0.027777777777777776,0.9698364008179959,0.06676706827309237,0.09795718624618255,0.10513000256098329,0.0071728163148007396
fedavg,202,bearing,client_specific,cnn-ae,K005,hard_val_p95,0.36929460580912865,0.25,0.7724948875255624,0.11847389558232932,0.24241142308857125,0.26089685937882906,0.018485436290257812
fedavg,202,bearing,client_specific,cnn-ae,K005,fuzzy_warning_as_alarm_hi50,0.36929460580912865,0.25,0.7724948875255624,0.11847389558232932,0.24241142308857125,0.26089685937882906,0.018485436290257812
fedavg,202,bearing,client_specific,cnn-ae,K005,fuzzy_fault_only_hi75,0.2805786935554581,0.1388888888888889,0.83640081799591,0.11847389558232932,0.24241142308857125,0.26089685937882906,0.018485436290257812
fedavg,202,bearing,pooled,cnn-ae,K005,hard_val_p95,0.09635036496350365,0.0,0.9493865030674846,0.06726907630522089,0.07102706806155833,0.10513000256098329,0.03410293449942496
fedavg,202,bearing,pooled,cnn-ae,K005,fuzzy_warning_as_alarm_hi50,0.09635036496350365,0.0,0.9493865030674846,0.06726907630522089,0.07102706806155833,0.10513000256098329,0.03410293449942496
fedavg,202,bearing,pooled,cnn-ae,K005,fuzzy_fault_only_hi75,0.058560794044665014,0.0,0.9698364008179959,0.06726907630522089,0.07102706806155833,0.10513000256098329,0.03410293449942496
fedavg,202,bearing,client_specific,cnn-ae,K006,hard_val_p95,0.07567567567567568,0.05555555555555555,0.9606339468302658,0.0677710843373494,0.10754128692539917,0.0812712662762773,-0.026270020649121872
fedavg,202,bearing,client_specific,cnn-ae,K006,fuzzy_warning_as_alarm_hi50,0.07567567567567568,0.05555555555555555,0.9606339468302658,0.0677710843373494,0.10754128692539917,0.0812712662762773,-0.026270020649121872
fedavg,202,bearing,client_specific,cnn-ae,K006,fuzzy_fault_only_hi75,0.024230186774356385,0.027777777777777776,0.9877300613496932,0.0677710843373494,0.10754128692539917,0.0812712662762773,-0.026270020649121872
fedavg,202,bearing,pooled,cnn-ae,K006,hard_val_p95,0.0962566844919786,0.05555555555555555,0.9493865030674846,0.06676706827309237,0.1377334911859346,0.10513000256098329,-0.0326034886249513
fedavg,202,bearing,pooled,cnn-ae,K006,fuzzy_warning_as_alarm_hi50,0.0962566844919786,0.05555555555555555,0.9493865030674846,0.06676706827309237,0.1377334911859346,0.10513000256098329,-0.0326034886249513
fedavg,202,bearing,pooled,cnn-ae,K006,fuzzy_fault_only_hi75,0.05850272682201289,0.05555555555555555,0.9698364008179959,0.06676706827309237,0.1377334911859346,0.10513000256098329,-0.0326034886249513
fedavg,202,bearing,client_specific,cnn-ae,K001,hard_val_p95,0.14041745730550284,0.1111111111111111,0.9243353783231084,0.05773092369477912,0.16772038723794058,0.0911776826293623,-0.07654270460857829
fedavg,202,bearing,client_specific,cnn-ae,K001,fuzzy_warning_as_alarm_hi50,0.14041745730550284,0.1111111111111111,0.9243353783231084,0.05773092369477912,0.16772038723794058,0.0911776826293623,-0.07654270460857829
fedavg,202,bearing,client_specific,cnn-ae,K001,fuzzy_fault_only_hi75,0.06995073891625615,0.08333333333333333,0.9637014314928425,0.05773092369477912,0.16772038723794058,0.0911776826293623,-0.07654270460857829
fedavg,202,bearing,pooled,cnn-ae,K001,hard_val_p95,0.07941176470588235,0.08333333333333333,0.9585889570552147,0.05923694779116466,0.1548185713814426,0.08592316926485882,-0.06889540211658376
fedavg,202,bearing,pooled,cnn-ae,K001,fuzzy_warning_as_alarm_hi50,0.07941176470588235,0.08333333333333333,0.9585889570552147,0.05923694779116466,0.1548185713814426,0.08592316926485882,-0.06889540211658376
fedavg,202,bearing,pooled,cnn-ae,K001,fuzzy_fault_only_hi75,0.04395604395604396,0.05555555555555555,0.9775051124744376,0.05923694779116466,0.1548185713814426,0.08592316926485882,-0.06889540211658376
fedavg,202,bearing,client_specific,cnn-ae,K002,hard_val_p95,0.16846045858680392,0.027777777777777776,0.9079754601226994,0.1355421686746988,0.10549678502126289,0.262285467142699,0.15678868212143612
fedavg,202,bearing,client_specific,cnn-ae,K002,fuzzy_warning_as_alarm_hi50,0.16846045858680392,0.027777777777777776,0.9079754601226994,0.1355421686746988,0.10549678502126289,0.262285467142699,0.15678868212143612
fedavg,202,bearing,client_specific,cnn-ae,K002,fuzzy_fault_only_hi75,0.1397338403041825,0.027777777777777776,0.9248466257668712,0.1355421686746988,0.10549678502126289,0.262285467142699,0.15678868212143612
fedavg,202,bearing,pooled,cnn-ae,K002,hard_val_p95,0.07952871870397643,0.0,0.9585889570552147,0.05773092369477912,0.03200849718906326,0.08592316926485882,0.05391467207579556
fedavg,202,bearing,pooled,cnn-ae,K002,fuzzy_warning_as_alarm_hi50,0.07952871870397643,0.0,0.9585889570552147,0.05773092369477912,0.03200849718906326,0.08592316926485882,0.05391467207579556
fedavg,202,bearing,pooled,cnn-ae,K002,fuzzy_fault_only_hi75,0.044,0.0,0.9775051124744376,0.05773092369477912,0.03200849718906326,0.08592316926485882,0.05391467207579556
fedavg,202,bearing,client_specific,cnn-ae,K003,hard_val_p95,0.07192118226600985,0.02702702702702703,0.962678936605317,0.02960361264425489,0.08858010521485489,0.0666165935411004,-0.021963511673754488
fedavg,202,bearing,client_specific,cnn-ae,K003,fuzzy_warning_as_alarm_hi50,0.07192118226600985,0.02702702702702703,0.962678936605317,0.02960361264425489,0.08858010521485489,0.0666165935411004,-0.021963511673754488
fedavg,202,bearing,client_specific,cnn-ae,K003,fuzzy_fault_only_hi75,0.05853174603174603,0.02702702702702703,0.9698364008179959,0.02960361264425489,0.08858010521485489,0.0666165935411004,-0.021963511673754488
fedavg,202,bearing,pooled,cnn-ae,K003,hard_val_p95,0.07941176470588235,0.08108108108108109,0.9585889570552147,0.05870546914199699,0.10868742646004832,0.08592316926485882,-0.0227642571951895
fedavg,202,bearing,pooled,cnn-ae,K003,fuzzy_warning_as_alarm_hi50,0.07941176470588235,0.08108108108108109,0.9585889570552147,0.05870546914199699,0.10868742646004832,0.08592316926485882,-0.0227642571951895
fedavg,202,bearing,pooled,cnn-ae,K003,fuzzy_fault_only_hi75,0.04397801099450275,0.02702702702702703,0.9775051124744376,0.05870546914199699,0.10868742646004832,0.08592316926485882,-0.0227642571951895
fedavg,202,bearing,client_specific,cnn-ae,K004,hard_val_p95,0.07192118226600985,0.027777777777777776,0.962678936605317,0.0426706827309237,0.07587943166166633,0.06476383186966878,-0.011115599791997555
fedavg,202,bearing,client_specific,cnn-ae,K004,fuzzy_warning_as_alarm_hi50,0.07192118226600985,0.027777777777777776,0.962678936605317,0.0426706827309237,0.07587943166166633,0.06476383186966878,-0.011115599791997555
fedavg,202,bearing,client_specific,cnn-ae,K004,fuzzy_fault_only_hi75,0.043,0.027777777777777776,0.9780163599182005,0.0426706827309237,0.07587943166166633,0.06476383186966878,-0.011115599791997555
fedavg,202,bearing,pooled,cnn-ae,K004,hard_val_p95,0.07948969578017664,0.027777777777777776,0.9585889570552147,0.05773092369477912,0.10836130666825391,0.08592316926485882,-0.022438137403395092
fedavg,202,bearing,pooled,cnn-ae,K004,fuzzy_warning_as_alarm_hi50,0.07948969578017664,0.027777777777777776,0.9585889570552147,0.05773092369477912,0.10836130666825391,0.08592316926485882,-0.022438137403395092
fedavg,202,bearing,pooled,cnn-ae,K004,fuzzy_fault_only_hi75,0.04397801099450275,0.027777777777777776,0.9775051124744376,0.05773092369477912,0.10836130666825391,0.08592316926485882,-0.022438137403395092
fedavg,202,bearing,client_specific,cnn-ae,K005,hard_val_p95,0.33106382978723403,0.1388888888888889,0.8011247443762781,0.1350401606425703,0.171372877985049,0.25127554133772,0.07990266335267102
fedavg,202,bearing,client_specific,cnn-ae,K005,fuzzy_warning_as_alarm_hi50,0.33106382978723403,0.1388888888888889,0.8011247443762781,0.1350401606425703,0.171372877985049,0.25127554133772,0.07990266335267102
fedavg,202,bearing,client_specific,cnn-ae,K005,fuzzy_fault_only_hi75,0.23651079136690648,0.1388888888888889,0.8655419222903885,0.1350401606425703,0.171372877985049,0.25127554133772,0.07990266335267102
fedavg,202,bearing,pooled,cnn-ae,K005,hard_val_p95,0.07948969578017664,0.027777777777777776,0.9585889570552147,0.0572289156626506,0.05700525184727153,0.08592316926485882,0.028917917417587292
fedavg,202,bearing,pooled,cnn-ae,K005,fuzzy_warning_as_alarm_hi50,0.07948969578017664,0.027777777777777776,0.9585889570552147,0.0572289156626506,0.05700525184727153,0.08592316926485882,0.028917917417587292
fedavg,202,bearing,pooled,cnn-ae,K005,fuzzy_fault_only_hi75,0.04397801099450275,0.027777777777777776,0.9775051124744376,0.0572289156626506,0.05700525184727153,0.08592316926485882,0.028917917417587292
fedavg,202,bearing,client_specific,cnn-ae,K006,hard_val_p95,0.0727630285152409,0.1111111111111111,0.9621676891615542,0.053714859437751006,0.14187832207820042,0.06885123033525026,-0.07302709174295016
fedavg,202,bearing,client_specific,cnn-ae,K006,fuzzy_warning_as_alarm_hi50,0.0727630285152409,0.1111111111111111,0.9621676891615542,0.053714859437751006,0.14187832207820042,0.06885123033525026,-0.07302709174295016
fedavg,202,bearing,client_specific,cnn-ae,K006,fuzzy_fault_only_hi75,0.0291897332662305,0.05555555555555555,0.9851738241308794,0.053714859437751006,0.14187832207820042,0.06885123033525026,-0.07302709174295016
fedavg,202,bearing,pooled,cnn-ae,K006,hard_val_p95,0.07937285644292014,0.1111111111111111,0.9585889570552147,0.058734939759036146,0.17569644658416467,0.08592316926485882,-0.08977327731930584
fedavg,202,bearing,pooled,cnn-ae,K006,fuzzy_warning_as_alarm_hi50,0.07937285644292014,0.1111111111111111,0.9585889570552147,0.058734939759036146,0.17569644658416467,0.08592316926485882,-0.08977327731930584
fedavg,202,bearing,pooled,cnn-ae,K006,fuzzy_fault_only_hi75,0.04395604395604396,0.05555555555555555,0.9775051124744376,0.058734939759036146,0.17569644658416467,0.08592316926485882,-0.08977327731930584
fedavg,202,bearing,client_specific,cnn-ae,K001,hard_val_p95,0.07001972386587771,0.027777777777777776,0.9637014314928425,0.03463855421686747,0.10712375249828548,0.05879722590660288,-0.04832652659168261
fedavg,202,bearing,client_specific,cnn-ae,K001,fuzzy_warning_as_alarm_hi50,0.07001972386587771,0.027777777777777776,0.9637014314928425,0.03463855421686747,0.10712375249828548,0.05879722590660288,-0.04832652659168261
fedavg,202,bearing,client_specific,cnn-ae,K001,fuzzy_fault_only_hi75,0.04302151075537769,0.0,0.9780163599182005,0.03463855421686747,0.10712375249828548,0.05879722590660288,-0.04832652659168261
fedavg,202,bearing,pooled,cnn-ae,K001,hard_val_p95,0.09254749147588895,0.05555555555555555,0.9514314928425358,0.071285140562249,0.17689629776633276,0.08604946311173389,-0.09084683465459886
fedavg,202,bearing,pooled,cnn-ae,K001,fuzzy_warning_as_alarm_hi50,0.09254749147588895,0.05555555555555555,0.9514314928425358,0.071285140562249,0.17689629776633276,0.08604946311173389,-0.09084683465459886
fedavg,202,bearing,pooled,cnn-ae,K001,fuzzy_fault_only_hi75,0.044,0.0,0.9775051124744376,0.071285140562249,0.17689629776633276,0.08604946311173389,-0.09084683465459886
fedavg,202,bearing,client_specific,cnn-ae,K002,hard_val_p95,0.19705340699815838,0.05555555555555555,0.8905930470347648,0.1852409638554217,0.1276644423098391,0.28051947681807476,0.15285503450823568
fedavg,202,bearing,client_specific,cnn-ae,K002,fuzzy_warning_as_alarm_hi50,0.19705340699815838,0.05555555555555555,0.8905930470347648,0.1852409638554217,0.1276644423098391,0.28051947681807476,0.15285503450823568
fedavg,202,bearing,client_specific,cnn-ae,K002,fuzzy_fault_only_hi75,0.13966745843230405,0.05555555555555555,0.9248466257668712,0.1852409638554217,0.1276644423098391,0.28051947681807476,0.15285503450823568
fedavg,202,bearing,pooled,cnn-ae,K002,hard_val_p95,0.09254749147588895,0.05555555555555555,0.9514314928425358,0.06877510040160642,0.04855008232930506,0.08604946311173389,0.037499380782428836
fedavg,202,bearing,pooled,cnn-ae,K002,fuzzy_warning_as_alarm_hi50,0.09254749147588895,0.05555555555555555,0.9514314928425358,0.06877510040160642,0.04855008232930506,0.08604946311173389,0.037499380782428836
fedavg,202,bearing,pooled,cnn-ae,K002,fuzzy_fault_only_hi75,0.044,0.0,0.9775051124744376,0.06877510040160642,0.04855008232930506,0.08604946311173389,0.037499380782428836
fedavg,202,bearing,client_specific,cnn-ae,K003,hard_val_p95,0.14919735599622286,0.10810810810810811,0.9192229038854806,0.04867034621174109,0.158323687714753,0.105690478667802,-0.052633209046951
fedavg,202,bearing,client_specific,cnn-ae,K003,fuzzy_warning_as_alarm_hi50,0.14919735599622286,0.10810810810810811,0.9192229038854806,0.04867034621174109,0.158323687714753,0.105690478667802,-0.052633209046951
fedavg,202,bearing,client_specific,cnn-ae,K003,fuzzy_fault_only_hi75,0.10993249758919961,0.10810810810810811,0.941717791411043,0.04867034621174109,0.158323687714753,0.105690478667802,-0.052633209046951
fedavg,202,bearing,pooled,cnn-ae,K003,hard_val_p95,0.09245742092457421,0.10810810810810811,0.9514314928425358,0.06874059207225289,0.13763539389108928,0.08604946311173389,-0.05158593077935539
fedavg,202,bearing,pooled,cnn-ae,K003,fuzzy_warning_as_alarm_hi50,0.09245742092457421,0.10810810810810811,0.9514314928425358,0.06874059207225289,0.13763539389108928,0.08604946311173389,-0.05158593077935539
fedavg,202,bearing,pooled,cnn-ae,K003,fuzzy_fault_only_hi75,0.04395604395604396,0.05405405405405406,0.9775051124744376,0.06874059207225289,0.13763539389108928,0.08604946311173389,-0.05158593077935539
fedavg,202,bearing,client_specific,cnn-ae,K004,hard_val_p95,0.08508557457212713,0.05555555555555555,0.9555214723926381,0.022590361445783132,0.10247943500028407,0.06661271876046705,-0.03586671623981702
fedavg,202,bearing,client_specific,cnn-ae,K004,fuzzy_warning_as_alarm_hi50,0.08508557457212713,0.05555555555555555,0.9555214723926381,0.022590361445783132,0.10247943500028407,0.06661271876046705,-0.03586671623981702
fedavg,202,bearing,client_specific,cnn-ae,K004,fuzzy_fault_only_hi75,0.05657568238213399,0.05555555555555555,0.9708588957055214,0.022590361445783132,0.10247943500028407,0.06661271876046705,-0.03586671623981702
fedavg,202,bearing,pooled,cnn-ae,K004,hard_val_p95,0.09254749147588895,0.05555555555555555,0.9514314928425358,0.06977911646586345,0.13441363735606351,0.08604946311173389,-0.04836417424432962
fedavg,202,bearing,pooled,cnn-ae,K004,fuzzy_warning_as_alarm_hi50,0.09254749147588895,0.05555555555555555,0.9514314928425358,0.06977911646586345,0.13441363735606351,0.08604946311173389,-0.04836417424432962
fedavg,202,bearing,pooled,cnn-ae,K004,fuzzy_fault_only_hi75,0.04395604395604396,0.05555555555555555,0.9775051124744376,0.06977911646586345,0.13441363735606351,0.08604946311173389,-0.04836417424432962
fedavg,202,bearing,client_specific,cnn-ae,K005,hard_val_p95,0.4395866454689984,0.19444444444444445,0.717280163599182,0.03965863453815261,0.21060297568672753,0.33561345924203834,0.1250104835553108
fedavg,202,bearing,client_specific,cnn-ae,K005,fuzzy_warning_as_alarm_hi50,0.4395866454689984,0.19444444444444445,0.717280163599182,0.03965863453815261,0.21060297568672753,0.33561345924203834,0.1250104835553108
fedavg,202,bearing,client_specific,cnn-ae,K005,fuzzy_fault_only_hi75,0.42346323824829246,0.16666666666666666,0.7305725971370143,0.03965863453815261,0.21060297568672753,0.33561345924203834,0.1250104835553108
fedavg,202,bearing,pooled,cnn-ae,K005,hard_val_p95,0.09263773768893223,0.0,0.9514314928425358,0.0677710843373494,0.029715173896881362,0.08604946311173389,0.056334289214852534
fedavg,202,bearing,pooled,cnn-ae,K005,fuzzy_warning_as_alarm_hi50,0.09263773768893223,0.0,0.9514314928425358,0.0677710843373494,0.029715173896881362,0.08604946311173389,0.056334289214852534
fedavg,202,bearing,pooled,cnn-ae,K005,fuzzy_fault_only_hi75,0.044,0.0,0.9775051124744376,0.0677710843373494,0.029715173896881362,0.08604946311173389,0.056334289214852534
fedavg,202,bearing,client_specific,cnn-ae,K006,hard_val_p95,0.1471698113207547,0.2222222222222222,0.9202453987730062,0.09889558232931726,0.21127776187960282,0.08756352942430984,-0.12371423245529298
fedavg,202,bearing,client_specific,cnn-ae,K006,fuzzy_warning_as_alarm_hi50,0.1471698113207547,0.2222222222222222,0.9202453987730062,0.09889558232931726,0.21127776187960282,0.08756352942430984,-0.12371423245529298
fedavg,202,bearing,client_specific,cnn-ae,K006,fuzzy_fault_only_hi75,0.03214465092918132,0.08333333333333333,0.983640081799591,0.09889558232931726,0.21127776187960282,0.08756352942430984,-0.12371423245529298
fedavg,202,bearing,pooled,cnn-ae,K006,hard_val_p95,0.09245742092457421,0.1111111111111111,0.9514314928425358,0.07028112449799197,0.20113906775137647,0.08604946311173389,-0.11508960463964257
fedavg,202,bearing,pooled,cnn-ae,K006,fuzzy_warning_as_alarm_hi50,0.09245742092457421,0.1111111111111111,0.9514314928425358,0.07028112449799197,0.20113906775137647,0.08604946311173389,-0.11508960463964257
fedavg,202,bearing,pooled,cnn-ae,K006,fuzzy_fault_only_hi75,0.04393409885172242,0.08333333333333333,0.9775051124744376,0.07028112449799197,0.20113906775137647,0.08604946311173389,-0.11508960463964257
fedavg,202,bearing,client_specific,cnn-ae,K001,hard_val_p95,0.06426099851705389,0.05555555555555555,0.9667689161554193,0.029116465863453816,0.1403816342482563,0.054055246887060884,-0.08632638736119543
fedavg,202,bearing,client_specific,cnn-ae,K001,fuzzy_warning_as_alarm_hi50,0.06426099851705389,0.05555555555555555,0.9667689161554193,0.029116465863453816,0.1403816342482563,0.054055246887060884,-0.08632638736119543
fedavg,202,bearing,client_specific,cnn-ae,K001,fuzzy_fault_only_hi75,0.04590818363273453,0.05555555555555555,0.976482617586912,0.029116465863453816,0.1403816342482563,0.054055246887060884,-0.08632638736119543
fedavg,202,bearing,pooled,cnn-ae,K001,hard_val_p95,0.07188577055637617,0.05555555555555555,0.962678936605317,0.0426706827309237,0.19368593266484252,0.07133156033088683,-0.12235437233395569
fedavg,202,bearing,pooled,cnn-ae,K001,fuzzy_warning_as_alarm_hi50,0.07188577055637617,0.05555555555555555,0.962678936605317,0.0426706827309237,0.19368593266484252,0.07133156033088683,-0.12235437233395569
fedavg,202,bearing,pooled,cnn-ae,K001,fuzzy_fault_only_hi75,0.03610832497492478,0.05555555555555555,0.9815950920245399,0.0426706827309237,0.19368593266484252,0.07133156033088683,-0.12235437233395569
fedavg,202,bearing,client_specific,cnn-ae,K002,hard_val_p95,0.1537010843941537,0.05555555555555555,0.9166666666666666,0.08634538152610442,0.10819480131886154,0.26238994065984367,0.1541951393409821
fedavg,202,bearing,client_specific,cnn-ae,K002,fuzzy_warning_as_alarm_hi50,0.1537010843941537,0.05555555555555555,0.9166666666666666,0.08634538152610442,0.10819480131886154,0.26238994065984367,0.1541951393409821
fedavg,202,bearing,client_specific,cnn-ae,K002,fuzzy_fault_only_hi75,0.1236816874400767,0.027777777777777776,0.9340490797546013,0.08634538152610442,0.10819480131886154,0.26238994065984367,0.1541951393409821
fedavg,202,bearing,pooled,cnn-ae,K002,hard_val_p95,0.07192118226600985,0.027777777777777776,0.962678936605317,0.040160642570281124,0.04862941317096568,0.07133156033088683,0.02270214715992115
fedavg,202,bearing,pooled,cnn-ae,K002,fuzzy_warning_as_alarm_hi50,0.07192118226600985,0.027777777777777776,0.962678936605317,0.040160642570281124,0.04862941317096568,0.07133156033088683,0.02270214715992115
fedavg,202,bearing,pooled,cnn-ae,K002,fuzzy_fault_only_hi75,0.03612644254892122,0.027777777777777776,0.9815950920245399,0.040160642570281124,0.04862941317096568,0.07133156033088683,0.02270214715992115
fedavg,202,bearing,client_specific,cnn-ae,K003,hard_val_p95,0.06808090774543661,0.05405405405405406,0.9647239263803681,0.03462117410938284,0.11473993441652638,0.07485817930241825,-0.03988175511410813
fedavg,202,bearing,client_specific,cnn-ae,K003,fuzzy_warning_as_alarm_hi50,0.06808090774543661,0.05405405405405406,0.9647239263803681,0.03462117410938284,0.11473993441652638,0.07485817930241825,-0.03988175511410813
fedavg,202,bearing,client_specific,cnn-ae,K003,fuzzy_fault_only_hi75,0.04104104104104104,0.02702702702702703,0.9790388548057259,0.03462117410938284,0.11473993441652638,0.07485817930241825,-0.03988175511410813
fedavg,202,bearing,pooled,cnn-ae,K003,hard_val_p95,0.0718503937007874,0.08108108108108109,0.962678936605317,0.042147516307074764,0.10973956175890585,0.07133156033088683,-0.03840800142801902
fedavg,202,bearing,pooled,cnn-ae,K003,fuzzy_warning_as_alarm_hi50,0.0718503937007874,0.08108108108108109,0.962678936605317,0.042147516307074764,0.10973956175890585,0.07133156033088683,-0.03840800142801902
fedavg,202,bearing,pooled,cnn-ae,K003,fuzzy_fault_only_hi75,0.03612644254892122,0.02702702702702703,0.9815950920245399,0.042147516307074764,0.10973956175890585,0.07133156033088683,-0.03840800142801902
fedavg,202,bearing,client_specific,cnn-ae,K004,hard_val_p95,0.04202101050525263,0.027777777777777776,0.9785276073619632,0.030120481927710843,0.08784722917408988,0.043077648011697604,-0.044769581162392276
fedavg,202,bearing,client_specific,cnn-ae,K004,fuzzy_warning_as_alarm_hi50,0.04202101050525263,0.027777777777777776,0.9785276073619632,0.030120481927710843,0.08784722917408988,0.043077648011697604,-0.044769581162392276
fedavg,202,bearing,client_specific,cnn-ae,K004,fuzzy_fault_only_hi75,0.023232323232323233,0.027777777777777776,0.9882413087934561,0.030120481927710843,0.08784722917408988,0.043077648011697604,-0.044769581162392276
fedavg,202,bearing,pooled,cnn-ae,K004,hard_val_p95,0.07188577055637617,0.05555555555555555,0.962678936605317,0.04116465863453815,0.14507576377782114,0.07133156033088683,-0.0737442034469343
fedavg,202,bearing,pooled,cnn-ae,K004,fuzzy_warning_as_alarm_hi50,0.07188577055637617,0.05555555555555555,0.962678936605317,0.04116465863453815,0.14507576377782114,0.07133156033088683,-0.0737442034469343
fedavg,202,bearing,pooled,cnn-ae,K004,fuzzy_fault_only_hi75,0.03612644254892122,0.027777777777777776,0.9815950920245399,0.04116465863453815,0.14507576377782114,0.07133156033088683,-0.0737442034469343
fedavg,202,bearing,client_specific,cnn-ae,K005,hard_val_p95,0.30842332613390927,0.05555555555555555,0.8174846625766872,0.05923694779116466,0.11709468048766741,0.26828187680706594,0.15118719631939853
fedavg,202,bearing,client_specific,cnn-ae,K005,fuzzy_warning_as_alarm_hi50,0.30842332613390927,0.05555555555555555,0.8174846625766872,0.05923694779116466,0.11709468048766741,0.26828187680706594,0.15118719631939853
fedavg,202,bearing,client_specific,cnn-ae,K005,fuzzy_fault_only_hi75,0.3010845986984816,0.05555555555555555,0.8225971370143149,0.05923694779116466,0.11709468048766741,0.26828187680706594,0.15118719631939853
fedavg,202,bearing,pooled,cnn-ae,K005,hard_val_p95,0.07192118226600985,0.027777777777777776,0.962678936605317,0.04066265060240964,0.033996307190587154,0.07133156033088683,0.03733525314029968
fedavg,202,bearing,pooled,cnn-ae,K005,fuzzy_warning_as_alarm_hi50,0.07192118226600985,0.027777777777777776,0.962678936605317,0.04066265060240964,0.033996307190587154,0.07133156033088683,0.03733525314029968
fedavg,202,bearing,pooled,cnn-ae,K005,fuzzy_fault_only_hi75,0.03614457831325301,0.0,0.9815950920245399,0.04066265060240964,0.033996307190587154,0.07133156033088683,0.03733525314029968
fedavg,202,bearing,client_specific,cnn-ae,K006,hard_val_p95,0.068931560807484,0.1388888888888889,0.9642126789366053,0.03815261044176707,0.18290567341107425,0.054579539109500065,-0.1283261343015742
fedavg,202,bearing,client_specific,cnn-ae,K006,fuzzy_warning_as_alarm_hi50,0.068931560807484,0.1388888888888889,0.9642126789366053,0.03815261044176707,0.18290567341107425,0.054579539109500065,-0.1283261343015742
fedavg,202,bearing,client_specific,cnn-ae,K006,fuzzy_fault_only_hi75,0.020222446916076844,0.05555555555555555,0.9897750511247444,0.03815261044176707,0.18290567341107425,0.054579539109500065,-0.1283261343015742
fedavg,202,bearing,pooled,cnn-ae,K006,hard_val_p95,0.07174447174447174,0.16666666666666666,0.962678936605317,0.04216867469879518,0.22249406619103496,0.07133156033088683,-0.15116250586014812
fedavg,202,bearing,pooled,cnn-ae,K006,fuzzy_warning_as_alarm_hi50,0.07174447174447174,0.16666666666666666,0.962678936605317,0.04216867469879518,0.22249406619103496,0.07133156033088683,-0.15116250586014812
fedavg,202,bearing,pooled,cnn-ae,K006,fuzzy_fault_only_hi75,0.03609022556390978,0.08333333333333333,0.9815950920245399,0.04216867469879518,0.22249406619103496,0.07133156033088683,-0.15116250586014812
fedavg-personalized,202,bearing,client_specific,cnn-ae,K001,hard_val_p95,0.5062905070529927,0.08333333333333333,0.6605316973415133,0.12650602409638553,0.07437095642599782,0.33436488465805536,0.2599939282320575
fedavg-personalized,202,bearing,client_specific,cnn-ae,K001,fuzzy_warning_as_alarm_hi50,0.5062905070529927,0.08333333333333333,0.6605316973415133,0.12650602409638553,0.07437095642599782,0.33436488465805536,0.2599939282320575
fedavg-personalized,202,bearing,client_specific,cnn-ae,K001,fuzzy_fault_only_hi75,0.390785684903332,0.0,0.7571574642126789,0.12650602409638553,0.07437095642599782,0.33436488465805536,0.2599939282320575
fedavg-personalized,202,bearing,client_specific,cnn-ae,K002,hard_val_p95,0.10092188258127123,0.027777777777777776,0.9468302658486708,0.09789156626506024,0.09203729422995516,0.25062816459667075,0.1585908703667156
fedavg-personalized,202,bearing,client_specific,cnn-ae,K002,fuzzy_warning_as_alarm_hi50,0.10092188258127123,0.027777777777777776,0.9468302658486708,0.09789156626506024,0.09203729422995516,0.25062816459667075,0.1585908703667156
fedavg-personalized,202,bearing,client_specific,cnn-ae,K002,fuzzy_fault_only_hi75,0.07385524372230429,0.0,0.9616564417177914,0.09789156626506024,0.09203729422995516,0.25062816459667075,0.1585908703667156
fedavg-personalized,202,bearing,client_specific,cnn-ae,K003,hard_val_p95,0.3353191489361702,0.0,0.7985685071574642,0.03562468640240843,0.08111444924683893,0.24278004396530367,0.16166559471846476
fedavg-personalized,202,bearing,client_specific,cnn-ae,K003,fuzzy_warning_as_alarm_hi50,0.3353191489361702,0.0,0.7985685071574642,0.03562468640240843,0.08111444924683893,0.24278004396530367,0.16166559471846476
fedavg-personalized,202,bearing,client_specific,cnn-ae,K003,fuzzy_fault_only_hi75,0.3137931034482759,0.0,0.8139059304703476,0.03562468640240843,0.08111444924683893,0.24278004396530367,0.16166559471846476
fedavg-personalized,202,bearing,client_specific,cnn-ae,K004,hard_val_p95,0.32376873661670236,0.027777777777777776,0.8067484662576687,0.025100401606425703,0.10777779035382115,0.2139032215391906,0.10612543118536946
fedavg-personalized,202,bearing,client_specific,cnn-ae,K004,fuzzy_warning_as_alarm_hi50,0.32376873661670236,0.027777777777777776,0.8067484662576687,0.025100401606425703,0.10777779035382115,0.2139032215391906,0.10612543118536946
fedavg-personalized,202,bearing,client_specific,cnn-ae,K004,fuzzy_fault_only_hi75,0.3070934256055363,0.027777777777777776,0.8185071574642127,0.025100401606425703,0.10777779035382115,0.2139032215391906,0.10612543118536946
fedavg-personalized,202,bearing,client_specific,cnn-ae,K005,hard_val_p95,0.4288577154308617,0.1111111111111111,0.726482617586912,0.040160642570281124,0.15030855418835612,0.3411824377269751,0.19087388353861898
fedavg-personalized,202,bearing,client_specific,cnn-ae,K005,fuzzy_warning_as_alarm_hi50,0.4288577154308617,0.1111111111111111,0.726482617586912,0.040160642570281124,0.15030855418835612,0.3411824377269751,0.19087388353861898
fedavg-personalized,202,bearing,client_specific,cnn-ae,K005,fuzzy_fault_only_hi75,0.4040733197556008,0.08333333333333333,0.7464212678936605,0.040160642570281124,0.15030855418835612,0.3411824377269751,0.19087388353861898
fedavg-personalized,202,bearing,client_specific,cnn-ae,K006,hard_val_p95,0.22655188038060717,0.027777777777777776,0.8721881390593047,0.09036144578313253,0.1122698263330699,0.1682455940641471,0.05597576773107721
fedavg-personalized,202,bearing,client_specific,cnn-ae,K006,fuzzy_warning_as_alarm_hi50,0.22655188038060717,0.027777777777777776,0.8721881390593047,0.09036144578313253,0.1122698263330699,0.1682455940641471,0.05597576773107721
fedavg-personalized,202,bearing,client_specific,cnn-ae,K006,fuzzy_fault_only_hi75,0.14156769596199525,0.0,0.9238241308793456,0.09036144578313253,0.1122698263330699,0.1682455940641471,0.05597576773107721
fedprox,202,bearing,client_specific,cnn-ae,K001,hard_val_p95,0.09250243427458617,0.08333333333333333,0.9514314928425358,0.04819277108433735,0.1165577193187542,0.07606484507242459,-0.04049287424632961
fedprox,202,bearing,client_specific,cnn-ae,K001,fuzzy_warning_as_alarm_hi50,0.09250243427458617,0.08333333333333333,0.9514314928425358,0.04819277108433735,0.1165577193187542,0.07606484507242459,-0.04049287424632961
fedprox,202,bearing,client_specific,cnn-ae,K001,fuzzy_fault_only_hi75,0.03314917127071823,0.05555555555555555,0.9831288343558282,0.04819277108433735,0.1165577193187542,0.07606484507242459,-0.04049287424632961
fedprox,202,bearing,pooled,cnn-ae,K001,hard_val_p95,0.10358180058083252,0.08333333333333333,0.9452965235173824,0.04919678714859438,0.13007341579007037,0.09399932492519128,-0.03607409086487909
fedprox,202,bearing,pooled,cnn-ae,K001,fuzzy_warning_as_alarm_hi50,0.10358180058083252,0.08333333333333333,0.9452965235173824,0.04919678714859438,0.13007341579007037,0.09399932492519128,-0.03607409086487909
fedprox,202,bearing,pooled,cnn-ae,K001,fuzzy_fault_only_hi75,0.04004004004004004,0.05555555555555555,0.9795501022494888,0.04919678714859438,0.13007341579007037,0.09399932492519128,-0.03607409086487909
fedprox,202,bearing,client_specific,cnn-ae,K002,hard_val_p95,0.1544983513895431,0.08333333333333333,0.9161554192229039,0.04317269076305221,0.14349455088653051,0.13524074953887757,-0.00825380134765294
fedprox,202,bearing,client_specific,cnn-ae,K002,fuzzy_warning_as_alarm_hi50,0.1544983513895431,0.08333333333333333,0.9161554192229039,0.04317269076305221,0.14349455088653051,0.13524074953887757,-0.00825380134765294
fedprox,202,bearing,client_specific,cnn-ae,K002,fuzzy_fault_only_hi75,0.1235632183908046,0.08333333333333333,0.9340490797546013,0.04317269076305221,0.14349455088653051,0.13524074953887757,-0.00825380134765294
fedprox,202,bearing,pooled,cnn-ae,K002,hard_val_p95,0.10358180058083252,0.08333333333333333,0.9452965235173824,0.04969879518072289,0.10380246310556371,0.09399932492519128,-0.009803138180372428
fedprox,202,bearing,pooled,cnn-ae,K002,fuzzy_warning_as_alarm_hi50,0.10358180058083252,0.08333333333333333,0.9452965235173824,0.04969879518072289,0.10380246310556371,0.09399932492519128,-0.009803138180372428
fedprox,202,bearing,pooled,cnn-ae,K002,fuzzy_fault_only_hi75,0.04006009013520281,0.027777777777777776,0.9795501022494888,0.04969879518072289,0.10380246310556371,0.09399932492519128,-0.009803138180372428
fedprox,202,bearing,client_specific,cnn-ae,K003,hard_val_p95,0.04297851074462768,0.05405405405405406,0.9780163599182005,0.04515805318615153,0.08852182761585659,0.0844401073014008,-0.004081720314455792
fedprox,202,bearing,client_specific,cnn-ae,K003,fuzzy_warning_as_alarm_hi50,0.04297851074462768,0.05405405405405406,0.9780163599182005,0.04515805318615153,0.08852182761585659,0.0844401073014008,-0.004081720314455792
fedprox,202,bearing,client_specific,cnn-ae,K003,fuzzy_fault_only_hi75,0.026236125126135216,0.0,0.9867075664621677,0.04515805318615153,0.08852182761585659,0.0844401073014008,-0.004081720314455792
fedprox,202,bearing,pooled,cnn-ae,K003,hard_val_p95,0.10358180058083252,0.08108108108108109,0.9452965235173824,0.04967385850476668,0.10571814585349708,0.09399932492519128,-0.011718820928305798
fedprox,202,bearing,pooled,cnn-ae,K003,fuzzy_warning_as_alarm_hi50,0.10358180058083252,0.08108108108108109,0.9452965235173824,0.04967385850476668,0.10571814585349708,0.09399932492519128,-0.011718820928305798
fedprox,202,bearing,pooled,cnn-ae,K003,fuzzy_fault_only_hi75,0.04004004004004004,0.05405405405405406,0.9795501022494888,0.04967385850476668,0.10571814585349708,0.09399932492519128,-0.011718820928305798
fedprox,202,bearing,client_specific,cnn-ae,K004,hard_val_p95,0.11555127587867116,0.027777777777777776,0.9386503067484663,0.022590361445783132,0.07780068951782045,0.1124951191332009,0.034694429615380454
fedprox,202,bearing,client_specific,cnn-ae,K004,fuzzy_warning_as_alarm_hi50,0.11555127587867116,0.027777777777777776,0.9386503067484663,0.022590361445783132,0.07780068951782045,0.1124951191332009,0.034694429615380454
fedprox,202,bearing,client_specific,cnn-ae,K004,fuzzy_fault_only_hi75,0.111003861003861,0.027777777777777776,0.9412065439672802,0.022590361445783132,0.07780068951782045,0.1124951191332009,0.034694429615380454
fedprox,202,bearing,pooled,cnn-ae,K004,hard_val_p95,0.10368217054263566,0.027777777777777776,0.9452965235173824,0.048694779116465865,0.0736379709137856,0.09399932492519128,0.02036135401140568
fedprox,202,bearing,pooled,cnn-ae,K004,fuzzy_warning_as_alarm_hi50,0.10368217054263566,0.027777777777777776,0.9452965235173824,0.048694779116465865,0.0736379709137856,0.09399932492519128,0.02036135401140568
fedprox,202,bearing,pooled,cnn-ae,K004,fuzzy_fault_only_hi75,0.04006009013520281,0.027777777777777776,0.9795501022494888,0.048694779116465865,0.0736379709137856,0.09399932492519128,0.02036135401140568
fedprox,202,bearing,client_specific,cnn-ae,K005,hard_val_p95,0.2903225806451613,0.1388888888888889,0.8297546012269938,0.08483935742971888,0.2184960749689631,0.2121228611295916,-0.006373213839371478
fedprox,202,bearing,client_specific,cnn-ae,K005,fuzzy_warning_as_alarm_hi50,0.2903225806451613,0.1388888888888889,0.8297546012269938,0.08483935742971888,0.2184960749689631,0.2121228611295916,-0.006373213839371478
fedprox,202,bearing,client_specific,cnn-ae,K005,fuzzy_fault_only_hi75,0.2108626198083067,0.1111111111111111,0.8819018404907976,0.08483935742971888,0.2184960749689631,0.2121228611295916,-0.006373213839371478
fedprox,202,bearing,pooled,cnn-ae,K005,hard_val_p95,0.10368217054263566,0.027777777777777776,0.9452965235173824,0.04969879518072289,0.09048061315465852,0.09399932492519128,0.0035187117705327564
fedprox,202,bearing,pooled,cnn-ae,K005,fuzzy_warning_as_alarm_hi50,0.10368217054263566,0.027777777777777776,0.9452965235173824,0.04969879518072289,0.09048061315465852,0.09399932492519128,0.0035187117705327564
fedprox,202,bearing,pooled,cnn-ae,K005,fuzzy_fault_only_hi75,0.04008016032064128,0.0,0.9795501022494888,0.04969879518072289,0.09048061315465852,0.09399932492519128,0.0035187117705327564
fedprox,202,bearing,client_specific,cnn-ae,K006,hard_val_p95,0.0182370820668693,0.0,0.99079754601227,0.017570281124497992,0.046891274068310514,0.04746215031863473,0.0005708762503242176
fedprox,202,bearing,client_specific,cnn-ae,K006,fuzzy_warning_as_alarm_hi50,0.0182370820668693,0.0,0.99079754601227,0.017570281124497992,0.046891274068310514,0.04746215031863473,0.0005708762503242176
fedprox,202,bearing,client_specific,cnn-ae,K006,fuzzy_fault_only_hi75,0.012195121951219513,0.0,0.9938650306748467,0.017570281124497992,0.046891274068310514,0.04746215031863473,0.0005708762503242176
fedprox,202,bearing,pooled,cnn-ae,K006,hard_val_p95,0.1036319612590799,0.05555555555555555,0.9452965235173824,0.05120481927710843,0.10430938485556503,0.09399932492519128,-0.010310059930373747
fedprox,202,bearing,pooled,cnn-ae,K006,fuzzy_warning_as_alarm_hi50,0.1036319612590799,0.05555555555555555,0.9452965235173824,0.05120481927710843,0.10430938485556503,0.09399932492519128,-0.010310059930373747
fedprox,202,bearing,pooled,cnn-ae,K006,fuzzy_fault_only_hi75,0.04008016032064128,0.0,0.9795501022494888,0.05120481927710843,0.10430938485556503,0.09399932492519128,-0.010310059930373747
fedprox,202,bearing,client_specific,cnn-ae,K001,hard_val_p95,0.1291248206599713,0.0,0.9309815950920245,0.020080321285140562,0.05944911522531923,0.11376655412296667,0.05431743889764744
fedprox,202,bearing,client_specific,cnn-ae,K001,fuzzy_warning_as_alarm_hi50,0.1291248206599713,0.0,0.9309815950920245,0.020080321285140562,0.05944911522531923,0.11376655412296667,0.05431743889764744
fedprox,202,bearing,client_specific,cnn-ae,K001,fuzzy_fault_only_hi75,0.12013455069678039,0.0,0.9360940695296524,0.020080321285140562,0.05944911522531923,0.11376655412296667,0.05431743889764744
fedprox,202,bearing,pooled,cnn-ae,K001,hard_val_p95,0.1529745042492918,0.0,0.9171779141104295,0.0642570281124498,0.07882103791169547,0.12702143004360153,0.048200392131906064
fedprox,202,bearing,pooled,cnn-ae,K001,fuzzy_warning_as_alarm_hi50,0.1529745042492918,0.0,0.9171779141104295,0.0642570281124498,0.07882103791169547,0.12702143004360153,0.048200392131906064
fedprox,202,bearing,pooled,cnn-ae,K001,fuzzy_fault_only_hi75,0.10373242850218128,0.0,0.9452965235173824,0.0642570281124498,0.07882103791169547,0.12702143004360153,0.048200392131906064
fedprox,202,bearing,client_specific,cnn-ae,K002,hard_val_p95,0.17674418604651163,0.1111111111111111,0.9028629856850716,0.06977911646586345,0.13462050601098235,0.13936657374022113,0.004746067729238773
fedprox,202,bearing,client_specific,cnn-ae,K002,fuzzy_warning_as_alarm_hi50,0.17674418604651163,0.1111111111111111,0.9028629856850716,0.06977911646586345,0.13462050601098235,0.13936657374022113,0.004746067729238773
fedprox,202,bearing,client_specific,cnn-ae,K002,fuzzy_fault_only_hi75,0.12893982808022922,0.08333333333333333,0.9309815950920245,0.06977911646586345,0.13462050601098235,0.13936657374022113,0.004746067729238773
fedprox,202,bearing,pooled,cnn-ae,K002,hard_val_p95,0.15275813295615276,0.08333333333333333,0.9171779141104295,0.06375502008032129,0.1224974880458631,0.12702143004360153,0.004523941997738423
fedprox,202,bearing,pooled,cnn-ae,K002,fuzzy_warning_as_alarm_hi50,0.15275813295615276,0.08333333333333333,0.9171779141104295,0.06375502008032129,0.1224974880458631,0.12702143004360153,0.004523941997738423
fedprox,202,bearing,pooled,cnn-ae,K002,fuzzy_fault_only_hi75,0.1036319612590799,0.05555555555555555,0.9452965235173824,0.06375502008032129,0.1224974880458631,0.12702143004360153,0.004523941997738423
fedprox,202,bearing,client_specific,cnn-ae,K003,hard_val_p95,0.19363762102351315,0.08108108108108109,0.8926380368098159,0.057200200702458605,0.1094043416469441,0.14007618761618415,0.030671845969240052
fedprox,202,bearing,client_specific,cnn-ae,K003,fuzzy_warning_as_alarm_hi50,0.19363762102351315,0.08108108108108109,0.8926380368098159,0.057200200702458605,0.1094043416469441,0.14007618761618415,0.030671845969240052
fedprox,202,bearing,client_specific,cnn-ae,K003,fuzzy_fault_only_hi75,0.13434969032872796,0.05405405405405406,0.9279141104294478,0.057200200702458605,0.1094043416469441,0.14007618761618415,0.030671845969240052
fedprox,202,bearing,pooled,cnn-ae,K003,hard_val_p95,0.15283018867924528,0.05405405405405406,0.9171779141104295,0.06422478675363773,0.0982045007730767,0.12702143004360153,0.02881692927052483
fedprox,202,bearing,pooled,cnn-ae,K003,fuzzy_warning_as_alarm_hi50,0.15283018867924528,0.05405405405405406,0.9171779141104295,0.06422478675363773,0.0982045007730767,0.12702143004360153,0.02881692927052483
fedprox,202,bearing,pooled,cnn-ae,K003,fuzzy_fault_only_hi75,0.10368217054263566,0.02702702702702703,0.9452965235173824,0.06422478675363773,0.0982045007730767,0.12702143004360153,0.02881692927052483
fedprox,202,bearing,client_specific,cnn-ae,K004,hard_val_p95,0.12804586717630195,0.08333333333333333,0.9314928425357873,0.05471887550200803,0.09853926224896502,0.11581322531355813,0.017273963064593112
fedprox,202,bearing,client_specific,cnn-ae,K004,fuzzy_warning_as_alarm_hi50,0.12804586717630195,0.08333333333333333,0.9314928425357873,0.05471887550200803,0.09853926224896502,0.11581322531355813,0.017273963064593112
fedprox,202,bearing,client_specific,cnn-ae,K004,fuzzy_fault_only_hi75,0.10276296655356278,0.027777777777777776,0.9458077709611452,0.05471887550200803,0.09853926224896502,0.11581322531355813,0.017273963064593112
fedprox,202,bearing,pooled,cnn-ae,K004,hard_val_p95,0.15275813295615276,0.08333333333333333,0.9171779141104295,0.06375502008032129,0.10915537492000646,0.12702143004360153,0.01786605512359507
fedprox,202,bearing,pooled,cnn-ae,K004,fuzzy_warning_as_alarm_hi50,0.15275813295615276,0.08333333333333333,0.9171779141104295,0.06375502008032129,0.10915537492000646,0.12702143004360153,0.01786605512359507
fedprox,202,bearing,pooled,cnn-ae,K004,fuzzy_fault_only_hi75,0.10368217054263566,0.027777777777777776,0.9452965235173824,0.06375502008032129,0.10915537492000646,0.12702143004360153,0.01786605512359507
fedprox,202,bearing,client_specific,cnn-ae,K005,hard_val_p95,0.38752052545155996,0.2222222222222222,0.7586912065439673,0.11094377510040161,0.2694586363505543,0.2983480902107047,0.028889453860150405
fedprox,202,bearing,client_specific,cnn-ae,K005,fuzzy_warning_as_alarm_hi50,0.38752052545155996,0.2222222222222222,0.7586912065439673,0.11094377510040161,0.2694586363505543,0.2983480902107047,0.028889453860150405
fedprox,202,bearing,client_specific,cnn-ae,K005,fuzzy_fault_only_hi75,0.3343232923207467,0.19444444444444445,0.7985685071574642,0.11094377510040161,0.2694586363505543,0.2983480902107047,0.028889453860150405
fedprox,202,bearing,pooled,cnn-ae,K005,hard_val_p95,0.1529745042492918,0.0,0.9171779141104295,0.06375502008032129,0.06437796122618901,0.12702143004360153,0.06264346881741252
fedprox,202,bearing,pooled,cnn-ae,K005,fuzzy_warning_as_alarm_hi50,0.1529745042492918,0.0,0.9171779141104295,0.06375502008032129,0.06437796122618901,0.12702143004360153,0.06264346881741252
fedprox,202,bearing,pooled,cnn-ae,K005,fuzzy_fault_only_hi75,0.10373242850218128,0.0,0.9452965235173824,0.06375502008032129,0.06437796122618901,0.12702143004360153,0.06264346881741252
fedprox,202,bearing,client_specific,cnn-ae,K006,hard_val_p95,0.1500707881075979,0.1111111111111111,0.9187116564417178,0.071285140562249,0.1595453967213324,0.12408680883107641,-0.03545858789025598
fedprox,202,bearing,client_specific,cnn-ae,K006,fuzzy_warning_as_alarm_hi50,0.1500707881075979,0.1111111111111111,0.9187116564417178,0.071285140562249,0.1595453967213324,0.12408680883107641,-0.03545858789025598
fedprox,202,bearing,client_specific,cnn-ae,K006,fuzzy_fault_only_hi75,0.07093596059113301,0.05555555555555555,0.9631901840490797,0.071285140562249,0.1595453967213324,0.12408680883107641,-0.03545858789025598
fedprox,202,bearing,pooled,cnn-ae,K006,hard_val_p95,0.1526861451460886,0.1111111111111111,0.9171779141104295,0.0642570281124498,0.16627172234966406,0.12702143004360153,-0.03925029230606253
fedprox,202,bearing,pooled,cnn-ae,K006,fuzzy_warning_as_alarm_hi50,0.1526861451460886,0.1111111111111111,0.9171779141104295,0.0642570281124498,0.16627172234966406,0.12702143004360153,-0.03925029230606253
fedprox,202,bearing,pooled,cnn-ae,K006,fuzzy_fault_only_hi75,0.1036319612590799,0.05555555555555555,0.9452965235173824,0.0642570281124498,0.16627172234966406,0.12702143004360153,-0.03925029230606253
fedprox,202,bearing,client_specific,cnn-ae,K001,hard_val_p95,0.06910167818361303,0.0,0.9642126789366053,0.043674698795180725,0.06697959165396099,0.08489384739610063,0.017914255742139645
fedprox,202,bearing,client_specific,cnn-ae,K001,fuzzy_warning_as_alarm_hi50,0.06910167818361303,0.0,0.9642126789366053,0.043674698795180725,0.06697959165396099,0.08489384739610063,0.017914255742139645
fedprox,202,bearing,client_specific,cnn-ae,K001,fuzzy_fault_only_hi75,0.06528189910979229,0.0,0.9662576687116564,0.043674698795180725,0.06697959165396099,0.08489384739610063,0.017914255742139645
fedprox,202,bearing,pooled,cnn-ae,K001,hard_val_p95,0.09815354713313897,0.027777777777777776,0.9483640081799591,0.06927710843373494,0.0974375036359799,0.10729691516898632,0.009859411533006415
fedprox,202,bearing,pooled,cnn-ae,K001,fuzzy_warning_as_alarm_hi50,0.09815354713313897,0.027777777777777776,0.9483640081799591,0.06927710843373494,0.0974375036359799,0.10729691516898632,0.009859411533006415
fedprox,202,bearing,pooled,cnn-ae,K001,fuzzy_fault_only_hi75,0.06048587010411502,0.0,0.9688139059304703,0.06927710843373494,0.0974375036359799,0.10729691516898632,0.009859411533006415
fedprox,202,bearing,client_specific,cnn-ae,K002,hard_val_p95,0.10368217054263566,0.027777777777777776,0.9452965235173824,0.04317269076305221,0.11034864099034944,0.13304219208967902,0.02269355109932958
fedprox,202,bearing,client_specific,cnn-ae,K002,fuzzy_warning_as_alarm_hi50,0.10368217054263566,0.027777777777777776,0.9452965235173824,0.04317269076305221,0.11034864099034944,0.13304219208967902,0.02269355109932958
fedprox,202,bearing,client_specific,cnn-ae,K002,fuzzy_fault_only_hi75,0.08979990239141045,0.027777777777777776,0.9529652351738241,0.04317269076305221,0.11034864099034944,0.13304219208967902,0.02269355109932958
fedprox,202,bearing,pooled,cnn-ae,K002,hard_val_p95,0.09815354713313897,0.027777777777777776,0.9483640081799591,0.06827309236947791,0.09195470974022545,0.10729691516898632,0.015342205428760872
fedprox,202,bearing,pooled,cnn-ae,K002,fuzzy_warning_as_alarm_hi50,0.09815354713313897,0.027777777777777776,0.9483640081799591,0.06827309236947791,0.09195470974022545,0.10729691516898632,0.015342205428760872
fedprox,202,bearing,pooled,cnn-ae,K002,fuzzy_fault_only_hi75,0.06045589692765114,0.027777777777777776,0.9688139059304703,0.06827309236947791,0.09195470974022545,0.10729691516898632,0.015342205428760872
fedprox,202,bearing,client_specific,cnn-ae,K003,hard_val_p95,0.2253393665158371,0.13513513513513514,0.8726993865030674,0.09934771700953336,0.16402509511807306,0.15713219120667288,-0.006892903911400183
fedprox,202,bearing,client_specific,cnn-ae,K003,fuzzy_warning_as_alarm_hi50,0.2253393665158371,0.13513513513513514,0.8726993865030674,0.09934771700953336,0.16402509511807306,0.15713219120667288,-0.006892903911400183
fedprox,202,bearing,client_specific,cnn-ae,K003,fuzzy_fault_only_hi75,0.15275813295615276,0.08108108108108109,0.9171779141104295,0.09934771700953336,0.16402509511807306,0.15713219120667288,-0.006892903911400183
fedprox,202,bearing,pooled,cnn-ae,K003,hard_val_p95,0.09820126397666505,0.0,0.9483640081799591,0.06974410436527848,0.08772423824945252,0.10729691516898632,0.019572676919533794
fedprox,202,bearing,pooled,cnn-ae,K003,fuzzy_warning_as_alarm_hi50,0.09820126397666505,0.0,0.9483640081799591,0.06974410436527848,0.08772423824945252,0.10729691516898632,0.019572676919533794
fedprox,202,bearing,pooled,cnn-ae,K003,fuzzy_fault_only_hi75,0.06048587010411502,0.0,0.9688139059304703,0.06974410436527848,0.08772423824945252,0.10729691516898632,0.019572676919533794
fedprox,202,bearing,client_specific,cnn-ae,K004,hard_val_p95,0.05469915464942814,0.0,0.971881390593047,0.01857429718875502,0.07185797485246452,0.08023807479692685,0.00838009994446233
fedprox,202,bearing,client_specific,cnn-ae,K004,fuzzy_warning_as_alarm_hi50,0.05469915464942814,0.0,0.971881390593047,0.01857429718875502,0.07185797485246452,0.08023807479692685,0.00838009994446233
fedprox,202,bearing,client_specific,cnn-ae,K004,fuzzy_fault_only_hi75,0.046929605591612585,0.0,0.9759713701431493,0.01857429718875502,0.07185797485246452,0.08023807479692685,0.00838009994446233
fedprox,202,bearing,pooled,cnn-ae,K004,hard_val_p95,0.09815354713313897,0.027777777777777776,0.9483640081799591,0.06977911646586345,0.10156865060581485,0.10729691516898632,0.005728264563171465
fedprox,202,bearing,pooled,cnn-ae,K004,fuzzy_warning_as_alarm_hi50,0.09815354713313897,0.027777777777777776,0.9483640081799591,0.06977911646586345,0.10156865060581485,0.10729691516898632,0.005728264563171465
fedprox,202,bearing,pooled,cnn-ae,K004,fuzzy_fault_only_hi75,0.06045589692765114,0.027777777777777776,0.9688139059304703,0.06977911646586345,0.10156865060581485,0.10729691516898632,0.005728264563171465
fedprox,202,bearing,client_specific,cnn-ae,K005,hard_val_p95,0.40682095006090135,0.16666666666666666,0.7438650306748467,0.14457831325301204,0.2613474572959258,0.28031256830034057,0.01896511100441478
fedprox,202,bearing,client_specific,cnn-ae,K005,fuzzy_warning_as_alarm_hi50,0.40682095006090135,0.16666666666666666,0.7438650306748467,0.14457831325301204,0.2613474572959258,0.28031256830034057,0.01896511100441478
fedprox,202,bearing,client_specific,cnn-ae,K005,fuzzy_fault_only_hi75,0.2819614711033275,0.16666666666666666,0.8353783231083844,0.14457831325301204,0.2613474572959258,0.28031256830034057,0.01896511100441478
fedprox,202,bearing,pooled,cnn-ae,K005,hard_val_p95,0.09810587663914522,0.05555555555555555,0.9483640081799591,0.06977911646586345,0.1064245793945307,0.10729691516898632,0.0008723357744556126
fedprox,202,bearing,pooled,cnn-ae,K005,fuzzy_warning_as_alarm_hi50,0.09810587663914522,0.05555555555555555,0.9483640081799591,0.06977911646586345,0.1064245793945307,0.10729691516898632,0.0008723357744556126
fedprox,202,bearing,pooled,cnn-ae,K005,fuzzy_fault_only_hi75,0.06045589692765114,0.027777777777777776,0.9688139059304703,0.06977911646586345,0.1064245793945307,0.10729691516898632,0.0008723357744556126
fedprox,202,bearing,client_specific,cnn-ae,K006,hard_val_p95,0.10368217054263566,0.027777777777777776,0.9452965235173824,0.06475903614457831,0.15081316185068125,0.11210859946198432,-0.038704562388696934
fedprox,202,bearing,client_specific,cnn-ae,K006,fuzzy_warning_as_alarm_hi50,0.10368217054263566,0.027777777777777776,0.9452965235173824,0.06475903614457831,0.15081316185068125,0.11210859946198432,-0.038704562388696934
fedprox,202,bearing,client_specific,cnn-ae,K006,fuzzy_fault_only_hi75,0.05276256844201095,0.0,0.9729038854805726,0.06475903614457831,0.15081316185068125,0.11210859946198432,-0.038704562388696934
fedprox,202,bearing,pooled,cnn-ae,K006,hard_val_p95,0.09815354713313897,0.027777777777777776,0.9483640081799591,0.07028112449799197,0.14256706223862076,0.10729691516898632,-0.03527014706963444
fedprox,202,bearing,pooled,cnn-ae,K006,fuzzy_warning_as_alarm_hi50,0.09815354713313897,0.027777777777777776,0.9483640081799591,0.07028112449799197,0.14256706223862076,0.10729691516898632,-0.03527014706963444
fedprox,202,bearing,pooled,cnn-ae,K006,fuzzy_fault_only_hi75,0.06045589692765114,0.027777777777777776,0.9688139059304703,0.07028112449799197,0.14256706223862076,0.10729691516898632,-0.03527014706963444
fedprox,202,bearing,client_specific,cnn-ae,K001,hard_val_p95,0.13612565445026178,0.05555555555555555,0.9268916155419223,0.04417670682730924,0.11671337923765616,0.12752369090369417,0.010810311666038006
fedprox,202,bearing,client_specific,cnn-ae,K001,fuzzy_warning_as_alarm_hi50,0.13612565445026178,0.05555555555555555,0.9268916155419223,0.04417670682730924,0.11671337923765616,0.12752369090369417,0.010810311666038006
fedprox,202,bearing,client_specific,cnn-ae,K001,fuzzy_fault_only_hi75,0.12452107279693486,0.05555555555555555,0.9335378323108384,0.04417670682730924,0.11671337923765616,0.12752369090369417,0.010810311666038006
fedprox,202,bearing,pooled,cnn-ae,K001,hard_val_p95,0.10831721470019343,0.0,0.9427402862985685,0.05823293172690763,0.09685431915824369,0.11448214898797666,0.017627829829732974
fedprox,202,bearing,pooled,cnn-ae,K001,fuzzy_warning_as_alarm_hi50,0.10831721470019343,0.0,0.9427402862985685,0.05823293172690763,0.09685431915824369,0.11448214898797666,0.017627829829732974
fedprox,202,bearing,pooled,cnn-ae,K001,fuzzy_fault_only_hi75,0.06719367588932806,0.0,0.9652351738241309,0.05823293172690763,0.09685431915824369,0.11448214898797666,0.017627829829732974
fedprox,202,bearing,client_specific,cnn-ae,K002,hard_val_p95,0.09542356377799416,0.0,0.9498977505112475,0.08333333333333333,0.0692828281613529,0.10476992872038234,0.03548710055902944
fedprox,202,bearing,client_specific,cnn-ae,K002,fuzzy_warning_as_alarm_hi50,0.09542356377799416,0.0,0.9498977505112475,0.08333333333333333,0.0692828281613529,0.10476992872038234,0.03548710055902944
fedprox,202,bearing,client_specific,cnn-ae,K002,fuzzy_fault_only_hi75,0.033182503770739065,0.0,0.9831288343558282,0.08333333333333333,0.0692828281613529,0.10476992872038234,0.03548710055902944
fedprox,202,bearing,pooled,cnn-ae,K002,hard_val_p95,0.10831721470019343,0.0,0.9427402862985685,0.0572289156626506,0.07116400870677592,0.11448214898797666,0.04331814028120075
fedprox,202,bearing,pooled,cnn-ae,K002,fuzzy_warning_as_alarm_hi50,0.10831721470019343,0.0,0.9427402862985685,0.0572289156626506,0.07116400870677592,0.11448214898797666,0.04331814028120075
fedprox,202,bearing,pooled,cnn-ae,K002,fuzzy_fault_only_hi75,0.06719367588932806,0.0,0.9652351738241309,0.0572289156626506,0.07116400870677592,0.11448214898797666,0.04331814028120075
fedprox,202,bearing,client_specific,cnn-ae,K003,hard_val_p95,0.12893982808022922,0.08108108108108109,0.9309815950920245,0.07626693426994481,0.11891758929869903,0.14312004858751698,0.02420245928881795
fedprox,202,bearing,client_specific,cnn-ae,K003,fuzzy_warning_as_alarm_hi50,0.12893982808022922,0.08108108108108109,0.9309815950920245,0.07626693426994481,0.11891758929869903,0.14312004858751698,0.02420245928881795
fedprox,202,bearing,client_specific,cnn-ae,K003,fuzzy_fault_only_hi75,0.1200192030724916,0.05405405405405406,0.9360940695296524,0.07626693426994481,0.11891758929869903,0.14312004858751698,0.02420245928881795
fedprox,202,bearing,pooled,cnn-ae,K003,hard_val_p95,0.10821256038647344,0.05405405405405406,0.9427402862985685,0.05820371299548419,0.08692723823993993,0.11448214898797666,0.02755491074803673
fedprox,202,bearing,pooled,cnn-ae,K003,fuzzy_warning_as_alarm_hi50,0.10821256038647344,0.05405405405405406,0.9427402862985685,0.05820371299548419,0.08692723823993993,0.11448214898797666,0.02755491074803673
fedprox,202,bearing,pooled,cnn-ae,K003,fuzzy_fault_only_hi75,0.06719367588932806,0.0,0.9652351738241309,0.05820371299548419,0.08692723823993993,0.11448214898797666,0.02755491074803673
fedprox,202,bearing,client_specific,cnn-ae,K004,hard_val_p95,0.0934761441090555,0.05555555555555555,0.950920245398773,0.0321285140562249,0.11583091260388453,0.10723673855923725,-0.008594174044647282
fedprox,202,bearing,client_specific,cnn-ae,K004,fuzzy_warning_as_alarm_hi50,0.0934761441090555,0.05555555555555555,0.950920245398773,0.0321285140562249,0.11583091260388453,0.10723673855923725,-0.008594174044647282
fedprox,202,bearing,client_specific,cnn-ae,K004,fuzzy_fault_only_hi75,0.09254749147588895,0.05555555555555555,0.9514314928425358,0.0321285140562249,0.11583091260388453,0.10723673855923725,-0.008594174044647282
fedprox,202,bearing,pooled,cnn-ae,K004,hard_val_p95,0.10821256038647344,0.05555555555555555,0.9427402862985685,0.05823293172690763,0.11429044724904808,0.11448214898797666,0.00019170173892858744
fedprox,202,bearing,pooled,cnn-ae,K004,fuzzy_warning_as_alarm_hi50,0.10821256038647344,0.05555555555555555,0.9427402862985685,0.05823293172690763,0.11429044724904808,0.11448214898797666,0.00019170173892858744
fedprox,202,bearing,pooled,cnn-ae,K004,fuzzy_fault_only_hi75,0.0671604938271605,0.027777777777777776,0.9652351738241309,0.05823293172690763,0.11429044724904808,0.11448214898797666,0.00019170173892858744
fedprox,202,bearing,client_specific,cnn-ae,K005,hard_val_p95,0.17682643089809214,0.08333333333333333,0.9028629856850716,0.15913654618473896,0.17902686299865342,0.1731267346998383,-0.005900128298815116
fedprox,202,bearing,client_specific,cnn-ae,K005,fuzzy_warning_as_alarm_hi50,0.17682643089809214,0.08333333333333333,0.9028629856850716,0.15913654618473896,0.17902686299865342,0.1731267346998383,-0.005900128298815116
fedprox,202,bearing,client_specific,cnn-ae,K005,fuzzy_fault_only_hi75,0.12452107279693486,0.05555555555555555,0.9335378323108384,0.15913654618473896,0.17902686299865342,0.1731267346998383,-0.005900128298815116
fedprox,202,bearing,pooled,cnn-ae,K005,hard_val_p95,0.10821256038647344,0.05555555555555555,0.9427402862985685,0.056726907630522086,0.1223495725708516,0.11448214898797666,-0.007867423582874941
fedprox,202,bearing,pooled,cnn-ae,K005,fuzzy_warning_as_alarm_hi50,0.10821256038647344,0.05555555555555555,0.9427402862985685,0.056726907630522086,0.1223495725708516,0.11448214898797666,-0.007867423582874941
fedprox,202,bearing,pooled,cnn-ae,K005,fuzzy_fault_only_hi75,0.06712734452122408,0.05555555555555555,0.9652351738241309,0.056726907630522086,0.1223495725708516,0.11448214898797666,-0.007867423582874941
fedprox,202,bearing,client_specific,cnn-ae,K006,hard_val_p95,0.1440075793462814,0.08333333333333333,0.9222903885480572,0.07730923694779117,0.15885947175691786,0.1367934334625544,-0.02206603829436346
fedprox,202,bearing,client_specific,cnn-ae,K006,fuzzy_warning_as_alarm_hi50,0.1440075793462814,0.08333333333333333,0.9222903885480572,0.07730923694779117,0.15885947175691786,0.1367934334625544,-0.02206603829436346
fedprox,202,bearing,client_specific,cnn-ae,K006,fuzzy_fault_only_hi75,0.08512720156555773,0.027777777777777776,0.9555214723926381,0.07730923694779117,0.15885947175691786,0.1367934334625544,-0.02206603829436346
fedprox,202,bearing,pooled,cnn-ae,K006,hard_val_p95,0.1082648622522958,0.027777777777777776,0.9427402862985685,0.058734939759036146,0.12734809804406588,0.11448214898797666,-0.012865949056089218
fedprox,202,bearing,pooled,cnn-ae,K006,fuzzy_warning_as_alarm_hi50,0.1082648622522958,0.027777777777777776,0.9427402862985685,0.058734939759036146,0.12734809804406588,0.11448214898797666,-0.012865949056089218
fedprox,202,bearing,pooled,cnn-ae,K006,fuzzy_fault_only_hi75,0.0671604938271605,0.027777777777777776,0.9652351738241309,0.058734939759036146,0.12734809804406588,0.11448214898797666,-0.012865949056089218
fedprox,202,bearing,client_specific,cnn-ae,K001,hard_val_p95,0.17496510004653326,0.1388888888888889,0.9038854805725971,0.035140562248995984,0.17700683698340525,0.1491122200042559,-0.027894616979149356
fedprox,202,bearing,client_specific,cnn-ae,K001,fuzzy_warning_as_alarm_hi50,0.17496510004653326,0.1388888888888889,0.9038854805725971,0.035140562248995984,0.17700683698340525,0.1491122200042559,-0.027894616979149356
fedprox,202,bearing,client_specific,cnn-ae,K001,fuzzy_fault_only_hi75,0.1510146295422369,0.08333333333333333,0.918200408997955,0.035140562248995984,0.17700683698340525,0.1491122200042559,-0.027894616979149356
fedprox,202,bearing,pooled,cnn-ae,K001,hard_val_p95,0.1235632183908046,0.08333333333333333,0.9340490797546013,0.07078313253012049,0.1358628646787981,0.12359170363163517,-0.012271161047162929
fedprox,202,bearing,pooled,cnn-ae,K001,fuzzy_warning_as_alarm_hi50,0.1235632183908046,0.08333333333333333,0.9340490797546013,0.07078313253012049,0.1358628646787981,0.12359170363163517,-0.012271161047162929
fedprox,202,bearing,pooled,cnn-ae,K001,fuzzy_fault_only_hi75,0.07948969578017664,0.027777777777777776,0.9585889570552147,0.07078313253012049,0.1358628646787981,0.12359170363163517,-0.012271161047162929
fedprox,202,bearing,client_specific,cnn-ae,K002,hard_val_p95,0.16502578527894984,0.027777777777777776,0.9100204498977505,0.09387550200803213,0.10939951106917262,0.13848140089588212,0.029081889826709506
fedprox,202,bearing,client_specific,cnn-ae,K002,fuzzy_warning_as_alarm_hi50,0.16502578527894984,0.027777777777777776,0.9100204498977505,0.09387550200803213,0.10939951106917262,0.13848140089588212,0.029081889826709506
fedprox,202,bearing,client_specific,cnn-ae,K002,fuzzy_fault_only_hi75,0.0527363184079602,0.027777777777777776,0.9729038854805726,0.09387550200803213,0.10939951106917262,0.13848140089588212,0.029081889826709506
fedprox,202,bearing,pooled,cnn-ae,K002,hard_val_p95,0.1236816874400767,0.027777777777777776,0.9340490797546013,0.06927710843373494,0.09870634757660349,0.12359170363163517,0.024885356055031685
fedprox,202,bearing,pooled,cnn-ae,K002,fuzzy_warning_as_alarm_hi50,0.1236816874400767,0.027777777777777776,0.9340490797546013,0.06927710843373494,0.09870634757660349,0.12359170363163517,0.024885356055031685
fedprox,202,bearing,pooled,cnn-ae,K002,fuzzy_fault_only_hi75,0.07948969578017664,0.027777777777777776,0.9585889570552147,0.06927710843373494,0.09870634757660349,0.12359170363163517,0.024885356055031685
fedprox,202,bearing,client_specific,cnn-ae,K003,hard_val_p95,0.08984375,0.0,0.9529652351738241,0.04264927245358756,0.05296975836153946,0.1073387107610289,0.05436895239948944
fedprox,202,bearing,client_specific,cnn-ae,K003,fuzzy_warning_as_alarm_hi50,0.08984375,0.0,0.9529652351738241,0.04264927245358756,0.05296975836153946,0.1073387107610289,0.05436895239948944
fedprox,202,bearing,client_specific,cnn-ae,K003,fuzzy_fault_only_hi75,0.07669616519174041,0.0,0.9601226993865031,0.04264927245358756,0.05296975836153946,0.1073387107610289,0.05436895239948944
fedprox,202,bearing,pooled,cnn-ae,K003,hard_val_p95,0.1237410071942446,0.0,0.9340490797546013,0.07024586051179127,0.06545938053776915,0.12359170363163517,0.058132323093866026
fedprox,202,bearing,pooled,cnn-ae,K003,fuzzy_warning_as_alarm_hi50,0.1237410071942446,0.0,0.9340490797546013,0.07024586051179127,0.06545938053776915,0.12359170363163517,0.058132323093866026
fedprox,202,bearing,pooled,cnn-ae,K003,fuzzy_fault_only_hi75,0.07952871870397643,0.0,0.9585889570552147,0.07024586051179127,0.06545938053776915,0.12359170363163517,0.058132323093866026
fedprox,202,bearing,client_specific,cnn-ae,K004,hard_val_p95,0.09718172983479106,0.05555555555555555,0.9488752556237219,0.038654618473895584,0.11296504247074693,0.10253869022944855,-0.010426352241298384
fedprox,202,bearing,client_specific,cnn-ae,K004,fuzzy_warning_as_alarm_hi50,0.09718172983479106,0.05555555555555555,0.9488752556237219,0.038654618473895584,0.11296504247074693,0.10253869022944855,-0.010426352241298384
fedprox,202,bearing,client_specific,cnn-ae,K004,fuzzy_fault_only_hi75,0.07283464566929133,0.05555555555555555,0.9621676891615542,0.038654618473895584,0.11296504247074693,0.10253869022944855,-0.010426352241298384
fedprox,202,bearing,pooled,cnn-ae,K004,hard_val_p95,0.1235632183908046,0.08333333333333333,0.9340490797546013,0.06977911646586345,0.13605684211031138,0.12359170363163517,-0.01246513847867621
fedprox,202,bearing,pooled,cnn-ae,K004,fuzzy_warning_as_alarm_hi50,0.1235632183908046,0.08333333333333333,0.9340490797546013,0.06977911646586345,0.13605684211031138,0.12359170363163517,-0.01246513847867621
fedprox,202,bearing,pooled,cnn-ae,K004,fuzzy_fault_only_hi75,0.07945071113290829,0.05555555555555555,0.9585889570552147,0.06977911646586345,0.13605684211031138,0.12359170363163517,-0.01246513847867621
fedprox,202,bearing,client_specific,cnn-ae,K005,hard_val_p95,0.2441860465116279,0.19444444444444445,0.8604294478527608,0.05622489959839357,0.27183153987998226,0.21128409969295,-0.06054744018703226
fedprox,202,bearing,client_specific,cnn-ae,K005,fuzzy_warning_as_alarm_hi50,0.2441860465116279,0.19444444444444445,0.8604294478527608,0.05622489959839357,0.27183153987998226,0.21128409969295,-0.06054744018703226
fedprox,202,bearing,client_specific,cnn-ae,K005,fuzzy_fault_only_hi75,0.2064869803563271,0.19444444444444445,0.8844580777096115,0.05622489959839357,0.27183153987998226,0.21128409969295,-0.06054744018703226
fedprox,202,bearing,pooled,cnn-ae,K005,hard_val_p95,0.1235632183908046,0.08333333333333333,0.9340490797546013,0.07178714859437751,0.1355712029975784,0.12359170363163517,-0.011979499365943239
fedprox,202,bearing,pooled,cnn-ae,K005,fuzzy_warning_as_alarm_hi50,0.1235632183908046,0.08333333333333333,0.9340490797546013,0.07178714859437751,0.1355712029975784,0.12359170363163517,-0.011979499365943239
fedprox,202,bearing,pooled,cnn-ae,K005,fuzzy_fault_only_hi75,0.07948969578017664,0.027777777777777776,0.9585889570552147,0.07178714859437751,0.1355712029975784,0.12359170363163517,-0.011979499365943239
fedprox,202,bearing,client_specific,cnn-ae,K006,hard_val_p95,0.08137254901960785,0.027777777777777776,0.9575664621676891,0.06124497991967871,0.1254462406859802,0.10607696912505839,-0.019369271560921816
fedprox,202,bearing,client_specific,cnn-ae,K006,fuzzy_warning_as_alarm_hi50,0.08137254901960785,0.027777777777777776,0.9575664621676891,0.06124497991967871,0.1254462406859802,0.10607696912505839,-0.019369271560921816
fedprox,202,bearing,client_specific,cnn-ae,K006,fuzzy_fault_only_hi75,0.059494298463063956,0.027777777777777776,0.9693251533742331,0.06124497991967871,0.1254462406859802,0.10607696912505839,-0.019369271560921816
fedprox,202,bearing,pooled,cnn-ae,K006,hard_val_p95,0.12362242453282224,0.05555555555555555,0.9340490797546013,0.06977911646586345,0.14410083755171377,0.12359170363163517,-0.020509133920078595
fedprox,202,bearing,pooled,cnn-ae,K006,fuzzy_warning_as_alarm_hi50,0.12362242453282224,0.05555555555555555,0.9340490797546013,0.06977911646586345,0.14410083755171377,0.12359170363163517,-0.020509133920078595
fedprox,202,bearing,pooled,cnn-ae,K006,fuzzy_fault_only_hi75,0.07948969578017664,0.027777777777777776,0.9585889570552147,0.06977911646586345,0.14410083755171377,0.12359170363163517,-0.020509133920078595
fedprox,202,bearing,client_specific,cnn-ae,K001,hard_val_p95,0.1,0.027777777777777776,0.9473415132924335,0.035140562248995984,0.08340913476048278,0.08490769180927352,0.001498557048790733
fedprox,202,bearing,client_specific,cnn-ae,K001,fuzzy_warning_as_alarm_hi50,0.1,0.027777777777777776,0.9473415132924335,0.035140562248995984,0.08340913476048278,0.08490769180927352,0.001498557048790733
fedprox,202,bearing,client_specific,cnn-ae,K001,fuzzy_fault_only_hi75,0.06429277942631058,0.027777777777777776,0.9667689161554193,0.035140562248995984,0.08340913476048278,0.08490769180927352,0.001498557048790733
fedprox,202,bearing,pooled,cnn-ae,K001,hard_val_p95,0.0963035019455253,0.027777777777777776,0.9493865030674846,0.05070281124497992,0.1162451816062343,0.11103258809760126,-0.00521259350863304
fedprox,202,bearing,pooled,cnn-ae,K001,fuzzy_warning_as_alarm_hi50,0.0963035019455253,0.027777777777777776,0.9493865030674846,0.05070281124497992,0.1162451816062343,0.11103258809760126,-0.00521259350863304
fedprox,202,bearing,pooled,cnn-ae,K001,fuzzy_fault_only_hi75,0.05853174603174603,0.027777777777777776,0.9698364008179959,0.05070281124497992,0.1162451816062343,0.11103258809760126,-0.00521259350863304
fedprox,202,bearing,client_specific,cnn-ae,K002,hard_val_p95,0.20211299954065226,0.027777777777777776,0.8875255623721882,0.09387550200803213,0.09009742691379036,0.1616818017966415,0.07158437488285113
fedprox,202,bearing,client_specific,cnn-ae,K002,fuzzy_warning_as_alarm_hi50,0.20211299954065226,0.027777777777777776,0.8875255623721882,0.09387550200803213,0.09009742691379036,0.1616818017966415,0.07158437488285113
fedprox,202,bearing,client_specific,cnn-ae,K002,fuzzy_fault_only_hi75,0.07948969578017664,0.027777777777777776,0.9585889570552147,0.09387550200803213,0.09009742691379036,0.1616818017966415,0.07158437488285113
fedprox,202,bearing,pooled,cnn-ae,K002,hard_val_p95,0.0963035019455253,0.027777777777777776,0.9493865030674846,0.04969879518072289,0.0703103089294964,0.11103258809760126,0.040722279168104863
fedprox,202,bearing,pooled,cnn-ae,K002,fuzzy_warning_as_alarm_hi50,0.0963035019455253,0.027777777777777776,0.9493865030674846,0.04969879518072289,0.0703103089294964,0.11103258809760126,0.040722279168104863
fedprox,202,bearing,pooled,cnn-ae,K002,fuzzy_fault_only_hi75,0.05853174603174603,0.027777777777777776,0.9698364008179959,0.04969879518072289,0.0703103089294964,0.11103258809760126,0.040722279168104863
fedprox,202,bearing,client_specific,cnn-ae,K003,hard_val_p95,0.0803921568627451,0.05405405405405406,0.9580777096114519,0.027596588058203714,0.10152469420868686,0.10108613004639538,-0.0004385641622914743
fedprox,202,bearing,client_specific,cnn-ae,K003,fuzzy_warning_as_alarm_hi50,0.0803921568627451,0.05405405405405406,0.9580777096114519,0.027596588058203714,0.10152469420868686,0.10108613004639538,-0.0004385641622914743
fedprox,202,bearing,client_specific,cnn-ae,K003,fuzzy_fault_only_hi75,0.07662082514734773,0.05405405405405406,0.9601226993865031,0.027596588058203714,0.10152469420868686,0.10108613004639538,-0.0004385641622914743
fedprox,202,bearing,pooled,cnn-ae,K003,hard_val_p95,0.0962566844919786,0.05405405405405406,0.9493865030674846,0.050175614651279475,0.10184332261738684,0.11103258809760126,0.009189265480214426
fedprox,202,bearing,pooled,cnn-ae,K003,fuzzy_warning_as_alarm_hi50,0.0962566844919786,0.05405405405405406,0.9493865030674846,0.050175614651279475,0.10184332261738684,0.11103258809760126,0.009189265480214426
fedprox,202,bearing,pooled,cnn-ae,K003,fuzzy_fault_only_hi75,0.05853174603174603,0.02702702702702703,0.9698364008179959,0.050175614651279475,0.10184332261738684,0.11103258809760126,0.009189265480214426
fedprox,202,bearing,client_specific,cnn-ae,K004,hard_val_p95,0.08414872798434442,0.05555555555555555,0.9560327198364008,0.02961847389558233,0.12433289772041056,0.09296638762233102,-0.031366510098079545
fedprox,202,bearing,client_specific,cnn-ae,K004,fuzzy_warning_as_alarm_hi50,0.08414872798434442,0.05555555555555555,0.9560327198364008,0.02961847389558233,0.12433289772041056,0.09296638762233102,-0.031366510098079545
fedprox,202,bearing,client_specific,cnn-ae,K004,fuzzy_fault_only_hi75,0.06903353057199212,0.05555555555555555,0.9642126789366053,0.02961847389558233,0.12433289772041056,0.09296638762233102,-0.031366510098079545
fedprox,202,bearing,pooled,cnn-ae,K004,hard_val_p95,0.0962566844919786,0.05555555555555555,0.9493865030674846,0.051706827309236945,0.14481724277005356,0.11103258809760126,-0.0337846546724523
fedprox,202,bearing,pooled,cnn-ae,K004,fuzzy_warning_as_alarm_hi50,0.0962566844919786,0.05555555555555555,0.9493865030674846,0.051706827309236945,0.14481724277005356,0.11103258809760126,-0.0337846546724523
fedprox,202,bearing,pooled,cnn-ae,K004,fuzzy_fault_only_hi75,0.05853174603174603,0.027777777777777776,0.9698364008179959,0.051706827309236945,0.14481724277005356,0.11103258809760126,-0.0337846546724523
fedprox,202,bearing,client_specific,cnn-ae,K005,hard_val_p95,0.1536286522148916,0.08333333333333333,0.9166666666666666,0.13253012048192772,0.15450847727150321,0.16388169189755114,0.009373214626047927
fedprox,202,bearing,client_specific,cnn-ae,K005,fuzzy_warning_as_alarm_hi50,0.1536286522148916,0.08333333333333333,0.9166666666666666,0.13253012048192772,0.15450847727150321,0.16388169189755114,0.009373214626047927
fedprox,202,bearing,client_specific,cnn-ae,K005,fuzzy_fault_only_hi75,0.11186113789778207,0.05555555555555555,0.9406952965235174,0.13253012048192772,0.15450847727150321,0.16388169189755114,0.009373214626047927
fedprox,202,bearing,pooled,cnn-ae,K005,hard_val_p95,0.0962566844919786,0.05555555555555555,0.9493865030674846,0.05120481927710843,0.10043992871737,0.11103258809760126,0.010592659380231267
fedprox,202,bearing,pooled,cnn-ae,K005,fuzzy_warning_as_alarm_hi50,0.0962566844919786,0.05555555555555555,0.9493865030674846,0.05120481927710843,0.10043992871737,0.11103258809760126,0.010592659380231267
fedprox,202,bearing,pooled,cnn-ae,K005,fuzzy_fault_only_hi75,0.058560794044665014,0.0,0.9698364008179959,0.05120481927710843,0.10043992871737,0.11103258809760126,0.010592659380231267
fedprox,202,bearing,client_specific,cnn-ae,K006,hard_val_p95,0.10917874396135266,0.027777777777777776,0.9422290388548057,0.05923694779116466,0.12833580988932874,0.11634103576435686,-0.01199477412497188
fedprox,202,bearing,client_specific,cnn-ae,K006,fuzzy_warning_as_alarm_hi50,0.10917874396135266,0.027777777777777776,0.9422290388548057,0.05923694779116466,0.12833580988932874,0.11634103576435686,-0.01199477412497188
fedprox,202,bearing,client_specific,cnn-ae,K006,fuzzy_fault_only_hi75,0.06333498268184068,0.027777777777777776,0.967280163599182,0.05923694779116466,0.12833580988932874,0.11634103576435686,-0.01199477412497188
fedprox,202,bearing,pooled,cnn-ae,K006,hard_val_p95,0.0963035019455253,0.027777777777777776,0.9493865030674846,0.04969879518072289,0.12440096379107593,0.11103258809760126,-0.013368375693474668
fedprox,202,bearing,pooled,cnn-ae,K006,fuzzy_warning_as_alarm_hi50,0.0963035019455253,0.027777777777777776,0.9493865030674846,0.04969879518072289,0.12440096379107593,0.11103258809760126,-0.013368375693474668
fedprox,202,bearing,pooled,cnn-ae,K006,fuzzy_fault_only_hi75,0.05853174603174603,0.027777777777777776,0.9698364008179959,0.04969879518072289,0.12440096379107593,0.11103258809760126,-0.013368375693474668
fedprox,202,bearing,client_specific,cnn-ae,K001,hard_val_p95,0.12804586717630195,0.08333333333333333,0.9314928425357873,0.06726907630522089,0.171885679644901,0.11106282753876866,-0.06082285210613235
fedprox,202,bearing,client_specific,cnn-ae,K001,fuzzy_warning_as_alarm_hi50,0.12804586717630195,0.08333333333333333,0.9314928425357873,0.06726907630522089,0.171885679644901,0.11106282753876866,-0.06082285210613235
fedprox,202,bearing,client_specific,cnn-ae,K001,fuzzy_fault_only_hi75,0.09995147986414361,0.05555555555555555,0.9473415132924335,0.06726907630522089,0.171885679644901,0.11106282753876866,-0.06082285210613235
fedprox,202,bearing,pooled,cnn-ae,K001,hard_val_p95,0.06141654284299158,0.027777777777777776,0.9683026584867076,0.041666666666666664,0.12682643831847384,0.09201128624218866,-0.03481515207628519
fedprox,202,bearing,pooled,cnn-ae,K001,fuzzy_warning_as_alarm_hi50,0.06141654284299158,0.027777777777777776,0.9683026584867076,0.041666666666666664,0.12682643831847384,0.09201128624218866,-0.03481515207628519
fedprox,202,bearing,pooled,cnn-ae,K001,fuzzy_fault_only_hi75,0.04982561036372696,0.027777777777777776,0.9744376278118609,0.041666666666666664,0.12682643831847384,0.09201128624218866,-0.03481515207628519
fedprox,202,bearing,client_specific,cnn-ae,K002,hard_val_p95,0.10460048426150122,0.027777777777777776,0.9447852760736196,0.1897590361445783,0.09730189604568512,0.18559529285270518,0.08829339680702006
fedprox,202,bearing,client_specific,cnn-ae,K002,fuzzy_warning_as_alarm_hi50,0.10460048426150122,0.027777777777777776,0.9447852760736196,0.1897590361445783,0.09730189604568512,0.18559529285270518,0.08829339680702006
fedprox,202,bearing,client_specific,cnn-ae,K002,fuzzy_fault_only_hi75,0.04495504495504495,0.027777777777777776,0.9769938650306749,0.1897590361445783,0.09730189604568512,0.18559529285270518,0.08829339680702006
fedprox,202,bearing,pooled,cnn-ae,K002,hard_val_p95,0.06141654284299158,0.027777777777777776,0.9683026584867076,0.04066265060240964,0.053126886270907996,0.09201128624218866,0.03888439997128066
fedprox,202,bearing,pooled,cnn-ae,K002,fuzzy_warning_as_alarm_hi50,0.06141654284299158,0.027777777777777776,0.9683026584867076,0.04066265060240964,0.053126886270907996,0.09201128624218866,0.03888439997128066
fedprox,202,bearing,pooled,cnn-ae,K002,fuzzy_fault_only_hi75,0.04982561036372696,0.027777777777777776,0.9744376278118609,0.04066265060240964,0.053126886270907996,0.09201128624218866,0.03888439997128066
fedprox,202,bearing,client_specific,cnn-ae,K003,hard_val_p95,0.07472959685349066,0.05405405405405406,0.9611451942740287,0.03361766181635725,0.1023038382402209,0.08128424334755258,-0.02101959489266833
fedprox,202,bearing,client_specific,cnn-ae,K003,fuzzy_warning_as_alarm_hi50,0.07472959685349066,0.05405405405405406,0.9611451942740287,0.03361766181635725,0.1023038382402209,0.08128424334755258,-0.02101959489266833
fedprox,202,bearing,client_specific,cnn-ae,K003,fuzzy_fault_only_hi75,0.06141654284299158,0.02702702702702703,0.9683026584867076,0.03361766181635725,0.1023038382402209,0.08128424334755258,-0.02101959489266833
fedprox,202,bearing,pooled,cnn-ae,K003,hard_val_p95,0.06141654284299158,0.02702702702702703,0.9683026584867076,0.04164576016056196,0.11018724948275016,0.09201128624218866,-0.018175963240561505
fedprox,202,bearing,pooled,cnn-ae,K003,fuzzy_warning_as_alarm_hi50,0.06141654284299158,0.02702702702702703,0.9683026584867076,0.04164576016056196,0.11018724948275016,0.09201128624218866,-0.018175963240561505
fedprox,202,bearing,pooled,cnn-ae,K003,fuzzy_fault_only_hi75,0.04982561036372696,0.02702702702702703,0.9744376278118609,0.04164576016056196,0.11018724948275016,0.09201128624218866,-0.018175963240561505
fedprox,202,bearing,client_specific,cnn-ae,K004,hard_val_p95,0.05751115518096182,0.08333333333333333,0.9703476482617587,0.009538152610441768,0.14371157918495187,0.07064200856088947,-0.0730695706240624
fedprox,202,bearing,client_specific,cnn-ae,K004,fuzzy_warning_as_alarm_hi50,0.05751115518096182,0.08333333333333333,0.9703476482617587,0.009538152610441768,0.14371157918495187,0.07064200856088947,-0.0730695706240624
fedprox,202,bearing,client_specific,cnn-ae,K004,fuzzy_fault_only_hi75,0.050746268656716415,0.08333333333333333,0.9739263803680982,0.009538152610441768,0.14371157918495187,0.07064200856088947,-0.0730695706240624
fedprox,202,bearing,pooled,cnn-ae,K004,hard_val_p95,0.06132542037586548,0.1111111111111111,0.9683026584867076,0.04116465863453815,0.1647883704258298,0.09201128624218866,-0.07277708418364115
fedprox,202,bearing,pooled,cnn-ae,K004,fuzzy_warning_as_alarm_hi50,0.06132542037586548,0.1111111111111111,0.9683026584867076,0.04116465863453815,0.1647883704258298,0.09201128624218866,-0.07277708418364115
fedprox,202,bearing,pooled,cnn-ae,K004,fuzzy_fault_only_hi75,0.049776007964161276,0.08333333333333333,0.9744376278118609,0.04116465863453815,0.1647883704258298,0.09201128624218866,-0.07277708418364115
fedprox,202,bearing,client_specific,cnn-ae,K005,hard_val_p95,0.24035874439461882,0.16666666666666666,0.8629856850715747,0.11194779116465864,0.2349831580418729,0.21497302764070558,-0.02001013040116731
fedprox,202,bearing,client_specific,cnn-ae,K005,fuzzy_warning_as_alarm_hi50,0.24035874439461882,0.16666666666666666,0.8629856850715747,0.11194779116465864,0.2349831580418729,0.21497302764070558,-0.02001013040116731
fedprox,202,bearing,client_specific,cnn-ae,K005,fuzzy_fault_only_hi75,0.2244343891402715,0.16666666666666666,0.8732106339468303,0.11194779116465864,0.2349831580418729,0.21497302764070558,-0.02001013040116731
fedprox,202,bearing,pooled,cnn-ae,K005,hard_val_p95,0.061446977205153616,0.0,0.9683026584867076,0.04066265060240964,0.06520027358340369,0.09201128624218866,0.026811012658784966
fedprox,202,bearing,pooled,cnn-ae,K005,fuzzy_warning_as_alarm_hi50,0.061446977205153616,0.0,0.9683026584867076,0.04066265060240964,0.06520027358340369,0.09201128624218866,0.026811012658784966
fedprox,202,bearing,pooled,cnn-ae,K005,fuzzy_fault_only_hi75,0.049850448654037885,0.0,0.9744376278118609,0.04066265060240964,0.06520027358340369,0.09201128624218866,0.026811012658784966
fedprox,202,bearing,client_specific,cnn-ae,K006,hard_val_p95,0.04982561036372696,0.027777777777777776,0.9744376278118609,0.006526104417670682,0.12380246235775598,0.07298902341808865,-0.05081343893966733
fedprox,202,bearing,client_specific,cnn-ae,K006,fuzzy_warning_as_alarm_hi50,0.04982561036372696,0.027777777777777776,0.9744376278118609,0.006526104417670682,0.12380246235775598,0.07298902341808865,-0.05081343893966733
fedprox,202,bearing,client_specific,cnn-ae,K006,fuzzy_fault_only_hi75,0.04495504495504495,0.027777777777777776,0.9769938650306749,0.006526104417670682,0.12380246235775598,0.07298902341808865,-0.05081343893966733
fedprox,202,bearing,pooled,cnn-ae,K006,hard_val_p95,0.061386138613861385,0.05555555555555555,0.9683026584867076,0.041666666666666664,0.14981050402540927,0.09201128624218866,-0.05779921778322061
fedprox,202,bearing,pooled,cnn-ae,K006,fuzzy_warning_as_alarm_hi50,0.061386138613861385,0.05555555555555555,0.9683026584867076,0.041666666666666664,0.14981050402540927,0.09201128624218866,-0.05779921778322061
fedprox,202,bearing,pooled,cnn-ae,K006,fuzzy_fault_only_hi75,0.04982561036372696,0.027777777777777776,0.9744376278118609,0.041666666666666664,0.14981050402540927,0.09201128624218866,-0.05779921778322061
fedprox,202,bearing,client_specific,cnn-ae,K001,hard_val_p95,0.08321096426823299,0.05555555555555555,0.9565439672801636,0.030622489959839357,0.1094713479108226,0.0777659516494188,-0.0317053962614038
fedprox,202,bearing,client_specific,cnn-ae,K001,fuzzy_warning_as_alarm_hi50,0.08321096426823299,0.05555555555555555,0.9565439672801636,0.030622489959839357,0.1094713479108226,0.0777659516494188,-0.0317053962614038
fedprox,202,bearing,client_specific,cnn-ae,K001,fuzzy_fault_only_hi75,0.07665847665847667,0.027777777777777776,0.9601226993865031,0.030622489959839357,0.1094713479108226,0.0777659516494188,-0.0317053962614038
fedprox,202,bearing,pooled,cnn-ae,K001,hard_val_p95,0.0803921568627451,0.05555555555555555,0.9580777096114519,0.05070281124497992,0.13142830499706312,0.08680944368534065,-0.04461886131172248
fedprox,202,bearing,pooled,cnn-ae,K001,fuzzy_warning_as_alarm_hi50,0.0803921568627451,0.05555555555555555,0.9580777096114519,0.05070281124497992,0.13142830499706312,0.08680944368534065,-0.04461886131172248
fedprox,202,bearing,pooled,cnn-ae,K001,fuzzy_fault_only_hi75,0.05079681274900399,0.027777777777777776,0.9739263803680982,0.05070281124497992,0.13142830499706312,0.08680944368534065,-0.04461886131172248
fedprox,202,bearing,client_specific,cnn-ae,K002,hard_val_p95,0.1812267657992565,0.027777777777777776,0.9003067484662577,0.19176706827309237,0.09373593458547474,0.258082438993112,0.16434650440763726
fedprox,202,bearing,client_specific,cnn-ae,K002,fuzzy_warning_as_alarm_hi50,0.1812267657992565,0.027777777777777776,0.9003067484662577,0.19176706827309237,0.09373593458547474,0.258082438993112,0.16434650440763726
fedprox,202,bearing,client_specific,cnn-ae,K002,fuzzy_fault_only_hi75,0.10551790900290416,0.027777777777777776,0.9442740286298569,0.19176706827309237,0.09373593458547474,0.258082438993112,0.16434650440763726
fedprox,202,bearing,pooled,cnn-ae,K002,hard_val_p95,0.08043158410985778,0.027777777777777776,0.9580777096114519,0.048694779116465865,0.0444802636334234,0.08680944368534065,0.04232918005191724
fedprox,202,bearing,pooled,cnn-ae,K002,fuzzy_warning_as_alarm_hi50,0.08043158410985778,0.027777777777777776,0.9580777096114519,0.048694779116465865,0.0444802636334234,0.08680944368534065,0.04232918005191724
fedprox,202,bearing,pooled,cnn-ae,K002,fuzzy_fault_only_hi75,0.05079681274900399,0.027777777777777776,0.9739263803680982,0.048694779116465865,0.0444802636334234,0.08680944368534065,0.04232918005191724
fedprox,202,bearing,client_specific,cnn-ae,K003,hard_val_p95,0.12338593974175036,0.16216216216216217,0.9340490797546013,0.054189663823381834,0.20249836969626944,0.1023576621543394,-0.10014070754193004
fedprox,202,bearing,client_specific,cnn-ae,K003,fuzzy_warning_as_alarm_hi50,0.12338593974175036,0.16216216216216217,0.9340490797546013,0.054189663823381834,0.20249836969626944,0.1023576621543394,-0.10014070754193004
fedprox,202,bearing,client_specific,cnn-ae,K003,fuzzy_fault_only_hi75,0.09059912323429128,0.10810810810810811,0.9524539877300614,0.054189663823381834,0.20249836969626944,0.1023576621543394,-0.10014070754193004
fedprox,202,bearing,pooled,cnn-ae,K003,hard_val_p95,0.08031341821743389,0.10810810810810811,0.9580777096114519,0.051680883090817864,0.15822589181634628,0.08680944368534065,-0.07141644813100563
fedprox,202,bearing,pooled,cnn-ae,K003,fuzzy_warning_as_alarm_hi50,0.08031341821743389,0.10810810810810811,0.9580777096114519,0.051680883090817864,0.15822589181634628,0.08680944368534065,-0.07141644813100563
fedprox,202,bearing,pooled,cnn-ae,K003,fuzzy_fault_only_hi75,0.0507715281234445,0.05405405405405406,0.9739263803680982,0.051680883090817864,0.15822589181634628,0.08680944368534065,-0.07141644813100563
fedprox,202,bearing,client_specific,cnn-ae,K004,hard_val_p95,0.06515301085883514,0.1111111111111111,0.9662576687116564,0.02108433734939759,0.12632376099636558,0.05922133536241791,-0.06710242563394767
fedprox,202,bearing,client_specific,cnn-ae,K004,fuzzy_warning_as_alarm_hi50,0.06515301085883514,0.1111111111111111,0.9662576687116564,0.02108433734939759,0.12632376099636558,0.05922133536241791,-0.06710242563394767
fedprox,202,bearing,client_specific,cnn-ae,K004,fuzzy_fault_only_hi75,0.041979010494752625,0.08333333333333333,0.9785276073619632,0.02108433734939759,0.12632376099636558,0.05922133536241791,-0.06710242563394767
fedprox,202,bearing,pooled,cnn-ae,K004,hard_val_p95,0.08031341821743389,0.1111111111111111,0.9580777096114519,0.04919678714859438,0.16553450094499927,0.08680944368534065,-0.07872505725965863
fedprox,202,bearing,pooled,cnn-ae,K004,fuzzy_warning_as_alarm_hi50,0.08031341821743389,0.1111111111111111,0.9580777096114519,0.04919678714859438,0.16553450094499927,0.08680944368534065,-0.07872505725965863
fedprox,202,bearing,pooled,cnn-ae,K004,fuzzy_fault_only_hi75,0.050746268656716415,0.08333333333333333,0.9739263803680982,0.04919678714859438,0.16553450094499927,0.08680944368534065,-0.07872505725965863
fedprox,202,bearing,client_specific,cnn-ae,K005,hard_val_p95,0.27060379021595415,0.16666666666666666,0.8430470347648262,0.1501004016064257,0.20367288920152604,0.22827986218990365,0.024606972988377607
fedprox,202,bearing,client_specific,cnn-ae,K005,fuzzy_warning_as_alarm_hi50,0.27060379021595415,0.16666666666666666,0.8430470347648262,0.1501004016064257,0.20367288920152604,0.22827986218990365,0.024606972988377607
fedprox,202,bearing,client_specific,cnn-ae,K005,fuzzy_fault_only_hi75,0.205761316872428,0.16666666666666666,0.8849693251533742,0.1501004016064257,0.20367288920152604,0.22827986218990365,0.024606972988377607
fedprox,202,bearing,pooled,cnn-ae,K005,hard_val_p95,0.08047105004906771,0.0,0.9580777096114519,0.04969879518072289,0.058492064757691496,0.08680944368534065,0.02831737892764915
fedprox,202,bearing,pooled,cnn-ae,K005,fuzzy_warning_as_alarm_hi50,0.08047105004906771,0.0,0.9580777096114519,0.04969879518072289,0.058492064757691496,0.08680944368534065,0.02831737892764915
fedprox,202,bearing,pooled,cnn-ae,K005,fuzzy_fault_only_hi75,0.05082212257100149,0.0,0.9739263803680982,0.04969879518072289,0.058492064757691496,0.08680944368534065,0.02831737892764915
fedprox,202,bearing,client_specific,cnn-ae,K006,hard_val_p95,0.04393409885172242,0.08333333333333333,0.9775051124744376,0.024096385542168676,0.12992180173295487,0.06190467966274448,-0.06801712207021038
fedprox,202,bearing,client_specific,cnn-ae,K006,fuzzy_warning_as_alarm_hi50,0.04393409885172242,0.08333333333333333,0.9775051124744376,0.024096385542168676,0.12992180173295487,0.06190467966274448,-0.06801712207021038
fedprox,202,bearing,client_specific,cnn-ae,K006,fuzzy_fault_only_hi75,0.033165829145728645,0.027777777777777776,0.9831288343558282,0.024096385542168676,0.12992180173295487,0.06190467966274448,-0.06801712207021038
fedprox,202,bearing,pooled,cnn-ae,K006,hard_val_p95,0.08031341821743389,0.1111111111111111,0.9580777096114519,0.04969879518072289,0.17764607169103772,0.08680944368534065,-0.09083662800569707
fedprox,202,bearing,pooled,cnn-ae,K006,fuzzy_warning_as_alarm_hi50,0.08031341821743389,0.1111111111111111,0.9580777096114519,0.04969879518072289,0.17764607169103772,0.08680944368534065,-0.09083662800569707
fedprox,202,bearing,pooled,cnn-ae,K006,fuzzy_fault_only_hi75,0.050746268656716415,0.08333333333333333,0.9739263803680982,0.04969879518072289,0.17764607169103772,0.08680944368534065,-0.09083662800569707
fedprox,202,bearing,client_specific,cnn-ae,K001,hard_val_p95,0.09611650485436893,0.1388888888888889,0.9493865030674846,0.03463855421686747,0.15818475346014227,0.06843563129464018,-0.08974912216550208
fedprox,202,bearing,client_specific,cnn-ae,K001,fuzzy_warning_as_alarm_hi50,0.09611650485436893,0.1388888888888889,0.9493865030674846,0.03463855421686747,0.15818475346014227,0.06843563129464018,-0.08974912216550208
fedprox,202,bearing,client_specific,cnn-ae,K001,fuzzy_fault_only_hi75,0.06998521439132578,0.05555555555555555,0.9637014314928425,0.03463855421686747,0.15818475346014227,0.06843563129464018,-0.08974912216550208
fedprox,202,bearing,pooled,cnn-ae,K001,hard_val_p95,0.04982561036372696,0.027777777777777776,0.9744376278118609,0.03714859437751004,0.1420641434443413,0.0666523563880606,-0.0754117870562807
fedprox,202,bearing,pooled,cnn-ae,K001,fuzzy_warning_as_alarm_hi50,0.04982561036372696,0.027777777777777776,0.9744376278118609,0.03714859437751004,0.1420641434443413,0.0666523563880606,-0.0754117870562807
fedprox,202,bearing,pooled,cnn-ae,K001,fuzzy_fault_only_hi75,0.02721774193548387,0.027777777777777776,0.9861963190184049,0.03714859437751004,0.1420641434443413,0.0666523563880606,-0.0754117870562807
fedprox,202,bearing,client_specific,cnn-ae,K002,hard_val_p95,0.07571288102261553,0.027777777777777776,0.9606339468302658,0.14558232931726908,0.09062494512114859,0.23294961788948865,0.14232467276834004
fedprox,202,bearing,client_specific,cnn-ae,K002,fuzzy_warning_as_alarm_hi50,0.07571288102261553,0.027777777777777776,0.9606339468302658,0.14558232931726908,0.09062494512114859,0.23294961788948865,0.14232467276834004
fedprox,202,bearing,client_specific,cnn-ae,K002,fuzzy_fault_only_hi75,0.0527363184079602,0.027777777777777776,0.9729038854805726,0.14558232931726908,0.09062494512114859,0.23294961788948865,0.14232467276834004
fedprox,202,bearing,pooled,cnn-ae,K002,hard_val_p95,0.04982561036372696,0.027777777777777776,0.9744376278118609,0.035140562248995984,0.047351409585973246,0.0666523563880606,0.019300946802087347
fedprox,202,bearing,pooled,cnn-ae,K002,fuzzy_warning_as_alarm_hi50,0.04982561036372696,0.027777777777777776,0.9744376278118609,0.035140562248995984,0.047351409585973246,0.0666523563880606,0.019300946802087347
fedprox,202,bearing,pooled,cnn-ae,K002,fuzzy_fault_only_hi75,0.02721774193548387,0.027777777777777776,0.9861963190184049,0.035140562248995984,0.047351409585973246,0.0666523563880606,0.019300946802087347
fedprox,202,bearing,client_specific,cnn-ae,K003,hard_val_p95,0.08129285014691479,0.08108108108108109,0.9575664621676891,0.06522829904666332,0.1447346101204915,0.09738096089756339,-0.047353649222928104
fedprox,202,bearing,client_specific,cnn-ae,K003,fuzzy_warning_as_alarm_hi50,0.08129285014691479,0.08108108108108109,0.9575664621676891,0.06522829904666332,0.1447346101204915,0.09738096089756339,-0.047353649222928104
fedprox,202,bearing,client_specific,cnn-ae,K003,fuzzy_fault_only_hi75,0.0527363184079602,0.02702702702702703,0.9729038854805726,0.06522829904666332,0.1447346101204915,0.09738096089756339,-0.047353649222928104
fedprox,202,bearing,pooled,cnn-ae,K003,hard_val_p95,0.04982561036372696,0.02702702702702703,0.9744376278118609,0.03662819869543402,0.09434687371406116,0.0666523563880606,-0.02769451732600056
fedprox,202,bearing,pooled,cnn-ae,K003,fuzzy_warning_as_alarm_hi50,0.04982561036372696,0.02702702702702703,0.9744376278118609,0.03662819869543402,0.09434687371406116,0.0666523563880606,-0.02769451732600056
fedprox,202,bearing,pooled,cnn-ae,K003,fuzzy_fault_only_hi75,0.02723146747352496,0.0,0.9861963190184049,0.03662819869543402,0.09434687371406116,0.0666523563880606,-0.02769451732600056
fedprox,202,bearing,client_specific,cnn-ae,K004,hard_val_p95,0.014205986808726534,0.027777777777777776,0.9928425357873211,0.0035140562248995983,0.0812099908481829,0.0322878832042739,-0.048922107643908995
fedprox,202,bearing,client_specific,cnn-ae,K004,fuzzy_warning_as_alarm_hi50,0.014205986808726534,0.027777777777777776,0.9928425357873211,0.0035140562248995983,0.0812099908481829,0.0322878832042739,-0.048922107643908995
fedprox,202,bearing,client_specific,cnn-ae,K004,fuzzy_fault_only_hi75,0.014205986808726534,0.027777777777777776,0.9928425357873211,0.0035140562248995983,0.0812099908481829,0.0322878832042739,-0.048922107643908995
fedprox,202,bearing,pooled,cnn-ae,K004,hard_val_p95,0.049776007964161276,0.08333333333333333,0.9744376278118609,0.03614457831325301,0.15547837392289565,0.0666523563880606,-0.08882601753483506
fedprox,202,bearing,pooled,cnn-ae,K004,fuzzy_warning_as_alarm_hi50,0.049776007964161276,0.08333333333333333,0.9744376278118609,0.03614457831325301,0.15547837392289565,0.0666523563880606,-0.08882601753483506
fedprox,202,bearing,pooled,cnn-ae,K004,fuzzy_fault_only_hi75,0.027204030226700253,0.05555555555555555,0.9861963190184049,0.03614457831325301,0.15547837392289565,0.0666523563880606,-0.08882601753483506
fedprox,202,bearing,client_specific,cnn-ae,K005,hard_val_p95,0.4462025316455696,0.2222222222222222,0.7116564417177914,0.05271084337349398,0.24495558263641792,0.3376538610803823,0.09269827844396439
fedprox,202,bearing,client_specific,cnn-ae,K005,fuzzy_warning_as_alarm_hi50,0.4462025316455696,0.2222222222222222,0.7116564417177914,0.05271084337349398,0.24495558263641792,0.3376538610803823,0.09269827844396439
fedprox,202,bearing,client_specific,cnn-ae,K005,fuzzy_fault_only_hi75,0.4105263157894737,0.19444444444444445,0.74079754601227,0.05271084337349398,0.24495558263641792,0.3376538610803823,0.09269827844396439
fedprox,202,bearing,pooled,cnn-ae,K005,hard_val_p95,0.049850448654037885,0.0,0.9744376278118609,0.035140562248995984,0.0358789995045826,0.0666523563880606,0.030773356883477994
fedprox,202,bearing,pooled,cnn-ae,K005,fuzzy_warning_as_alarm_hi50,0.049850448654037885,0.0,0.9744376278118609,0.035140562248995984,0.0358789995045826,0.0666523563880606,0.030773356883477994
fedprox,202,bearing,pooled,cnn-ae,K005,fuzzy_fault_only_hi75,0.02723146747352496,0.0,0.9861963190184049,0.035140562248995984,0.0358789995045826,0.0666523563880606,0.030773356883477994
fedprox,202,bearing,client_specific,cnn-ae,K006,hard_val_p95,0.05271009448035803,0.05555555555555555,0.9729038854805726,0.016566265060240965,0.12803165779380643,0.056060758471839625,-0.0719708993219668
fedprox,202,bearing,client_specific,cnn-ae,K006,fuzzy_warning_as_alarm_hi50,0.05271009448035803,0.05555555555555555,0.9729038854805726,0.016566265060240965,0.12803165779380643,0.056060758471839625,-0.0719708993219668
fedprox,202,bearing,client_specific,cnn-ae,K006,fuzzy_fault_only_hi75,0.033165829145728645,0.027777777777777776,0.9831288343558282,0.016566265060240965,0.12803165779380643,0.056060758471839625,-0.0719708993219668
fedprox,202,bearing,pooled,cnn-ae,K006,hard_val_p95,0.04982561036372696,0.027777777777777776,0.9744376278118609,0.036646586345381524,0.1517763552663658,0.0666523563880606,-0.0851239988783052
fedprox,202,bearing,pooled,cnn-ae,K006,fuzzy_warning_as_alarm_hi50,0.04982561036372696,0.027777777777777776,0.9744376278118609,0.036646586345381524,0.1517763552663658,0.0666523563880606,-0.0851239988783052
fedprox,202,bearing,pooled,cnn-ae,K006,fuzzy_fault_only_hi75,0.02721774193548387,0.027777777777777776,0.9861963190184049,0.036646586345381524,0.1517763552663658,0.0666523563880606,-0.0851239988783052
fedprox,202,bearing,client_specific,cnn-ae,K001,hard_val_p95,0.04495504495504495,0.027777777777777776,0.9769938650306749,0.03965863453815261,0.0830056515150264,0.05051261082163426,-0.032493040693392136
fedprox,202,bearing,client_specific,cnn-ae,K001,fuzzy_warning_as_alarm_hi50,0.04495504495504495,0.027777777777777776,0.9769938650306749,0.03965863453815261,0.0830056515150264,0.05051261082163426,-0.032493040693392136
fedprox,202,bearing,client_specific,cnn-ae,K001,fuzzy_fault_only_hi75,0.023232323232323233,0.027777777777777776,0.9882413087934561,0.03965863453815261,0.0830056515150264,0.05051261082163426,-0.032493040693392136
fedprox,202,bearing,pooled,cnn-ae,K001,hard_val_p95,0.08508557457212713,0.05555555555555555,0.9555214723926381,0.053714859437751006,0.12732331442217126,0.0845517554039465,-0.04277155901822477
fedprox,202,bearing,pooled,cnn-ae,K001,fuzzy_warning_as_alarm_hi50,0.08508557457212713,0.05555555555555555,0.9555214723926381,0.053714859437751006,0.12732331442217126,0.0845517554039465,-0.04277155901822477
fedprox,202,bearing,pooled,cnn-ae,K001,fuzzy_fault_only_hi75,0.04593110334498253,0.027777777777777776,0.976482617586912,0.053714859437751006,0.12732331442217126,0.0845517554039465,-0.04277155901822477
fedprox,202,bearing,client_specific,cnn-ae,K002,hard_val_p95,0.22885572139303484,0.05555555555555555,0.8706543967280164,0.10843373493975904,0.1195216925091758,0.2919509781235345,0.1724292856143587
fedprox,202,bearing,client_specific,cnn-ae,K002,fuzzy_warning_as_alarm_hi50,0.22885572139303484,0.05555555555555555,0.8706543967280164,0.10843373493975904,0.1195216925091758,0.2919509781235345,0.1724292856143587
fedprox,202,bearing,client_specific,cnn-ae,K002,fuzzy_fault_only_hi75,0.15630885122410546,0.05555555555555555,0.9151329243353783,0.10843373493975904,0.1195216925091758,0.2919509781235345,0.1724292856143587
fedprox,202,bearing,pooled,cnn-ae,K002,hard_val_p95,0.08508557457212713,0.05555555555555555,0.9555214723926381,0.05321285140562249,0.050432991108185915,0.0845517554039465,0.03411876429576058
fedprox,202,bearing,pooled,cnn-ae,K002,fuzzy_warning_as_alarm_hi50,0.08508557457212713,0.05555555555555555,0.9555214723926381,0.05321285140562249,0.050432991108185915,0.0845517554039465,0.03411876429576058
fedprox,202,bearing,pooled,cnn-ae,K002,fuzzy_fault_only_hi75,0.04595404595404595,0.0,0.976482617586912,0.05321285140562249,0.050432991108185915,0.0845517554039465,0.03411876429576058
fedprox,202,bearing,client_specific,cnn-ae,K003,hard_val_p95,0.09157330735509012,0.08108108108108109,0.9519427402862985,0.04616156547917712,0.14159664349968298,0.07732455643853771,-0.06427208706114527
fedprox,202,bearing,client_specific,cnn-ae,K003,fuzzy_warning_as_alarm_hi50,0.09157330735509012,0.08108108108108109,0.9519427402862985,0.04616156547917712,0.14159664349968298,0.07732455643853771,-0.06427208706114527
fedprox,202,bearing,client_specific,cnn-ae,K003,fuzzy_fault_only_hi75,0.0536779324055666,0.05405405405405406,0.9723926380368099,0.04616156547917712,0.14159664349968298,0.07732455643853771,-0.06427208706114527
fedprox,202,bearing,pooled,cnn-ae,K003,hard_val_p95,0.08504398826979472,0.08108108108108109,0.9555214723926381,0.05368790767686904,0.1523689392405325,0.0845517554039465,-0.067817183836586
fedprox,202,bearing,pooled,cnn-ae,K003,fuzzy_warning_as_alarm_hi50,0.08504398826979472,0.08108108108108109,0.9555214723926381,0.05368790767686904,0.1523689392405325,0.0845517554039465,-0.067817183836586
fedprox,202,bearing,pooled,cnn-ae,K003,fuzzy_fault_only_hi75,0.04590818363273453,0.05405405405405406,0.976482617586912,0.05368790767686904,0.1523689392405325,0.0845517554039465,-0.067817183836586
fedprox,202,bearing,client_specific,cnn-ae,K004,hard_val_p95,0.07567567567567568,0.05555555555555555,0.9606339468302658,0.06124497991967871,0.10012426762202495,0.07650722770800461,-0.023617039914020338
fedprox,202,bearing,client_specific,cnn-ae,K004,fuzzy_warning_as_alarm_hi50,0.07567567567567568,0.05555555555555555,0.9606339468302658,0.06124497991967871,0.10012426762202495,0.07650722770800461,-0.023617039914020338
fedprox,202,bearing,client_specific,cnn-ae,K004,fuzzy_fault_only_hi75,0.047880299251870324,0.027777777777777776,0.9754601226993865,0.06124497991967871,0.10012426762202495,0.07650722770800461,-0.023617039914020338
fedprox,202,bearing,pooled,cnn-ae,K004,hard_val_p95,0.08508557457212713,0.05555555555555555,0.9555214723926381,0.053714859437751006,0.11516207160720213,0.0845517554039465,-0.030610316203255633
fedprox,202,bearing,pooled,cnn-ae,K004,fuzzy_warning_as_alarm_hi50,0.08508557457212713,0.05555555555555555,0.9555214723926381,0.053714859437751006,0.11516207160720213,0.0845517554039465,-0.030610316203255633
fedprox,202,bearing,pooled,cnn-ae,K004,fuzzy_fault_only_hi75,0.04593110334498253,0.027777777777777776,0.976482617586912,0.053714859437751006,0.11516207160720213,0.0845517554039465,-0.030610316203255633
fedprox,202,bearing,client_specific,cnn-ae,K005,hard_val_p95,0.3500210349179638,0.1388888888888889,0.787321063394683,0.07680722891566265,0.17403326009753964,0.26556883160737926,0.09153557150983962
fedprox,202,bearing,client_specific,cnn-ae,K005,fuzzy_warning_as_alarm_hi50,0.3500210349179638,0.1388888888888889,0.787321063394683,0.07680722891566265,0.17403326009753964,0.26556883160737926,0.09153557150983962
fedprox,202,bearing,client_specific,cnn-ae,K005,fuzzy_fault_only_hi75,0.28433945756780404,0.1388888888888889,0.8338445807770961,0.07680722891566265,0.17403326009753964,0.26556883160737926,0.09153557150983962
fedprox,202,bearing,pooled,cnn-ae,K005,hard_val_p95,0.08516886930983847,0.0,0.9555214723926381,0.05220883534136546,0.03828180424548357,0.0845517554039465,0.04626995115846293
fedprox,202,bearing,pooled,cnn-ae,K005,fuzzy_warning_as_alarm_hi50,0.08516886930983847,0.0,0.9555214723926381,0.05220883534136546,0.03828180424548357,0.0845517554039465,0.04626995115846293
fedprox,202,bearing,pooled,cnn-ae,K005,fuzzy_fault_only_hi75,0.04595404595404595,0.0,0.976482617586912,0.05220883534136546,0.03828180424548357,0.0845517554039465,0.04626995115846293
fedprox,202,bearing,client_specific,cnn-ae,K006,hard_val_p95,0.07472959685349066,0.05555555555555555,0.9611451942740287,0.028112449799196786,0.1243588479602694,0.07166684356157851,-0.052692004398690886
fedprox,202,bearing,client_specific,cnn-ae,K006,fuzzy_warning_as_alarm_hi50,0.07472959685349066,0.05555555555555555,0.9611451942740287,0.028112449799196786,0.1243588479602694,0.07166684356157851,-0.052692004398690886
fedprox,202,bearing,client_specific,cnn-ae,K006,fuzzy_fault_only_hi75,0.05467196819085487,0.027777777777777776,0.971881390593047,0.028112449799196786,0.1243588479602694,0.07166684356157851,-0.052692004398690886
fedprox,202,bearing,pooled,cnn-ae,K006,hard_val_p95,0.08504398826979472,0.08333333333333333,0.9555214723926381,0.05321285140562249,0.1442242148922288,0.0845517554039465,-0.059672459488282314
fedprox,202,bearing,pooled,cnn-ae,K006,fuzzy_warning_as_alarm_hi50,0.08504398826979472,0.08333333333333333,0.9555214723926381,0.05321285140562249,0.1442242148922288,0.0845517554039465,-0.059672459488282314
fedprox,202,bearing,pooled,cnn-ae,K006,fuzzy_fault_only_hi75,0.04593110334498253,0.027777777777777776,0.976482617586912,0.05321285140562249,0.1442242148922288,0.0845517554039465,-0.059672459488282314
fedprox-personalized,202,bearing,client_specific,cnn-ae,K001,hard_val_p95,0.48414539829853054,0.1111111111111111,0.679959100204499,0.055220883534136546,0.15270534507508024,0.3474216602332326,0.19471631515815238
fedprox-personalized,202,bearing,client_specific,cnn-ae,K001,fuzzy_warning_as_alarm_hi50,0.48414539829853054,0.1111111111111111,0.679959100204499,0.055220883534136546,0.15270534507508024,0.3474216602332326,0.19471631515815238
fedprox-personalized,202,bearing,client_specific,cnn-ae,K001,fuzzy_fault_only_hi75,0.46755277560594216,0.1111111111111111,0.6942740286298569,0.055220883534136546,0.15270534507508024,0.3474216602332326,0.19471631515815238
fedprox-personalized,202,bearing,client_specific,cnn-ae,K002,hard_val_p95,0.33233915636983385,0.027777777777777776,0.8006134969325154,0.11395582329317269,0.11145444611830022,0.35160995841721576,0.24015551229891555
fedprox-personalized,202,bearing,client_specific,cnn-ae,K002,fuzzy_warning_as_alarm_hi50,0.33233915636983385,0.027777777777777776,0.8006134969325154,0.11395582329317269,0.11145444611830022,0.35160995841721576,0.24015551229891555
fedprox-personalized,202,bearing,client_specific,cnn-ae,K002,fuzzy_fault_only_hi75,0.2757709251101322,0.027777777777777776,0.8399795501022495,0.11395582329317269,0.11145444611830022,0.35160995841721576,0.24015551229891555
fedprox-personalized,202,bearing,client_specific,cnn-ae,K003,hard_val_p95,0.23386004514672687,0.0,0.8675869120654397,0.044656297039638734,0.07394856189795586,0.16812707662313092,0.09417851472517506
fedprox-personalized,202,bearing,client_specific,cnn-ae,K003,fuzzy_warning_as_alarm_hi50,0.23386004514672687,0.0,0.8675869120654397,0.044656297039638734,0.07394856189795586,0.16812707662313092,0.09417851472517506
fedprox-personalized,202,bearing,client_specific,cnn-ae,K003,fuzzy_fault_only_hi75,0.19806540764624597,0.0,0.8900817995910021,0.044656297039638734,0.07394856189795586,0.16812707662313092,0.09417851472517506
fedprox-personalized,202,bearing,client_specific,cnn-ae,K004,hard_val_p95,0.3010845986984816,0.05555555555555555,0.8225971370143149,0.05923694779116466,0.10520981252328769,0.21477762916493776,0.10956781664165006
fedprox-personalized,202,bearing,client_specific,cnn-ae,K004,fuzzy_warning_as_alarm_hi50,0.3010845986984816,0.05555555555555555,0.8225971370143149,0.05923694779116466,0.10520981252328769,0.21477762916493776,0.10956781664165006
fedprox-personalized,202,bearing,client_specific,cnn-ae,K004,fuzzy_fault_only_hi75,0.2689075630252101,0.027777777777777776,0.8445807770961146,0.05923694779116466,0.10520981252328769,0.21477762916493776,0.10956781664165006
fedprox-personalized,202,bearing,client_specific,cnn-ae,K005,hard_val_p95,0.3028991778450887,0.1388888888888889,0.8210633946830266,0.18072289156626506,0.11457098575006225,0.2287303291615113,0.11415934341144904
fedprox-personalized,202,bearing,client_specific,cnn-ae,K005,fuzzy_warning_as_alarm_hi50,0.3028991778450887,0.1388888888888889,0.8210633946830266,0.18072289156626506,0.11457098575006225,0.2287303291615113,0.11415934341144904
fedprox-personalized,202,bearing,client_specific,cnn-ae,K005,fuzzy_fault_only_hi75,0.15551366635249764,0.027777777777777776,0.9156441717791411,0.18072289156626506,0.11457098575006225,0.2287303291615113,0.11415934341144904
fedprox-personalized,202,bearing,client_specific,cnn-ae,K006,hard_val_p95,0.35561160151324084,0.0,0.7837423312883436,0.10592369477911646,0.07553374272453897,0.2637361850611118,0.18820244233657282
fedprox-personalized,202,bearing,client_specific,cnn-ae,K006,fuzzy_warning_as_alarm_hi50,0.35561160151324084,0.0,0.7837423312883436,0.10592369477911646,0.07553374272453897,0.2637361850611118,0.18820244233657282
fedprox-personalized,202,bearing,client_specific,cnn-ae,K006,fuzzy_fault_only_hi75,0.3057600692940667,0.0,0.8195296523517382,0.10592369477911646,0.07553374272453897,0.2637361850611118,0.18820244233657282
local-only,777,bearing,client_specific,cnn-ae,K001,hard_val_p95,0.024230186774356385,0.027777777777777776,0.9877300613496932,0.02108433734939759,0.10669700312765441,0.04790666032780455,-0.05879034279984986
local-only,777,bearing,client_specific,cnn-ae,K001,fuzzy_warning_as_alarm_hi50,0.024230186774356385,0.027777777777777776,0.9877300613496932,0.02108433734939759,0.10669700312765441,0.04790666032780455,-0.05879034279984986
local-only,777,bearing,client_specific,cnn-ae,K001,fuzzy_fault_only_hi75,0.008142493638676845,0.027777777777777776,0.9959100204498977,0.02108433734939759,0.10669700312765441,0.04790666032780455,-0.05879034279984986
local-only,777,bearing,client_specific,cnn-ae,K002,hard_val_p95,0.015205271160669031,0.05555555555555555,0.9923312883435583,0.03112449799196787,0.07632494924410564,0.19232693719282104,0.1160019879487154
local-only,777,bearing,client_specific,cnn-ae,K002,fuzzy_warning_as_alarm_hi50,0.015205271160669031,0.05555555555555555,0.9923312883435583,0.03112449799196787,0.07632494924410564,0.19232693719282104,0.1160019879487154
local-only,777,bearing,client_specific,cnn-ae,K002,fuzzy_fault_only_hi75,0.007128309572301426,0.027777777777777776,0.9964212678936605,0.03112449799196787,0.07632494924410564,0.19232693719282104,0.1160019879487154
local-only,777,bearing,client_specific,cnn-ae,K003,hard_val_p95,0.027204030226700253,0.05405405405405406,0.9861963190184049,0.007024586051179127,0.09791218411505932,0.05038481625701876,-0.04752736785804056
local-only,777,bearing,client_specific,cnn-ae,K003,fuzzy_warning_as_alarm_hi50,0.027204030226700253,0.05405405405405406,0.9861963190184049,0.007024586051179127,0.09791218411505932,0.05038481625701876,-0.04752736785804056
local-only,777,bearing,client_specific,cnn-ae,K003,fuzzy_fault_only_hi75,0.020222446916076844,0.05405405405405406,0.9897750511247444,0.007024586051179127,0.09791218411505932,0.05038481625701876,-0.04752736785804056
local-only,777,bearing,client_specific,cnn-ae,K004,hard_val_p95,0.20541036221916553,0.027777777777777776,0.885480572597137,0.11244979919678715,0.08067115302864616,0.16154037640662017,0.080869223377974
local-only,777,bearing,client_specific,cnn-ae,K004,fuzzy_warning_as_alarm_hi50,0.20541036221916553,0.027777777777777776,0.885480572597137,0.11244979919678715,0.08067115302864616,0.16154037640662017,0.080869223377974
local-only,777,bearing,client_specific,cnn-ae,K004,fuzzy_fault_only_hi75,0.09635036496350365,0.0,0.9493865030674846,0.11244979919678715,0.08067115302864616,0.16154037640662017,0.080869223377974
local-only,777,bearing,client_specific,cnn-ae,K005,hard_val_p95,0.12278177458033573,0.027777777777777776,0.934560327198364,0.1214859437751004,0.1356311504286546,0.21218517478905696,0.07655402436040237
local-only,777,bearing,client_specific,cnn-ae,K005,fuzzy_warning_as_alarm_hi50,0.12278177458033573,0.027777777777777776,0.934560327198364,0.1214859437751004,0.1356311504286546,0.21218517478905696,0.07655402436040237
local-only,777,bearing,client_specific,cnn-ae,K005,fuzzy_fault_only_hi75,0.11645813282001925,0.027777777777777776,0.9381390593047034,0.1214859437751004,0.1356311504286546,0.21218517478905696,0.07655402436040237
local-only,777,bearing,client_specific,cnn-ae,K006,hard_val_p95,0.08317025440313111,0.08333333333333333,0.9565439672801636,0.035140562248995984,0.11560477480052829,0.07714034366047261,-0.03846443114005568
local-only,777,bearing,client_specific,cnn-ae,K006,fuzzy_warning_as_alarm_hi50,0.08317025440313111,0.08333333333333333,0.9565439672801636,0.035140562248995984,0.11560477480052829,0.07714034366047261,-0.03846443114005568
local-only,777,bearing,client_specific,cnn-ae,K006,fuzzy_fault_only_hi75,0.05850272682201289,0.05555555555555555,0.9698364008179959,0.035140562248995984,0.11560477480052829,0.07714034366047261,-0.03846443114005568
centralized,777,bearing,client_specific,cnn-ae,K001,hard_val_p95,0.22131519274376418,0.1388888888888889,0.8752556237218814,0.04618473895582329,0.1552941680545754,0.14820138159692395,-0.007092786457651462
centralized,777,bearing,client_specific,cnn-ae,K001,fuzzy_warning_as_alarm_hi50,0.22131519274376418,0.1388888888888889,0.8752556237218814,0.04618473895582329,0.1552941680545754,0.14820138159692395,-0.007092786457651462
centralized,777,bearing,client_specific,cnn-ae,K001,fuzzy_fault_only_hi75,0.1968721251149954,0.1111111111111111,0.8905930470347648,0.04618473895582329,0.1552941680545754,0.14820138159692395,-0.007092786457651462
centralized,777,bearing,pooled,cnn-ae,K001,hard_val_p95,0.11555127587867116,0.027777777777777776,0.9386503067484663,0.05572289156626506,0.09241575693206147,0.09365809272343623,0.0012423357913747546
centralized,777,bearing,pooled,cnn-ae,K001,fuzzy_warning_as_alarm_hi50,0.11555127587867116,0.027777777777777776,0.9386503067484663,0.05572289156626506,0.09241575693206147,0.09365809272343623,0.0012423357913747546
centralized,777,bearing,pooled,cnn-ae,K001,fuzzy_fault_only_hi75,0.07287050713934022,0.027777777777777776,0.9621676891615542,0.05572289156626506,0.09241575693206147,0.09365809272343623,0.0012423357913747546
centralized,777,bearing,client_specific,cnn-ae,K002,hard_val_p95,0.10729821169647173,0.05555555555555555,0.9432515337423313,0.04216867469879518,0.10555487524034211,0.13020251413582387,0.024647638895481758
centralized,777,bearing,client_specific,cnn-ae,K002,fuzzy_warning_as_alarm_hi50,0.10729821169647173,0.05555555555555555,0.9432515337423313,0.04216867469879518,0.10555487524034211,0.13020251413582387,0.024647638895481758
centralized,777,bearing,client_specific,cnn-ae,K002,fuzzy_fault_only_hi75,0.07476635514018691,0.027777777777777776,0.9611451942740287,0.04216867469879518,0.10555487524034211,0.13020251413582387,0.024647638895481758
centralized,777,bearing,pooled,cnn-ae,K002,hard_val_p95,0.11538461538461539,0.1111111111111111,0.9386503067484663,0.0572289156626506,0.1023799898337952,0.09365809272343623,-0.008721897110358978
centralized,777,bearing,pooled,cnn-ae,K002,fuzzy_warning_as_alarm_hi50,0.11538461538461539,0.1111111111111111,0.9386503067484663,0.0572289156626506,0.1023799898337952,0.09365809272343623,-0.008721897110358978
centralized,777,bearing,pooled,cnn-ae,K002,fuzzy_fault_only_hi75,0.07287050713934022,0.027777777777777776,0.9621676891615542,0.0572289156626506,0.1023799898337952,0.09365809272343623,-0.008721897110358978
centralized,777,bearing,client_specific,cnn-ae,K003,hard_val_p95,0.09077598828696926,0.0,0.9524539877300614,0.04565980933266432,0.03728794241342565,0.06677690054094,0.02948895812751435
centralized,777,bearing,client_specific,cnn-ae,K003,fuzzy_warning_as_alarm_hi50,0.09077598828696926,0.0,0.9524539877300614,0.04565980933266432,0.03728794241342565,0.06677690054094,0.02948895812751435
centralized,777,bearing,client_specific,cnn-ae,K003,fuzzy_fault_only_hi75,0.05179282868525897,0.0,0.9734151329243353,0.04565980933266432,0.03728794241342565,0.06677690054094,0.02948895812751435
centralized,777,bearing,pooled,cnn-ae,K003,hard_val_p95,0.11555127587867116,0.02702702702702703,0.9386503067484663,0.05569493226292022,0.07749721338415451,0.09365809272343623,0.016160879339281717
centralized,777,bearing,pooled,cnn-ae,K003,fuzzy_warning_as_alarm_hi50,0.11555127587867116,0.02702702702702703,0.9386503067484663,0.05569493226292022,0.07749721338415451,0.09365809272343623,0.016160879339281717
centralized,777,bearing,pooled,cnn-ae,K003,fuzzy_fault_only_hi75,0.0729064039408867,0.0,0.9621676891615542,0.05569493226292022,0.07749721338415451,0.09365809272343623,0.016160879339281717
centralized,777,bearing,client_specific,cnn-ae,K004,hard_val_p95,0.11826923076923077,0.027777777777777776,0.9371165644171779,0.05973895582329317,0.055545732434921544,0.09335061170321048,0.03780487926828893
centralized,777,bearing,client_specific,cnn-ae,K004,fuzzy_warning_as_alarm_hi50,0.11826923076923077,0.027777777777777776,0.9371165644171779,0.05973895582329317,0.055545732434921544,0.09335061170321048,0.03780487926828893
centralized,777,bearing,client_specific,cnn-ae,K004,fuzzy_fault_only_hi75,0.06045589692765114,0.027777777777777776,0.9688139059304703,0.05973895582329317,0.055545732434921544,0.09335061170321048,0.03780487926828893
centralized,777,bearing,pooled,cnn-ae,K004,hard_val_p95,0.11555127587867116,0.027777777777777776,0.9386503067484663,0.055220883534136546,0.05727083418078898,0.09365809272343623,0.036387258542647245
centralized,777,bearing,pooled,cnn-ae,K004,fuzzy_warning_as_alarm_hi50,0.11555127587867116,0.027777777777777776,0.9386503067484663,0.055220883534136546,0.05727083418078898,0.09365809272343623,0.036387258542647245
centralized,777,bearing,pooled,cnn-ae,K004,fuzzy_fault_only_hi75,0.07287050713934022,0.027777777777777776,0.9621676891615542,0.055220883534136546,0.05727083418078898,0.09365809272343623,0.036387258542647245
centralized,777,bearing,client_specific,cnn-ae,K005,hard_val_p95,0.0784313725490196,0.1111111111111111,0.9591002044989775,0.046686746987951805,0.15888331908814285,0.09851258338784802,-0.06037073570029483
centralized,777,bearing,client_specific,cnn-ae,K005,fuzzy_warning_as_alarm_hi50,0.0784313725490196,0.1111111111111111,0.9591002044989775,0.046686746987951805,0.15888331908814285,0.09851258338784802,-0.06037073570029483
centralized,777,bearing,client_specific,cnn-ae,K005,fuzzy_fault_only_hi75,0.06518518518518518,0.08333333333333333,0.9662576687116564,0.046686746987951805,0.15888331908814285,0.09851258338784802,-0.06037073570029483
centralized,777,bearing,pooled,cnn-ae,K005,hard_val_p95,0.11532916866890917,0.1388888888888889,0.9386503067484663,0.05622489959839357,0.1621006588351113,0.09365809272343623,-0.06844256611167507
centralized,777,bearing,pooled,cnn-ae,K005,fuzzy_warning_as_alarm_hi50,0.11532916866890917,0.1388888888888889,0.9386503067484663,0.05622489959839357,0.1621006588351113,0.09365809272343623,-0.06844256611167507
centralized,777,bearing,pooled,cnn-ae,K005,fuzzy_fault_only_hi75,0.07279881947860305,0.08333333333333333,0.9621676891615542,0.05622489959839357,0.1621006588351113,0.09365809272343623,-0.06844256611167507
centralized,777,bearing,client_specific,cnn-ae,K006,hard_val_p95,0.2554517133956386,0.1111111111111111,0.8532719836400818,0.07429718875502007,0.18813560077499225,0.17175339973643852,-0.01638220103855373
centralized,777,bearing,client_specific,cnn-ae,K006,fuzzy_warning_as_alarm_hi50,0.2554517133956386,0.1111111111111111,0.8532719836400818,0.07429718875502007,0.18813560077499225,0.17175339973643852,-0.01638220103855373
centralized,777,bearing,client_specific,cnn-ae,K006,fuzzy_fault_only_hi75,0.20439963336388633,0.08333333333333333,0.8859918200408998,0.07429718875502007,0.18813560077499225,0.17175339973643852,-0.01638220103855373
centralized,777,bearing,pooled,cnn-ae,K006,hard_val_p95,0.11560693641618497,0.0,0.9386503067484663,0.05572289156626506,0.07560701903255379,0.09365809272343623,0.018051073690882435
centralized,777,bearing,pooled,cnn-ae,K006,fuzzy_warning_as_alarm_hi50,0.11560693641618497,0.0,0.9386503067484663,0.05572289156626506,0.07560701903255379,0.09365809272343623,0.018051073690882435
centralized,777,bearing,pooled,cnn-ae,K006,fuzzy_fault_only_hi75,0.0729064039408867,0.0,0.9621676891615542,0.05572289156626506,0.07560701903255379,0.09365809272343623,0.018051073690882435
fedavg,777,bearing,client_specific,cnn-ae,K001,hard_val_p95,0.08410757946210269,0.08333333333333333,0.9560327198364008,0.03463855421686747,0.13971299604327864,0.10597215060260384,-0.033740845440674794
fedavg,777,bearing,client_specific,cnn-ae,K001,fuzzy_warning_as_alarm_hi50,0.08410757946210269,0.08333333333333333,0.9560327198364008,0.03463855421686747,0.13971299604327864,0.10597215060260384,-0.033740845440674794
fedavg,777,bearing,client_specific,cnn-ae,K001,fuzzy_fault_only_hi75,0.048829098156452415,0.05555555555555555,0.9749488752556237,0.03463855421686747,0.13971299604327864,0.10597215060260384,-0.033740845440674794
fedavg,777,bearing,pooled,cnn-ae,K001,hard_val_p95,0.04297851074462768,0.05555555555555555,0.9780163599182005,0.0426706827309237,0.10249818426614651,0.07020245371342015,-0.03229573055272636
fedavg,777,bearing,pooled,cnn-ae,K001,fuzzy_warning_as_alarm_hi50,0.04297851074462768,0.05555555555555555,0.9780163599182005,0.0426706827309237,0.10249818426614651,0.07020245371342015,-0.03229573055272636
fedavg,777,bearing,pooled,cnn-ae,K001,fuzzy_fault_only_hi75,0.015212981744421906,0.027777777777777776,0.9923312883435583,0.0426706827309237,0.10249818426614651,0.07020245371342015,-0.03229573055272636
fedavg,777,bearing,client_specific,cnn-ae,K002,hard_val_p95,0.08141245708680726,0.0,0.9575664621676891,0.06526104417670683,0.04617213034766663,0.08304518297477188,0.03687305262710525
fedavg,777,bearing,client_specific,cnn-ae,K002,fuzzy_warning_as_alarm_hi50,0.08141245708680726,0.0,0.9575664621676891,0.06526104417670683,0.04617213034766663,0.08304518297477188,0.03687305262710525
fedavg,777,bearing,client_specific,cnn-ae,K002,fuzzy_fault_only_hi75,0.028225806451612902,0.0,0.9856850715746421,0.06526104417670683,0.04617213034766663,0.08304518297477188,0.03687305262710525
fedavg,777,bearing,pooled,cnn-ae,K002,hard_val_p95,0.04302151075537769,0.0,0.9780163599182005,0.041666666666666664,0.04267064796763748,0.07020245371342015,0.02753180574578267
fedavg,777,bearing,pooled,cnn-ae,K002,fuzzy_warning_as_alarm_hi50,0.04302151075537769,0.0,0.9780163599182005,0.041666666666666664,0.04267064796763748,0.07020245371342015,0.02753180574578267
fedavg,777,bearing,pooled,cnn-ae,K002,fuzzy_fault_only_hi75,0.015220700152207,0.0,0.9923312883435583,0.041666666666666664,0.04267064796763748,0.07020245371342015,0.02753180574578267
fedavg,777,bearing,client_specific,cnn-ae,K003,hard_val_p95,0.1501416430594901,0.08108108108108109,0.9187116564417178,0.08028098344204716,0.12306750517406187,0.1312178677962575,0.008150362622195623
fedavg,777,bearing,client_specific,cnn-ae,K003,fuzzy_warning_as_alarm_hi50,0.1501416430594901,0.08108108108108109,0.9187116564417178,0.08028098344204716,0.12306750517406187,0.1312178677962575,0.008150362622195623
fedavg,777,bearing,client_specific,cnn-ae,K003,fuzzy_fault_only_hi75,0.08414872798434442,0.05405405405405406,0.9560327198364008,0.08028098344204716,0.12306750517406187,0.1312178677962575,0.008150362622195623
fedavg,777,bearing,pooled,cnn-ae,K003,hard_val_p95,0.04302151075537769,0.0,0.9780163599182005,0.04264927245358756,0.05488239867500735,0.07020245371342015,0.015320055038412807
fedavg,777,bearing,pooled,cnn-ae,K003,fuzzy_warning_as_alarm_hi50,0.04302151075537769,0.0,0.9780163599182005,0.04264927245358756,0.05488239867500735,0.07020245371342015,0.015320055038412807
fedavg,777,bearing,pooled,cnn-ae,K003,fuzzy_fault_only_hi75,0.015220700152207,0.0,0.9923312883435583,0.04264927245358756,0.05488239867500735,0.07020245371342015,0.015320055038412807
fedavg,777,bearing,client_specific,cnn-ae,K004,hard_val_p95,0.049850448654037885,0.0,0.9744376278118609,0.029116465863453816,0.04617493589684061,0.06685697298416841,0.020682037087327805
fedavg,777,bearing,client_specific,cnn-ae,K004,fuzzy_warning_as_alarm_hi50,0.049850448654037885,0.0,0.9744376278118609,0.029116465863453816,0.04617493589684061,0.06685697298416841,0.020682037087327805
fedavg,777,bearing,client_specific,cnn-ae,K004,fuzzy_fault_only_hi75,0.044977511244377814,0.0,0.9769938650306749,0.029116465863453816,0.04617493589684061,0.06685697298416841,0.020682037087327805
fedavg,777,bearing,pooled,cnn-ae,K004,hard_val_p95,0.04302151075537769,0.0,0.9780163599182005,0.041666666666666664,0.05809031485606334,0.07020245371342015,0.012112138857356812
fedavg,777,bearing,pooled,cnn-ae,K004,fuzzy_warning_as_alarm_hi50,0.04302151075537769,0.0,0.9780163599182005,0.041666666666666664,0.05809031485606334,0.07020245371342015,0.012112138857356812
fedavg,777,bearing,pooled,cnn-ae,K004,fuzzy_fault_only_hi75,0.015220700152207,0.0,0.9923312883435583,0.041666666666666664,0.05809031485606334,0.07020245371342015,0.012112138857356812
fedavg,777,bearing,client_specific,cnn-ae,K005,hard_val_p95,0.030211480362537766,0.0,0.9846625766871165,0.026606425702811246,0.06361158968112106,0.060336037854536916,-0.003275551826584143
fedavg,777,bearing,client_specific,cnn-ae,K005,fuzzy_warning_as_alarm_hi50,0.030211480362537766,0.0,0.9846625766871165,0.026606425702811246,0.06361158968112106,0.060336037854536916,-0.003275551826584143
fedavg,777,bearing,client_specific,cnn-ae,K005,fuzzy_fault_only_hi75,0.015220700152207,0.0,0.9923312883435583,0.026606425702811246,0.06361158968112106,0.060336037854536916,-0.003275551826584143
fedavg,777,bearing,pooled,cnn-ae,K005,hard_val_p95,0.04302151075537769,0.0,0.9780163599182005,0.04216867469879518,0.07442479638192225,0.07020245371342015,-0.004222342668502091
fedavg,777,bearing,pooled,cnn-ae,K005,fuzzy_warning_as_alarm_hi50,0.04302151075537769,0.0,0.9780163599182005,0.04216867469879518,0.07442479638192225,0.07020245371342015,-0.004222342668502091
fedavg,777,bearing,pooled,cnn-ae,K005,fuzzy_fault_only_hi75,0.015220700152207,0.0,0.9923312883435583,0.04216867469879518,0.07442479638192225,0.07020245371342015,-0.004222342668502091
fedavg,777,bearing,client_specific,cnn-ae,K006,hard_val_p95,0.04302151075537769,0.0,0.9780163599182005,0.030622489959839357,0.0682061412687036,0.04888634155645397,-0.019319799712249626
fedavg,777,bearing,client_specific,cnn-ae,K006,fuzzy_warning_as_alarm_hi50,0.04302151075537769,0.0,0.9780163599182005,0.030622489959839357,0.0682061412687036,0.04888634155645397,-0.019319799712249626
fedavg,777,bearing,client_specific,cnn-ae,K006,fuzzy_fault_only_hi75,0.0061162079510703364,0.0,0.9969325153374233,0.030622489959839357,0.0682061412687036,0.04888634155645397,-0.019319799712249626
fedavg,777,bearing,pooled,cnn-ae,K006,hard_val_p95,0.04302151075537769,0.0,0.9780163599182005,0.043674698795180725,0.09344730926751836,0.07020245371342015,-0.023244855554098207
fedavg,777,bearing,pooled,cnn-ae,K006,fuzzy_warning_as_alarm_hi50,0.04302151075537769,0.0,0.9780163599182005,0.043674698795180725,0.09344730926751836,0.07020245371342015,-0.023244855554098207
fedavg,777,bearing,pooled,cnn-ae,K006,fuzzy_fault_only_hi75,0.015220700152207,0.0,0.9923312883435583,0.043674698795180725,0.09344730926751836,0.07020245371342015,-0.023244855554098207
fedavg,777,bearing,client_specific,cnn-ae,K001,hard_val_p95,0.16056338028169015,0.08333333333333333,0.9125766871165644,0.06526104417670683,0.1729099250114496,0.14901331996437606,-0.023896605047073555
fedavg,777,bearing,client_specific,cnn-ae,K001,fuzzy_warning_as_alarm_hi50,0.16056338028169015,0.08333333333333333,0.9125766871165644,0.06526104417670683,0.1729099250114496,0.14901331996437606,-0.023896605047073555
fedavg,777,bearing,client_specific,cnn-ae,K001,fuzzy_fault_only_hi75,0.11089681774349083,0.08333333333333333,0.9412065439672802,0.06526104417670683,0.1729099250114496,0.14901331996437606,-0.023896605047073555
fedavg,777,bearing,pooled,cnn-ae,K001,hard_val_p95,0.08784773060029283,0.08333333333333333,0.9539877300613497,0.08032128514056225,0.10783174841291787,0.08690205855585485,-0.02092968985706302
fedavg,777,bearing,pooled,cnn-ae,K001,fuzzy_warning_as_alarm_hi50,0.08784773060029283,0.08333333333333333,0.9539877300613497,0.08032128514056225,0.10783174841291787,0.08690205855585485,-0.02092968985706302
fedavg,777,bearing,pooled,cnn-ae,K001,fuzzy_fault_only_hi75,0.014213197969543147,0.0,0.9928425357873211,0.08032128514056225,0.10783174841291787,0.08690205855585485,-0.02092968985706302
fedavg,777,bearing,client_specific,cnn-ae,K002,hard_val_p95,0.26495347806823216,0.05555555555555555,0.8471370143149284,0.05421686746987952,0.12904673879474432,0.1920195614827075,0.06297282268796317
fedavg,777,bearing,client_specific,cnn-ae,K002,fuzzy_warning_as_alarm_hi50,0.26495347806823216,0.05555555555555555,0.8471370143149284,0.05421686746987952,0.12904673879474432,0.1920195614827075,0.06297282268796317
fedavg,777,bearing,client_specific,cnn-ae,K002,fuzzy_fault_only_hi75,0.21594533029612756,0.05555555555555555,0.8788343558282209,0.05421686746987952,0.12904673879474432,0.1920195614827075,0.06297282268796317
fedavg,777,bearing,pooled,cnn-ae,K002,hard_val_p95,0.08797653958944282,0.0,0.9539877300613497,0.07931726907630522,0.059374391948629174,0.08690205855585485,0.02752766660722568
fedavg,777,bearing,pooled,cnn-ae,K002,fuzzy_warning_as_alarm_hi50,0.08797653958944282,0.0,0.9539877300613497,0.07931726907630522,0.059374391948629174,0.08690205855585485,0.02752766660722568
fedavg,777,bearing,pooled,cnn-ae,K002,fuzzy_fault_only_hi75,0.014213197969543147,0.0,0.9928425357873211,0.07931726907630522,0.059374391948629174,0.08690205855585485,0.02752766660722568
fedavg,777,bearing,client_specific,cnn-ae,K003,hard_val_p95,0.07090103397341212,0.08108108108108109,0.9631901840490797,0.08178625188158554,0.09795530484362247,0.09272591737946093,-0.0052293874641615445
fedavg,777,bearing,client_specific,cnn-ae,K003,fuzzy_warning_as_alarm_hi50,0.07090103397341212,0.08108108108108109,0.9631901840490797,0.08178625188158554,0.09795530484362247,0.09272591737946093,-0.0052293874641615445
fedavg,777,bearing,client_specific,cnn-ae,K003,fuzzy_fault_only_hi75,0.023220595658758204,0.05405405405405406,0.9882413087934561,0.08178625188158554,0.09795530484362247,0.09272591737946093,-0.0052293874641615445
fedavg,777,bearing,pooled,cnn-ae,K003,hard_val_p95,0.08784773060029283,0.08108108108108109,0.9539877300613497,0.07977922729553437,0.09245627646663057,0.08690205855585485,-0.005554217910775719
fedavg,777,bearing,pooled,cnn-ae,K003,fuzzy_warning_as_alarm_hi50,0.08784773060029283,0.08108108108108109,0.9539877300613497,0.07977922729553437,0.09245627646663057,0.08690205855585485,-0.005554217910775719
fedavg,777,bearing,pooled,cnn-ae,K003,fuzzy_fault_only_hi75,0.014198782961460446,0.05405405405405406,0.9928425357873211,0.07977922729553437,0.09245627646663057,0.08690205855585485,-0.005554217910775719
fedavg,777,bearing,client_specific,cnn-ae,K004,hard_val_p95,0.0729064039408867,0.0,0.9621676891615542,0.04467871485943775,0.027422227149279613,0.06803070433583039,0.04060847718655078
fedavg,777,bearing,client_specific,cnn-ae,K004,fuzzy_warning_as_alarm_hi50,0.0729064039408867,0.0,0.9621676891615542,0.04467871485943775,0.027422227149279613,0.06803070433583039,0.04060847718655078
fedavg,777,bearing,client_specific,cnn-ae,K004,fuzzy_fault_only_hi75,0.02723146747352496,0.0,0.9861963190184049,0.04467871485943775,0.027422227149279613,0.06803070433583039,0.04060847718655078
fedavg,777,bearing,pooled,cnn-ae,K004,hard_val_p95,0.08797653958944282,0.0,0.9539877300613497,0.07931726907630522,0.05352213977151364,0.08690205855585485,0.03337991878434121
fedavg,777,bearing,pooled,cnn-ae,K004,fuzzy_warning_as_alarm_hi50,0.08797653958944282,0.0,0.9539877300613497,0.07931726907630522,0.05352213977151364,0.08690205855585485,0.03337991878434121
fedavg,777,bearing,pooled,cnn-ae,K004,fuzzy_fault_only_hi75,0.014213197969543147,0.0,0.9928425357873211,0.07931726907630522,0.05352213977151364,0.08690205855585485,0.03337991878434121
fedavg,777,bearing,client_specific,cnn-ae,K005,hard_val_p95,0.10097087378640776,0.0,0.9468302658486708,0.04769076305220884,0.0194284973796156,0.0691798557632976,0.049751358383682005
fedavg,777,bearing,client_specific,cnn-ae,K005,fuzzy_warning_as_alarm_hi50,0.10097087378640776,0.0,0.9468302658486708,0.04769076305220884,0.0194284973796156,0.0691798557632976,0.049751358383682005
fedavg,777,bearing,client_specific,cnn-ae,K005,fuzzy_fault_only_hi75,0.03811434302908726,0.0,0.9805725971370143,0.04769076305220884,0.0194284973796156,0.0691798557632976,0.049751358383682005
fedavg,777,bearing,pooled,cnn-ae,K005,hard_val_p95,0.08797653958944282,0.0,0.9539877300613497,0.07931726907630522,0.04999391417877322,0.08690205855585485,0.036908144377081634
fedavg,777,bearing,pooled,cnn-ae,K005,fuzzy_warning_as_alarm_hi50,0.08797653958944282,0.0,0.9539877300613497,0.07931726907630522,0.04999391417877322,0.08690205855585485,0.036908144377081634
fedavg,777,bearing,pooled,cnn-ae,K005,fuzzy_fault_only_hi75,0.014213197969543147,0.0,0.9928425357873211,0.07931726907630522,0.04999391417877322,0.08690205855585485,0.036908144377081634
fedavg,777,bearing,client_specific,cnn-ae,K006,hard_val_p95,0.07669616519174041,0.0,0.9601226993865031,0.04819277108433735,0.06657883726746741,0.07307735340984356,0.006498516142376148
fedavg,777,bearing,client_specific,cnn-ae,K006,fuzzy_warning_as_alarm_hi50,0.07669616519174041,0.0,0.9601226993865031,0.04819277108433735,0.06657883726746741,0.07307735340984356,0.006498516142376148
fedavg,777,bearing,client_specific,cnn-ae,K006,fuzzy_fault_only_hi75,0.030211480362537766,0.0,0.9846625766871165,0.04819277108433735,0.06657883726746741,0.07307735340984356,0.006498516142376148
fedavg,777,bearing,pooled,cnn-ae,K006,hard_val_p95,0.08797653958944282,0.0,0.9539877300613497,0.08132530120481928,0.08801545645379252,0.08690205855585485,-0.0011133978979376707
fedavg,777,bearing,pooled,cnn-ae,K006,fuzzy_warning_as_alarm_hi50,0.08797653958944282,0.0,0.9539877300613497,0.08132530120481928,0.08801545645379252,0.08690205855585485,-0.0011133978979376707
fedavg,777,bearing,pooled,cnn-ae,K006,fuzzy_fault_only_hi75,0.014213197969543147,0.0,0.9928425357873211,0.08132530120481928,0.08801545645379252,0.08690205855585485,-0.0011133978979376707
fedavg,777,bearing,client_specific,cnn-ae,K001,hard_val_p95,0.07192118226600985,0.027777777777777776,0.962678936605317,0.030120481927710843,0.11887475062625821,0.11813966342855432,-0.0007350871977038903
fedavg,777,bearing,client_specific,cnn-ae,K001,fuzzy_warning_as_alarm_hi50,0.07192118226600985,0.027777777777777776,0.962678936605317,0.030120481927710843,0.11887475062625821,0.11813966342855432,-0.0007350871977038903
fedavg,777,bearing,client_specific,cnn-ae,K001,fuzzy_fault_only_hi75,0.04397801099450275,0.027777777777777776,0.9775051124744376,0.030120481927710843,0.11887475062625821,0.11813966342855432,-0.0007350871977038903
fedavg,777,bearing,pooled,cnn-ae,K001,hard_val_p95,0.07192118226600985,0.027777777777777776,0.962678936605317,0.048694779116465865,0.0816282304757974,0.08085409310842501,-0.0007741373673723906
fedavg,777,bearing,pooled,cnn-ae,K001,fuzzy_warning_as_alarm_hi50,0.07192118226600985,0.027777777777777776,0.962678936605317,0.048694779116465865,0.0816282304757974,0.08085409310842501,-0.0007741373673723906
fedavg,777,bearing,pooled,cnn-ae,K001,fuzzy_fault_only_hi75,0.03217697335344394,0.027777777777777776,0.983640081799591,0.048694779116465865,0.0816282304757974,0.08085409310842501,-0.0007741373673723906
fedavg,777,bearing,client_specific,cnn-ae,K002,hard_val_p95,0.16048803378695448,0.1111111111111111,0.9125766871165644,0.02610441767068273,0.1689316916348812,0.14010146477736904,-0.02883022685751216
fedavg,777,bearing,client_specific,cnn-ae,K002,fuzzy_warning_as_alarm_hi50,0.16048803378695448,0.1111111111111111,0.9125766871165644,0.02610441767068273,0.1689316916348812,0.14010146477736904,-0.02883022685751216
fedavg,777,bearing,client_specific,cnn-ae,K002,fuzzy_fault_only_hi75,0.1509433962264151,0.1111111111111111,0.918200408997955,0.02610441767068273,0.1689316916348812,0.14010146477736904,-0.02883022685751216
fedavg,777,bearing,pooled,cnn-ae,K002,hard_val_p95,0.07192118226600985,0.027777777777777776,0.962678936605317,0.04969879518072289,0.10571844712610573,0.08085409310842501,-0.024864354017680723
fedavg,777,bearing,pooled,cnn-ae,K002,fuzzy_warning_as_alarm_hi50,0.07192118226600985,0.027777777777777776,0.962678936605317,0.04969879518072289,0.10571844712610573,0.08085409310842501,-0.024864354017680723
fedavg,777,bearing,pooled,cnn-ae,K002,fuzzy_fault_only_hi75,0.03217697335344394,0.027777777777777776,0.983640081799591,0.04969879518072289,0.10571844712610573,0.08085409310842501,-0.024864354017680723
fedavg,777,bearing,client_specific,cnn-ae,K003,hard_val_p95,0.10092188258127123,0.02702702702702703,0.9468302658486708,0.05569493226292022,0.08438828551686384,0.09741831310939687,0.013030027592533036
fedavg,777,bearing,client_specific,cnn-ae,K003,fuzzy_warning_as_alarm_hi50,0.10092188258127123,0.02702702702702703,0.9468302658486708,0.05569493226292022,0.08438828551686384,0.09741831310939687,0.013030027592533036
fedavg,777,bearing,client_specific,cnn-ae,K003,fuzzy_fault_only_hi75,0.047880299251870324,0.02702702702702703,0.9754601226993865,0.05569493226292022,0.08438828551686384,0.09741831310939687,0.013030027592533036
fedavg,777,bearing,pooled,cnn-ae,K003,hard_val_p95,0.07192118226600985,0.02702702702702703,0.962678936605317,0.04917210235825389,0.07104795700048158,0.08085409310842501,0.009806136107943425
fedavg,777,bearing,pooled,cnn-ae,K003,fuzzy_warning_as_alarm_hi50,0.07192118226600985,0.02702702702702703,0.962678936605317,0.04917210235825389,0.07104795700048158,0.08085409310842501,0.009806136107943425
fedavg,777,bearing,pooled,cnn-ae,K003,fuzzy_fault_only_hi75,0.03219315895372234,0.0,0.983640081799591,0.04917210235825389,0.07104795700048158,0.08085409310842501,0.009806136107943425
fedavg,777,bearing,client_specific,cnn-ae,K004,hard_val_p95,0.055666003976143144,0.0,0.9713701431492843,0.05070281124497992,0.0580970256552099,0.06362343491422363,0.005526409259013737
fedavg,777,bearing,client_specific,cnn-ae,K004,fuzzy_warning_as_alarm_hi50,0.055666003976143144,0.0,0.9713701431492843,0.05070281124497992,0.0580970256552099,0.06362343491422363,0.005526409259013737
fedavg,777,bearing,client_specific,cnn-ae,K004,fuzzy_fault_only_hi75,0.02723146747352496,0.0,0.9861963190184049,0.05070281124497992,0.0580970256552099,0.06362343491422363,0.005526409259013737
fedavg,777,bearing,pooled,cnn-ae,K004,hard_val_p95,0.07195662888122227,0.0,0.962678936605317,0.048694779116465865,0.06965094541716114,0.08085409310842501,0.011203147691263862
fedavg,777,bearing,pooled,cnn-ae,K004,fuzzy_warning_as_alarm_hi50,0.07195662888122227,0.0,0.962678936605317,0.048694779116465865,0.06965094541716114,0.08085409310842501,0.011203147691263862
fedavg,777,bearing,pooled,cnn-ae,K004,fuzzy_fault_only_hi75,0.03219315895372234,0.0,0.983640081799591,0.048694779116465865,0.06965094541716114,0.08085409310842501,0.011203147691263862
fedavg,777,bearing,client_specific,cnn-ae,K005,hard_val_p95,0.04397801099450275,0.027777777777777776,0.9775051124744376,0.020080321285140562,0.05033707404356585,0.05795231288599782,0.007615238842431975
fedavg,777,bearing,client_specific,cnn-ae,K005,fuzzy_warning_as_alarm_hi50,0.04397801099450275,0.027777777777777776,0.9775051124744376,0.020080321285140562,0.05033707404356585,0.05795231288599782,0.007615238842431975
fedavg,777,bearing,client_specific,cnn-ae,K005,fuzzy_fault_only_hi75,0.03217697335344394,0.027777777777777776,0.983640081799591,0.020080321285140562,0.05033707404356585,0.05795231288599782,0.007615238842431975
fedavg,777,bearing,pooled,cnn-ae,K005,hard_val_p95,0.07192118226600985,0.027777777777777776,0.962678936605317,0.048694779116465865,0.06535673704797017,0.08085409310842501,0.01549735606045484
fedavg,777,bearing,pooled,cnn-ae,K005,fuzzy_warning_as_alarm_hi50,0.07192118226600985,0.027777777777777776,0.962678936605317,0.048694779116465865,0.06535673704797017,0.08085409310842501,0.01549735606045484
fedavg,777,bearing,pooled,cnn-ae,K005,fuzzy_fault_only_hi75,0.03217697335344394,0.027777777777777776,0.983640081799591,0.048694779116465865,0.06535673704797017,0.08085409310842501,0.01549735606045484
fedavg,777,bearing,client_specific,cnn-ae,K006,hard_val_p95,0.09533073929961089,0.05555555555555555,0.9498977505112475,0.05973895582329317,0.08698005998751716,0.08141925288437364,-0.0055608071031435224
fedavg,777,bearing,client_specific,cnn-ae,K006,fuzzy_warning_as_alarm_hi50,0.09533073929961089,0.05555555555555555,0.9498977505112475,0.05973895582329317,0.08698005998751716,0.08141925288437364,-0.0055608071031435224
fedavg,777,bearing,client_specific,cnn-ae,K006,fuzzy_fault_only_hi75,0.043,0.027777777777777776,0.9780163599182005,0.05973895582329317,0.08698005998751716,0.08141925288437364,-0.0055608071031435224
fedavg,777,bearing,pooled,cnn-ae,K006,hard_val_p95,0.07192118226600985,0.027777777777777776,0.962678936605317,0.04969879518072289,0.08032231612820993,0.08085409310842501,0.0005317769802150735
fedavg,777,bearing,pooled,cnn-ae,K006,fuzzy_warning_as_alarm_hi50,0.07192118226600985,0.027777777777777776,0.962678936605317,0.04969879518072289,0.08032231612820993,0.08085409310842501,0.0005317769802150735
fedavg,777,bearing,pooled,cnn-ae,K006,fuzzy_fault_only_hi75,0.03219315895372234,0.0,0.983640081799591,0.04969879518072289,0.08032231612820993,0.08085409310842501,0.0005317769802150735
fedavg,777,bearing,client_specific,cnn-ae,K001,hard_val_p95,0.14650283553875237,0.1388888888888889,0.9207566462167689,0.06576305220883534,0.14997104975370018,0.11745389447065684,-0.032517155283043345
fedavg,777,bearing,client_specific,cnn-ae,K001,fuzzy_warning_as_alarm_hi50,0.14650283553875237,0.1388888888888889,0.9207566462167689,0.06576305220883534,0.14997104975370018,0.11745389447065684,-0.032517155283043345
fedavg,777,bearing,client_specific,cnn-ae,K001,fuzzy_fault_only_hi75,0.09898107714701601,0.08333333333333333,0.9478527607361963,0.06576305220883534,0.14997104975370018,0.11745389447065684,-0.032517155283043345
fedavg,777,bearing,pooled,cnn-ae,K001,hard_val_p95,0.0756385068762279,0.08333333333333333,0.9606339468302658,0.033634538152610444,0.11573844284146978,0.08257392040259164,-0.033164522438878144
fedavg,777,bearing,pooled,cnn-ae,K001,fuzzy_warning_as_alarm_hi50,0.0756385068762279,0.08333333333333333,0.9606339468302658,0.033634538152610444,0.11573844284146978,0.08257392040259164,-0.033164522438878144
fedavg,777,bearing,pooled,cnn-ae,K001,fuzzy_fault_only_hi75,0.05365126676602087,0.08333333333333333,0.9723926380368099,0.033634538152610444,0.11573844284146978,0.08257392040259164,-0.033164522438878144
fedavg,777,bearing,client_specific,cnn-ae,K002,hard_val_p95,0.14414414414414414,0.027777777777777776,0.9222903885480572,0.08433734939759036,0.06669088969970789,0.13037148120745326,0.06368059150774537
fedavg,777,bearing,client_specific,cnn-ae,K002,fuzzy_warning_as_alarm_hi50,0.14414414414414414,0.027777777777777776,0.9222903885480572,0.08433734939759036,0.06669088969970789,0.13037148120745326,0.06368059150774537
fedavg,777,bearing,client_specific,cnn-ae,K002,fuzzy_fault_only_hi75,0.11645813282001925,0.027777777777777776,0.9381390593047034,0.08433734939759036,0.06669088969970789,0.13037148120745326,0.06368059150774537
fedavg,777,bearing,pooled,cnn-ae,K002,hard_val_p95,0.07575012297097884,0.0,0.9606339468302658,0.03413654618473896,0.038260253711956786,0.08257392040259164,0.04431366669063485
fedavg,777,bearing,pooled,cnn-ae,K002,fuzzy_warning_as_alarm_hi50,0.07575012297097884,0.0,0.9606339468302658,0.03413654618473896,0.038260253711956786,0.08257392040259164,0.04431366669063485
fedavg,777,bearing,pooled,cnn-ae,K002,fuzzy_fault_only_hi75,0.05373134328358209,0.0,0.9723926380368099,0.03413654618473896,0.038260253711956786,0.08257392040259164,0.04431366669063485
fedavg,777,bearing,client_specific,cnn-ae,K003,hard_val_p95,0.06422924901185771,0.08108108108108109,0.9667689161554193,0.031108881083793276,0.10535665113785204,0.08385208950224936,-0.021504561635602687
fedavg,777,bearing,client_specific,cnn-ae,K003,fuzzy_warning_as_alarm_hi50,0.06422924901185771,0.08108108108108109,0.9667689161554193,0.031108881083793276,0.10535665113785204,0.08385208950224936,-0.021504561635602687
fedavg,777,bearing,client_specific,cnn-ae,K003,fuzzy_fault_only_hi75,0.05561072492552135,0.05405405405405406,0.9713701431492843,0.031108881083793276,0.10535665113785204,0.08385208950224936,-0.021504561635602687
fedavg,777,bearing,pooled,cnn-ae,K003,hard_val_p95,0.0756385068762279,0.08108108108108109,0.9606339468302658,0.03411941796287005,0.10152968089990747,0.08257392040259164,-0.01895576049731583
fedavg,777,bearing,pooled,cnn-ae,K003,fuzzy_warning_as_alarm_hi50,0.0756385068762279,0.08108108108108109,0.9606339468302658,0.03411941796287005,0.10152968089990747,0.08257392040259164,-0.01895576049731583
fedavg,777,bearing,pooled,cnn-ae,K003,fuzzy_fault_only_hi75,0.0536779324055666,0.05405405405405406,0.9723926380368099,0.03411941796287005,0.10152968089990747,0.08257392040259164,-0.01895576049731583
fedavg,777,bearing,client_specific,cnn-ae,K004,hard_val_p95,0.08602150537634409,0.05555555555555555,0.9550102249488752,0.02208835341365462,0.1054972106885064,0.08416126741888838,-0.02133594326961802
fedavg,777,bearing,client_specific,cnn-ae,K004,fuzzy_warning_as_alarm_hi50,0.08602150537634409,0.05555555555555555,0.9550102249488752,0.02208835341365462,0.1054972106885064,0.08416126741888838,-0.02133594326961802
fedavg,777,bearing,client_specific,cnn-ae,K004,fuzzy_fault_only_hi75,0.0652496292634701,0.027777777777777776,0.9662576687116564,0.02208835341365462,0.1054972106885064,0.08416126741888838,-0.02133594326961802
fedavg,777,bearing,pooled,cnn-ae,K004,hard_val_p95,0.07571288102261553,0.027777777777777776,0.9606339468302658,0.03413654618473896,0.1037772533488876,0.08257392040259164,-0.021203332946295964
fedavg,777,bearing,pooled,cnn-ae,K004,fuzzy_warning_as_alarm_hi50,0.07571288102261553,0.027777777777777776,0.9606339468302658,0.03413654618473896,0.1037772533488876,0.08257392040259164,-0.021203332946295964
fedavg,777,bearing,pooled,cnn-ae,K004,fuzzy_fault_only_hi75,0.05370462456489309,0.027777777777777776,0.9723926380368099,0.03413654618473896,0.1037772533488876,0.08257392040259164,-0.021203332946295964
fedavg,777,bearing,client_specific,cnn-ae,K005,hard_val_p95,0.05563835072031793,0.027777777777777776,0.9713701431492843,0.03463855421686747,0.04178887614091675,0.056656885526270545,0.014868009385353792
fedavg,777,bearing,client_specific,cnn-ae,K005,fuzzy_warning_as_alarm_hi50,0.05563835072031793,0.027777777777777776,0.9713701431492843,0.03463855421686747,0.04178887614091675,0.056656885526270545,0.014868009385353792
fedavg,777,bearing,client_specific,cnn-ae,K005,fuzzy_fault_only_hi75,0.020242914979757085,0.0,0.9897750511247444,0.03463855421686747,0.04178887614091675,0.056656885526270545,0.014868009385353792
fedavg,777,bearing,pooled,cnn-ae,K005,hard_val_p95,0.07571288102261553,0.027777777777777776,0.9606339468302658,0.033634538152610444,0.06885300586471141,0.08257392040259164,0.013720914537880227
fedavg,777,bearing,pooled,cnn-ae,K005,fuzzy_warning_as_alarm_hi50,0.07571288102261553,0.027777777777777776,0.9606339468302658,0.033634538152610444,0.06885300586471141,0.08257392040259164,0.013720914537880227
fedavg,777,bearing,pooled,cnn-ae,K005,fuzzy_fault_only_hi75,0.05370462456489309,0.027777777777777776,0.9723926380368099,0.033634538152610444,0.06885300586471141,0.08257392040259164,0.013720914537880227
fedavg,777,bearing,client_specific,cnn-ae,K006,hard_val_p95,0.08414872798434442,0.05555555555555555,0.9560327198364008,0.04618473895582329,0.1256825443050985,0.09408460973542655,-0.03159793456967196
fedavg,777,bearing,client_specific,cnn-ae,K006,fuzzy_warning_as_alarm_hi50,0.08414872798434442,0.05555555555555555,0.9560327198364008,0.04618473895582329,0.1256825443050985,0.09408460973542655,-0.03159793456967196
fedavg,777,bearing,client_specific,cnn-ae,K006,fuzzy_fault_only_hi75,0.05850272682201289,0.05555555555555555,0.9698364008179959,0.04618473895582329,0.1256825443050985,0.09408460973542655,-0.03159793456967196
fedavg,777,bearing,pooled,cnn-ae,K006,hard_val_p95,0.07567567567567568,0.05555555555555555,0.9606339468302658,0.035140562248995984,0.11309546011222898,0.08257392040259164,-0.03052153970963735
fedavg,777,bearing,pooled,cnn-ae,K006,fuzzy_warning_as_alarm_hi50,0.07567567567567568,0.05555555555555555,0.9606339468302658,0.035140562248995984,0.11309546011222898,0.08257392040259164,-0.03052153970963735
fedavg,777,bearing,pooled,cnn-ae,K006,fuzzy_fault_only_hi75,0.05370462456489309,0.027777777777777776,0.9723926380368099,0.035140562248995984,0.11309546011222898,0.08257392040259164,-0.03052153970963735
fedavg,777,bearing,client_specific,cnn-ae,K001,hard_val_p95,0.12182254196642686,0.05555555555555555,0.9350715746421268,0.09036144578313253,0.15491895497330269,0.13788779972105855,-0.017031155252244135
fedavg,777,bearing,client_specific,cnn-ae,K001,fuzzy_warning_as_alarm_hi50,0.12182254196642686,0.05555555555555555,0.9350715746421268,0.09036144578313253,0.15491895497330269,0.13788779972105855,-0.017031155252244135
fedavg,777,bearing,client_specific,cnn-ae,K001,fuzzy_fault_only_hi75,0.08321096426823299,0.05555555555555555,0.9565439672801636,0.09036144578313253,0.15491895497330269,0.13788779972105855,-0.017031155252244135
fedavg,777,bearing,pooled,cnn-ae,K001,hard_val_p95,0.07662082514734773,0.05555555555555555,0.9601226993865031,0.046686746987951805,0.11035304480268854,0.09249491199903873,-0.017858132803649812
fedavg,777,bearing,pooled,cnn-ae,K001,fuzzy_warning_as_alarm_hi50,0.07662082514734773,0.05555555555555555,0.9601226993865031,0.046686746987951805,0.11035304480268854,0.09249491199903873,-0.017858132803649812
fedavg,777,bearing,pooled,cnn-ae,K001,fuzzy_fault_only_hi75,0.04593110334498253,0.027777777777777776,0.976482617586912,0.046686746987951805,0.11035304480268854,0.09249491199903873,-0.017858132803649812
fedavg,777,bearing,client_specific,cnn-ae,K002,hard_val_p95,0.12995699952221693,0.027777777777777776,0.9304703476482618,0.08785140562248996,0.09670726348426041,0.11710511555945868,0.020397852075198272
fedavg,777,bearing,client_specific,cnn-ae,K002,fuzzy_warning_as_alarm_hi50,0.12995699952221693,0.027777777777777776,0.9304703476482618,0.08785140562248996,0.09670726348426041,0.11710511555945868,0.020397852075198272
fedavg,777,bearing,client_specific,cnn-ae,K002,fuzzy_fault_only_hi75,0.0671604938271605,0.027777777777777776,0.9652351738241309,0.08785140562248996,0.09670726348426041,0.11710511555945868,0.020397852075198272
fedavg,777,bearing,pooled,cnn-ae,K002,hard_val_p95,0.07665847665847667,0.027777777777777776,0.9601226993865031,0.04618473895582329,0.07170654082553835,0.09249491199903873,0.02078837117350038
fedavg,777,bearing,pooled,cnn-ae,K002,fuzzy_warning_as_alarm_hi50,0.07665847665847667,0.027777777777777776,0.9601226993865031,0.04618473895582329,0.07170654082553835,0.09249491199903873,0.02078837117350038
fedavg,777,bearing,pooled,cnn-ae,K002,fuzzy_fault_only_hi75,0.04595404595404595,0.0,0.976482617586912,0.04618473895582329,0.07170654082553835,0.09249491199903873,0.02078837117350038
fedavg,777,bearing,client_specific,cnn-ae,K003,hard_val_p95,0.22212148685403446,0.13513513513513514,0.8747443762781186,0.04014049172102358,0.1976166059813505,0.17803351398283185,-0.019583091998518654
fedavg,777,bearing,client_specific,cnn-ae,K003,fuzzy_warning_as_alarm_hi50,0.22212148685403446,0.13513513513513514,0.8747443762781186,0.04014049172102358,0.1976166059813505,0.17803351398283185,-0.019583091998518654
fedavg,777,bearing,client_specific,cnn-ae,K003,fuzzy_fault_only_hi75,0.1868640148011101,0.10810810810810811,0.8967280163599182,0.04014049172102358,0.1976166059813505,0.17803351398283185,-0.019583091998518654
fedavg,777,bearing,pooled,cnn-ae,K003,hard_val_p95,0.07669616519174041,0.0,0.9601226993865031,0.04666332162568992,0.07564242175056811,0.09249491199903873,0.016852490248470617
fedavg,777,bearing,pooled,cnn-ae,K003,fuzzy_warning_as_alarm_hi50,0.07669616519174041,0.0,0.9601226993865031,0.04666332162568992,0.07564242175056811,0.09249491199903873,0.016852490248470617
fedavg,777,bearing,pooled,cnn-ae,K003,fuzzy_fault_only_hi75,0.04595404595404595,0.0,0.976482617586912,0.04666332162568992,0.07564242175056811,0.09249491199903873,0.016852490248470617
fedavg,777,bearing,client_specific,cnn-ae,K004,hard_val_p95,0.08047105004906771,0.0,0.9580777096114519,0.04568273092369478,0.06042406665018443,0.08653184684114054,0.02610778019095611
fedavg,777,bearing,client_specific,cnn-ae,K004,fuzzy_warning_as_alarm_hi50,0.08047105004906771,0.0,0.9580777096114519,0.04568273092369478,0.06042406665018443,0.08653184684114054,0.02610778019095611
fedavg,777,bearing,client_specific,cnn-ae,K004,fuzzy_fault_only_hi75,0.06719367588932806,0.0,0.9652351738241309,0.04568273092369478,0.06042406665018443,0.08653184684114054,0.02610778019095611
fedavg,777,bearing,pooled,cnn-ae,K004,hard_val_p95,0.07669616519174041,0.0,0.9601226993865031,0.04568273092369478,0.0704937433686137,0.09249491199903873,0.02200116863042502
fedavg,777,bearing,pooled,cnn-ae,K004,fuzzy_warning_as_alarm_hi50,0.07669616519174041,0.0,0.9601226993865031,0.04568273092369478,0.0704937433686137,0.09249491199903873,0.02200116863042502
fedavg,777,bearing,pooled,cnn-ae,K004,fuzzy_fault_only_hi75,0.04595404595404595,0.0,0.976482617586912,0.04568273092369478,0.0704937433686137,0.09249491199903873,0.02200116863042502
fedavg,777,bearing,client_specific,cnn-ae,K005,hard_val_p95,0.026236125126135216,0.0,0.9867075664621677,0.018072289156626505,0.025577067262230965,0.0623578900261118,0.03678082276388084
fedavg,777,bearing,client_specific,cnn-ae,K005,fuzzy_warning_as_alarm_hi50,0.026236125126135216,0.0,0.9867075664621677,0.018072289156626505,0.025577067262230965,0.0623578900261118,0.03678082276388084
fedavg,777,bearing,client_specific,cnn-ae,K005,fuzzy_fault_only_hi75,0.011184544992374174,0.0,0.9943762781186094,0.018072289156626505,0.025577067262230965,0.0623578900261118,0.03678082276388084
fedavg,777,bearing,pooled,cnn-ae,K005,hard_val_p95,0.07669616519174041,0.0,0.9601226993865031,0.04568273092369478,0.032671564014673034,0.09249491199903873,0.05982334798436569
fedavg,777,bearing,pooled,cnn-ae,K005,fuzzy_warning_as_alarm_hi50,0.07669616519174041,0.0,0.9601226993865031,0.04568273092369478,0.032671564014673034,0.09249491199903873,0.05982334798436569
fedavg,777,bearing,pooled,cnn-ae,K005,fuzzy_fault_only_hi75,0.04595404595404595,0.0,0.976482617586912,0.04568273092369478,0.032671564014673034,0.09249491199903873,0.05982334798436569
fedavg,777,bearing,client_specific,cnn-ae,K006,hard_val_p95,0.0962566844919786,0.05555555555555555,0.9493865030674846,0.036646586345381524,0.08359065441678629,0.08768606974149606,0.004095415324709778
fedavg,777,bearing,client_specific,cnn-ae,K006,fuzzy_warning_as_alarm_hi50,0.0962566844919786,0.05555555555555555,0.9493865030674846,0.036646586345381524,0.08359065441678629,0.08768606974149606,0.004095415324709778
fedavg,777,bearing,client_specific,cnn-ae,K006,fuzzy_fault_only_hi75,0.058560794044665014,0.0,0.9698364008179959,0.036646586345381524,0.08359065441678629,0.08768606974149606,0.004095415324709778
fedavg,777,bearing,pooled,cnn-ae,K006,hard_val_p95,0.07665847665847667,0.027777777777777776,0.9601226993865031,0.04769076305220884,0.0874421109398315,0.09249491199903873,0.005052801059207232
fedavg,777,bearing,pooled,cnn-ae,K006,fuzzy_warning_as_alarm_hi50,0.07665847665847667,0.027777777777777776,0.9601226993865031,0.04769076305220884,0.0874421109398315,0.09249491199903873,0.005052801059207232
fedavg,777,bearing,pooled,cnn-ae,K006,fuzzy_fault_only_hi75,0.04595404595404595,0.0,0.976482617586912,0.04769076305220884,0.0874421109398315,0.09249491199903873,0.005052801059207232
fedavg,777,bearing,client_specific,cnn-ae,K001,hard_val_p95,0.12063188128291048,0.19444444444444445,0.9355828220858896,0.036646586345381524,0.18203621142712847,0.11085800293526592,-0.07117820849186256
fedavg,777,bearing,client_specific,cnn-ae,K001,fuzzy_warning_as_alarm_hi50,0.12063188128291048,0.19444444444444445,0.9355828220858896,0.036646586345381524,0.18203621142712847,0.11085800293526592,-0.07117820849186256
fedavg,777,bearing,client_specific,cnn-ae,K001,fuzzy_fault_only_hi75,0.07374631268436578,0.08333333333333333,0.9616564417177914,0.036646586345381524,0.18203621142712847,0.11085800293526592,-0.07117820849186256
fedavg,777,bearing,pooled,cnn-ae,K001,hard_val_p95,0.08035276825085742,0.08333333333333333,0.9580777096114519,0.03965863453815261,0.13065009928997842,0.08456877309676734,-0.04608132619321108
fedavg,777,bearing,pooled,cnn-ae,K001,fuzzy_warning_as_alarm_hi50,0.08035276825085742,0.08333333333333333,0.9580777096114519,0.03965863453815261,0.13065009928997842,0.08456877309676734,-0.04608132619321108
fedavg,777,bearing,pooled,cnn-ae,K001,fuzzy_fault_only_hi75,0.046906187624750496,0.027777777777777776,0.9759713701431493,0.03965863453815261,0.13065009928997842,0.08456877309676734,-0.04608132619321108
fedavg,777,bearing,client_specific,cnn-ae,K002,hard_val_p95,0.08047105004906771,0.0,0.9580777096114519,0.0426706827309237,0.04814410114450127,0.09993526696094222,0.05179116581644096
fedavg,777,bearing,client_specific,cnn-ae,K002,fuzzy_warning_as_alarm_hi50,0.08047105004906771,0.0,0.9580777096114519,0.0426706827309237,0.04814410114450127,0.09993526696094222,0.05179116581644096
fedavg,777,bearing,client_specific,cnn-ae,K002,fuzzy_fault_only_hi75,0.06336633663366337,0.0,0.967280163599182,0.0426706827309237,0.04814410114450127,0.09993526696094222,0.05179116581644096
fedavg,777,bearing,pooled,cnn-ae,K002,hard_val_p95,0.08047105004906771,0.0,0.9580777096114519,0.03765060240963856,0.03850420205380445,0.08456877309676734,0.046064571042962896
fedavg,777,bearing,pooled,cnn-ae,K002,fuzzy_warning_as_alarm_hi50,0.08047105004906771,0.0,0.9580777096114519,0.03765060240963856,0.03850420205380445,0.08456877309676734,0.046064571042962896
fedavg,777,bearing,pooled,cnn-ae,K002,fuzzy_fault_only_hi75,0.046929605591612585,0.0,0.9759713701431493,0.03765060240963856,0.03850420205380445,0.08456877309676734,0.046064571042962896
fedavg,777,bearing,client_specific,cnn-ae,K003,hard_val_p95,0.08043158410985778,0.02702702702702703,0.9580777096114519,0.04917210235825389,0.0686125795732257,0.08916940335397641,0.020556823780750716
fedavg,777,bearing,client_specific,cnn-ae,K003,fuzzy_warning_as_alarm_hi50,0.08043158410985778,0.02702702702702703,0.9580777096114519,0.04917210235825389,0.0686125795732257,0.08916940335397641,0.020556823780750716
fedavg,777,bearing,client_specific,cnn-ae,K003,fuzzy_fault_only_hi75,0.04887780548628429,0.0,0.9749488752556237,0.04917210235825389,0.0686125795732257,0.08916940335397641,0.020556823780750716
fedavg,777,bearing,pooled,cnn-ae,K003,hard_val_p95,0.08043158410985778,0.02702702702702703,0.9580777096114519,0.03763171098845961,0.06441040443232014,0.08456877309676734,0.0201583686644472
fedavg,777,bearing,pooled,cnn-ae,K003,fuzzy_warning_as_alarm_hi50,0.08043158410985778,0.02702702702702703,0.9580777096114519,0.03763171098845961,0.06441040443232014,0.08456877309676734,0.0201583686644472
fedavg,777,bearing,pooled,cnn-ae,K003,fuzzy_fault_only_hi75,0.046929605591612585,0.0,0.9759713701431493,0.03763171098845961,0.06441040443232014,0.08456877309676734,0.0201583686644472
fedavg,777,bearing,client_specific,cnn-ae,K004,hard_val_p95,0.08516886930983847,0.0,0.9555214723926381,0.02961847389558233,0.04538894760935998,0.07357670838496363,0.028187760775603657
fedavg,777,bearing,client_specific,cnn-ae,K004,fuzzy_warning_as_alarm_hi50,0.08516886930983847,0.0,0.9555214723926381,0.02961847389558233,0.04538894760935998,0.07357670838496363,0.028187760775603657
fedavg,777,bearing,client_specific,cnn-ae,K004,fuzzy_fault_only_hi75,0.06240713224368499,0.0,0.9677914110429447,0.02961847389558233,0.04538894760935998,0.07357670838496363,0.028187760775603657
fedavg,777,bearing,pooled,cnn-ae,K004,hard_val_p95,0.08047105004906771,0.0,0.9580777096114519,0.03714859437751004,0.06701567962696543,0.08456877309676734,0.01755309346980191
fedavg,777,bearing,pooled,cnn-ae,K004,fuzzy_warning_as_alarm_hi50,0.08047105004906771,0.0,0.9580777096114519,0.03714859437751004,0.06701567962696543,0.08456877309676734,0.01755309346980191
fedavg,777,bearing,pooled,cnn-ae,K004,fuzzy_fault_only_hi75,0.046929605591612585,0.0,0.9759713701431493,0.03714859437751004,0.06701567962696543,0.08456877309676734,0.01755309346980191
fedavg,777,bearing,client_specific,cnn-ae,K005,hard_val_p95,0.049850448654037885,0.0,0.9744376278118609,0.02459839357429719,0.02855867883684094,0.070854848751643,0.042296169914802055
fedavg,777,bearing,client_specific,cnn-ae,K005,fuzzy_warning_as_alarm_hi50,0.049850448654037885,0.0,0.9744376278118609,0.02459839357429719,0.02855867883684094,0.070854848751643,0.042296169914802055
fedavg,777,bearing,client_specific,cnn-ae,K005,fuzzy_fault_only_hi75,0.03515821195379206,0.0,0.9821063394683026,0.02459839357429719,0.02855867883684094,0.070854848751643,0.042296169914802055
fedavg,777,bearing,pooled,cnn-ae,K005,hard_val_p95,0.08047105004906771,0.0,0.9580777096114519,0.03714859437751004,0.03272781870592553,0.08456877309676734,0.05184095439084181
fedavg,777,bearing,pooled,cnn-ae,K005,fuzzy_warning_as_alarm_hi50,0.08047105004906771,0.0,0.9580777096114519,0.03714859437751004,0.03272781870592553,0.08456877309676734,0.05184095439084181
fedavg,777,bearing,pooled,cnn-ae,K005,fuzzy_fault_only_hi75,0.046929605591612585,0.0,0.9759713701431493,0.03714859437751004,0.03272781870592553,0.08456877309676734,0.05184095439084181
fedavg,777,bearing,client_specific,cnn-ae,K006,hard_val_p95,0.22694394213381555,0.1388888888888889,0.871676891615542,0.056726907630522086,0.19916788474732344,0.15174393069370423,-0.04742395405361921
fedavg,777,bearing,client_specific,cnn-ae,K006,fuzzy_warning_as_alarm_hi50,0.22694394213381555,0.1388888888888889,0.871676891615542,0.056726907630522086,0.19916788474732344,0.15174393069370423,-0.04742395405361921
fedavg,777,bearing,client_specific,cnn-ae,K006,fuzzy_fault_only_hi75,0.15522107243650046,0.1388888888888889,0.9156441717791411,0.056726907630522086,0.19916788474732344,0.15174393069370423,-0.04742395405361921
fedavg,777,bearing,pooled,cnn-ae,K006,hard_val_p95,0.0803921568627451,0.05555555555555555,0.9580777096114519,0.038654618473895584,0.11817410475056482,0.08456877309676734,-0.03360533165379748
fedavg,777,bearing,pooled,cnn-ae,K006,fuzzy_warning_as_alarm_hi50,0.0803921568627451,0.05555555555555555,0.9580777096114519,0.038654618473895584,0.11817410475056482,0.08456877309676734,-0.03360533165379748
fedavg,777,bearing,pooled,cnn-ae,K006,fuzzy_fault_only_hi75,0.04688279301745636,0.05555555555555555,0.9759713701431493,0.038654618473895584,0.11817410475056482,0.08456877309676734,-0.03360533165379748
fedavg,777,bearing,client_specific,cnn-ae,K001,hard_val_p95,0.046906187624750496,0.027777777777777776,0.9759713701431493,0.03413654618473896,0.10751277147077226,0.0718435513585857,-0.03566922011218657
fedavg,777,bearing,client_specific,cnn-ae,K001,fuzzy_warning_as_alarm_hi50,0.046906187624750496,0.027777777777777776,0.9759713701431493,0.03413654618473896,0.10751277147077226,0.0718435513585857,-0.03566922011218657
fedavg,777,bearing,client_specific,cnn-ae,K001,fuzzy_fault_only_hi75,0.030211480362537766,0.0,0.9846625766871165,0.03413654618473896,0.10751277147077226,0.0718435513585857,-0.03566922011218657
fedavg,777,bearing,pooled,cnn-ae,K001,hard_val_p95,0.05853174603174603,0.027777777777777776,0.9698364008179959,0.050200803212851405,0.11973344292058218,0.07829568605948817,-0.04143775686109401
fedavg,777,bearing,pooled,cnn-ae,K001,fuzzy_warning_as_alarm_hi50,0.05853174603174603,0.027777777777777776,0.9698364008179959,0.050200803212851405,0.11973344292058218,0.07829568605948817,-0.04143775686109401
fedavg,777,bearing,pooled,cnn-ae,K001,fuzzy_fault_only_hi75,0.023244062657908033,0.0,0.9882413087934561,0.050200803212851405,0.11973344292058218,0.07829568605948817,-0.04143775686109401
fedavg,777,bearing,client_specific,cnn-ae,K002,hard_val_p95,0.07760314341846758,0.027777777777777776,0.9596114519427403,0.07329317269076305,0.06101945295515229,0.14888758259843804,0.08786812964328575
fedavg,777,bearing,client_specific,cnn-ae,K002,fuzzy_warning_as_alarm_hi50,0.07760314341846758,0.027777777777777776,0.9596114519427403,0.07329317269076305,0.06101945295515229,0.14888758259843804,0.08786812964328575
fedavg,777,bearing,client_specific,cnn-ae,K002,fuzzy_fault_only_hi75,0.035140562248995984,0.027777777777777776,0.9821063394683026,0.07329317269076305,0.06101945295515229,0.14888758259843804,0.08786812964328575
fedavg,777,bearing,pooled,cnn-ae,K002,hard_val_p95,0.05853174603174603,0.027777777777777776,0.9698364008179959,0.04769076305220884,0.04115248510863478,0.07829568605948817,0.03714320095085339
fedavg,777,bearing,pooled,cnn-ae,K002,fuzzy_warning_as_alarm_hi50,0.05853174603174603,0.027777777777777776,0.9698364008179959,0.04769076305220884,0.04115248510863478,0.07829568605948817,0.03714320095085339
fedavg,777,bearing,pooled,cnn-ae,K002,fuzzy_fault_only_hi75,0.023232323232323233,0.027777777777777776,0.9882413087934561,0.04769076305220884,0.04115248510863478,0.07829568605948817,0.03714320095085339
fedavg,777,bearing,client_specific,cnn-ae,K003,hard_val_p95,0.11538461538461539,0.10810810810810811,0.9386503067484663,0.06874059207225289,0.13348847710509765,0.09941712209134543,-0.03407135501375222
fedavg,777,bearing,client_specific,cnn-ae,K003,fuzzy_warning_as_alarm_hi50,0.11538461538461539,0.10810810810810811,0.9386503067484663,0.06874059207225289,0.13348847710509765,0.09941712209134543,-0.03407135501375222
fedavg,777,bearing,client_specific,cnn-ae,K003,fuzzy_fault_only_hi75,0.05657568238213399,0.05405405405405406,0.9708588957055214,0.06874059207225289,0.13348847710509765,0.09941712209134543,-0.03407135501375222
fedavg,777,bearing,pooled,cnn-ae,K003,hard_val_p95,0.05850272682201289,0.05405405405405406,0.9698364008179959,0.04917210235825389,0.10695015696122234,0.07829568605948817,-0.028654470901734175
fedavg,777,bearing,pooled,cnn-ae,K003,fuzzy_warning_as_alarm_hi50,0.05850272682201289,0.05405405405405406,0.9698364008179959,0.04917210235825389,0.10695015696122234,0.07829568605948817,-0.028654470901734175
fedavg,777,bearing,pooled,cnn-ae,K003,fuzzy_fault_only_hi75,0.023232323232323233,0.02702702702702703,0.9882413087934561,0.04917210235825389,0.10695015696122234,0.07829568605948817,-0.028654470901734175
fedavg,777,bearing,client_specific,cnn-ae,K004,hard_val_p95,0.061446977205153616,0.0,0.9683026584867076,0.03263052208835342,0.049196905500538936,0.06043124189716042,0.011234336396621483
fedavg,777,bearing,client_specific,cnn-ae,K004,fuzzy_warning_as_alarm_hi50,0.061446977205153616,0.0,0.9683026584867076,0.03263052208835342,0.049196905500538936,0.06043124189716042,0.011234336396621483
fedavg,777,bearing,client_specific,cnn-ae,K004,fuzzy_fault_only_hi75,0.028225806451612902,0.0,0.9856850715746421,0.03263052208835342,0.049196905500538936,0.06043124189716042,0.011234336396621483
fedavg,777,bearing,pooled,cnn-ae,K004,hard_val_p95,0.058560794044665014,0.0,0.9698364008179959,0.04819277108433735,0.08064431013848858,0.07829568605948817,-0.002348624079000411
fedavg,777,bearing,pooled,cnn-ae,K004,fuzzy_warning_as_alarm_hi50,0.058560794044665014,0.0,0.9698364008179959,0.04819277108433735,0.08064431013848858,0.07829568605948817,-0.002348624079000411
fedavg,777,bearing,pooled,cnn-ae,K004,fuzzy_fault_only_hi75,0.023244062657908033,0.0,0.9882413087934561,0.04819277108433735,0.08064431013848858,0.07829568605948817,-0.002348624079000411
fedavg,777,bearing,client_specific,cnn-ae,K005,hard_val_p95,0.033182503770739065,0.0,0.9831288343558282,0.030120481927710843,0.06178422756664892,0.09525648677554543,0.033472259208896515
fedavg,777,bearing,client_specific,cnn-ae,K005,fuzzy_warning_as_alarm_hi50,0.033182503770739065,0.0,0.9831288343558282,0.030120481927710843,0.06178422756664892,0.09525648677554543,0.033472259208896515
fedavg,777,bearing,client_specific,cnn-ae,K005,fuzzy_fault_only_hi75,0.0182370820668693,0.0,0.99079754601227,0.030120481927710843,0.06178422756664892,0.09525648677554543,0.033472259208896515
fedavg,777,bearing,pooled,cnn-ae,K005,hard_val_p95,0.058560794044665014,0.0,0.9698364008179959,0.04769076305220884,0.04006472728060908,0.07829568605948817,0.03823095877887909
fedavg,777,bearing,pooled,cnn-ae,K005,fuzzy_warning_as_alarm_hi50,0.058560794044665014,0.0,0.9698364008179959,0.04769076305220884,0.04006472728060908,0.07829568605948817,0.03823095877887909
fedavg,777,bearing,pooled,cnn-ae,K005,fuzzy_fault_only_hi75,0.023244062657908033,0.0,0.9882413087934561,0.04769076305220884,0.04006472728060908,0.07829568605948817,0.03823095877887909
fedavg,777,bearing,client_specific,cnn-ae,K006,hard_val_p95,0.1359961959106039,0.1111111111111111,0.9268916155419223,0.07981927710843373,0.13209356880004672,0.10277238966146665,-0.029321179138580067
fedavg,777,bearing,client_specific,cnn-ae,K006,fuzzy_warning_as_alarm_hi50,0.1359961959106039,0.1111111111111111,0.9268916155419223,0.07981927710843373,0.13209356880004672,0.10277238966146665,-0.029321179138580067
fedavg,777,bearing,client_specific,cnn-ae,K006,fuzzy_fault_only_hi75,0.061386138613861385,0.05555555555555555,0.9683026584867076,0.07981927710843373,0.13209356880004672,0.10277238966146665,-0.029321179138580067
fedavg,777,bearing,pooled,cnn-ae,K006,hard_val_p95,0.05850272682201289,0.05555555555555555,0.9698364008179959,0.048694779116465865,0.0924003059766519,0.07829568605948817,-0.014104619917163733
fedavg,777,bearing,pooled,cnn-ae,K006,fuzzy_warning_as_alarm_hi50,0.05850272682201289,0.05555555555555555,0.9698364008179959,0.048694779116465865,0.0924003059766519,0.07829568605948817,-0.014104619917163733
fedavg,777,bearing,pooled,cnn-ae,K006,fuzzy_fault_only_hi75,0.023244062657908033,0.0,0.9882413087934561,0.048694779116465865,0.0924003059766519,0.07829568605948817,-0.014104619917163733
fedavg,777,bearing,client_specific,cnn-ae,K001,hard_val_p95,0.014205986808726534,0.027777777777777776,0.9928425357873211,0.015562248995983935,0.09802449132137159,0.04675366514612261,-0.05127082617524898
fedavg,777,bearing,client_specific,cnn-ae,K001,fuzzy_warning_as_alarm_hi50,0.014205986808726534,0.027777777777777776,0.9928425357873211,0.015562248995983935,0.09802449132137159,0.04675366514612261,-0.05127082617524898
fedavg,777,bearing,client_specific,cnn-ae,K001,fuzzy_fault_only_hi75,0.01017293997965412,0.0,0.9948875255623721,0.015562248995983935,0.09802449132137159,0.04675366514612261,-0.05127082617524898
fedavg,777,bearing,pooled,cnn-ae,K001,hard_val_p95,0.02620967741935484,0.05555555555555555,0.9867075664621677,0.02610441767068273,0.12382444620001253,0.05738504220773774,-0.06643940399227478
fedavg,777,bearing,pooled,cnn-ae,K001,fuzzy_warning_as_alarm_hi50,0.02620967741935484,0.05555555555555555,0.9867075664621677,0.02610441767068273,0.12382444620001253,0.05738504220773774,-0.06643940399227478
fedavg,777,bearing,pooled,cnn-ae,K001,fuzzy_fault_only_hi75,0.012195121951219513,0.0,0.9938650306748467,0.02610441767068273,0.12382444620001253,0.05738504220773774,-0.06643940399227478
fedavg,777,bearing,client_specific,cnn-ae,K002,hard_val_p95,0.06906758756783424,0.027777777777777776,0.9642126789366053,0.10391566265060241,0.07688888800373932,0.20508734510825455,0.12819845710451522
fedavg,777,bearing,client_specific,cnn-ae,K002,fuzzy_warning_as_alarm_hi50,0.06906758756783424,0.027777777777777776,0.9642126789366053,0.10391566265060241,0.07688888800373932,0.20508734510825455,0.12819845710451522
fedavg,777,bearing,client_specific,cnn-ae,K002,fuzzy_fault_only_hi75,0.04982561036372696,0.027777777777777776,0.9744376278118609,0.10391566265060241,0.07688888800373932,0.20508734510825455,0.12819845710451522
fedavg,777,bearing,pooled,cnn-ae,K002,hard_val_p95,0.026222894604135148,0.027777777777777776,0.9867075664621677,0.024096385542168676,0.03578751492269308,0.05738504220773774,0.02159752728504466
fedavg,777,bearing,pooled,cnn-ae,K002,fuzzy_warning_as_alarm_hi50,0.026222894604135148,0.027777777777777776,0.9867075664621677,0.024096385542168676,0.03578751492269308,0.05738504220773774,0.02159752728504466
fedavg,777,bearing,pooled,cnn-ae,K002,fuzzy_fault_only_hi75,0.01218892839004571,0.027777777777777776,0.9938650306748467,0.024096385542168676,0.03578751492269308,0.05738504220773774,0.02159752728504466
fedavg,777,bearing,client_specific,cnn-ae,K003,hard_val_p95,0.031155778894472363,0.08108108108108109,0.9841513292433538,0.021575514300050176,0.10601707412898417,0.056704026791023085,-0.04931304733796109
fedavg,777,bearing,client_specific,cnn-ae,K003,fuzzy_warning_as_alarm_hi50,0.031155778894472363,0.08108108108108109,0.9841513292433538,0.021575514300050176,0.10601707412898417,0.056704026791023085,-0.04931304733796109
fedavg,777,bearing,client_specific,cnn-ae,K003,fuzzy_fault_only_hi75,0.013191273465246067,0.05405405405405406,0.9933537832310838,0.021575514300050176,0.10601707412898417,0.056704026791023085,-0.04931304733796109
fedavg,777,bearing,pooled,cnn-ae,K003,hard_val_p95,0.02620967741935484,0.05405405405405406,0.9867075664621677,0.025589563472152535,0.10482948716172659,0.05738504220773774,-0.04744444495398885
fedavg,777,bearing,pooled,cnn-ae,K003,fuzzy_warning_as_alarm_hi50,0.02620967741935484,0.05405405405405406,0.9867075664621677,0.025589563472152535,0.10482948716172659,0.05738504220773774,-0.04744444495398885
fedavg,777,bearing,pooled,cnn-ae,K003,fuzzy_fault_only_hi75,0.012182741116751269,0.05405405405405406,0.9938650306748467,0.025589563472152535,0.10482948716172659,0.05738504220773774,-0.04744444495398885
fedavg,777,bearing,client_specific,cnn-ae,K004,hard_val_p95,0.03907815631262525,0.027777777777777776,0.9800613496932515,0.020582329317269075,0.049062815574021756,0.03628642367245281,-0.01277639190156895
fedavg,777,bearing,client_specific,cnn-ae,K004,fuzzy_warning_as_alarm_hi50,0.03907815631262525,0.027777777777777776,0.9800613496932515,0.020582329317269075,0.049062815574021756,0.03628642367245281,-0.01277639190156895
fedavg,777,bearing,client_specific,cnn-ae,K004,fuzzy_fault_only_hi75,0.014205986808726534,0.027777777777777776,0.9928425357873211,0.020582329317269075,0.049062815574021756,0.03628642367245281,-0.01277639190156895
fedavg,777,bearing,pooled,cnn-ae,K004,hard_val_p95,0.026222894604135148,0.027777777777777776,0.9867075664621677,0.02459839357429719,0.08885130039861738,0.05738504220773774,-0.03146625819087964
fedavg,777,bearing,pooled,cnn-ae,K004,fuzzy_warning_as_alarm_hi50,0.026222894604135148,0.027777777777777776,0.9867075664621677,0.02459839357429719,0.08885130039861738,0.05738504220773774,-0.03146625819087964
fedavg,777,bearing,pooled,cnn-ae,K004,fuzzy_fault_only_hi75,0.012195121951219513,0.0,0.9938650306748467,0.02459839357429719,0.08885130039861738,0.05738504220773774,-0.03146625819087964
fedavg,777,bearing,client_specific,cnn-ae,K005,hard_val_p95,0.024242424242424242,0.0,0.9877300613496932,0.030622489959839357,0.07913593009559593,0.13263084236985784,0.05349491227426191
fedavg,777,bearing,client_specific,cnn-ae,K005,fuzzy_warning_as_alarm_hi50,0.024242424242424242,0.0,0.9877300613496932,0.030622489959839357,0.07913593009559593,0.13263084236985784,0.05349491227426191
fedavg,777,bearing,client_specific,cnn-ae,K005,fuzzy_fault_only_hi75,0.015220700152207,0.0,0.9923312883435583,0.030622489959839357,0.07913593009559593,0.13263084236985784,0.05349491227426191
fedavg,777,bearing,pooled,cnn-ae,K005,hard_val_p95,0.026236125126135216,0.0,0.9867075664621677,0.024096385542168676,0.018664072296833565,0.05738504220773774,0.03872096991090418
fedavg,777,bearing,pooled,cnn-ae,K005,fuzzy_warning_as_alarm_hi50,0.026236125126135216,0.0,0.9867075664621677,0.024096385542168676,0.018664072296833565,0.05738504220773774,0.03872096991090418
fedavg,777,bearing,pooled,cnn-ae,K005,fuzzy_fault_only_hi75,0.012195121951219513,0.0,0.9938650306748467,0.024096385542168676,0.018664072296833565,0.05738504220773774,0.03872096991090418
fedavg,777,bearing,client_specific,cnn-ae,K006,hard_val_p95,0.1268478779208393,0.2222222222222222,0.9320040899795501,0.06275100401606426,0.19879858559195343,0.07795068521845973,-0.1208479003734937
fedavg,777,bearing,client_specific,cnn-ae,K006,fuzzy_warning_as_alarm_hi50,0.1268478779208393,0.2222222222222222,0.9320040899795501,0.06275100401606426,0.19879858559195343,0.07795068521845973,-0.1208479003734937
fedavg,777,bearing,client_specific,cnn-ae,K006,fuzzy_fault_only_hi75,0.03903903903903904,0.08333333333333333,0.9800613496932515,0.06275100401606426,0.19879858559195343,0.07795068521845973,-0.1208479003734937
fedavg,777,bearing,pooled,cnn-ae,K006,hard_val_p95,0.02619647355163728,0.08333333333333333,0.9867075664621677,0.02610441767068273,0.1297303435735614,0.05738504220773774,-0.07234530136582365
fedavg,777,bearing,pooled,cnn-ae,K006,fuzzy_warning_as_alarm_hi50,0.02619647355163728,0.08333333333333333,0.9867075664621677,0.02610441767068273,0.1297303435735614,0.05738504220773774,-0.07234530136582365
fedavg,777,bearing,pooled,cnn-ae,K006,fuzzy_fault_only_hi75,0.01218892839004571,0.027777777777777776,0.9938650306748467,0.02610441767068273,0.1297303435735614,0.05738504220773774,-0.07234530136582365
fedavg,777,bearing,client_specific,cnn-ae,K001,hard_val_p95,0.021212121212121213,0.08333333333333333,0.9892638036809815,0.017570281124497992,0.13887135906644968,0.04077698298639733,-0.09809437608005235
fedavg,777,bearing,client_specific,cnn-ae,K001,fuzzy_warning_as_alarm_hi50,0.021212121212121213,0.08333333333333333,0.9892638036809815,0.017570281124497992,0.13887135906644968,0.04077698298639733,-0.09809437608005235
fedavg,777,bearing,client_specific,cnn-ae,K001,fuzzy_fault_only_hi75,0.009150991357397052,0.05555555555555555,0.995398773006135,0.017570281124497992,0.13887135906644968,0.04077698298639733,-0.09809437608005235
fedavg,777,bearing,pooled,cnn-ae,K001,hard_val_p95,0.03510531594784353,0.08333333333333333,0.9821063394683026,0.03614457831325301,0.18035922187406994,0.06103424859812315,-0.1193249732759468
fedavg,777,bearing,pooled,cnn-ae,K001,fuzzy_warning_as_alarm_hi50,0.03510531594784353,0.08333333333333333,0.9821063394683026,0.03614457831325301,0.18035922187406994,0.06103424859812315,-0.1193249732759468
fedavg,777,bearing,pooled,cnn-ae,K001,fuzzy_fault_only_hi75,0.014198782961460446,0.05555555555555555,0.9928425357873211,0.03614457831325301,0.18035922187406994,0.06103424859812315,-0.1193249732759468
fedavg,777,bearing,client_specific,cnn-ae,K002,hard_val_p95,0.03415369161225515,0.027777777777777776,0.9826175869120655,0.0642570281124498,0.07352606373715789,0.20959957226409387,0.13607350852693598
fedavg,777,bearing,client_specific,cnn-ae,K002,fuzzy_warning_as_alarm_hi50,0.03415369161225515,0.027777777777777776,0.9826175869120655,0.0642570281124498,0.07352606373715789,0.20959957226409387,0.13607350852693598
fedavg,777,bearing,client_specific,cnn-ae,K002,fuzzy_fault_only_hi75,0.020242914979757085,0.0,0.9897750511247444,0.0642570281124498,0.07352606373715789,0.20959957226409387,0.13607350852693598
fedavg,777,bearing,pooled,cnn-ae,K002,hard_val_p95,0.035140562248995984,0.027777777777777776,0.9821063394683026,0.03413654618473896,0.024127792423973237,0.06103424859812315,0.03690645617414991
fedavg,777,bearing,pooled,cnn-ae,K002,fuzzy_warning_as_alarm_hi50,0.035140562248995984,0.027777777777777776,0.9821063394683026,0.03413654618473896,0.024127792423973237,0.06103424859812315,0.03690645617414991
fedavg,777,bearing,pooled,cnn-ae,K002,fuzzy_fault_only_hi75,0.014213197969543147,0.0,0.9928425357873211,0.03413654618473896,0.024127792423973237,0.06103424859812315,0.03690645617414991
fedavg,777,bearing,client_specific,cnn-ae,K003,hard_val_p95,0.1596244131455399,0.10810810810810811,0.9130879345603272,0.08780732563973909,0.14876316588150687,0.10901129776514026,-0.03975186811636661
fedavg,777,bearing,client_specific,cnn-ae,K003,fuzzy_warning_as_alarm_hi50,0.1596244131455399,0.10810810810810811,0.9130879345603272,0.08780732563973909,0.14876316588150687,0.10901129776514026,-0.03975186811636661
fedavg,777,bearing,client_specific,cnn-ae,K003,fuzzy_fault_only_hi75,0.06614017769002961,0.08108108108108109,0.9657464212678937,0.08780732563973909,0.14876316588150687,0.10901129776514026,-0.03975186811636661
fedavg,777,bearing,pooled,cnn-ae,K003,hard_val_p95,0.035140562248995984,0.02702702702702703,0.9821063394683026,0.03462117410938284,0.09355714017232794,0.06103424859812315,-0.03252289157420479
fedavg,777,bearing,pooled,cnn-ae,K003,fuzzy_warning_as_alarm_hi50,0.035140562248995984,0.02702702702702703,0.9821063394683026,0.03462117410938284,0.09355714017232794,0.06103424859812315,-0.03252289157420479
fedavg,777,bearing,pooled,cnn-ae,K003,fuzzy_fault_only_hi75,0.014205986808726534,0.02702702702702703,0.9928425357873211,0.03462117410938284,0.09355714017232794,0.06103424859812315,-0.03252289157420479
fedavg,777,bearing,client_specific,cnn-ae,K004,hard_val_p95,0.06614017769002961,0.08333333333333333,0.9657464212678937,0.017570281124497992,0.12886231239903462,0.04762040592933365,-0.08124190646970098
fedavg,777,bearing,client_specific,cnn-ae,K004,fuzzy_warning_as_alarm_hi50,0.06614017769002961,0.08333333333333333,0.9657464212678937,0.017570281124497992,0.12886231239903462,0.04762040592933365,-0.08124190646970098
fedavg,777,bearing,client_specific,cnn-ae,K004,fuzzy_fault_only_hi75,0.05268389662027833,0.08333333333333333,0.9729038854805726,0.017570281124497992,0.12886231239903462,0.04762040592933365,-0.08124190646970098
fedavg,777,bearing,pooled,cnn-ae,K004,hard_val_p95,0.035140562248995984,0.027777777777777776,0.9821063394683026,0.035140562248995984,0.153757890472535,0.06103424859812315,-0.09272364187441184
fedavg,777,bearing,pooled,cnn-ae,K004,fuzzy_warning_as_alarm_hi50,0.035140562248995984,0.027777777777777776,0.9821063394683026,0.035140562248995984,0.153757890472535,0.06103424859812315,-0.09272364187441184
fedavg,777,bearing,pooled,cnn-ae,K004,fuzzy_fault_only_hi75,0.014205986808726534,0.027777777777777776,0.9928425357873211,0.035140562248995984,0.153757890472535,0.06103424859812315,-0.09272364187441184
fedavg,777,bearing,client_specific,cnn-ae,K005,hard_val_p95,0.02723146747352496,0.0,0.9861963190184049,0.07379518072289157,0.12222304068285299,0.1844549517000342,0.062231911017181216
fedavg,777,bearing,client_specific,cnn-ae,K005,fuzzy_warning_as_alarm_hi50,0.02723146747352496,0.0,0.9861963190184049,0.07379518072289157,0.12222304068285299,0.1844549517000342,0.062231911017181216
fedavg,777,bearing,client_specific,cnn-ae,K005,fuzzy_fault_only_hi75,0.019240506329113925,0.0,0.9902862985685071,0.07379518072289157,0.12222304068285299,0.1844549517000342,0.062231911017181216
fedavg,777,bearing,pooled,cnn-ae,K005,hard_val_p95,0.03515821195379206,0.0,0.9821063394683026,0.03413654618473896,0.030134500655047265,0.06103424859812315,0.030899747943075883
fedavg,777,bearing,pooled,cnn-ae,K005,fuzzy_warning_as_alarm_hi50,0.03515821195379206,0.0,0.9821063394683026,0.03413654618473896,0.030134500655047265,0.06103424859812315,0.030899747943075883
fedavg,777,bearing,pooled,cnn-ae,K005,fuzzy_fault_only_hi75,0.014213197969543147,0.0,0.9928425357873211,0.03413654618473896,0.030134500655047265,0.06103424859812315,0.030899747943075883
fedavg,777,bearing,client_specific,cnn-ae,K006,hard_val_p95,0.061386138613861385,0.05555555555555555,0.9683026584867076,0.035140562248995984,0.10884455772569367,0.06120981036193205,-0.047634747363761616
fedavg,777,bearing,client_specific,cnn-ae,K006,fuzzy_warning_as_alarm_hi50,0.061386138613861385,0.05555555555555555,0.9683026584867076,0.035140562248995984,0.10884455772569367,0.06120981036193205,-0.047634747363761616
fedavg,777,bearing,client_specific,cnn-ae,K006,fuzzy_fault_only_hi75,0.03415369161225515,0.027777777777777776,0.9826175869120655,0.035140562248995984,0.10884455772569367,0.06120981036193205,-0.047634747363761616
fedavg,777,bearing,pooled,cnn-ae,K006,hard_val_p95,0.035140562248995984,0.027777777777777776,0.9821063394683026,0.03463855421686747,0.1139213095799118,0.06103424859812315,-0.05288706098178865
fedavg,777,bearing,pooled,cnn-ae,K006,fuzzy_warning_as_alarm_hi50,0.035140562248995984,0.027777777777777776,0.9821063394683026,0.03463855421686747,0.1139213095799118,0.06103424859812315,-0.05288706098178865
fedavg,777,bearing,pooled,cnn-ae,K006,fuzzy_fault_only_hi75,0.014213197969543147,0.0,0.9928425357873211,0.03463855421686747,0.1139213095799118,0.06103424859812315,-0.05288706098178865
fedavg,777,bearing,client_specific,cnn-ae,K001,hard_val_p95,0.023220595658758204,0.05555555555555555,0.9882413087934561,0.012550200803212851,0.11018255826192308,0.04043904567973654,-0.06974351258218654
fedavg,777,bearing,client_specific,cnn-ae,K001,fuzzy_warning_as_alarm_hi50,0.023220595658758204,0.05555555555555555,0.9882413087934561,0.012550200803212851,0.11018255826192308,0.04043904567973654,-0.06974351258218654
fedavg,777,bearing,client_specific,cnn-ae,K001,fuzzy_fault_only_hi75,0.017215189873417722,0.05555555555555555,0.9913087934560327,0.012550200803212851,0.11018255826192308,0.04043904567973654,-0.06974351258218654
fedavg,777,bearing,pooled,cnn-ae,K001,hard_val_p95,0.04102051025512756,0.05555555555555555,0.9790388548057259,0.033634538152610444,0.14160496074990406,0.06211333681232622,-0.07949162393757783
fedavg,777,bearing,pooled,cnn-ae,K001,fuzzy_warning_as_alarm_hi50,0.04102051025512756,0.05555555555555555,0.9790388548057259,0.033634538152610444,0.14160496074990406,0.06211333681232622,-0.07949162393757783
fedavg,777,bearing,pooled,cnn-ae,K001,fuzzy_fault_only_hi75,0.024217961654894045,0.05555555555555555,0.9877300613496932,0.033634538152610444,0.14160496074990406,0.06211333681232622,-0.07949162393757783
fedavg,777,bearing,client_specific,cnn-ae,K002,hard_val_p95,0.1344137273593899,0.027777777777777776,0.9279141104294478,0.055220883534136546,0.0733386021629646,0.24159237695498792,0.1682537747920233
fedavg,777,bearing,client_specific,cnn-ae,K002,fuzzy_warning_as_alarm_hi50,0.1344137273593899,0.027777777777777776,0.9279141104294478,0.055220883534136546,0.0733386021629646,0.24159237695498792,0.1682537747920233
fedavg,777,bearing,client_specific,cnn-ae,K002,fuzzy_fault_only_hi75,0.09444985394352483,0.027777777777777776,0.9504089979550102,0.055220883534136546,0.0733386021629646,0.24159237695498792,0.1682537747920233
fedavg,777,bearing,pooled,cnn-ae,K002,hard_val_p95,0.04104104104104104,0.027777777777777776,0.9790388548057259,0.03313253012048193,0.03904818891184973,0.06211333681232622,0.023065147900476486
fedavg,777,bearing,pooled,cnn-ae,K002,fuzzy_warning_as_alarm_hi50,0.04104104104104104,0.027777777777777776,0.9790388548057259,0.03313253012048193,0.03904818891184973,0.06211333681232622,0.023065147900476486
fedavg,777,bearing,pooled,cnn-ae,K002,fuzzy_fault_only_hi75,0.024230186774356385,0.027777777777777776,0.9877300613496932,0.03313253012048193,0.03904818891184973,0.06211333681232622,0.023065147900476486
fedavg,777,bearing,client_specific,cnn-ae,K003,hard_val_p95,0.08504398826979472,0.08108108108108109,0.9555214723926381,0.050175614651279475,0.13631828352502773,0.09126560181517071,-0.04505268170985702
fedavg,777,bearing,client_specific,cnn-ae,K003,fuzzy_warning_as_alarm_hi50,0.08504398826979472,0.08108108108108109,0.9555214723926381,0.050175614651279475,0.13631828352502773,0.09126560181517071,-0.04505268170985702
fedavg,777,bearing,client_specific,cnn-ae,K003,fuzzy_fault_only_hi75,0.04104104104104104,0.02702702702702703,0.9790388548057259,0.050175614651279475,0.13631828352502773,0.09126560181517071,-0.04505268170985702
fedavg,777,bearing,pooled,cnn-ae,K003,hard_val_p95,0.04104104104104104,0.02702702702702703,0.9790388548057259,0.03462117410938284,0.08875327918631859,0.06211333681232622,-0.02663994237399237
fedavg,777,bearing,pooled,cnn-ae,K003,fuzzy_warning_as_alarm_hi50,0.04104104104104104,0.02702702702702703,0.9790388548057259,0.03462117410938284,0.08875327918631859,0.06211333681232622,-0.02663994237399237
fedavg,777,bearing,pooled,cnn-ae,K003,fuzzy_fault_only_hi75,0.024242424242424242,0.0,0.9877300613496932,0.03462117410938284,0.08875327918631859,0.06211333681232622,-0.02663994237399237
fedavg,777,bearing,client_specific,cnn-ae,K004,hard_val_p95,0.035122930255895635,0.05555555555555555,0.9821063394683026,0.012048192771084338,0.05928989261100748,0.036124708361206036,-0.023165184249801442
fedavg,777,bearing,client_specific,cnn-ae,K004,fuzzy_warning_as_alarm_hi50,0.035122930255895635,0.05555555555555555,0.9821063394683026,0.012048192771084338,0.05928989261100748,0.036124708361206036,-0.023165184249801442
fedavg,777,bearing,client_specific,cnn-ae,K004,fuzzy_fault_only_hi75,0.02920443101711984,0.027777777777777776,0.9851738241308794,0.012048192771084338,0.05928989261100748,0.036124708361206036,-0.023165184249801442
fedavg,777,bearing,pooled,cnn-ae,K004,hard_val_p95,0.04102051025512756,0.05555555555555555,0.9790388548057259,0.033634538152610444,0.11920480261381797,0.06211333681232622,-0.05709146580149175
fedavg,777,bearing,pooled,cnn-ae,K004,fuzzy_warning_as_alarm_hi50,0.04102051025512756,0.05555555555555555,0.9790388548057259,0.033634538152610444,0.11920480261381797,0.06211333681232622,-0.05709146580149175
fedavg,777,bearing,pooled,cnn-ae,K004,fuzzy_fault_only_hi75,0.024230186774356385,0.027777777777777776,0.9877300613496932,0.033634538152610444,0.11920480261381797,0.06211333681232622,-0.05709146580149175
fedavg,777,bearing,client_specific,cnn-ae,K005,hard_val_p95,0.05373134328358209,0.0,0.9723926380368099,0.09989959839357429,0.11024177894977173,0.1848531194866796,0.07461134053690786
fedavg,777,bearing,client_specific,cnn-ae,K005,fuzzy_warning_as_alarm_hi50,0.05373134328358209,0.0,0.9723926380368099,0.09989959839357429,0.11024177894977173,0.1848531194866796,0.07461134053690786
fedavg,777,bearing,client_specific,cnn-ae,K005,fuzzy_fault_only_hi75,0.041061592388582875,0.0,0.9790388548057259,0.09989959839357429,0.11024177894977173,0.1848531194866796,0.07461134053690786
fedavg,777,bearing,pooled,cnn-ae,K005,hard_val_p95,0.041061592388582875,0.0,0.9790388548057259,0.03313253012048193,0.022293754516913688,0.06211333681232622,0.039819582295412534
fedavg,777,bearing,pooled,cnn-ae,K005,fuzzy_warning_as_alarm_hi50,0.041061592388582875,0.0,0.9790388548057259,0.03313253012048193,0.022293754516913688,0.06211333681232622,0.039819582295412534
fedavg,777,bearing,pooled,cnn-ae,K005,fuzzy_fault_only_hi75,0.024242424242424242,0.0,0.9877300613496932,0.03313253012048193,0.022293754516913688,0.06211333681232622,0.039819582295412534
fedavg,777,bearing,client_specific,cnn-ae,K006,hard_val_p95,0.10164569215876089,0.1388888888888889,0.946319018404908,0.041666666666666664,0.16048925120162968,0.06272967233490787,-0.09775957886672182
fedavg,777,bearing,client_specific,cnn-ae,K006,fuzzy_warning_as_alarm_hi50,0.10164569215876089,0.1388888888888889,0.946319018404908,0.041666666666666664,0.16048925120162968,0.06272967233490787,-0.09775957886672182
fedavg,777,bearing,client_specific,cnn-ae,K006,fuzzy_fault_only_hi75,0.0507715281234445,0.05555555555555555,0.9739263803680982,0.041666666666666664,0.16048925120162968,0.06272967233490787,-0.09775957886672182
fedavg,777,bearing,pooled,cnn-ae,K006,hard_val_p95,0.04104104104104104,0.027777777777777776,0.9790388548057259,0.035140562248995984,0.12718200545513048,0.06211333681232622,-0.06506866864280425
fedavg,777,bearing,pooled,cnn-ae,K006,fuzzy_warning_as_alarm_hi50,0.04104104104104104,0.027777777777777776,0.9790388548057259,0.035140562248995984,0.12718200545513048,0.06211333681232622,-0.06506866864280425
fedavg,777,bearing,pooled,cnn-ae,K006,fuzzy_fault_only_hi75,0.024242424242424242,0.0,0.9877300613496932,0.035140562248995984,0.12718200545513048,0.06211333681232622,-0.06506866864280425
fedavg-personalized,777,bearing,client_specific,cnn-ae,K001,hard_val_p95,0.14919735599622286,0.1111111111111111,0.9192229038854806,0.05622489959839357,0.1824859906417083,0.1087955875942332,-0.07369040304747511
fedavg-personalized,777,bearing,client_specific,cnn-ae,K001,fuzzy_warning_as_alarm_hi50,0.14919735599622286,0.1111111111111111,0.9192229038854806,0.05622489959839357,0.1824859906417083,0.1087955875942332,-0.07369040304747511
fedavg-personalized,777,bearing,client_specific,cnn-ae,K001,fuzzy_fault_only_hi75,0.07188577055637617,0.05555555555555555,0.962678936605317,0.05622489959839357,0.1824859906417083,0.1087955875942332,-0.07369040304747511
fedavg-personalized,777,bearing,client_specific,cnn-ae,K002,hard_val_p95,0.04104104104104104,0.027777777777777776,0.9790388548057259,0.038654618473895584,0.06423775129579673,0.21822755936139834,0.1539898080656016
fedavg-personalized,777,bearing,client_specific,cnn-ae,K002,fuzzy_warning_as_alarm_hi50,0.04104104104104104,0.027777777777777776,0.9790388548057259,0.038654618473895584,0.06423775129579673,0.21822755936139834,0.1539898080656016
fedavg-personalized,777,bearing,client_specific,cnn-ae,K002,fuzzy_fault_only_hi75,0.022244691607684528,0.0,0.9887525562372188,0.038654618473895584,0.06423775129579673,0.21822755936139834,0.1539898080656016
fedavg-personalized,777,bearing,client_specific,cnn-ae,K003,hard_val_p95,0.13174224343675417,0.02702702702702703,0.9294478527607362,0.03612644254892122,0.06614424162471483,0.10130692247010176,0.03516268084538693
fedavg-personalized,777,bearing,client_specific,cnn-ae,K003,fuzzy_warning_as_alarm_hi50,0.13174224343675417,0.02702702702702703,0.9294478527607362,0.03612644254892122,0.06614424162471483,0.10130692247010176,0.03516268084538693
fedavg-personalized,777,bearing,client_specific,cnn-ae,K003,fuzzy_fault_only_hi75,0.09635036496350365,0.0,0.9493865030674846,0.03612644254892122,0.06614424162471483,0.10130692247010176,0.03516268084538693
fedavg-personalized,777,bearing,client_specific,cnn-ae,K004,hard_val_p95,0.22564567285908474,0.05555555555555555,0.8726993865030674,0.07580321285140562,0.07488835063966355,0.13323473782300835,0.0583463871833448
fedavg-personalized,777,bearing,client_specific,cnn-ae,K004,fuzzy_warning_as_alarm_hi50,0.22564567285908474,0.05555555555555555,0.8726993865030674,0.07580321285140562,0.07488835063966355,0.13323473782300835,0.0583463871833448
fedavg-personalized,777,bearing,client_specific,cnn-ae,K004,fuzzy_fault_only_hi75,0.13536701620591038,0.0,0.9274028629856851,0.07580321285140562,0.07488835063966355,0.13323473782300835,0.0583463871833448
fedavg-personalized,777,bearing,client_specific,cnn-ae,K005,hard_val_p95,0.20128676470588236,0.027777777777777776,0.8880368098159509,0.14859437751004015,0.13901348080666706,0.25737490010472164,0.11836141929805458
fedavg-personalized,777,bearing,client_specific,cnn-ae,K005,fuzzy_warning_as_alarm_hi50,0.20128676470588236,0.027777777777777776,0.8880368098159509,0.14859437751004015,0.13901348080666706,0.25737490010472164,0.11836141929805458
fedavg-personalized,777,bearing,client_specific,cnn-ae,K005,fuzzy_fault_only_hi75,0.1309125656951744,0.0,0.929959100204499,0.14859437751004015,0.13901348080666706,0.25737490010472164,0.11836141929805458
fedavg-personalized,777,bearing,client_specific,cnn-ae,K006,hard_val_p95,0.17953488372093024,0.027777777777777776,0.9013292433537833,0.050200803212851405,0.07664179104814861,0.134859055973855,0.05821726492570639
fedavg-personalized,777,bearing,client_specific,cnn-ae,K006,fuzzy_warning_as_alarm_hi50,0.17953488372093024,0.027777777777777776,0.9013292433537833,0.050200803212851405,0.07664179104814861,0.134859055973855,0.05821726492570639
fedavg-personalized,777,bearing,client_specific,cnn-ae,K006,fuzzy_fault_only_hi75,0.14597156398104266,0.0,0.9212678936605317,0.050200803212851405,0.07664179104814861,0.134859055973855,0.05821726492570639
fedprox,777,bearing,client_specific,cnn-ae,K001,hard_val_p95,0.03905858788182273,0.05555555555555555,0.9800613496932515,0.03463855421686747,0.10510895938669368,0.08050551349484143,-0.024603445891852246
fedprox,777,bearing,client_specific,cnn-ae,K001,fuzzy_warning_as_alarm_hi50,0.03905858788182273,0.05555555555555555,0.9800613496932515,0.03463855421686747,0.10510895938669368,0.08050551349484143,-0.024603445891852246
fedprox,777,bearing,client_specific,cnn-ae,K001,fuzzy_fault_only_hi75,0.028211586901763223,0.027777777777777776,0.9856850715746421,0.03463855421686747,0.10510895938669368,0.08050551349484143,-0.024603445891852246
fedprox,777,bearing,pooled,cnn-ae,K001,hard_val_p95,0.04688279301745636,0.05555555555555555,0.9759713701431493,0.04066265060240964,0.0993036523155048,0.07357369278251256,-0.02572995953299223
fedprox,777,bearing,pooled,cnn-ae,K001,fuzzy_warning_as_alarm_hi50,0.04688279301745636,0.05555555555555555,0.9759713701431493,0.04066265060240964,0.0993036523155048,0.07357369278251256,-0.02572995953299223
fedprox,777,bearing,pooled,cnn-ae,K001,fuzzy_fault_only_hi75,0.025227043390514632,0.027777777777777776,0.9872188139059305,0.04066265060240964,0.0993036523155048,0.07357369278251256,-0.02572995953299223
fedprox,777,bearing,client_specific,cnn-ae,K002,hard_val_p95,0.03120281831907398,0.0,0.9841513292433538,0.045180722891566265,0.057289568465041185,0.06846622091735137,0.011176652452310185
fedprox,777,bearing,client_specific,cnn-ae,K002,fuzzy_warning_as_alarm_hi50,0.03120281831907398,0.0,0.9841513292433538,0.045180722891566265,0.057289568465041185,0.06846622091735137,0.011176652452310185
fedprox,777,bearing,client_specific,cnn-ae,K002,fuzzy_fault_only_hi75,0.01017293997965412,0.0,0.9948875255623721,0.045180722891566265,0.057289568465041185,0.06846622091735137,0.011176652452310185
fedprox,777,bearing,pooled,cnn-ae,K002,hard_val_p95,0.046929605591612585,0.0,0.9759713701431493,0.040160642570281124,0.0577155951281941,0.07357369278251256,0.015858097654318462
fedprox,777,bearing,pooled,cnn-ae,K002,fuzzy_warning_as_alarm_hi50,0.046929605591612585,0.0,0.9759713701431493,0.040160642570281124,0.0577155951281941,0.07357369278251256,0.015858097654318462
fedprox,777,bearing,pooled,cnn-ae,K002,fuzzy_fault_only_hi75,0.02523977788995457,0.0,0.9872188139059305,0.040160642570281124,0.0577155951281941,0.07357369278251256,0.015858097654318462
fedprox,777,bearing,client_specific,cnn-ae,K003,hard_val_p95,0.0934761441090555,0.05405405405405406,0.950920245398773,0.04666332162568992,0.09629031817640014,0.10480698212442187,0.008516663948021724
fedprox,777,bearing,client_specific,cnn-ae,K003,fuzzy_warning_as_alarm_hi50,0.0934761441090555,0.05405405405405406,0.950920245398773,0.04666332162568992,0.09629031817640014,0.10480698212442187,0.008516663948021724
fedprox,777,bearing,client_specific,cnn-ae,K003,fuzzy_fault_only_hi75,0.05853174603174603,0.02702702702702703,0.9698364008179959,0.04666332162568992,0.09629031817640014,0.10480698212442187,0.008516663948021724
fedprox,777,bearing,pooled,cnn-ae,K003,hard_val_p95,0.046906187624750496,0.02702702702702703,0.9759713701431493,0.04114400401404917,0.06633309520745241,0.07357369278251256,0.007240597575060154
fedprox,777,bearing,pooled,cnn-ae,K003,fuzzy_warning_as_alarm_hi50,0.046906187624750496,0.02702702702702703,0.9759713701431493,0.04114400401404917,0.06633309520745241,0.07357369278251256,0.007240597575060154
fedprox,777,bearing,pooled,cnn-ae,K003,fuzzy_fault_only_hi75,0.02523977788995457,0.0,0.9872188139059305,0.04114400401404917,0.06633309520745241,0.07357369278251256,0.007240597575060154
fedprox,777,bearing,client_specific,cnn-ae,K004,hard_val_p95,0.10917874396135266,0.027777777777777776,0.9422290388548057,0.0356425702811245,0.0705645835403498,0.09831639198450687,0.02775180844415706
fedprox,777,bearing,client_specific,cnn-ae,K004,fuzzy_warning_as_alarm_hi50,0.10917874396135266,0.027777777777777776,0.9422290388548057,0.0356425702811245,0.0705645835403498,0.09831639198450687,0.02775180844415706
fedprox,777,bearing,client_specific,cnn-ae,K004,fuzzy_fault_only_hi75,0.10092188258127123,0.027777777777777776,0.9468302658486708,0.0356425702811245,0.0705645835403498,0.09831639198450687,0.02775180844415706
fedprox,777,bearing,pooled,cnn-ae,K004,hard_val_p95,0.046906187624750496,0.027777777777777776,0.9759713701431493,0.04066265060240964,0.06748327791696414,0.07357369278251256,0.006090414865548427
fedprox,777,bearing,pooled,cnn-ae,K004,fuzzy_warning_as_alarm_hi50,0.046906187624750496,0.027777777777777776,0.9759713701431493,0.04066265060240964,0.06748327791696414,0.07357369278251256,0.006090414865548427
fedprox,777,bearing,pooled,cnn-ae,K004,fuzzy_fault_only_hi75,0.02523977788995457,0.0,0.9872188139059305,0.04066265060240964,0.06748327791696414,0.07357369278251256,0.006090414865548427
fedprox,777,bearing,client_specific,cnn-ae,K005,hard_val_p95,0.06426099851705389,0.05555555555555555,0.9667689161554193,0.02610441767068273,0.09504961230522074,0.07418172527404869,-0.020867887031172053
fedprox,777,bearing,client_specific,cnn-ae,K005,fuzzy_warning_as_alarm_hi50,0.06426099851705389,0.05555555555555555,0.9667689161554193,0.02610441767068273,0.09504961230522074,0.07418172527404869,-0.020867887031172053
fedprox,777,bearing,client_specific,cnn-ae,K005,fuzzy_fault_only_hi75,0.051741293532338306,0.05555555555555555,0.9734151329243353,0.02610441767068273,0.09504961230522074,0.07418172527404869,-0.020867887031172053
fedprox,777,bearing,pooled,cnn-ae,K005,hard_val_p95,0.04688279301745636,0.05555555555555555,0.9759713701431493,0.04066265060240964,0.09414245292392752,0.07357369278251256,-0.020568760141414955
fedprox,777,bearing,pooled,cnn-ae,K005,fuzzy_warning_as_alarm_hi50,0.04688279301745636,0.05555555555555555,0.9759713701431493,0.04066265060240964,0.09414245292392752,0.07357369278251256,-0.020568760141414955
fedprox,777,bearing,pooled,cnn-ae,K005,fuzzy_fault_only_hi75,0.025227043390514632,0.027777777777777776,0.9872188139059305,0.04066265060240964,0.09414245292392752,0.07357369278251256,-0.020568760141414955
fedprox,777,bearing,client_specific,cnn-ae,K006,hard_val_p95,0.04495504495504495,0.027777777777777776,0.9769938650306749,0.020080321285140562,0.06678969539982194,0.0503178231390357,-0.01647187226078624
fedprox,777,bearing,client_specific,cnn-ae,K006,fuzzy_warning_as_alarm_hi50,0.04495504495504495,0.027777777777777776,0.9769938650306749,0.020080321285140562,0.06678969539982194,0.0503178231390357,-0.01647187226078624
fedprox,777,bearing,client_specific,cnn-ae,K006,fuzzy_fault_only_hi75,0.015212981744421906,0.027777777777777776,0.9923312883435583,0.020080321285140562,0.06678969539982194,0.0503178231390357,-0.01647187226078624
fedprox,777,bearing,pooled,cnn-ae,K006,hard_val_p95,0.046906187624750496,0.027777777777777776,0.9759713701431493,0.04116465863453815,0.09539747635990417,0.07357369278251256,-0.021823783577391606
fedprox,777,bearing,pooled,cnn-ae,K006,fuzzy_warning_as_alarm_hi50,0.046906187624750496,0.027777777777777776,0.9759713701431493,0.04116465863453815,0.09539747635990417,0.07357369278251256,-0.021823783577391606
fedprox,777,bearing,pooled,cnn-ae,K006,fuzzy_fault_only_hi75,0.025227043390514632,0.027777777777777776,0.9872188139059305,0.04116465863453815,0.09539747635990417,0.07357369278251256,-0.021823783577391606
fedprox,777,bearing,client_specific,cnn-ae,K001,hard_val_p95,0.11905904944791167,0.08333333333333333,0.9366053169734151,0.043674698795180725,0.15009251173330146,0.12616343120751913,-0.023929080525782326
fedprox,777,bearing,client_specific,cnn-ae,K001,fuzzy_warning_as_alarm_hi50,0.11905904944791167,0.08333333333333333,0.9366053169734151,0.043674698795180725,0.15009251173330146,0.12616343120751913,-0.023929080525782326
fedprox,777,bearing,client_specific,cnn-ae,K001,fuzzy_fault_only_hi75,0.10179350460494425,0.05555555555555555,0.946319018404908,0.043674698795180725,0.15009251173330146,0.12616343120751913,-0.023929080525782326
fedprox,777,bearing,pooled,cnn-ae,K001,hard_val_p95,0.0803921568627451,0.05555555555555555,0.9580777096114519,0.03614457831325301,0.09301233354936679,0.0744977419509174,-0.018514591598449384
fedprox,777,bearing,pooled,cnn-ae,K001,fuzzy_warning_as_alarm_hi50,0.0803921568627451,0.05555555555555555,0.9580777096114519,0.03614457831325301,0.09301233354936679,0.0744977419509174,-0.018514591598449384
fedprox,777,bearing,pooled,cnn-ae,K001,fuzzy_fault_only_hi75,0.047880299251870324,0.027777777777777776,0.9754601226993865,0.03614457831325301,0.09301233354936679,0.0744977419509174,-0.018514591598449384
fedprox,777,bearing,client_specific,cnn-ae,K002,hard_val_p95,0.18628359592215013,0.027777777777777776,0.897239263803681,0.06626506024096386,0.07182294281941161,0.12684020403689109,0.05501726121747948
fedprox,777,bearing,client_specific,cnn-ae,K002,fuzzy_warning_as_alarm_hi50,0.18628359592215013,0.027777777777777776,0.897239263803681,0.06626506024096386,0.07182294281941161,0.12684020403689109,0.05501726121747948
fedprox,777,bearing,client_specific,cnn-ae,K002,fuzzy_fault_only_hi75,0.1388492629576795,0.027777777777777776,0.9253578732106339,0.06626506024096386,0.07182294281941161,0.12684020403689109,0.05501726121747948
fedprox,777,bearing,pooled,cnn-ae,K002,hard_val_p95,0.08043158410985778,0.027777777777777776,0.9580777096114519,0.0356425702811245,0.052515418790759834,0.0744977419509174,0.021982323160157573
fedprox,777,bearing,pooled,cnn-ae,K002,fuzzy_warning_as_alarm_hi50,0.08043158410985778,0.027777777777777776,0.9580777096114519,0.0356425702811245,0.052515418790759834,0.0744977419509174,0.021982323160157573
fedprox,777,bearing,pooled,cnn-ae,K002,fuzzy_fault_only_hi75,0.04790419161676647,0.0,0.9754601226993865,0.0356425702811245,0.052515418790759834,0.0744977419509174,0.021982323160157573
fedprox,777,bearing,client_specific,cnn-ae,K003,hard_val_p95,0.07756504663721159,0.05405405405405406,0.9596114519427403,0.0481685900652283,0.0669204632647498,0.08563266774416843,0.018712204479418626
fedprox,777,bearing,client_specific,cnn-ae,K003,fuzzy_warning_as_alarm_hi50,0.07756504663721159,0.05405405405405406,0.9596114519427403,0.0481685900652283,0.0669204632647498,0.08563266774416843,0.018712204479418626
fedprox,777,bearing,client_specific,cnn-ae,K003,fuzzy_fault_only_hi75,0.041061592388582875,0.0,0.9790388548057259,0.0481685900652283,0.0669204632647498,0.08563266774416843,0.018712204479418626
fedprox,777,bearing,pooled,cnn-ae,K003,hard_val_p95,0.0803921568627451,0.05405405405405406,0.9580777096114519,0.03662819869543402,0.059371988636370464,0.0744977419509174,0.015125753314546943
fedprox,777,bearing,pooled,cnn-ae,K003,fuzzy_warning_as_alarm_hi50,0.0803921568627451,0.05405405405405406,0.9580777096114519,0.03662819869543402,0.059371988636370464,0.0744977419509174,0.015125753314546943
fedprox,777,bearing,pooled,cnn-ae,K003,fuzzy_fault_only_hi75,0.04790419161676647,0.0,0.9754601226993865,0.03662819869543402,0.059371988636370464,0.0744977419509174,0.015125753314546943
fedprox,777,bearing,client_specific,cnn-ae,K004,hard_val_p95,0.06048587010411502,0.0,0.9688139059304703,0.029116465863453816,0.050383255653889986,0.061097597642488816,0.01071434198859883
fedprox,777,bearing,client_specific,cnn-ae,K004,fuzzy_warning_as_alarm_hi50,0.06048587010411502,0.0,0.9688139059304703,0.029116465863453816,0.050383255653889986,0.061097597642488816,0.01071434198859883
fedprox,777,bearing,client_specific,cnn-ae,K004,fuzzy_fault_only_hi75,0.03219315895372234,0.0,0.983640081799591,0.029116465863453816,0.050383255653889986,0.061097597642488816,0.01071434198859883
fedprox,777,bearing,pooled,cnn-ae,K004,hard_val_p95,0.08047105004906771,0.0,0.9580777096114519,0.03614457831325301,0.06566689842776863,0.0744977419509174,0.00883084352314878
fedprox,777,bearing,pooled,cnn-ae,K004,fuzzy_warning_as_alarm_hi50,0.08047105004906771,0.0,0.9580777096114519,0.03614457831325301,0.06566689842776863,0.0744977419509174,0.00883084352314878
fedprox,777,bearing,pooled,cnn-ae,K004,fuzzy_fault_only_hi75,0.04790419161676647,0.0,0.9754601226993865,0.03614457831325301,0.06566689842776863,0.0744977419509174,0.00883084352314878
fedprox,777,bearing,client_specific,cnn-ae,K005,hard_val_p95,0.06045589692765114,0.027777777777777776,0.9688139059304703,0.028112449799196786,0.034814061902636605,0.05071934742571006,0.015905285523073458
fedprox,777,bearing,client_specific,cnn-ae,K005,fuzzy_warning_as_alarm_hi50,0.06045589692765114,0.027777777777777776,0.9688139059304703,0.028112449799196786,0.034814061902636605,0.05071934742571006,0.015905285523073458
fedprox,777,bearing,client_specific,cnn-ae,K005,fuzzy_fault_only_hi75,0.04982561036372696,0.027777777777777776,0.9744376278118609,0.028112449799196786,0.034814061902636605,0.05071934742571006,0.015905285523073458
fedprox,777,bearing,pooled,cnn-ae,K005,hard_val_p95,0.08043158410985778,0.027777777777777776,0.9580777096114519,0.035140562248995984,0.05924696428380548,0.0744977419509174,0.015250777667111928
fedprox,777,bearing,pooled,cnn-ae,K005,fuzzy_warning_as_alarm_hi50,0.08043158410985778,0.027777777777777776,0.9580777096114519,0.035140562248995984,0.05924696428380548,0.0744977419509174,0.015250777667111928
fedprox,777,bearing,pooled,cnn-ae,K005,fuzzy_fault_only_hi75,0.047880299251870324,0.027777777777777776,0.9754601226993865,0.035140562248995984,0.05924696428380548,0.0744977419509174,0.015250777667111928
fedprox,777,bearing,client_specific,cnn-ae,K006,hard_val_p95,0.10551790900290416,0.027777777777777776,0.9442740286298569,0.03313253012048193,0.09539518831886473,0.09630333265594139,0.0009081443370766579
fedprox,777,bearing,client_specific,cnn-ae,K006,fuzzy_warning_as_alarm_hi50,0.10551790900290416,0.027777777777777776,0.9442740286298569,0.03313253012048193,0.09539518831886473,0.09630333265594139,0.0009081443370766579
fedprox,777,bearing,client_specific,cnn-ae,K006,fuzzy_fault_only_hi75,0.0652496292634701,0.027777777777777776,0.9662576687116564,0.03313253012048193,0.09539518831886473,0.09630333265594139,0.0009081443370766579
fedprox,777,bearing,pooled,cnn-ae,K006,hard_val_p95,0.08043158410985778,0.027777777777777776,0.9580777096114519,0.035140562248995984,0.07541475860002475,0.0744977419509174,-0.0009170166491073439
fedprox,777,bearing,pooled,cnn-ae,K006,fuzzy_warning_as_alarm_hi50,0.08043158410985778,0.027777777777777776,0.9580777096114519,0.035140562248995984,0.07541475860002475,0.0744977419509174,-0.0009170166491073439
fedprox,777,bearing,pooled,cnn-ae,K006,fuzzy_fault_only_hi75,0.047880299251870324,0.027777777777777776,0.9754601226993865,0.035140562248995984,0.07541475860002475,0.0744977419509174,-0.0009170166491073439
fedprox,777,bearing,client_specific,cnn-ae,K001,hard_val_p95,0.04975124378109453,0.1111111111111111,0.9744376278118609,0.06676706827309237,0.16274897674995858,0.09812762645167636,-0.06462135029828223
fedprox,777,bearing,client_specific,cnn-ae,K001,fuzzy_warning_as_alarm_hi50,0.04975124378109453,0.1111111111111111,0.9744376278118609,0.06676706827309237,0.16274897674995858,0.09812762645167636,-0.06462135029828223
fedprox,777,bearing,client_specific,cnn-ae,K001,fuzzy_fault_only_hi75,0.022222222222222223,0.05555555555555555,0.9887525562372188,0.06676706827309237,0.16274897674995858,0.09812762645167636,-0.06462135029828223
fedprox,777,bearing,pooled,cnn-ae,K001,hard_val_p95,0.05072103431128792,0.1111111111111111,0.9739263803680982,0.03965863453815261,0.14552204960839007,0.0753955286724696,-0.07012652093592048
fedprox,777,bearing,pooled,cnn-ae,K001,fuzzy_warning_as_alarm_hi50,0.05072103431128792,0.1111111111111111,0.9739263803680982,0.03965863453815261,0.14552204960839007,0.0753955286724696,-0.07012652093592048
fedprox,777,bearing,pooled,cnn-ae,K001,fuzzy_fault_only_hi75,0.03314917127071823,0.05555555555555555,0.9831288343558282,0.03965863453815261,0.14552204960839007,0.0753955286724696,-0.07012652093592048
fedprox,777,bearing,client_specific,cnn-ae,K002,hard_val_p95,0.11009174311926606,0.027777777777777776,0.941717791411043,0.05823293172690763,0.07224179232644433,0.10072245543142971,0.028480663104985385
fedprox,777,bearing,client_specific,cnn-ae,K002,fuzzy_warning_as_alarm_hi50,0.11009174311926606,0.027777777777777776,0.941717791411043,0.05823293172690763,0.07224179232644433,0.10072245543142971,0.028480663104985385
fedprox,777,bearing,client_specific,cnn-ae,K002,fuzzy_fault_only_hi75,0.06814814814814815,0.0,0.9647239263803681,0.05823293172690763,0.07224179232644433,0.10072245543142971,0.028480663104985385
fedprox,777,bearing,pooled,cnn-ae,K002,hard_val_p95,0.05082212257100149,0.0,0.9739263803680982,0.0391566265060241,0.055023099762022416,0.0753955286724696,0.02037242891044718
fedprox,777,bearing,pooled,cnn-ae,K002,fuzzy_warning_as_alarm_hi50,0.05082212257100149,0.0,0.9739263803680982,0.0391566265060241,0.055023099762022416,0.0753955286724696,0.02037242891044718
fedprox,777,bearing,pooled,cnn-ae,K002,fuzzy_fault_only_hi75,0.033182503770739065,0.0,0.9831288343558282,0.0391566265060241,0.055023099762022416,0.0753955286724696,0.02037242891044718
fedprox,777,bearing,client_specific,cnn-ae,K003,hard_val_p95,0.044,0.0,0.9775051124744376,0.03161063723030607,0.06428606631624771,0.08738820303257926,0.023102136716331545
fedprox,777,bearing,client_specific,cnn-ae,K003,fuzzy_warning_as_alarm_hi50,0.044,0.0,0.9775051124744376,0.03161063723030607,0.06428606631624771,0.08738820303257926,0.023102136716331545
fedprox,777,bearing,client_specific,cnn-ae,K003,fuzzy_fault_only_hi75,0.030211480362537766,0.0,0.9846625766871165,0.03161063723030607,0.06428606631624771,0.08738820303257926,0.023102136716331545
fedprox,777,bearing,pooled,cnn-ae,K003,hard_val_p95,0.05082212257100149,0.0,0.9739263803680982,0.03963873557451079,0.04902921141694328,0.0753955286724696,0.026366317255526316
fedprox,777,bearing,pooled,cnn-ae,K003,fuzzy_warning_as_alarm_hi50,0.05082212257100149,0.0,0.9739263803680982,0.03963873557451079,0.04902921141694328,0.0753955286724696,0.026366317255526316
fedprox,777,bearing,pooled,cnn-ae,K003,fuzzy_fault_only_hi75,0.033182503770739065,0.0,0.9831288343558282,0.03963873557451079,0.04902921141694328,0.0753955286724696,0.026366317255526316
fedprox,777,bearing,client_specific,cnn-ae,K004,hard_val_p95,0.1008729388942774,0.05555555555555555,0.9468302658486708,0.01606425702811245,0.11429338423752416,0.09068959052728251,-0.023603793710241655
fedprox,777,bearing,client_specific,cnn-ae,K004,fuzzy_warning_as_alarm_hi50,0.1008729388942774,0.05555555555555555,0.9468302658486708,0.01606425702811245,0.11429338423752416,0.09068959052728251,-0.023603793710241655
fedprox,777,bearing,client_specific,cnn-ae,K004,fuzzy_fault_only_hi75,0.07850834151128558,0.05555555555555555,0.9591002044989775,0.01606425702811245,0.11429338423752416,0.09068959052728251,-0.023603793710241655
fedprox,777,bearing,pooled,cnn-ae,K004,hard_val_p95,0.05079681274900399,0.027777777777777776,0.9739263803680982,0.0391566265060241,0.10043088785549942,0.0753955286724696,-0.02503535918302982
fedprox,777,bearing,pooled,cnn-ae,K004,fuzzy_warning_as_alarm_hi50,0.05079681274900399,0.027777777777777776,0.9739263803680982,0.0391566265060241,0.10043088785549942,0.0753955286724696,-0.02503535918302982
fedprox,777,bearing,pooled,cnn-ae,K004,fuzzy_fault_only_hi75,0.033165829145728645,0.027777777777777776,0.9831288343558282,0.0391566265060241,0.10043088785549942,0.0753955286724696,-0.02503535918302982
fedprox,777,bearing,client_specific,cnn-ae,K005,hard_val_p95,0.04302151075537769,0.0,0.9780163599182005,0.02459839357429719,0.021452919466812364,0.047971174077818174,0.02651825461100581
fedprox,777,bearing,client_specific,cnn-ae,K005,fuzzy_warning_as_alarm_hi50,0.04302151075537769,0.0,0.9780163599182005,0.02459839357429719,0.021452919466812364,0.047971174077818174,0.02651825461100581
fedprox,777,bearing,client_specific,cnn-ae,K005,fuzzy_fault_only_hi75,0.03515821195379206,0.0,0.9821063394683026,0.02459839357429719,0.021452919466812364,0.047971174077818174,0.02651825461100581
fedprox,777,bearing,pooled,cnn-ae,K005,hard_val_p95,0.05082212257100149,0.0,0.9739263803680982,0.038654618473895584,0.05121327885341132,0.0753955286724696,0.024182249819058275
fedprox,777,bearing,pooled,cnn-ae,K005,fuzzy_warning_as_alarm_hi50,0.05082212257100149,0.0,0.9739263803680982,0.038654618473895584,0.05121327885341132,0.0753955286724696,0.024182249819058275
fedprox,777,bearing,pooled,cnn-ae,K005,fuzzy_fault_only_hi75,0.033182503770739065,0.0,0.9831288343558282,0.038654618473895584,0.05121327885341132,0.0753955286724696,0.024182249819058275
fedprox,777,bearing,client_specific,cnn-ae,K006,hard_val_p95,0.08699902248289346,0.027777777777777776,0.9544989775051125,0.056726907630522086,0.08188800800523868,0.07794597407369987,-0.003942033931538816
fedprox,777,bearing,client_specific,cnn-ae,K006,fuzzy_warning_as_alarm_hi50,0.08699902248289346,0.027777777777777776,0.9544989775051125,0.056726907630522086,0.08188800800523868,0.07794597407369987,-0.003942033931538816
fedprox,777,bearing,client_specific,cnn-ae,K006,fuzzy_fault_only_hi75,0.044,0.0,0.9775051124744376,0.056726907630522086,0.08188800800523868,0.07794597407369987,-0.003942033931538816
fedprox,777,bearing,pooled,cnn-ae,K006,hard_val_p95,0.05082212257100149,0.0,0.9739263803680982,0.040160642570281124,0.07296634400666731,0.0753955286724696,0.002429184665802289
fedprox,777,bearing,pooled,cnn-ae,K006,fuzzy_warning_as_alarm_hi50,0.05082212257100149,0.0,0.9739263803680982,0.040160642570281124,0.07296634400666731,0.0753955286724696,0.002429184665802289
fedprox,777,bearing,pooled,cnn-ae,K006,fuzzy_fault_only_hi75,0.033182503770739065,0.0,0.9831288343558282,0.040160642570281124,0.07296634400666731,0.0753955286724696,0.002429184665802289
fedprox,777,bearing,client_specific,cnn-ae,K001,hard_val_p95,0.08043158410985778,0.027777777777777776,0.9580777096114519,0.06676706827309237,0.09339147409821275,0.10263563386562699,0.009244159767414245
fedprox,777,bearing,client_specific,cnn-ae,K001,fuzzy_warning_as_alarm_hi50,0.08043158410985778,0.027777777777777776,0.9580777096114519,0.06676706827309237,0.09339147409821275,0.10263563386562699,0.009244159767414245
fedprox,777,bearing,client_specific,cnn-ae,K001,fuzzy_fault_only_hi75,0.04202101050525263,0.027777777777777776,0.9785276073619632,0.06676706827309237,0.09339147409821275,0.10263563386562699,0.009244159767414245
fedprox,777,bearing,pooled,cnn-ae,K001,hard_val_p95,0.07760314341846758,0.027777777777777776,0.9596114519427403,0.06275100401606426,0.08246122349493354,0.08907871928206532,0.0066174957871317774
fedprox,777,bearing,pooled,cnn-ae,K001,fuzzy_warning_as_alarm_hi50,0.07760314341846758,0.027777777777777776,0.9596114519427403,0.06275100401606426,0.08246122349493354,0.08907871928206532,0.0066174957871317774
fedprox,777,bearing,pooled,cnn-ae,K001,fuzzy_fault_only_hi75,0.03612644254892122,0.027777777777777776,0.9815950920245399,0.06275100401606426,0.08246122349493354,0.08907871928206532,0.0066174957871317774
fedprox,777,bearing,client_specific,cnn-ae,K002,hard_val_p95,0.22383325781603988,0.1111111111111111,0.873721881390593,0.056726907630522086,0.17902536977128064,0.16820436580079032,-0.010821003970490323
fedprox,777,bearing,client_specific,cnn-ae,K002,fuzzy_warning_as_alarm_hi50,0.22383325781603988,0.1111111111111111,0.873721881390593,0.056726907630522086,0.17902536977128064,0.16820436580079032,-0.010821003970490323
fedprox,777,bearing,client_specific,cnn-ae,K002,fuzzy_fault_only_hi75,0.18012999071494892,0.1111111111111111,0.9008179959100204,0.056726907630522086,0.17902536977128064,0.16820436580079032,-0.010821003970490323
fedprox,777,bearing,pooled,cnn-ae,K002,hard_val_p95,0.07756504663721159,0.05555555555555555,0.9596114519427403,0.06275100401606426,0.11275240048529042,0.08907871928206532,-0.023673681203225105
fedprox,777,bearing,pooled,cnn-ae,K002,fuzzy_warning_as_alarm_hi50,0.07756504663721159,0.05555555555555555,0.9596114519427403,0.06275100401606426,0.11275240048529042,0.08907871928206532,-0.023673681203225105
fedprox,777,bearing,pooled,cnn-ae,K002,fuzzy_fault_only_hi75,0.03610832497492478,0.05555555555555555,0.9815950920245399,0.06275100401606426,0.11275240048529042,0.08907871928206532,-0.023673681203225105
fedprox,777,bearing,client_specific,cnn-ae,K003,hard_val_p95,0.022244691607684528,0.0,0.9887525562372188,0.024586051179126944,0.03501897344899691,0.06281420774900628,0.027795234300009374
fedprox,777,bearing,client_specific,cnn-ae,K003,fuzzy_warning_as_alarm_hi50,0.022244691607684528,0.0,0.9887525562372188,0.024586051179126944,0.03501897344899691,0.06281420774900628,0.027795234300009374
fedprox,777,bearing,client_specific,cnn-ae,K003,fuzzy_fault_only_hi75,0.013204672422549517,0.0,0.9933537832310838,0.024586051179126944,0.03501897344899691,0.06281420774900628,0.027795234300009374
fedprox,777,bearing,pooled,cnn-ae,K003,hard_val_p95,0.07764127764127764,0.0,0.9596114519427403,0.06271951831409935,0.043831952098116404,0.08907871928206532,0.04524676718394891
fedprox,777,bearing,pooled,cnn-ae,K003,fuzzy_warning_as_alarm_hi50,0.07764127764127764,0.0,0.9596114519427403,0.06271951831409935,0.043831952098116404,0.08907871928206532,0.04524676718394891
fedprox,777,bearing,pooled,cnn-ae,K003,fuzzy_fault_only_hi75,0.03614457831325301,0.0,0.9815950920245399,0.06271951831409935,0.043831952098116404,0.08907871928206532,0.04524676718394891
fedprox,777,bearing,client_specific,cnn-ae,K004,hard_val_p95,0.15544041450777202,0.05555555555555555,0.9156441717791411,0.0572289156626506,0.10304854053072993,0.11243974174038272,0.009391201209652797
fedprox,777,bearing,client_specific,cnn-ae,K004,fuzzy_warning_as_alarm_hi50,0.15544041450777202,0.05555555555555555,0.9156441717791411,0.0572289156626506,0.10304854053072993,0.11243974174038272,0.009391201209652797
fedprox,777,bearing,client_specific,cnn-ae,K004,fuzzy_fault_only_hi75,0.1110574601641719,0.0,0.9412065439672802,0.0572289156626506,0.10304854053072993,0.11243974174038272,0.009391201209652797
fedprox,777,bearing,pooled,cnn-ae,K004,hard_val_p95,0.07764127764127764,0.0,0.9596114519427403,0.06325301204819277,0.08892095807213189,0.08907871928206532,0.00015776120993342413
fedprox,777,bearing,pooled,cnn-ae,K004,fuzzy_warning_as_alarm_hi50,0.07764127764127764,0.0,0.9596114519427403,0.06325301204819277,0.08892095807213189,0.08907871928206532,0.00015776120993342413
fedprox,777,bearing,pooled,cnn-ae,K004,fuzzy_fault_only_hi75,0.03614457831325301,0.0,0.9815950920245399,0.06325301204819277,0.08892095807213189,0.08907871928206532,0.00015776120993342413
fedprox,777,bearing,client_specific,cnn-ae,K005,hard_val_p95,0.05952380952380952,0.0,0.9693251533742331,0.0321285140562249,0.04757889982233655,0.0762308274881975,0.02865192766586095
fedprox,777,bearing,client_specific,cnn-ae,K005,fuzzy_warning_as_alarm_hi50,0.05952380952380952,0.0,0.9693251533742331,0.0321285140562249,0.04757889982233655,0.0762308274881975,0.02865192766586095
fedprox,777,bearing,client_specific,cnn-ae,K005,fuzzy_fault_only_hi75,0.044977511244377814,0.0,0.9769938650306749,0.0321285140562249,0.04757889982233655,0.0762308274881975,0.02865192766586095
fedprox,777,bearing,pooled,cnn-ae,K005,hard_val_p95,0.07760314341846758,0.027777777777777776,0.9596114519427403,0.06375502008032129,0.06258153180714145,0.08907871928206532,0.02649718747492387
fedprox,777,bearing,pooled,cnn-ae,K005,fuzzy_warning_as_alarm_hi50,0.07760314341846758,0.027777777777777776,0.9596114519427403,0.06375502008032129,0.06258153180714145,0.08907871928206532,0.02649718747492387
fedprox,777,bearing,pooled,cnn-ae,K005,fuzzy_fault_only_hi75,0.03614457831325301,0.0,0.9815950920245399,0.06375502008032129,0.06258153180714145,0.08907871928206532,0.02649718747492387
fedprox,777,bearing,client_specific,cnn-ae,K006,hard_val_p95,0.11911623439000961,0.05555555555555555,0.9366053169734151,0.03313253012048193,0.11277868581917778,0.11758587738269673,0.004807191563518942
fedprox,777,bearing,client_specific,cnn-ae,K006,fuzzy_warning_as_alarm_hi50,0.11911623439000961,0.05555555555555555,0.9366053169734151,0.03313253012048193,0.11277868581917778,0.11758587738269673,0.004807191563518942
fedprox,777,bearing,client_specific,cnn-ae,K006,fuzzy_fault_only_hi75,0.10368217054263566,0.027777777777777776,0.9452965235173824,0.03313253012048193,0.11277868581917778,0.11758587738269673,0.004807191563518942
fedprox,777,bearing,pooled,cnn-ae,K006,hard_val_p95,0.07760314341846758,0.027777777777777776,0.9596114519427403,0.06325301204819277,0.08618341616013353,0.08907871928206532,0.002895303121931786
fedprox,777,bearing,pooled,cnn-ae,K006,fuzzy_warning_as_alarm_hi50,0.07760314341846758,0.027777777777777776,0.9596114519427403,0.06325301204819277,0.08618341616013353,0.08907871928206532,0.002895303121931786
fedprox,777,bearing,pooled,cnn-ae,K006,fuzzy_fault_only_hi75,0.03614457831325301,0.0,0.9815950920245399,0.06325301204819277,0.08618341616013353,0.08907871928206532,0.002895303121931786
fedprox,777,bearing,client_specific,cnn-ae,K001,hard_val_p95,0.0803921568627451,0.05555555555555555,0.9580777096114519,0.01957831325301205,0.12332500756604912,0.10896166398441269,-0.014363343581636434
fedprox,777,bearing,client_specific,cnn-ae,K001,fuzzy_warning_as_alarm_hi50,0.0803921568627451,0.05555555555555555,0.9580777096114519,0.01957831325301205,0.12332500756604912,0.10896166398441269,-0.014363343581636434
fedprox,777,bearing,client_specific,cnn-ae,K001,fuzzy_fault_only_hi75,0.07472959685349066,0.05555555555555555,0.9611451942740287,0.01957831325301205,0.12332500756604912,0.10896166398441269,-0.014363343581636434
fedprox,777,bearing,pooled,cnn-ae,K001,hard_val_p95,0.06045589692765114,0.027777777777777776,0.9688139059304703,0.03765060240963856,0.08226139292827742,0.07570952801471248,-0.0065518649135649365
fedprox,777,bearing,pooled,cnn-ae,K001,fuzzy_warning_as_alarm_hi50,0.06045589692765114,0.027777777777777776,0.9688139059304703,0.03765060240963856,0.08226139292827742,0.07570952801471248,-0.0065518649135649365
fedprox,777,bearing,pooled,cnn-ae,K001,fuzzy_fault_only_hi75,0.029219143576826197,0.0,0.9851738241308794,0.03765060240963856,0.08226139292827742,0.07570952801471248,-0.0065518649135649365
fedprox,777,bearing,client_specific,cnn-ae,K002,hard_val_p95,0.04008016032064128,0.0,0.9795501022494888,0.01957831325301205,0.048981922911893794,0.058186325138292715,0.00920440222639892
fedprox,777,bearing,client_specific,cnn-ae,K002,fuzzy_warning_as_alarm_hi50,0.04008016032064128,0.0,0.9795501022494888,0.01957831325301205,0.048981922911893794,0.058186325138292715,0.00920440222639892
fedprox,777,bearing,client_specific,cnn-ae,K002,fuzzy_fault_only_hi75,0.02523977788995457,0.0,0.9872188139059305,0.01957831325301205,0.048981922911893794,0.058186325138292715,0.00920440222639892
fedprox,777,bearing,pooled,cnn-ae,K002,hard_val_p95,0.06045589692765114,0.027777777777777776,0.9688139059304703,0.03765060240963856,0.07154183033228621,0.07570952801471248,0.004167697682426266
fedprox,777,bearing,pooled,cnn-ae,K002,fuzzy_warning_as_alarm_hi50,0.06045589692765114,0.027777777777777776,0.9688139059304703,0.03765060240963856,0.07154183033228621,0.07570952801471248,0.004167697682426266
fedprox,777,bearing,pooled,cnn-ae,K002,fuzzy_fault_only_hi75,0.029219143576826197,0.0,0.9851738241308794,0.03765060240963856,0.07154183033228621,0.07570952801471248,0.004167697682426266
fedprox,777,bearing,client_specific,cnn-ae,K003,hard_val_p95,0.07381889763779527,0.02702702702702703,0.9616564417177914,0.04666332162568992,0.08039469090258144,0.1027422126051928,0.022347521702611353
fedprox,777,bearing,client_specific,cnn-ae,K003,fuzzy_warning_as_alarm_hi50,0.07381889763779527,0.02702702702702703,0.9616564417177914,0.04666332162568992,0.08039469090258144,0.1027422126051928,0.022347521702611353
fedprox,777,bearing,client_specific,cnn-ae,K003,fuzzy_fault_only_hi75,0.03614457831325301,0.0,0.9815950920245399,0.04666332162568992,0.08039469090258144,0.1027422126051928,0.022347521702611353
fedprox,777,bearing,pooled,cnn-ae,K003,hard_val_p95,0.06048587010411502,0.0,0.9688139059304703,0.03712995484194681,0.0457649587674396,0.07570952801471248,0.02994456924727288
fedprox,777,bearing,pooled,cnn-ae,K003,fuzzy_warning_as_alarm_hi50,0.06048587010411502,0.0,0.9688139059304703,0.03712995484194681,0.0457649587674396,0.07570952801471248,0.02994456924727288
fedprox,777,bearing,pooled,cnn-ae,K003,fuzzy_fault_only_hi75,0.029219143576826197,0.0,0.9851738241308794,0.03712995484194681,0.0457649587674396,0.07570952801471248,0.02994456924727288
fedprox,777,bearing,client_specific,cnn-ae,K004,hard_val_p95,0.1235632183908046,0.08333333333333333,0.9340490797546013,0.04769076305220884,0.11653474774918766,0.09809024777810987,-0.01844449997107779
fedprox,777,bearing,client_specific,cnn-ae,K004,fuzzy_warning_as_alarm_hi50,0.1235632183908046,0.08333333333333333,0.9340490797546013,0.04769076305220884,0.11653474774918766,0.09809024777810987,-0.01844449997107779
fedprox,777,bearing,client_specific,cnn-ae,K004,fuzzy_fault_only_hi75,0.09898107714701601,0.08333333333333333,0.9478527607361963,0.04769076305220884,0.11653474774918766,0.09809024777810987,-0.01844449997107779
fedprox,777,bearing,pooled,cnn-ae,K004,hard_val_p95,0.06045589692765114,0.027777777777777776,0.9688139059304703,0.03765060240963856,0.08394844946886125,0.07570952801471248,-0.00823892145414877
fedprox,777,bearing,pooled,cnn-ae,K004,fuzzy_warning_as_alarm_hi50,0.06045589692765114,0.027777777777777776,0.9688139059304703,0.03765060240963856,0.08394844946886125,0.07570952801471248,-0.00823892145414877
fedprox,777,bearing,pooled,cnn-ae,K004,fuzzy_fault_only_hi75,0.02920443101711984,0.027777777777777776,0.9851738241308794,0.03765060240963856,0.08394844946886125,0.07570952801471248,-0.00823892145414877
fedprox,777,bearing,client_specific,cnn-ae,K005,hard_val_p95,0.021244309559939303,0.0,0.9892638036809815,0.013052208835341365,0.03965845141859556,0.054999703402099365,0.015341251983503806
fedprox,777,bearing,client_specific,cnn-ae,K005,fuzzy_warning_as_alarm_hi50,0.021244309559939303,0.0,0.9892638036809815,0.013052208835341365,0.03965845141859556,0.054999703402099365,0.015341251983503806
fedprox,777,bearing,client_specific,cnn-ae,K005,fuzzy_fault_only_hi75,0.014213197969543147,0.0,0.9928425357873211,0.013052208835341365,0.03965845141859556,0.054999703402099365,0.015341251983503806
fedprox,777,bearing,pooled,cnn-ae,K005,hard_val_p95,0.06048587010411502,0.0,0.9688139059304703,0.03714859437751004,0.05132149772667136,0.07570952801471248,0.024388030288041117
fedprox,777,bearing,pooled,cnn-ae,K005,fuzzy_warning_as_alarm_hi50,0.06048587010411502,0.0,0.9688139059304703,0.03714859437751004,0.05132149772667136,0.07570952801471248,0.024388030288041117
fedprox,777,bearing,pooled,cnn-ae,K005,fuzzy_fault_only_hi75,0.029219143576826197,0.0,0.9851738241308794,0.03714859437751004,0.05132149772667136,0.07570952801471248,0.024388030288041117
fedprox,777,bearing,client_specific,cnn-ae,K006,hard_val_p95,0.08500244259892525,0.1111111111111111,0.9555214723926381,0.03815261044176707,0.13832327523491458,0.08658425742467164,-0.05173901781024294
fedprox,777,bearing,client_specific,cnn-ae,K006,fuzzy_warning_as_alarm_hi50,0.08500244259892525,0.1111111111111111,0.9555214723926381,0.03815261044176707,0.13832327523491458,0.08658425742467164,-0.05173901781024294
fedprox,777,bearing,client_specific,cnn-ae,K006,fuzzy_fault_only_hi75,0.05751115518096182,0.08333333333333333,0.9703476482617587,0.03815261044176707,0.13832327523491458,0.08658425742467164,-0.05173901781024294
fedprox,777,bearing,pooled,cnn-ae,K006,hard_val_p95,0.060396039603960394,0.08333333333333333,0.9688139059304703,0.03765060240963856,0.1168070880431024,0.07570952801471248,-0.04109756002838992
fedprox,777,bearing,pooled,cnn-ae,K006,fuzzy_warning_as_alarm_hi50,0.060396039603960394,0.08333333333333333,0.9688139059304703,0.03765060240963856,0.1168070880431024,0.07570952801471248,-0.04109756002838992
fedprox,777,bearing,pooled,cnn-ae,K006,fuzzy_fault_only_hi75,0.0291897332662305,0.05555555555555555,0.9851738241308794,0.03765060240963856,0.1168070880431024,0.07570952801471248,-0.04109756002838992
fedprox,777,bearing,client_specific,cnn-ae,K001,hard_val_p95,0.0775269872423945,0.08333333333333333,0.9596114519427403,0.023092369477911646,0.1341919680411649,0.09987613853158699,-0.034315829509577914
fedprox,777,bearing,client_specific,cnn-ae,K001,fuzzy_warning_as_alarm_hi50,0.0775269872423945,0.08333333333333333,0.9596114519427403,0.023092369477911646,0.1341919680411649,0.09987613853158699,-0.034315829509577914
fedprox,777,bearing,client_specific,cnn-ae,K001,fuzzy_fault_only_hi75,0.05756823821339951,0.027777777777777776,0.9703476482617587,0.023092369477911646,0.1341919680411649,0.09987613853158699,-0.034315829509577914
fedprox,777,bearing,pooled,cnn-ae,K001,hard_val_p95,0.06998521439132578,0.05555555555555555,0.9637014314928425,0.038654618473895584,0.1226898995943607,0.09202522340394279,-0.03066467619041792
fedprox,777,bearing,pooled,cnn-ae,K001,fuzzy_warning_as_alarm_hi50,0.06998521439132578,0.05555555555555555,0.9637014314928425,0.038654618473895584,0.1226898995943607,0.09202522340394279,-0.03066467619041792
fedprox,777,bearing,pooled,cnn-ae,K001,fuzzy_fault_only_hi75,0.043,0.027777777777777776,0.9780163599182005,0.038654618473895584,0.1226898995943607,0.09202522340394279,-0.03066467619041792
fedprox,777,bearing,client_specific,cnn-ae,K002,hard_val_p95,0.1442125237191651,0.0,0.9222903885480572,0.05421686746987952,0.03910002134131108,0.13319037282681526,0.09409035148550418
fedprox,777,bearing,client_specific,cnn-ae,K002,fuzzy_warning_as_alarm_hi50,0.1442125237191651,0.0,0.9222903885480572,0.05421686746987952,0.03910002134131108,0.13319037282681526,0.09409035148550418
fedprox,777,bearing,client_specific,cnn-ae,K002,fuzzy_fault_only_hi75,0.08235294117647059,0.0,0.9570552147239264,0.05421686746987952,0.03910002134131108,0.13319037282681526,0.09409035148550418
fedprox,777,bearing,pooled,cnn-ae,K002,hard_val_p95,0.07005426739023186,0.0,0.9637014314928425,0.03765060240963856,0.02416943390270654,0.09202522340394279,0.06785578950123625
fedprox,777,bearing,pooled,cnn-ae,K002,fuzzy_warning_as_alarm_hi50,0.07005426739023186,0.0,0.9637014314928425,0.03765060240963856,0.02416943390270654,0.09202522340394279,0.06785578950123625
fedprox,777,bearing,pooled,cnn-ae,K002,fuzzy_fault_only_hi75,0.04302151075537769,0.0,0.9780163599182005,0.03765060240963856,0.02416943390270654,0.09202522340394279,0.06785578950123625
fedprox,777,bearing,client_specific,cnn-ae,K003,hard_val_p95,0.028211586901763223,0.02702702702702703,0.9856850715746421,0.018564977420973405,0.07613962156949275,0.07144354520646105,-0.004696076363031695
fedprox,777,bearing,client_specific,cnn-ae,K003,fuzzy_warning_as_alarm_hi50,0.028211586901763223,0.02702702702702703,0.9856850715746421,0.018564977420973405,0.07613962156949275,0.07144354520646105,-0.004696076363031695
fedprox,777,bearing,client_specific,cnn-ae,K003,fuzzy_fault_only_hi75,0.016218955904713634,0.02702702702702703,0.9918200408997955,0.018564977420973405,0.07613962156949275,0.07144354520646105,-0.004696076363031695
fedprox,777,bearing,pooled,cnn-ae,K003,hard_val_p95,0.07001972386587771,0.02702702702702703,0.9637014314928425,0.03763171098845961,0.0818189337862679,0.09202522340394279,0.01020628961767489
fedprox,777,bearing,pooled,cnn-ae,K003,fuzzy_warning_as_alarm_hi50,0.07001972386587771,0.02702702702702703,0.9637014314928425,0.03763171098845961,0.0818189337862679,0.09202522340394279,0.01020628961767489
fedprox,777,bearing,pooled,cnn-ae,K003,fuzzy_fault_only_hi75,0.043,0.02702702702702703,0.9780163599182005,0.03763171098845961,0.0818189337862679,0.09202522340394279,0.01020628961767489
fedprox,777,bearing,client_specific,cnn-ae,K004,hard_val_p95,0.11368015414258188,0.05555555555555555,0.9396728016359919,0.07078313253012049,0.12046756863012734,0.11715234040244796,-0.0033152282276793787
fedprox,777,bearing,client_specific,cnn-ae,K004,fuzzy_warning_as_alarm_hi50,0.11368015414258188,0.05555555555555555,0.9396728016359919,0.07078313253012049,0.12046756863012734,0.11715234040244796,-0.0033152282276793787
fedprox,777,bearing,client_specific,cnn-ae,K004,fuzzy_fault_only_hi75,0.09161793372319688,0.05555555555555555,0.9519427402862985,0.07078313253012049,0.12046756863012734,0.11715234040244796,-0.0033152282276793787
fedprox,777,bearing,pooled,cnn-ae,K004,hard_val_p95,0.07001972386587771,0.027777777777777776,0.9637014314928425,0.03815261044176707,0.10416203930743835,0.09202522340394279,-0.012136815903495565
fedprox,777,bearing,pooled,cnn-ae,K004,fuzzy_warning_as_alarm_hi50,0.07001972386587771,0.027777777777777776,0.9637014314928425,0.03815261044176707,0.10416203930743835,0.09202522340394279,-0.012136815903495565
fedprox,777,bearing,pooled,cnn-ae,K004,fuzzy_fault_only_hi75,0.043,0.027777777777777776,0.9780163599182005,0.03815261044176707,0.10416203930743835,0.09202522340394279,-0.012136815903495565
fedprox,777,bearing,client_specific,cnn-ae,K005,hard_val_p95,0.04008016032064128,0.0,0.9795501022494888,0.025602409638554216,0.04669092371907349,0.0729849080836249,0.02629398436455141
fedprox,777,bearing,client_specific,cnn-ae,K005,fuzzy_warning_as_alarm_hi50,0.04008016032064128,0.0,0.9795501022494888,0.025602409638554216,0.04669092371907349,0.0729849080836249,0.02629398436455141
fedprox,777,bearing,client_specific,cnn-ae,K005,fuzzy_fault_only_hi75,0.04008016032064128,0.0,0.9795501022494888,0.025602409638554216,0.04669092371907349,0.0729849080836249,0.02629398436455141
fedprox,777,bearing,pooled,cnn-ae,K005,hard_val_p95,0.07001972386587771,0.027777777777777776,0.9637014314928425,0.03815261044176707,0.06387345263244813,0.09202522340394279,0.028151770771494652
fedprox,777,bearing,pooled,cnn-ae,K005,fuzzy_warning_as_alarm_hi50,0.07001972386587771,0.027777777777777776,0.9637014314928425,0.03815261044176707,0.06387345263244813,0.09202522340394279,0.028151770771494652
fedprox,777,bearing,pooled,cnn-ae,K005,fuzzy_fault_only_hi75,0.04302151075537769,0.0,0.9780163599182005,0.03815261044176707,0.06387345263244813,0.09202522340394279,0.028151770771494652
fedprox,777,bearing,client_specific,cnn-ae,K006,hard_val_p95,0.10353168843734882,0.1111111111111111,0.9452965235173824,0.0391566265060241,0.16224175976569463,0.09894672550946546,-0.06329503425622918
fedprox,777,bearing,client_specific,cnn-ae,K006,fuzzy_warning_as_alarm_hi50,0.10353168843734882,0.1111111111111111,0.9452965235173824,0.0391566265060241,0.16224175976569463,0.09894672550946546,-0.06329503425622918
fedprox,777,bearing,client_specific,cnn-ae,K006,fuzzy_fault_only_hi75,0.0718503937007874,0.08333333333333333,0.962678936605317,0.0391566265060241,0.16224175976569463,0.09894672550946546,-0.06329503425622918
fedprox,777,bearing,pooled,cnn-ae,K006,hard_val_p95,0.06995073891625615,0.08333333333333333,0.9637014314928425,0.0391566265060241,0.14749061255323348,0.09202522340394279,-0.055465389149290695
fedprox,777,bearing,pooled,cnn-ae,K006,fuzzy_warning_as_alarm_hi50,0.06995073891625615,0.08333333333333333,0.9637014314928425,0.0391566265060241,0.14749061255323348,0.09202522340394279,-0.055465389149290695
fedprox,777,bearing,pooled,cnn-ae,K006,fuzzy_fault_only_hi75,0.043,0.027777777777777776,0.9780163599182005,0.0391566265060241,0.14749061255323348,0.09202522340394279,-0.055465389149290695
fedprox,777,bearing,client_specific,cnn-ae,K001,hard_val_p95,0.087890625,0.05555555555555555,0.9539877300613497,0.04769076305220884,0.1331524059811946,0.08325274411843496,-0.04989966186275964
fedprox,777,bearing,client_specific,cnn-ae,K001,fuzzy_warning_as_alarm_hi50,0.087890625,0.05555555555555555,0.9539877300613497,0.04769076305220884,0.1331524059811946,0.08325274411843496,-0.04989966186275964
fedprox,777,bearing,client_specific,cnn-ae,K001,fuzzy_fault_only_hi75,0.03117144293614882,0.05555555555555555,0.9841513292433538,0.04769076305220884,0.1331524059811946,0.08325274411843496,-0.04989966186275964
fedprox,777,bearing,pooled,cnn-ae,K001,hard_val_p95,0.06617283950617284,0.05555555555555555,0.9657464212678937,0.040160642570281124,0.12516546680041063,0.07797593056791972,-0.047189536232490906
fedprox,777,bearing,pooled,cnn-ae,K001,fuzzy_warning_as_alarm_hi50,0.06617283950617284,0.05555555555555555,0.9657464212678937,0.040160642570281124,0.12516546680041063,0.07797593056791972,-0.047189536232490906
fedprox,777,bearing,pooled,cnn-ae,K001,fuzzy_fault_only_hi75,0.02620967741935484,0.05555555555555555,0.9867075664621677,0.040160642570281124,0.12516546680041063,0.07797593056791972,-0.047189536232490906
fedprox,777,bearing,client_specific,cnn-ae,K002,hard_val_p95,0.08043158410985778,0.027777777777777776,0.9580777096114519,0.06475903614457831,0.05537444976431601,0.1777938267022504,0.1224193769379344
fedprox,777,bearing,client_specific,cnn-ae,K002,fuzzy_warning_as_alarm_hi50,0.08043158410985778,0.027777777777777776,0.9580777096114519,0.06475903614457831,0.05537444976431601,0.1777938267022504,0.1224193769379344
fedprox,777,bearing,client_specific,cnn-ae,K002,fuzzy_fault_only_hi75,0.033165829145728645,0.027777777777777776,0.9831288343558282,0.06475903614457831,0.05537444976431601,0.1777938267022504,0.1224193769379344
fedprox,777,bearing,pooled,cnn-ae,K002,hard_val_p95,0.06620553359683795,0.027777777777777776,0.9657464212678937,0.03965863453815261,0.02766615253753567,0.07797593056791972,0.050309778030384056
fedprox,777,bearing,pooled,cnn-ae,K002,fuzzy_warning_as_alarm_hi50,0.06620553359683795,0.027777777777777776,0.9657464212678937,0.03965863453815261,0.02766615253753567,0.07797593056791972,0.050309778030384056
fedprox,777,bearing,pooled,cnn-ae,K002,fuzzy_fault_only_hi75,0.026222894604135148,0.027777777777777776,0.9867075664621677,0.03965863453815261,0.02766615253753567,0.07797593056791972,0.050309778030384056
fedprox,777,bearing,client_specific,cnn-ae,K003,hard_val_p95,0.0527363184079602,0.02702702702702703,0.9729038854805726,0.03311590566984446,0.06605297029494044,0.07928072361765581,0.013227753322715377
fedprox,777,bearing,client_specific,cnn-ae,K003,fuzzy_warning_as_alarm_hi50,0.0527363184079602,0.02702702702702703,0.9729038854805726,0.03311590566984446,0.06605297029494044,0.07928072361765581,0.013227753322715377
fedprox,777,bearing,client_specific,cnn-ae,K003,fuzzy_fault_only_hi75,0.046929605591612585,0.0,0.9759713701431493,0.03311590566984446,0.06605297029494044,0.07928072361765581,0.013227753322715377
fedprox,777,bearing,pooled,cnn-ae,K003,hard_val_p95,0.06620553359683795,0.02702702702702703,0.9657464212678937,0.040642247867536375,0.06526792822044532,0.07797593056791972,0.012708002347474406
fedprox,777,bearing,pooled,cnn-ae,K003,fuzzy_warning_as_alarm_hi50,0.06620553359683795,0.02702702702702703,0.9657464212678937,0.040642247867536375,0.06526792822044532,0.07797593056791972,0.012708002347474406
fedprox,777,bearing,pooled,cnn-ae,K003,fuzzy_fault_only_hi75,0.026236125126135216,0.0,0.9867075664621677,0.040642247867536375,0.06526792822044532,0.07797593056791972,0.012708002347474406
fedprox,777,bearing,client_specific,cnn-ae,K004,hard_val_p95,0.04495504495504495,0.027777777777777776,0.9769938650306749,0.021586345381526106,0.06094122739441383,0.0443995198755451,-0.01654170751886873
fedprox,777,bearing,client_specific,cnn-ae,K004,fuzzy_warning_as_alarm_hi50,0.04495504495504495,0.027777777777777776,0.9769938650306749,0.021586345381526106,0.06094122739441383,0.0443995198755451,-0.01654170751886873
fedprox,777,bearing,client_specific,cnn-ae,K004,fuzzy_fault_only_hi75,0.024230186774356385,0.027777777777777776,0.9877300613496932,0.021586345381526106,0.06094122739441383,0.0443995198755451,-0.01654170751886873
fedprox,777,bearing,pooled,cnn-ae,K004,hard_val_p95,0.06620553359683795,0.027777777777777776,0.9657464212678937,0.03965863453815261,0.10458476257472343,0.07797593056791972,-0.02660883200680371
fedprox,777,bearing,pooled,cnn-ae,K004,fuzzy_warning_as_alarm_hi50,0.06620553359683795,0.027777777777777776,0.9657464212678937,0.03965863453815261,0.10458476257472343,0.07797593056791972,-0.02660883200680371
fedprox,777,bearing,pooled,cnn-ae,K004,fuzzy_fault_only_hi75,0.026222894604135148,0.027777777777777776,0.9867075664621677,0.03965863453815261,0.10458476257472343,0.07797593056791972,-0.02660883200680371
fedprox,777,bearing,client_specific,cnn-ae,K005,hard_val_p95,0.13072519083969467,0.08333333333333333,0.929959100204499,0.0607429718875502,0.10454075404928076,0.1374279772159038,0.03288722316662304
fedprox,777,bearing,client_specific,cnn-ae,K005,fuzzy_warning_as_alarm_hi50,0.13072519083969467,0.08333333333333333,0.929959100204499,0.0607429718875502,0.10454075404928076,0.1374279772159038,0.03288722316662304
fedprox,777,bearing,client_specific,cnn-ae,K005,fuzzy_fault_only_hi75,0.07001972386587771,0.027777777777777776,0.9637014314928425,0.0607429718875502,0.10454075404928076,0.1374279772159038,0.03288722316662304
fedprox,777,bearing,pooled,cnn-ae,K005,hard_val_p95,0.06620553359683795,0.027777777777777776,0.9657464212678937,0.03965863453815261,0.06022569810143287,0.07797593056791972,0.017750232466486854
fedprox,777,bearing,pooled,cnn-ae,K005,fuzzy_warning_as_alarm_hi50,0.06620553359683795,0.027777777777777776,0.9657464212678937,0.03965863453815261,0.06022569810143287,0.07797593056791972,0.017750232466486854
fedprox,777,bearing,pooled,cnn-ae,K005,fuzzy_fault_only_hi75,0.026222894604135148,0.027777777777777776,0.9867075664621677,0.03965863453815261,0.06022569810143287,0.07797593056791972,0.017750232466486854
fedprox,777,bearing,client_specific,cnn-ae,K006,hard_val_p95,0.06995073891625615,0.08333333333333333,0.9637014314928425,0.026606425702811246,0.12106148082769863,0.0666338257471057,-0.05442765508059293
fedprox,777,bearing,client_specific,cnn-ae,K006,fuzzy_warning_as_alarm_hi50,0.06995073891625615,0.08333333333333333,0.9637014314928425,0.026606425702811246,0.12106148082769863,0.0666338257471057,-0.05442765508059293
fedprox,777,bearing,client_specific,cnn-ae,K006,fuzzy_fault_only_hi75,0.0536779324055666,0.05555555555555555,0.9723926380368099,0.026606425702811246,0.12106148082769863,0.0666338257471057,-0.05442765508059293
fedprox,777,bearing,pooled,cnn-ae,K006,hard_val_p95,0.06614017769002961,0.08333333333333333,0.9657464212678937,0.04066265060240964,0.13951301651795758,0.07797593056791972,-0.06153708595003786
fedprox,777,bearing,pooled,cnn-ae,K006,fuzzy_warning_as_alarm_hi50,0.06614017769002961,0.08333333333333333,0.9657464212678937,0.04066265060240964,0.13951301651795758,0.07797593056791972,-0.06153708595003786
fedprox,777,bearing,pooled,cnn-ae,K006,fuzzy_fault_only_hi75,0.02620967741935484,0.05555555555555555,0.9867075664621677,0.04066265060240964,0.13951301651795758,0.07797593056791972,-0.06153708595003786
fedprox,777,bearing,client_specific,cnn-ae,K001,hard_val_p95,0.027190332326283987,0.08333333333333333,0.9861963190184049,0.01706827309236948,0.14514180842777186,0.05615487777301579,-0.08898693065475607
fedprox,777,bearing,client_specific,cnn-ae,K001,fuzzy_warning_as_alarm_hi50,0.027190332326283987,0.08333333333333333,0.9861963190184049,0.01706827309236948,0.14514180842777186,0.05615487777301579,-0.08898693065475607
fedprox,777,bearing,client_specific,cnn-ae,K001,fuzzy_fault_only_hi75,0.018218623481781375,0.05555555555555555,0.99079754601227,0.01706827309236948,0.14514180842777186,0.05615487777301579,-0.08898693065475607
fedprox,777,bearing,pooled,cnn-ae,K001,hard_val_p95,0.02619647355163728,0.08333333333333333,0.9867075664621677,0.027610441767068273,0.1508366014372932,0.06582830246900678,-0.0850082989682864
fedprox,777,bearing,pooled,cnn-ae,K001,fuzzy_warning_as_alarm_hi50,0.02619647355163728,0.08333333333333333,0.9867075664621677,0.027610441767068273,0.1508366014372932,0.06582830246900678,-0.0850082989682864
fedprox,777,bearing,pooled,cnn-ae,K001,fuzzy_fault_only_hi75,0.016218955904713634,0.027777777777777776,0.9918200408997955,0.027610441767068273,0.1508366014372932,0.06582830246900678,-0.0850082989682864
fedprox,777,bearing,client_specific,cnn-ae,K002,hard_val_p95,0.09352167559668777,0.027777777777777776,0.950920245398773,0.0677710843373494,0.05983423452367474,0.21059001498553526,0.1507557804618605
fedprox,777,bearing,client_specific,cnn-ae,K002,fuzzy_warning_as_alarm_hi50,0.09352167559668777,0.027777777777777776,0.950920245398773,0.0677710843373494,0.05983423452367474,0.21059001498553526,0.1507557804618605
fedprox,777,bearing,client_specific,cnn-ae,K002,fuzzy_fault_only_hi75,0.04593110334498253,0.027777777777777776,0.976482617586912,0.0677710843373494,0.05983423452367474,0.21059001498553526,0.1507557804618605
fedprox,777,bearing,pooled,cnn-ae,K002,hard_val_p95,0.026222894604135148,0.027777777777777776,0.9867075664621677,0.026606425702811246,0.036878554805884464,0.06582830246900678,0.02894974766312232
fedprox,777,bearing,pooled,cnn-ae,K002,fuzzy_warning_as_alarm_hi50,0.026222894604135148,0.027777777777777776,0.9867075664621677,0.026606425702811246,0.036878554805884464,0.06582830246900678,0.02894974766312232
fedprox,777,bearing,pooled,cnn-ae,K002,fuzzy_fault_only_hi75,0.016218955904713634,0.027777777777777776,0.9918200408997955,0.026606425702811246,0.036878554805884464,0.06582830246900678,0.02894974766312232
fedprox,777,bearing,client_specific,cnn-ae,K003,hard_val_p95,0.01017293997965412,0.0,0.9948875255623721,0.014049172102358254,0.07445389459991407,0.05647358853231255,-0.017980306067601516
fedprox,777,bearing,client_specific,cnn-ae,K003,fuzzy_warning_as_alarm_hi50,0.01017293997965412,0.0,0.9948875255623721,0.014049172102358254,0.07445389459991407,0.05647358853231255,-0.017980306067601516
fedprox,777,bearing,client_specific,cnn-ae,K003,fuzzy_fault_only_hi75,0.008146639511201629,0.0,0.9959100204498977,0.014049172102358254,0.07445389459991407,0.05647358853231255,-0.017980306067601516
fedprox,777,bearing,pooled,cnn-ae,K003,hard_val_p95,0.026236125126135216,0.0,0.9867075664621677,0.027596588058203714,0.08837242439748132,0.06582830246900678,-0.022544121928474534
fedprox,777,bearing,pooled,cnn-ae,K003,fuzzy_warning_as_alarm_hi50,0.026236125126135216,0.0,0.9867075664621677,0.027596588058203714,0.08837242439748132,0.06582830246900678,-0.022544121928474534
fedprox,777,bearing,pooled,cnn-ae,K003,fuzzy_fault_only_hi75,0.016227180527383367,0.0,0.9918200408997955,0.027596588058203714,0.08837242439748132,0.06582830246900678,-0.022544121928474534
fedprox,777,bearing,client_specific,cnn-ae,K004,hard_val_p95,0.05370462456489309,0.027777777777777776,0.9723926380368099,0.01706827309236948,0.05901716363689475,0.044019242165782645,-0.014997921471112105
fedprox,777,bearing,client_specific,cnn-ae,K004,fuzzy_warning_as_alarm_hi50,0.05370462456489309,0.027777777777777776,0.9723926380368099,0.01706827309236948,0.05901716363689475,0.044019242165782645,-0.014997921471112105
fedprox,777,bearing,client_specific,cnn-ae,K004,fuzzy_fault_only_hi75,0.035140562248995984,0.027777777777777776,0.9821063394683026,0.01706827309236948,0.05901716363689475,0.044019242165782645,-0.014997921471112105
fedprox,777,bearing,pooled,cnn-ae,K004,hard_val_p95,0.026222894604135148,0.027777777777777776,0.9867075664621677,0.026606425702811246,0.11310445247865338,0.06582830246900678,-0.04727615000964659
fedprox,777,bearing,pooled,cnn-ae,K004,fuzzy_warning_as_alarm_hi50,0.026222894604135148,0.027777777777777776,0.9867075664621677,0.026606425702811246,0.11310445247865338,0.06582830246900678,-0.04727615000964659
fedprox,777,bearing,pooled,cnn-ae,K004,fuzzy_fault_only_hi75,0.016218955904713634,0.027777777777777776,0.9918200408997955,0.026606425702811246,0.11310445247865338,0.06582830246900678,-0.04727615000964659
fedprox,777,bearing,client_specific,cnn-ae,K005,hard_val_p95,0.06903353057199212,0.05555555555555555,0.9642126789366053,0.1290160642570281,0.11957831749115108,0.17531889178953075,0.05574057429837967
fedprox,777,bearing,client_specific,cnn-ae,K005,fuzzy_warning_as_alarm_hi50,0.06903353057199212,0.05555555555555555,0.9642126789366053,0.1290160642570281,0.11957831749115108,0.17531889178953075,0.05574057429837967
fedprox,777,bearing,client_specific,cnn-ae,K005,fuzzy_fault_only_hi75,0.044,0.0,0.9775051124744376,0.1290160642570281,0.11957831749115108,0.17531889178953075,0.05574057429837967
fedprox,777,bearing,pooled,cnn-ae,K005,hard_val_p95,0.026236125126135216,0.0,0.9867075664621677,0.027610441767068273,0.04633280967606352,0.06582830246900678,0.019495492792943263
fedprox,777,bearing,pooled,cnn-ae,K005,fuzzy_warning_as_alarm_hi50,0.026236125126135216,0.0,0.9867075664621677,0.027610441767068273,0.04633280967606352,0.06582830246900678,0.019495492792943263
fedprox,777,bearing,pooled,cnn-ae,K005,fuzzy_fault_only_hi75,0.016227180527383367,0.0,0.9918200408997955,0.027610441767068273,0.04633280967606352,0.06582830246900678,0.019495492792943263
fedprox,777,bearing,client_specific,cnn-ae,K006,hard_val_p95,0.11877394636015326,0.2222222222222222,0.9366053169734151,0.03162650602409638,0.22144481147075976,0.07957425964738953,-0.14187055182337022
fedprox,777,bearing,client_specific,cnn-ae,K006,fuzzy_warning_as_alarm_hi50,0.11877394636015326,0.2222222222222222,0.9366053169734151,0.03162650602409638,0.22144481147075976,0.07957425964738953,-0.14187055182337022
fedprox,777,bearing,client_specific,cnn-ae,K006,fuzzy_fault_only_hi75,0.07181505164781112,0.1111111111111111,0.962678936605317,0.03162650602409638,0.22144481147075976,0.07957425964738953,-0.14187055182337022
fedprox,777,bearing,pooled,cnn-ae,K006,hard_val_p95,0.026222894604135148,0.027777777777777776,0.9867075664621677,0.028112449799196786,0.14241208245479142,0.06582830246900678,-0.07658377998578464
fedprox,777,bearing,pooled,cnn-ae,K006,fuzzy_warning_as_alarm_hi50,0.026222894604135148,0.027777777777777776,0.9867075664621677,0.028112449799196786,0.14241208245479142,0.06582830246900678,-0.07658377998578464
fedprox,777,bearing,pooled,cnn-ae,K006,fuzzy_fault_only_hi75,0.016218955904713634,0.027777777777777776,0.9918200408997955,0.028112449799196786,0.14241208245479142,0.06582830246900678,-0.07658377998578464
fedprox,777,bearing,client_specific,cnn-ae,K001,hard_val_p95,0.013204672422549517,0.0,0.9933537832310838,0.01104417670682731,0.05091335647694884,0.03281434776964503,-0.018099008707303813
fedprox,777,bearing,client_specific,cnn-ae,K001,fuzzy_warning_as_alarm_hi50,0.013204672422549517,0.0,0.9933537832310838,0.01104417670682731,0.05091335647694884,0.03281434776964503,-0.018099008707303813
fedprox,777,bearing,client_specific,cnn-ae,K001,fuzzy_fault_only_hi75,0.004081632653061225,0.0,0.9979550102249489,0.01104417670682731,0.05091335647694884,0.03281434776964503,-0.018099008707303813
fedprox,777,bearing,pooled,cnn-ae,K001,hard_val_p95,0.04593110334498253,0.027777777777777776,0.976482617586912,0.035140562248995984,0.09241015104318624,0.05972804099947779,-0.032682110043708454
fedprox,777,bearing,pooled,cnn-ae,K001,fuzzy_warning_as_alarm_hi50,0.04593110334498253,0.027777777777777776,0.976482617586912,0.035140562248995984,0.09241015104318624,0.05972804099947779,-0.032682110043708454
fedprox,777,bearing,pooled,cnn-ae,K001,fuzzy_fault_only_hi75,0.020242914979757085,0.0,0.9897750511247444,0.035140562248995984,0.09241015104318624,0.05972804099947779,-0.032682110043708454
fedprox,777,bearing,client_specific,cnn-ae,K002,hard_val_p95,0.0963035019455253,0.027777777777777776,0.9493865030674846,0.02459839357429719,0.09063575489779498,0.23269756108338824,0.14206180618559328
fedprox,777,bearing,client_specific,cnn-ae,K002,fuzzy_warning_as_alarm_hi50,0.0963035019455253,0.027777777777777776,0.9493865030674846,0.02459839357429719,0.09063575489779498,0.23269756108338824,0.14206180618559328
fedprox,777,bearing,client_specific,cnn-ae,K002,fuzzy_fault_only_hi75,0.07760314341846758,0.027777777777777776,0.9596114519427403,0.02459839357429719,0.09063575489779498,0.23269756108338824,0.14206180618559328
fedprox,777,bearing,pooled,cnn-ae,K002,hard_val_p95,0.04593110334498253,0.027777777777777776,0.976482617586912,0.033634538152610444,0.031978121109586664,0.05972804099947779,0.027749919889891124
fedprox,777,bearing,pooled,cnn-ae,K002,fuzzy_warning_as_alarm_hi50,0.04593110334498253,0.027777777777777776,0.976482617586912,0.033634538152610444,0.031978121109586664,0.05972804099947779,0.027749919889891124
fedprox,777,bearing,pooled,cnn-ae,K002,fuzzy_fault_only_hi75,0.020232675771370764,0.027777777777777776,0.9897750511247444,0.033634538152610444,0.031978121109586664,0.05972804099947779,0.027749919889891124
fedprox,777,bearing,client_specific,cnn-ae,K003,hard_val_p95,0.10174418604651163,0.08108108108108109,0.946319018404908,0.06372303060712493,0.1158608516791981,0.08142905675207847,-0.03443179492711963
fedprox,777,bearing,client_specific,cnn-ae,K003,fuzzy_warning_as_alarm_hi50,0.10174418604651163,0.08108108108108109,0.946319018404908,0.06372303060712493,0.1158608516791981,0.08142905675207847,-0.03443179492711963
fedprox,777,bearing,client_specific,cnn-ae,K003,fuzzy_fault_only_hi75,0.051741293532338306,0.05405405405405406,0.9734151329243353,0.06372303060712493,0.1158608516791981,0.08142905675207847,-0.03443179492711963
fedprox,777,bearing,pooled,cnn-ae,K003,hard_val_p95,0.04590818363273453,0.05405405405405406,0.976482617586912,0.03462117410938284,0.07650391543298134,0.05972804099947779,-0.01677587443350355
fedprox,777,bearing,pooled,cnn-ae,K003,fuzzy_warning_as_alarm_hi50,0.04590818363273453,0.05405405405405406,0.976482617586912,0.03462117410938284,0.07650391543298134,0.05972804099947779,-0.01677587443350355
fedprox,777,bearing,pooled,cnn-ae,K003,fuzzy_fault_only_hi75,0.020242914979757085,0.0,0.9897750511247444,0.03462117410938284,0.07650391543298134,0.05972804099947779,-0.01677587443350355
fedprox,777,bearing,client_specific,cnn-ae,K004,hard_val_p95,0.07850834151128558,0.05555555555555555,0.9591002044989775,0.012048192771084338,0.09348375916404669,0.0571202121494375,-0.03636354701460919
fedprox,777,bearing,client_specific,cnn-ae,K004,fuzzy_warning_as_alarm_hi50,0.07850834151128558,0.05555555555555555,0.9591002044989775,0.012048192771084338,0.09348375916404669,0.0571202121494375,-0.03636354701460919
fedprox,777,bearing,client_specific,cnn-ae,K004,fuzzy_fault_only_hi75,0.06330365974282888,0.05555555555555555,0.967280163599182,0.012048192771084338,0.09348375916404669,0.0571202121494375,-0.03636354701460919
fedprox,777,bearing,pooled,cnn-ae,K004,hard_val_p95,0.04593110334498253,0.027777777777777776,0.976482617586912,0.03413654618473896,0.12267531422696348,0.05972804099947779,-0.0629472732274857
fedprox,777,bearing,pooled,cnn-ae,K004,fuzzy_warning_as_alarm_hi50,0.04593110334498253,0.027777777777777776,0.976482617586912,0.03413654618473896,0.12267531422696348,0.05972804099947779,-0.0629472732274857
fedprox,777,bearing,pooled,cnn-ae,K004,fuzzy_fault_only_hi75,0.020232675771370764,0.027777777777777776,0.9897750511247444,0.03413654618473896,0.12267531422696348,0.05972804099947779,-0.0629472732274857
fedprox,777,bearing,client_specific,cnn-ae,K005,hard_val_p95,0.05563835072031793,0.027777777777777776,0.9713701431492843,0.13002008032128515,0.13341614203231414,0.1943310863502,0.060914944317885855
fedprox,777,bearing,client_specific,cnn-ae,K005,fuzzy_warning_as_alarm_hi50,0.05563835072031793,0.027777777777777776,0.9713701431492843,0.13002008032128515,0.13341614203231414,0.1943310863502,0.060914944317885855
fedprox,777,bearing,client_specific,cnn-ae,K005,fuzzy_fault_only_hi75,0.023244062657908033,0.0,0.9882413087934561,0.13002008032128515,0.13341614203231414,0.1943310863502,0.060914944317885855
fedprox,777,bearing,pooled,cnn-ae,K005,hard_val_p95,0.04593110334498253,0.027777777777777776,0.976482617586912,0.03463855421686747,0.033925543265456194,0.05972804099947779,0.025802497734021594
fedprox,777,bearing,pooled,cnn-ae,K005,fuzzy_warning_as_alarm_hi50,0.04593110334498253,0.027777777777777776,0.976482617586912,0.03463855421686747,0.033925543265456194,0.05972804099947779,0.025802497734021594
fedprox,777,bearing,pooled,cnn-ae,K005,fuzzy_fault_only_hi75,0.020242914979757085,0.0,0.9897750511247444,0.03463855421686747,0.033925543265456194,0.05972804099947779,0.025802497734021594
fedprox,777,bearing,client_specific,cnn-ae,K006,hard_val_p95,0.04880478087649402,0.08333333333333333,0.9749488752556237,0.025100401606425703,0.13019378371654544,0.04827886788221869,-0.08191491583432675
fedprox,777,bearing,client_specific,cnn-ae,K006,fuzzy_warning_as_alarm_hi50,0.04880478087649402,0.08333333333333333,0.9749488752556237,0.025100401606425703,0.13019378371654544,0.04827886788221869,-0.08191491583432675
fedprox,777,bearing,client_specific,cnn-ae,K006,fuzzy_fault_only_hi75,0.0400200100050025,0.08333333333333333,0.9795501022494888,0.025100401606425703,0.13019378371654544,0.04827886788221869,-0.08191491583432675
fedprox,777,bearing,pooled,cnn-ae,K006,hard_val_p95,0.04588528678304239,0.08333333333333333,0.976482617586912,0.035140562248995984,0.15876473611390238,0.05972804099947779,-0.09903669511442459
fedprox,777,bearing,pooled,cnn-ae,K006,fuzzy_warning_as_alarm_hi50,0.04588528678304239,0.08333333333333333,0.976482617586912,0.035140562248995984,0.15876473611390238,0.05972804099947779,-0.09903669511442459
fedprox,777,bearing,pooled,cnn-ae,K006,fuzzy_fault_only_hi75,0.0202122283981809,0.08333333333333333,0.9897750511247444,0.035140562248995984,0.15876473611390238,0.05972804099947779,-0.09903669511442459
fedprox,777,bearing,client_specific,cnn-ae,K001,hard_val_p95,0.023244062657908033,0.0,0.9882413087934561,0.00853413654618474,0.07908544501195958,0.0426435421965798,-0.036441902815379776
fedprox,777,bearing,client_specific,cnn-ae,K001,fuzzy_warning_as_alarm_hi50,0.023244062657908033,0.0,0.9882413087934561,0.00853413654618474,0.07908544501195958,0.0426435421965798,-0.036441902815379776
fedprox,777,bearing,client_specific,cnn-ae,K001,fuzzy_fault_only_hi75,0.016227180527383367,0.0,0.9918200408997955,0.00853413654618474,0.07908544501195958,0.0426435421965798,-0.036441902815379776
fedprox,777,bearing,pooled,cnn-ae,K001,hard_val_p95,0.03118712273641851,0.027777777777777776,0.9841513292433538,0.0321285140562249,0.1190760582527758,0.05952219626609892,-0.05955386198667688
fedprox,777,bearing,pooled,cnn-ae,K001,fuzzy_warning_as_alarm_hi50,0.03118712273641851,0.027777777777777776,0.9841513292433538,0.0321285140562249,0.1190760582527758,0.05952219626609892,-0.05955386198667688
fedprox,777,bearing,pooled,cnn-ae,K001,fuzzy_fault_only_hi75,0.014213197969543147,0.0,0.9928425357873211,0.0321285140562249,0.1190760582527758,0.05952219626609892,-0.05955386198667688
fedprox,777,bearing,client_specific,cnn-ae,K002,hard_val_p95,0.09444985394352483,0.027777777777777776,0.9504089979550102,0.15210843373493976,0.07789363369250712,0.22811807790128277,0.15022444420877565
fedprox,777,bearing,client_specific,cnn-ae,K002,fuzzy_warning_as_alarm_hi50,0.09444985394352483,0.027777777777777776,0.9504089979550102,0.15210843373493976,0.07789363369250712,0.22811807790128277,0.15022444420877565
fedprox,777,bearing,client_specific,cnn-ae,K002,fuzzy_fault_only_hi75,0.03118712273641851,0.027777777777777776,0.9841513292433538,0.15210843373493976,0.07789363369250712,0.22811807790128277,0.15022444420877565
fedprox,777,bearing,pooled,cnn-ae,K002,hard_val_p95,0.03118712273641851,0.027777777777777776,0.9841513292433538,0.03162650602409638,0.0297238391727686,0.05952219626609892,0.02979835709333032
fedprox,777,bearing,pooled,cnn-ae,K002,fuzzy_warning_as_alarm_hi50,0.03118712273641851,0.027777777777777776,0.9841513292433538,0.03162650602409638,0.0297238391727686,0.05952219626609892,0.02979835709333032
fedprox,777,bearing,pooled,cnn-ae,K002,fuzzy_fault_only_hi75,0.014213197969543147,0.0,0.9928425357873211,0.03162650602409638,0.0297238391727686,0.05952219626609892,0.02979835709333032
fedprox,777,bearing,client_specific,cnn-ae,K003,hard_val_p95,0.012195121951219513,0.0,0.9938650306748467,0.022579026593075764,0.08615418175088867,0.05459844871428532,-0.03155573303660335
fedprox,777,bearing,client_specific,cnn-ae,K003,fuzzy_warning_as_alarm_hi50,0.012195121951219513,0.0,0.9938650306748467,0.022579026593075764,0.08615418175088867,0.05459844871428532,-0.03155573303660335
fedprox,777,bearing,client_specific,cnn-ae,K003,fuzzy_fault_only_hi75,0.004081632653061225,0.0,0.9979550102249489,0.022579026593075764,0.08615418175088867,0.05459844871428532,-0.03155573303660335
fedprox,777,bearing,pooled,cnn-ae,K003,hard_val_p95,0.03120281831907398,0.0,0.9841513292433538,0.032112393376818864,0.0895342218265738,0.05952219626609892,-0.030012025560474886
fedprox,777,bearing,pooled,cnn-ae,K003,fuzzy_warning_as_alarm_hi50,0.03120281831907398,0.0,0.9841513292433538,0.032112393376818864,0.0895342218265738,0.05952219626609892,-0.030012025560474886
fedprox,777,bearing,pooled,cnn-ae,K003,fuzzy_fault_only_hi75,0.014213197969543147,0.0,0.9928425357873211,0.032112393376818864,0.0895342218265738,0.05952219626609892,-0.030012025560474886
fedprox,777,bearing,client_specific,cnn-ae,K004,hard_val_p95,0.07283464566929133,0.05555555555555555,0.9621676891615542,0.03112449799196787,0.14051117541690006,0.05968064876483247,-0.08083052665206758
fedprox,777,bearing,client_specific,cnn-ae,K004,fuzzy_warning_as_alarm_hi50,0.07283464566929133,0.05555555555555555,0.9621676891615542,0.03112449799196787,0.14051117541690006,0.05968064876483247,-0.08083052665206758
fedprox,777,bearing,client_specific,cnn-ae,K004,fuzzy_fault_only_hi75,0.0536779324055666,0.05555555555555555,0.9723926380368099,0.03112449799196787,0.14051117541690006,0.05968064876483247,-0.08083052665206758
fedprox,777,bearing,pooled,cnn-ae,K004,hard_val_p95,0.03118712273641851,0.027777777777777776,0.9841513292433538,0.03263052208835342,0.1330862180332006,0.05952219626609892,-0.07356402176710167
fedprox,777,bearing,pooled,cnn-ae,K004,fuzzy_warning_as_alarm_hi50,0.03118712273641851,0.027777777777777776,0.9841513292433538,0.03263052208835342,0.1330862180332006,0.05952219626609892,-0.07356402176710167
fedprox,777,bearing,pooled,cnn-ae,K004,fuzzy_fault_only_hi75,0.014213197969543147,0.0,0.9928425357873211,0.03263052208835342,0.1330862180332006,0.05952219626609892,-0.07356402176710167
fedprox,777,bearing,client_specific,cnn-ae,K005,hard_val_p95,0.13606089438629876,0.08333333333333333,0.9268916155419223,0.3413654618473896,0.18715729043523466,0.24896514192125854,0.061807851486023885
fedprox,777,bearing,client_specific,cnn-ae,K005,fuzzy_warning_as_alarm_hi50,0.13606089438629876,0.08333333333333333,0.9268916155419223,0.3413654618473896,0.18715729043523466,0.24896514192125854,0.061807851486023885
fedprox,777,bearing,client_specific,cnn-ae,K005,fuzzy_fault_only_hi75,0.04590818363273453,0.05555555555555555,0.976482617586912,0.3413654618473896,0.18715729043523466,0.24896514192125854,0.061807851486023885
fedprox,777,bearing,pooled,cnn-ae,K005,hard_val_p95,0.03120281831907398,0.0,0.9841513292433538,0.0321285140562249,0.044303096747691506,0.05952219626609892,0.015219099518407414
fedprox,777,bearing,pooled,cnn-ae,K005,fuzzy_warning_as_alarm_hi50,0.03120281831907398,0.0,0.9841513292433538,0.0321285140562249,0.044303096747691506,0.05952219626609892,0.015219099518407414
fedprox,777,bearing,pooled,cnn-ae,K005,fuzzy_fault_only_hi75,0.014213197969543147,0.0,0.9928425357873211,0.0321285140562249,0.044303096747691506,0.05952219626609892,0.015219099518407414
fedprox,777,bearing,client_specific,cnn-ae,K006,hard_val_p95,0.062376237623762376,0.027777777777777776,0.9677914110429447,0.038654618473895584,0.10174664352373551,0.056029264542142194,-0.04571737898159332
fedprox,777,bearing,client_specific,cnn-ae,K006,fuzzy_warning_as_alarm_hi50,0.062376237623762376,0.027777777777777776,0.9677914110429447,0.038654618473895584,0.10174664352373551,0.056029264542142194,-0.04571737898159332
fedprox,777,bearing,client_specific,cnn-ae,K006,fuzzy_fault_only_hi75,0.03415369161225515,0.027777777777777776,0.9826175869120655,0.038654618473895584,0.10174664352373551,0.056029264542142194,-0.04571737898159332
fedprox,777,bearing,pooled,cnn-ae,K006,hard_val_p95,0.03118712273641851,0.027777777777777776,0.9841513292433538,0.03162650602409638,0.12079296509850909,0.05952219626609892,-0.06127076883241017
fedprox,777,bearing,pooled,cnn-ae,K006,fuzzy_warning_as_alarm_hi50,0.03118712273641851,0.027777777777777776,0.9841513292433538,0.03162650602409638,0.12079296509850909,0.05952219626609892,-0.06127076883241017
fedprox,777,bearing,pooled,cnn-ae,K006,fuzzy_fault_only_hi75,0.014213197969543147,0.0,0.9928425357873211,0.03162650602409638,0.12079296509850909,0.05952219626609892,-0.06127076883241017
fedprox-personalized,777,bearing,client_specific,cnn-ae,K001,hard_val_p95,0.32849829351535836,0.08333333333333333,0.8031697341513292,0.0858433734939759,0.1327732200936906,0.23911915981886164,0.10634593972517103
fedprox-personalized,777,bearing,client_specific,cnn-ae,K001,fuzzy_warning_as_alarm_hi50,0.32849829351535836,0.08333333333333333,0.8031697341513292,0.0858433734939759,0.1327732200936906,0.23911915981886164,0.10634593972517103
fedprox-personalized,777,bearing,client_specific,cnn-ae,K001,fuzzy_fault_only_hi75,0.29157573112178087,0.027777777777777776,0.8292433537832311,0.0858433734939759,0.1327732200936906,0.23911915981886164,0.10634593972517103
fedprox-personalized,777,bearing,client_specific,cnn-ae,K002,hard_val_p95,0.06906758756783424,0.027777777777777776,0.9642126789366053,0.07680722891566265,0.06762754056256526,0.22489174674126033,0.15726420617869508
fedprox-personalized,777,bearing,client_specific,cnn-ae,K002,fuzzy_warning_as_alarm_hi50,0.06906758756783424,0.027777777777777776,0.9642126789366053,0.07680722891566265,0.06762754056256526,0.22489174674126033,0.15726420617869508
fedprox-personalized,777,bearing,client_specific,cnn-ae,K002,fuzzy_fault_only_hi75,0.013204672422549517,0.0,0.9933537832310838,0.07680722891566265,0.06762754056256526,0.22489174674126033,0.15726420617869508
fedprox-personalized,777,bearing,client_specific,cnn-ae,K003,hard_val_p95,0.16056338028169015,0.08108108108108109,0.9125766871165644,0.03963873557451079,0.1403138075850152,0.12079095909563921,-0.01952284848937598
fedprox-personalized,777,bearing,client_specific,cnn-ae,K003,fuzzy_warning_as_alarm_hi50,0.16056338028169015,0.08108108108108109,0.9125766871165644,0.03963873557451079,0.1403138075850152,0.12079095909563921,-0.01952284848937598
fedprox-personalized,777,bearing,client_specific,cnn-ae,K003,fuzzy_fault_only_hi75,0.13161659513590845,0.08108108108108109,0.9294478527607362,0.03963873557451079,0.1403138075850152,0.12079095909563921,-0.01952284848937598
fedprox-personalized,777,bearing,client_specific,cnn-ae,K004,hard_val_p95,0.2988705473501303,0.05555555555555555,0.8241308793456033,0.03313253012048193,0.09526151063256394,0.20538313157829952,0.11012162094573558
fedprox-personalized,777,bearing,client_specific,cnn-ae,K004,fuzzy_warning_as_alarm_hi50,0.2988705473501303,0.05555555555555555,0.8241308793456033,0.03313253012048193,0.09526151063256394,0.20538313157829952,0.11012162094573558
fedprox-personalized,777,bearing,client_specific,cnn-ae,K004,fuzzy_fault_only_hi75,0.2952961672473868,0.027777777777777776,0.8266871165644172,0.03313253012048193,0.09526151063256394,0.20538313157829952,0.11012162094573558
fedprox-personalized,777,bearing,client_specific,cnn-ae,K005,hard_val_p95,0.334041648958776,0.1111111111111111,0.799079754601227,0.03463855421686747,0.19823089687543044,0.33340274609262766,0.13517184921719722
fedprox-personalized,777,bearing,client_specific,cnn-ae,K005,fuzzy_warning_as_alarm_hi50,0.334041648958776,0.1111111111111111,0.799079754601227,0.03463855421686747,0.19823089687543044,0.33340274609262766,0.13517184921719722
fedprox-personalized,777,bearing,client_specific,cnn-ae,K005,fuzzy_fault_only_hi75,0.3082901554404145,0.08333333333333333,0.8174846625766872,0.03463855421686747,0.19823089687543044,0.33340274609262766,0.13517184921719722
fedprox-personalized,777,bearing,client_specific,cnn-ae,K006,hard_val_p95,0.3542280185107278,0.0,0.7847648261758691,0.0642570281124498,0.03870490043179292,0.25729713527400383,0.2185922348422109
fedprox-personalized,777,bearing,client_specific,cnn-ae,K006,fuzzy_warning_as_alarm_hi50,0.3542280185107278,0.0,0.7847648261758691,0.0642570281124498,0.03870490043179292,0.25729713527400383,0.2185922348422109
fedprox-personalized,777,bearing,client_specific,cnn-ae,K006,fuzzy_fault_only_hi75,0.33814783347493627,0.0,0.7965235173824131,0.0642570281124498,0.03870490043179292,0.25729713527400383,0.2185922348422109
local-only,42,condition,client_specific,cnn-ae,N09_M07_F10,hard_val_p95,0.21869328493647913,0.12727272727272726,0.8767893660531697,0.07856787667826952,0.1559887207742836,0.14590325580301367,-0.010085464971269942
local-only,42,condition,client_specific,cnn-ae,N09_M07_F10,fuzzy_warning_as_alarm_hi50,0.21869328493647913,0.12727272727272726,0.8767893660531697,0.07856787667826952,0.1559887207742836,0.14590325580301367,-0.010085464971269942
local-only,42,condition,client_specific,cnn-ae,N09_M07_F10,fuzzy_fault_only_hi75,0.13149118627918055,0.09090909090909091,0.9294478527607362,0.07856787667826952,0.1559887207742836,0.14590325580301367,-0.010085464971269942
local-only,42,condition,client_specific,cnn-ae,N15_M01_F10,hard_val_p95,0.2967462039045553,0.125,0.8251533742331288,0.04671968190854871,0.15147857212176166,0.18391503494148675,0.03243646281972509
local-only,42,condition,client_specific,cnn-ae,N15_M01_F10,fuzzy_warning_as_alarm_hi50,0.2967462039045553,0.125,0.8251533742331288,0.04671968190854871,0.15147857212176166,0.18391503494148675,0.03243646281972509
local-only,42,condition,client_specific,cnn-ae,N15_M01_F10,fuzzy_fault_only_hi75,0.2484361036639857,0.07142857142857142,0.8578732106339468,0.04671968190854871,0.15147857212176166,0.18391503494148675,0.03243646281972509
local-only,42,condition,client_specific,cnn-ae,N15_M07_F04,hard_val_p95,0.21023765996343693,0.03636363636363636,0.8824130879345603,0.019393336648433616,0.12095257046318098,0.15347671610510397,0.03252414564192299
local-only,42,condition,client_specific,cnn-ae,N15_M07_F04,fuzzy_warning_as_alarm_hi50,0.21023765996343693,0.03636363636363636,0.8824130879345603,0.019393336648433616,0.12095257046318098,0.15347671610510397,0.03252414564192299
local-only,42,condition,client_specific,cnn-ae,N15_M07_F04,fuzzy_fault_only_hi75,0.18955154877484975,0.03636363636363636,0.8951942740286298,0.019393336648433616,0.12095257046318098,0.15347671610510397,0.03252414564192299
local-only,42,condition,client_specific,cnn-ae,N15_M07_F10,hard_val_p95,0.16236508681370249,0.03636363636363636,0.9115541922290389,0.05420188960716062,0.1258036377430984,0.12835930430497794,0.002555666561879527
local-only,42,condition,client_specific,cnn-ae,N15_M07_F10,fuzzy_warning_as_alarm_hi50,0.16236508681370249,0.03636363636363636,0.9115541922290389,0.05420188960716062,0.1258036377430984,0.12835930430497794,0.002555666561879527
local-only,42,condition,client_specific,cnn-ae,N15_M07_F10,fuzzy_fault_only_hi75,0.11645813282001925,0.01818181818181818,0.9381390593047034,0.05420188960716062,0.1258036377430984,0.12835930430497794,0.002555666561879527
centralized,42,condition,client_specific,cnn-ae,N09_M07_F10,hard_val_p95,0.0010183299389002036,0.12727272727272726,0.9994887525562373,0.0029835902536051715,0.1597435310438855,0.004581045180897247,-0.15516248586298825
centralized,42,condition,client_specific,cnn-ae,N09_M07_F10,fuzzy_warning_as_alarm_hi50,0.0010183299389002036,0.12727272727272726,0.9994887525562373,0.0029835902536051715,0.1597435310438855,0.004581045180897247,-0.15516248586298825
centralized,42,condition,client_specific,cnn-ae,N09_M07_F10,fuzzy_fault_only_hi75,0.0010209290454313426,0.03636363636363636,0.9994887525562373,0.0029835902536051715,0.1597435310438855,0.004581045180897247,-0.15516248586298825
centralized,42,condition,pooled,cnn-ae,N09_M07_F10,hard_val_p95,0.0040547389761784085,0.23636363636363636,0.9979550102249489,0.023371456986573842,0.3169455137291916,0.02606084934547891,-0.2908846643837127
centralized,42,condition,pooled,cnn-ae,N09_M07_F10,fuzzy_warning_as_alarm_hi50,0.0040547389761784085,0.23636363636363636,0.9979550102249489,0.023371456986573842,0.3169455137291916,0.02606084934547891,-0.2908846643837127
centralized,42,condition,pooled,cnn-ae,N09_M07_F10,fuzzy_fault_only_hi75,0.001017293997965412,0.16363636363636364,0.9994887525562373,0.023371456986573842,0.3169455137291916,0.02606084934547891,-0.2908846643837127
centralized,42,condition,client_specific,cnn-ae,N15_M01_F10,hard_val_p95,0.35678391959798994,0.10714285714285714,0.7822085889570553,0.04721669980119284,0.1465531554440948,0.23235891856212038,0.08580576311802557
centralized,42,condition,client_specific,cnn-ae,N15_M01_F10,fuzzy_warning_as_alarm_hi50,0.35678391959798994,0.10714285714285714,0.7822085889570553,0.04721669980119284,0.1465531554440948,0.23235891856212038,0.08580576311802557
centralized,42,condition,client_specific,cnn-ae,N15_M01_F10,fuzzy_fault_only_hi75,0.3217800599058622,0.08928571428571429,0.8077709611451943,0.04721669980119284,0.1465531554440948,0.23235891856212038,0.08580576311802557
centralized,42,condition,pooled,cnn-ae,N15_M01_F10,hard_val_p95,0.004081632653061225,0.0,0.9979550102249489,0.015407554671968192,0.010305332813442857,0.02606084934547891,0.01575551653203605
centralized,42,condition,pooled,cnn-ae,N15_M01_F10,fuzzy_warning_as_alarm_hi50,0.004081632653061225,0.0,0.9979550102249489,0.015407554671968192,0.010305332813442857,0.02606084934547891,0.01575551653203605
centralized,42,condition,pooled,cnn-ae,N15_M01_F10,fuzzy_fault_only_hi75,0.001021972406745018,0.0,0.9994887525562373,0.015407554671968192,0.010305332813442857,0.02606084934547891,0.01575551653203605
centralized,42,condition,client_specific,cnn-ae,N15_M07_F04,hard_val_p95,0.2963928726640591,0.07272727272727272,0.8256646216768916,0.05370462456489309,0.10375909956013578,0.18729936503248612,0.08354026547235034
centralized,42,condition,client_specific,cnn-ae,N15_M07_F04,fuzzy_warning_as_alarm_hi50,0.2963928726640591,0.07272727272727272,0.8256646216768916,0.05370462456489309,0.10375909956013578,0.18729936503248612,0.08354026547235034
centralized,42,condition,client_specific,cnn-ae,N15_M07_F04,fuzzy_fault_only_hi75,0.24236983842010773,0.03636363636363636,0.8619631901840491,0.05370462456489309,0.10375909956013578,0.18729936503248612,0.08354026547235034
centralized,42,condition,pooled,cnn-ae,N15_M07_F04,hard_val_p95,0.004081632653061225,0.0,0.9979550102249489,0.015415216310293387,0.010677976500391923,0.02606084934547891,0.015382872845086987
centralized,42,condition,pooled,cnn-ae,N15_M07_F04,fuzzy_warning_as_alarm_hi50,0.004081632653061225,0.0,0.9979550102249489,0.015415216310293387,0.010677976500391923,0.02606084934547891,0.015382872845086987
centralized,42,condition,pooled,cnn-ae,N15_M07_F04,fuzzy_fault_only_hi75,0.001021972406745018,0.0,0.9994887525562373,0.015415216310293387,0.010677976500391923,0.02606084934547891,0.015382872845086987
centralized,42,condition,client_specific,cnn-ae,N15_M07_F10,hard_val_p95,0.37037037037037035,0.03636363636363636,0.7724948875255624,0.06464445549477872,0.09044484978646372,0.2355049231665735,0.1450600733801098
centralized,42,condition,client_specific,cnn-ae,N15_M07_F10,fuzzy_warning_as_alarm_hi50,0.37037037037037035,0.03636363636363636,0.7724948875255624,0.06464445549477872,0.09044484978646372,0.2355049231665735,0.1450600733801098
centralized,42,condition,client_specific,cnn-ae,N15_M07_F10,fuzzy_fault_only_hi75,0.3158347676419966,0.01818181818181818,0.8123721881390593,0.06464445549477872,0.09044484978646372,0.2355049231665735,0.1450600733801098
centralized,42,condition,pooled,cnn-ae,N15_M07_F10,hard_val_p95,0.004081632653061225,0.0,0.9979550102249489,0.015415216310293387,0.006916657025615146,0.02606084934547891,0.019144192319863765
centralized,42,condition,pooled,cnn-ae,N15_M07_F10,fuzzy_warning_as_alarm_hi50,0.004081632653061225,0.0,0.9979550102249489,0.015415216310293387,0.006916657025615146,0.02606084934547891,0.019144192319863765
centralized,42,condition,pooled,cnn-ae,N15_M07_F10,fuzzy_fault_only_hi75,0.001021972406745018,0.0,0.9994887525562373,0.015415216310293387,0.006916657025615146,0.02606084934547891,0.019144192319863765
fedavg,42,condition,client_specific,cnn-ae,N09_M07_F10,hard_val_p95,0.002041858090862685,0.01818181818181818,0.9989775051124744,0.003978120338140228,0.07959031335163665,0.03189072556138002,-0.047699587790256626
fedavg,42,condition,client_specific,cnn-ae,N09_M07_F10,fuzzy_warning_as_alarm_hi50,0.002041858090862685,0.01818181818181818,0.9989775051124744,0.003978120338140228,0.07959031335163665,0.03189072556138002,-0.047699587790256626
fedavg,42,condition,client_specific,cnn-ae,N09_M07_F10,fuzzy_fault_only_hi75,0.0010214504596527069,0.01818181818181818,0.9994887525562373,0.003978120338140228,0.07959031335163665,0.03189072556138002,-0.047699587790256626
fedavg,42,condition,pooled,cnn-ae,N09_M07_F10,hard_val_p95,0.024193548387096774,0.07272727272727272,0.9877300613496932,0.04027846842366982,0.14220963016031418,0.06980334427505418,-0.07240628588526
fedavg,42,condition,pooled,cnn-ae,N09_M07_F10,fuzzy_warning_as_alarm_hi50,0.024193548387096774,0.07272727272727272,0.9877300613496932,0.04027846842366982,0.14220963016031418,0.06980334427505418,-0.07240628588526
fedavg,42,condition,pooled,cnn-ae,N09_M07_F10,fuzzy_fault_only_hi75,0.006113092205807438,0.01818181818181818,0.9969325153374233,0.04027846842366982,0.14220963016031418,0.06980334427505418,-0.07240628588526
fedavg,42,condition,client_specific,cnn-ae,N15_M01_F10,hard_val_p95,0.10449927431059507,0.05357142857142857,0.9447852760736196,0.06958250497017893,0.11192111258008659,0.11299586258828768,0.001074750008201092
fedavg,42,condition,client_specific,cnn-ae,N15_M01_F10,fuzzy_warning_as_alarm_hi50,0.10449927431059507,0.05357142857142857,0.9447852760736196,0.06958250497017893,0.11192111258008659,0.11299586258828768,0.001074750008201092
fedavg,42,condition,client_specific,cnn-ae,N15_M01_F10,fuzzy_fault_only_hi75,0.04885343968095713,0.017857142857142856,0.9749488752556237,0.06958250497017893,0.11192111258008659,0.11299586258828768,0.001074750008201092
fedavg,42,condition,pooled,cnn-ae,N15_M01_F10,hard_val_p95,0.024230186774356385,0.017857142857142856,0.9877300613496932,0.03777335984095427,0.07452993057568534,0.06980334427505418,-0.004726586300631164
fedavg,42,condition,pooled,cnn-ae,N15_M01_F10,fuzzy_warning_as_alarm_hi50,0.024230186774356385,0.017857142857142856,0.9877300613496932,0.03777335984095427,0.07452993057568534,0.06980334427505418,-0.004726586300631164
fedavg,42,condition,pooled,cnn-ae,N15_M01_F10,fuzzy_fault_only_hi75,0.006113092205807438,0.017857142857142856,0.9969325153374233,0.03777335984095427,0.07452993057568534,0.06980334427505418,-0.004726586300631164
fedavg,42,condition,client_specific,cnn-ae,N15_M07_F04,hard_val_p95,0.14481779460482727,0.07272727272727272,0.9217791411042945,0.0730979612133267,0.12175404507345174,0.12526482295661082,0.0035107778831590802
fedavg,42,condition,client_specific,cnn-ae,N15_M07_F04,fuzzy_warning_as_alarm_hi50,0.14481779460482727,0.07272727272727272,0.9217791411042945,0.0730979612133267,0.12175404507345174,0.12526482295661082,0.0035107778831590802
fedavg,42,condition,client_specific,cnn-ae,N15_M07_F04,fuzzy_fault_only_hi75,0.08882381649585164,0.03636363636363636,0.9534764826175869,0.0730979612133267,0.12175404507345174,0.12526482295661082,0.0035107778831590802
fedavg,42,condition,pooled,cnn-ae,N15_M07_F04,hard_val_p95,0.024230186774356385,0.01818181818181818,0.9877300613496932,0.0382894082545997,0.07196499904164788,0.06980334427505418,-0.002161654766593704
fedavg,42,condition,pooled,cnn-ae,N15_M07_F04,fuzzy_warning_as_alarm_hi50,0.024230186774356385,0.01818181818181818,0.9877300613496932,0.0382894082545997,0.07196499904164788,0.06980334427505418,-0.002161654766593704
fedavg,42,condition,pooled,cnn-ae,N15_M07_F04,fuzzy_fault_only_hi75,0.0061162079510703364,0.0,0.9969325153374233,0.0382894082545997,0.07196499904164788,0.06980334427505418,-0.002161654766593704
fedavg,42,condition,client_specific,cnn-ae,N15_M07_F10,hard_val_p95,0.046929605591612585,0.0,0.9759713701431493,0.03779214321233217,0.03664891859757928,0.07306003050827393,0.036411111910694655
fedavg,42,condition,client_specific,cnn-ae,N15_M07_F10,fuzzy_warning_as_alarm_hi50,0.046929605591612585,0.0,0.9759713701431493,0.03779214321233217,0.03664891859757928,0.07306003050827393,0.036411111910694655
fedavg,42,condition,client_specific,cnn-ae,N15_M07_F10,fuzzy_fault_only_hi75,0.02523977788995457,0.0,0.9872188139059305,0.03779214321233217,0.03664891859757928,0.07306003050827393,0.036411111910694655
fedavg,42,condition,pooled,cnn-ae,N15_M07_F10,hard_val_p95,0.024242424242424242,0.0,0.9877300613496932,0.037294878170064646,0.04150929184206167,0.06980334427505418,0.02829405243299251
fedavg,42,condition,pooled,cnn-ae,N15_M07_F10,fuzzy_warning_as_alarm_hi50,0.024242424242424242,0.0,0.9877300613496932,0.037294878170064646,0.04150929184206167,0.06980334427505418,0.02829405243299251
fedavg,42,condition,pooled,cnn-ae,N15_M07_F10,fuzzy_fault_only_hi75,0.0061162079510703364,0.0,0.9969325153374233,0.037294878170064646,0.04150929184206167,0.06980334427505418,0.02829405243299251
fedavg,42,condition,client_specific,cnn-ae,N09_M07_F10,hard_val_p95,0.0020387359836901123,0.07272727272727272,0.9989775051124744,0.0014917951268025858,0.12315805954745264,0.00310439568910421,-0.12005366385834843
fedavg,42,condition,client_specific,cnn-ae,N09_M07_F10,fuzzy_warning_as_alarm_hi50,0.0020387359836901123,0.07272727272727272,0.9989775051124744,0.0014917951268025858,0.12315805954745264,0.00310439568910421,-0.12005366385834843
fedavg,42,condition,client_specific,cnn-ae,N09_M07_F10,fuzzy_fault_only_hi75,0.002039775624681285,0.05454545454545454,0.9989775051124744,0.0014917951268025858,0.12315805954745264,0.00310439568910421,-0.12005366385834843
fedavg,42,condition,pooled,cnn-ae,N09_M07_F10,hard_val_p95,0.00910010111223458,0.23636363636363636,0.995398773006135,0.018896071606166086,0.3111705967717853,0.05252726583503829,-0.258643330936747
fedavg,42,condition,pooled,cnn-ae,N09_M07_F10,fuzzy_warning_as_alarm_hi50,0.00910010111223458,0.23636363636363636,0.995398773006135,0.018896071606166086,0.3111705967717853,0.05252726583503829,-0.258643330936747
fedavg,42,condition,pooled,cnn-ae,N09_M07_F10,fuzzy_fault_only_hi75,0.004067107269954245,0.12727272727272726,0.9979550102249489,0.018896071606166086,0.3111705967717853,0.05252726583503829,-0.258643330936747
fedavg,42,condition,client_specific,cnn-ae,N15_M01_F10,hard_val_p95,0.36969192339716905,0.03571428571428571,0.7730061349693251,0.06411530815109344,0.09504357602578008,0.2307534078271032,0.13570983180132312
fedavg,42,condition,client_specific,cnn-ae,N15_M01_F10,fuzzy_warning_as_alarm_hi50,0.36969192339716905,0.03571428571428571,0.7730061349693251,0.06411530815109344,0.09504357602578008,0.2307534078271032,0.13570983180132312
fedavg,42,condition,client_specific,cnn-ae,N15_M01_F10,fuzzy_fault_only_hi75,0.31958762886597936,0.0,0.8098159509202454,0.06411530815109344,0.09504357602578008,0.2307534078271032,0.13570983180132312
fedavg,42,condition,pooled,cnn-ae,N15_M01_F10,hard_val_p95,0.00916030534351145,0.0,0.995398773006135,0.009443339960238568,0.03285004796534557,0.05252726583503829,0.019677217869692724
fedavg,42,condition,pooled,cnn-ae,N15_M01_F10,fuzzy_warning_as_alarm_hi50,0.00916030534351145,0.0,0.995398773006135,0.009443339960238568,0.03285004796534557,0.05252726583503829,0.019677217869692724
fedavg,42,condition,pooled,cnn-ae,N15_M01_F10,fuzzy_fault_only_hi75,0.004081632653061225,0.0,0.9979550102249489,0.009443339960238568,0.03285004796534557,0.05252726583503829,0.019677217869692724
fedavg,42,condition,client_specific,cnn-ae,N15_M07_F04,hard_val_p95,0.3448858833474218,0.03636363636363636,0.7914110429447853,0.05420188960716062,0.12544551567307335,0.22649027117245216,0.1010447554993788
fedavg,42,condition,client_specific,cnn-ae,N15_M07_F04,fuzzy_warning_as_alarm_hi50,0.3448858833474218,0.03636363636363636,0.7914110429447853,0.05420188960716062,0.12544551567307335,0.22649027117245216,0.1010447554993788
fedavg,42,condition,client_specific,cnn-ae,N15_M07_F04,fuzzy_fault_only_hi75,0.3010845986984816,0.03636363636363636,0.8225971370143149,0.05420188960716062,0.12544551567307335,0.22649027117245216,0.1010447554993788
fedavg,42,condition,pooled,cnn-ae,N15_M07_F04,hard_val_p95,0.00916030534351145,0.0,0.995398773006135,0.009448035803083043,0.04057532111684362,0.05252726583503829,0.01195194471819467
fedavg,42,condition,pooled,cnn-ae,N15_M07_F04,fuzzy_warning_as_alarm_hi50,0.00916030534351145,0.0,0.995398773006135,0.009448035803083043,0.04057532111684362,0.05252726583503829,0.01195194471819467
fedavg,42,condition,pooled,cnn-ae,N15_M07_F04,fuzzy_fault_only_hi75,0.004081632653061225,0.0,0.9979550102249489,0.009448035803083043,0.04057532111684362,0.05252726583503829,0.01195194471819467
fedavg,42,condition,client_specific,cnn-ae,N15_M07_F10,hard_val_p95,0.40422936152907685,0.10909090909090909,0.7459100204498977,0.07458975634012929,0.15614741600648882,0.26854821301194964,0.11240079700546082
fedavg,42,condition,client_specific,cnn-ae,N15_M07_F10,fuzzy_warning_as_alarm_hi50,0.40422936152907685,0.10909090909090909,0.7459100204498977,0.07458975634012929,0.15614741600648882,0.26854821301194964,0.11240079700546082
fedavg,42,condition,client_specific,cnn-ae,N15_M07_F10,fuzzy_fault_only_hi75,0.36028487641390866,0.01818181818181818,0.7801635991820041,0.07458975634012929,0.15614741600648882,0.26854821301194964,0.11240079700546082
fedavg,42,condition,pooled,cnn-ae,N15_M07_F10,hard_val_p95,0.00916030534351145,0.0,0.995398773006135,0.009448035803083043,0.02687504521606995,0.05252726583503829,0.025652220618968342
fedavg,42,condition,pooled,cnn-ae,N15_M07_F10,fuzzy_warning_as_alarm_hi50,0.00916030534351145,0.0,0.995398773006135,0.009448035803083043,0.02687504521606995,0.05252726583503829,0.025652220618968342
fedavg,42,condition,pooled,cnn-ae,N15_M07_F10,fuzzy_fault_only_hi75,0.004081632653061225,0.0,0.9979550102249489,0.009448035803083043,0.02687504521606995,0.05252726583503829,0.025652220618968342
fedavg,42,condition,client_specific,cnn-ae,N09_M07_F10,hard_val_p95,0.0,0.03636363636363636,1.0,0.000994530084535057,0.09428590870521626,0.011737828806535516,-0.08254807989868075
fedavg,42,condition,client_specific,cnn-ae,N09_M07_F10,fuzzy_warning_as_alarm_hi50,0.0,0.03636363636363636,1.0,0.000994530084535057,0.09428590870521626,0.011737828806535516,-0.08254807989868075
fedavg,42,condition,client_specific,cnn-ae,N09_M07_F10,fuzzy_fault_only_hi75,0.0,0.03636363636363636,1.0,0.000994530084535057,0.09428590870521626,0.011737828806535516,-0.08254807989868075
fedavg,42,condition,pooled,cnn-ae,N09_M07_F10,hard_val_p95,0.02212166918049271,0.2,0.9887525562372188,0.02734957732471407,0.21478156737406523,0.0350591244965897,-0.17972244287747552
fedavg,42,condition,pooled,cnn-ae,N09_M07_F10,fuzzy_warning_as_alarm_hi50,0.02212166918049271,0.2,0.9887525562372188,0.02734957732471407,0.21478156737406523,0.0350591244965897,-0.17972244287747552
fedavg,42,condition,pooled,cnn-ae,N09_M07_F10,fuzzy_fault_only_hi75,0.0010183299389002036,0.12727272727272726,0.9994887525562373,0.02734957732471407,0.21478156737406523,0.0350591244965897,-0.17972244287747552
fedavg,42,condition,client_specific,cnn-ae,N15_M01_F10,hard_val_p95,0.1770978210477515,0.17857142857142858,0.9023517382413088,0.07952286282306163,0.14770870296744723,0.1014599996964621,-0.046248703270985125
fedavg,42,condition,client_specific,cnn-ae,N15_M01_F10,fuzzy_warning_as_alarm_hi50,0.1770978210477515,0.17857142857142858,0.9023517382413088,0.07952286282306163,0.14770870296744723,0.1014599996964621,-0.046248703270985125
fedavg,42,condition,client_specific,cnn-ae,N15_M01_F10,fuzzy_fault_only_hi75,0.0784313725490196,0.07142857142857142,0.9591002044989775,0.07952286282306163,0.14770870296744723,0.1014599996964621,-0.046248703270985125
fedavg,42,condition,pooled,cnn-ae,N15_M01_F10,hard_val_p95,0.022244691607684528,0.0,0.9887525562372188,0.024353876739562623,0.03941910319896047,0.0350591244965897,-0.004359978702370773
fedavg,42,condition,pooled,cnn-ae,N15_M01_F10,fuzzy_warning_as_alarm_hi50,0.022244691607684528,0.0,0.9887525562372188,0.024353876739562623,0.03941910319896047,0.0350591244965897,-0.004359978702370773
fedavg,42,condition,pooled,cnn-ae,N15_M01_F10,fuzzy_fault_only_hi75,0.001021972406745018,0.0,0.9994887525562373,0.024353876739562623,0.03941910319896047,0.0350591244965897,-0.004359978702370773
fedavg,42,condition,client_specific,cnn-ae,N15_M07_F04,hard_val_p95,0.07374631268436578,0.05454545454545454,0.9616564417177914,0.037294878170064646,0.0720195474045546,0.06615698785312513,-0.005862559551429475
fedavg,42,condition,client_specific,cnn-ae,N15_M07_F04,fuzzy_warning_as_alarm_hi50,0.07374631268436578,0.05454545454545454,0.9616564417177914,0.037294878170064646,0.0720195474045546,0.06615698785312513,-0.005862559551429475
fedavg,42,condition,client_specific,cnn-ae,N15_M07_F04,fuzzy_fault_only_hi75,0.05467196819085487,0.01818181818181818,0.971881390593047,0.037294878170064646,0.0720195474045546,0.06615698785312513,-0.005862559551429475
fedavg,42,condition,pooled,cnn-ae,N15_M07_F04,hard_val_p95,0.02223345123799899,0.01818181818181818,0.9887525562372188,0.024365987071108902,0.03255296609842867,0.0350591244965897,0.0025061583981610264
fedavg,42,condition,pooled,cnn-ae,N15_M07_F04,fuzzy_warning_as_alarm_hi50,0.02223345123799899,0.01818181818181818,0.9887525562372188,0.024365987071108902,0.03255296609842867,0.0350591244965897,0.0025061583981610264
fedavg,42,condition,pooled,cnn-ae,N15_M07_F04,fuzzy_fault_only_hi75,0.001021972406745018,0.0,0.9994887525562373,0.024365987071108902,0.03255296609842867,0.0350591244965897,0.0025061583981610264
fedavg,42,condition,client_specific,cnn-ae,N15_M07_F10,hard_val_p95,0.17717996289424862,0.16363636363636364,0.9023517382413088,0.07707608155146693,0.15550299929586736,0.11687802019753916,-0.0386249790983282
fedavg,42,condition,client_specific,cnn-ae,N15_M07_F10,fuzzy_warning_as_alarm_hi50,0.17717996289424862,0.16363636363636364,0.9023517382413088,0.07707608155146693,0.15550299929586736,0.11687802019753916,-0.0386249790983282
fedavg,42,condition,client_specific,cnn-ae,N15_M07_F10,fuzzy_fault_only_hi75,0.1331431288635283,0.12727272727272726,0.9284253578732107,0.07707608155146693,0.15550299929586736,0.11687802019753916,-0.0386249790983282
fedavg,42,condition,pooled,cnn-ae,N15_M07_F10,hard_val_p95,0.022244691607684528,0.0,0.9887525562372188,0.02486325211337643,0.03643329742692771,0.0350591244965897,-0.0013741729303380149
fedavg,42,condition,pooled,cnn-ae,N15_M07_F10,fuzzy_warning_as_alarm_hi50,0.022244691607684528,0.0,0.9887525562372188,0.02486325211337643,0.03643329742692771,0.0350591244965897,-0.0013741729303380149
fedavg,42,condition,pooled,cnn-ae,N15_M07_F10,fuzzy_fault_only_hi75,0.001021972406745018,0.0,0.9994887525562373,0.02486325211337643,0.03643329742692771,0.0350591244965897,-0.0013741729303380149
fedavg,42,condition,client_specific,cnn-ae,N09_M07_F10,hard_val_p95,0.0,0.05454545454545454,1.0,0.0034808552958727,0.08093526958836414,0.011491548621854785,-0.06944372096650936
fedavg,42,condition,client_specific,cnn-ae,N09_M07_F10,fuzzy_warning_as_alarm_hi50,0.0,0.05454545454545454,1.0,0.0034808552958727,0.08093526958836414,0.011491548621854785,-0.06944372096650936
fedavg,42,condition,client_specific,cnn-ae,N09_M07_F10,fuzzy_fault_only_hi75,0.0,0.03636363636363636,1.0,0.0034808552958727,0.08093526958836414,0.011491548621854785,-0.06944372096650936
fedavg,42,condition,pooled,cnn-ae,N09_M07_F10,hard_val_p95,0.020171457387796268,0.12727272727272726,0.9897750511247444,0.023371456986573842,0.1474382109938587,0.026521474833442086,-0.12091673616041662
fedavg,42,condition,pooled,cnn-ae,N09_M07_F10,fuzzy_warning_as_alarm_hi50,0.020171457387796268,0.12727272727272726,0.9897750511247444,0.023371456986573842,0.1474382109938587,0.026521474833442086,-0.12091673616041662
fedavg,42,condition,pooled,cnn-ae,N09_M07_F10,fuzzy_fault_only_hi75,0.007106598984771574,0.12727272727272726,0.9964212678936605,0.023371456986573842,0.1474382109938587,0.026521474833442086,-0.12091673616041662
fedavg,42,condition,client_specific,cnn-ae,N15_M01_F10,hard_val_p95,0.12404580152671756,0.17857142857142858,0.9335378323108384,0.07852882703777336,0.14990949913659526,0.07476205574905685,-0.07514744338753841
fedavg,42,condition,client_specific,cnn-ae,N15_M01_F10,fuzzy_warning_as_alarm_hi50,0.12404580152671756,0.17857142857142858,0.9335378323108384,0.07852882703777336,0.14990949913659526,0.07476205574905685,-0.07514744338753841
fedavg,42,condition,client_specific,cnn-ae,N15_M01_F10,fuzzy_fault_only_hi75,0.04875621890547264,0.08928571428571429,0.9749488752556237,0.07852882703777336,0.14990949913659526,0.07476205574905685,-0.07514744338753841
fedavg,42,condition,pooled,cnn-ae,N15_M01_F10,hard_val_p95,0.020232675771370764,0.017857142857142856,0.9897750511247444,0.024353876739562623,0.05224832475877384,0.026521474833442086,-0.025726849925331755
fedavg,42,condition,pooled,cnn-ae,N15_M01_F10,fuzzy_warning_as_alarm_hi50,0.020232675771370764,0.017857142857142856,0.9897750511247444,0.024353876739562623,0.05224832475877384,0.026521474833442086,-0.025726849925331755
fedavg,42,condition,pooled,cnn-ae,N15_M01_F10,fuzzy_fault_only_hi75,0.007131940906775344,0.0,0.9964212678936605,0.024353876739562623,0.05224832475877384,0.026521474833442086,-0.025726849925331755
fedavg,42,condition,client_specific,cnn-ae,N15_M07_F04,hard_val_p95,0.05072103431128792,0.07272727272727272,0.9739263803680982,0.04276479363500746,0.07706791315922178,0.04865331934357573,-0.028414593815646046
fedavg,42,condition,client_specific,cnn-ae,N15_M07_F04,fuzzy_warning_as_alarm_hi50,0.05072103431128792,0.07272727272727272,0.9739263803680982,0.04276479363500746,0.07706791315922178,0.04865331934357573,-0.028414593815646046
fedavg,42,condition,client_specific,cnn-ae,N15_M07_F04,fuzzy_fault_only_hi75,0.037092731829573934,0.03636363636363636,0.9810838445807771,0.04276479363500746,0.07706791315922178,0.04865331934357573,-0.028414593815646046
fedavg,42,condition,pooled,cnn-ae,N15_M07_F04,hard_val_p95,0.020232675771370764,0.01818181818181818,0.9897750511247444,0.023868722028841372,0.037305093091501866,0.026521474833442086,-0.01078361825805978
fedavg,42,condition,pooled,cnn-ae,N15_M07_F04,fuzzy_warning_as_alarm_hi50,0.020232675771370764,0.01818181818181818,0.9897750511247444,0.023868722028841372,0.037305093091501866,0.026521474833442086,-0.01078361825805978
fedavg,42,condition,pooled,cnn-ae,N15_M07_F04,fuzzy_fault_only_hi75,0.007131940906775344,0.0,0.9964212678936605,0.023868722028841372,0.037305093091501866,0.026521474833442086,-0.01078361825805978
fedavg,42,condition,client_specific,cnn-ae,N15_M07_F10,hard_val_p95,0.19880897846999543,0.18181818181818182,0.8890593047034765,0.08254599701640974,0.16486702267981967,0.11586970087196632,-0.04899732180785335
fedavg,42,condition,client_specific,cnn-ae,N15_M07_F10,fuzzy_warning_as_alarm_hi50,0.19880897846999543,0.18181818181818182,0.8890593047034765,0.08254599701640974,0.16486702267981967,0.11586970087196632,-0.04899732180785335
fedavg,42,condition,client_specific,cnn-ae,N15_M07_F10,fuzzy_fault_only_hi75,0.1251193887297039,0.12727272727272726,0.9330265848670757,0.08254599701640974,0.16486702267981967,0.11586970087196632,-0.04899732180785335
fedavg,42,condition,pooled,cnn-ae,N15_M07_F10,hard_val_p95,0.020232675771370764,0.01818181818181818,0.9897750511247444,0.023868722028841372,0.050984133427728416,0.026521474833442086,-0.02446265859428633
fedavg,42,condition,pooled,cnn-ae,N15_M07_F10,fuzzy_warning_as_alarm_hi50,0.020232675771370764,0.01818181818181818,0.9897750511247444,0.023868722028841372,0.050984133427728416,0.026521474833442086,-0.02446265859428633
fedavg,42,condition,pooled,cnn-ae,N15_M07_F10,fuzzy_fault_only_hi75,0.007131940906775344,0.0,0.9964212678936605,0.023868722028841372,0.050984133427728416,0.026521474833442086,-0.02446265859428633
fedavg,42,condition,client_specific,cnn-ae,N09_M07_F10,hard_val_p95,0.002039775624681285,0.05454545454545454,0.9989775051124744,0.0044753853804077575,0.07146423915636317,0.007569525148370541,-0.06389471400799263
fedavg,42,condition,client_specific,cnn-ae,N09_M07_F10,fuzzy_warning_as_alarm_hi50,0.002039775624681285,0.05454545454545454,0.9989775051124744,0.0044753853804077575,0.07146423915636317,0.007569525148370541,-0.06389471400799263
fedavg,42,condition,client_specific,cnn-ae,N09_M07_F10,fuzzy_fault_only_hi75,0.0,0.03636363636363636,1.0,0.0044753853804077575,0.07146423915636317,0.007569525148370541,-0.06389471400799263
fedavg,42,condition,pooled,cnn-ae,N09_M07_F10,hard_val_p95,0.029116465863453816,0.12727272727272726,0.9851738241308794,0.023868722028841372,0.12169568685128372,0.021997802829327225,-0.09969788402195649
fedavg,42,condition,pooled,cnn-ae,N09_M07_F10,fuzzy_warning_as_alarm_hi50,0.029116465863453816,0.12727272727272726,0.9851738241308794,0.023868722028841372,0.12169568685128372,0.021997802829327225,-0.09969788402195649
fedavg,42,condition,pooled,cnn-ae,N09_M07_F10,fuzzy_fault_only_hi75,0.007113821138211382,0.09090909090909091,0.9964212678936605,0.023868722028841372,0.12169568685128372,0.021997802829327225,-0.09969788402195649
fedavg,42,condition,client_specific,cnn-ae,N15_M01_F10,hard_val_p95,0.1695388914764788,0.16071428571428573,0.9069529652351738,0.08548707753479125,0.1474512123779859,0.08715939895861274,-0.06029181341937315
fedavg,42,condition,client_specific,cnn-ae,N15_M01_F10,fuzzy_warning_as_alarm_hi50,0.1695388914764788,0.16071428571428573,0.9069529652351738,0.08548707753479125,0.1474512123779859,0.08715939895861274,-0.06029181341937315
fedavg,42,condition,client_specific,cnn-ae,N15_M01_F10,fuzzy_fault_only_hi75,0.048731974142217804,0.10714285714285714,0.9749488752556237,0.08548707753479125,0.1474512123779859,0.08715939895861274,-0.06029181341937315
fedavg,42,condition,pooled,cnn-ae,N15_M01_F10,hard_val_p95,0.029175050301810865,0.05357142857142857,0.9851738241308794,0.02584493041749503,0.05948047673408861,0.021997802829327225,-0.037482673904761385
fedavg,42,condition,pooled,cnn-ae,N15_M01_F10,fuzzy_warning_as_alarm_hi50,0.029175050301810865,0.05357142857142857,0.9851738241308794,0.02584493041749503,0.05948047673408861,0.021997802829327225,-0.037482673904761385
fedavg,42,condition,pooled,cnn-ae,N15_M01_F10,fuzzy_fault_only_hi75,0.007131940906775344,0.0,0.9964212678936605,0.02584493041749503,0.05948047673408861,0.021997802829327225,-0.037482673904761385
fedavg,42,condition,client_specific,cnn-ae,N15_M07_F04,hard_val_p95,0.05072103431128792,0.07272727272727272,0.9739263803680982,0.029338637493784188,0.06733749445701936,0.036932762407353145,-0.03040473204966622
fedavg,42,condition,client_specific,cnn-ae,N15_M07_F04,fuzzy_warning_as_alarm_hi50,0.05072103431128792,0.07272727272727272,0.9739263803680982,0.029338637493784188,0.06733749445701936,0.036932762407353145,-0.03040473204966622
fedavg,42,condition,client_specific,cnn-ae,N15_M07_F04,fuzzy_fault_only_hi75,0.03413654618473896,0.03636363636363636,0.9826175869120655,0.029338637493784188,0.06733749445701936,0.036932762407353145,-0.03040473204966622
fedavg,42,condition,pooled,cnn-ae,N15_M07_F04,hard_val_p95,0.0291897332662305,0.03636363636363636,0.9851738241308794,0.02486325211337643,0.039098921019210475,0.021997802829327225,-0.01710111818988325
fedavg,42,condition,pooled,cnn-ae,N15_M07_F04,fuzzy_warning_as_alarm_hi50,0.0291897332662305,0.03636363636363636,0.9851738241308794,0.02486325211337643,0.039098921019210475,0.021997802829327225,-0.01710111818988325
fedavg,42,condition,pooled,cnn-ae,N15_M07_F04,fuzzy_fault_only_hi75,0.007131940906775344,0.0,0.9964212678936605,0.02486325211337643,0.039098921019210475,0.021997802829327225,-0.01710111818988325
fedavg,42,condition,client_specific,cnn-ae,N15_M07_F10,hard_val_p95,0.24396782841823056,0.16363636363636364,0.8604294478527608,0.08552958727001492,0.1922841077977977,0.1486340487658123,-0.043650059031985405
fedavg,42,condition,client_specific,cnn-ae,N15_M07_F10,fuzzy_warning_as_alarm_hi50,0.24396782841823056,0.16363636363636364,0.8604294478527608,0.08552958727001492,0.1922841077977977,0.1486340487658123,-0.043650059031985405
fedavg,42,condition,client_specific,cnn-ae,N15_M07_F10,fuzzy_fault_only_hi75,0.14015151515151514,0.14545454545454545,0.9243353783231084,0.08552958727001492,0.1922841077977977,0.1486340487658123,-0.043650059031985405
fedavg,42,condition,pooled,cnn-ae,N15_M07_F10,hard_val_p95,0.029175050301810865,0.05454545454545454,0.9851738241308794,0.02486325211337643,0.06543504539014663,0.021997802829327225,-0.043437242560819406
fedavg,42,condition,pooled,cnn-ae,N15_M07_F10,fuzzy_warning_as_alarm_hi50,0.029175050301810865,0.05454545454545454,0.9851738241308794,0.02486325211337643,0.06543504539014663,0.021997802829327225,-0.043437242560819406
fedavg,42,condition,pooled,cnn-ae,N15_M07_F10,fuzzy_fault_only_hi75,0.0071246819338422395,0.03636363636363636,0.9964212678936605,0.02486325211337643,0.06543504539014663,0.021997802829327225,-0.043437242560819406
fedavg,42,condition,client_specific,cnn-ae,N09_M07_F10,hard_val_p95,0.01015228426395939,0.07272727272727272,0.9948875255623721,0.005967180507210343,0.06860662649802587,0.006025882975419321,-0.06258074352260655
fedavg,42,condition,client_specific,cnn-ae,N09_M07_F10,fuzzy_warning_as_alarm_hi50,0.01015228426395939,0.07272727272727272,0.9948875255623721,0.005967180507210343,0.06860662649802587,0.006025882975419321,-0.06258074352260655
fedavg,42,condition,client_specific,cnn-ae,N09_M07_F10,fuzzy_fault_only_hi75,0.004077471967380225,0.03636363636363636,0.9979550102249489,0.005967180507210343,0.06860662649802587,0.006025882975419321,-0.06258074352260655
fedavg,42,condition,pooled,cnn-ae,N09_M07_F10,hard_val_p95,0.029116465863453816,0.12727272727272726,0.9851738241308794,0.012928891098955743,0.10870826767891573,0.015419497284804295,-0.09328877039411143
fedavg,42,condition,pooled,cnn-ae,N09_M07_F10,fuzzy_warning_as_alarm_hi50,0.029116465863453816,0.12727272727272726,0.9851738241308794,0.012928891098955743,0.10870826767891573,0.015419497284804295,-0.09328877039411143
fedavg,42,condition,pooled,cnn-ae,N09_M07_F10,fuzzy_fault_only_hi75,0.013177901672579827,0.07272727272727272,0.9933537832310838,0.012928891098955743,0.10870826767891573,0.015419497284804295,-0.09328877039411143
fedavg,42,condition,client_specific,cnn-ae,N15_M01_F10,hard_val_p95,0.06515301085883514,0.07142857142857142,0.9662576687116564,0.02982107355864811,0.10472161595769201,0.07623399975756262,-0.028487616200129393
fedavg,42,condition,client_specific,cnn-ae,N15_M01_F10,fuzzy_warning_as_alarm_hi50,0.06515301085883514,0.07142857142857142,0.9662576687116564,0.02982107355864811,0.10472161595769201,0.07623399975756262,-0.028487616200129393
fedavg,42,condition,client_specific,cnn-ae,N15_M01_F10,fuzzy_fault_only_hi75,0.03510531594784353,0.05357142857142857,0.9821063394683026,0.02982107355864811,0.10472161595769201,0.07623399975756262,-0.028487616200129393
fedavg,42,condition,pooled,cnn-ae,N15_M01_F10,hard_val_p95,0.029175050301810865,0.05357142857142857,0.9851738241308794,0.012922465208747515,0.03921349635068504,0.015419497284804295,-0.02379399906588074
fedavg,42,condition,pooled,cnn-ae,N15_M01_F10,fuzzy_warning_as_alarm_hi50,0.029175050301810865,0.05357142857142857,0.9851738241308794,0.012922465208747515,0.03921349635068504,0.015419497284804295,-0.02379399906588074
fedavg,42,condition,pooled,cnn-ae,N15_M01_F10,fuzzy_fault_only_hi75,0.013204672422549517,0.0,0.9933537832310838,0.012922465208747515,0.03921349635068504,0.015419497284804295,-0.02379399906588074
fedavg,42,condition,client_specific,cnn-ae,N15_M07_F04,hard_val_p95,0.06324110671936758,0.07272727272727272,0.967280163599182,0.030333167578319244,0.09384015879098472,0.0592727971015418,-0.03456736168944292
fedavg,42,condition,client_specific,cnn-ae,N15_M07_F04,fuzzy_warning_as_alarm_hi50,0.06324110671936758,0.07272727272727272,0.967280163599182,0.030333167578319244,0.09384015879098472,0.0592727971015418,-0.03456736168944292
fedavg,42,condition,client_specific,cnn-ae,N15_M07_F04,fuzzy_fault_only_hi75,0.028183190739808756,0.05454545454545454,0.9856850715746421,0.030333167578319244,0.09384015879098472,0.0592727971015418,-0.03456736168944292
fedavg,42,condition,pooled,cnn-ae,N15_M07_F04,hard_val_p95,0.029175050301810865,0.05454545454545454,0.9851738241308794,0.012928891098955743,0.034676368007283825,0.015419497284804295,-0.01925687072247953
fedavg,42,condition,pooled,cnn-ae,N15_M07_F04,fuzzy_warning_as_alarm_hi50,0.029175050301810865,0.05454545454545454,0.9851738241308794,0.012928891098955743,0.034676368007283825,0.015419497284804295,-0.01925687072247953
fedavg,42,condition,pooled,cnn-ae,N15_M07_F04,fuzzy_fault_only_hi75,0.013204672422549517,0.0,0.9933537832310838,0.012928891098955743,0.034676368007283825,0.015419497284804295,-0.01925687072247953
fedavg,42,condition,client_specific,cnn-ae,N15_M07_F10,hard_val_p95,0.10628019323671498,0.07272727272727272,0.943762781186094,0.03878667329686723,0.11826556636199483,0.09132429437660348,-0.02694127198539134
fedavg,42,condition,client_specific,cnn-ae,N15_M07_F10,fuzzy_warning_as_alarm_hi50,0.10628019323671498,0.07272727272727272,0.943762781186094,0.03878667329686723,0.11826556636199483,0.09132429437660348,-0.02694127198539134
fedavg,42,condition,client_specific,cnn-ae,N15_M07_F10,fuzzy_fault_only_hi75,0.08500244259892525,0.07272727272727272,0.9555214723926381,0.03878667329686723,0.11826556636199483,0.09132429437660348,-0.02694127198539134
fedavg,42,condition,pooled,cnn-ae,N15_M07_F10,hard_val_p95,0.029160382101558573,0.07272727272727272,0.9851738241308794,0.012431626056688214,0.05992033650122769,0.015419497284804295,-0.04450083921642339
fedavg,42,condition,pooled,cnn-ae,N15_M07_F10,fuzzy_warning_as_alarm_hi50,0.029160382101558573,0.07272727272727272,0.9851738241308794,0.012431626056688214,0.05992033650122769,0.015419497284804295,-0.04450083921642339
fedavg,42,condition,pooled,cnn-ae,N15_M07_F10,fuzzy_fault_only_hi75,0.013191273465246067,0.03636363636363636,0.9933537832310838,0.012431626056688214,0.05992033650122769,0.015419497284804295,-0.04450083921642339
fedavg,42,condition,client_specific,cnn-ae,N09_M07_F10,hard_val_p95,0.015174506828528073,0.10909090909090909,0.9923312883435583,0.0174042764793635,0.13749888714155697,0.02056760726307785,-0.11693127987847912
fedavg,42,condition,client_specific,cnn-ae,N09_M07_F10,fuzzy_warning_as_alarm_hi50,0.015174506828528073,0.10909090909090909,0.9923312883435583,0.0174042764793635,0.13749888714155697,0.02056760726307785,-0.11693127987847912
fedavg,42,condition,client_specific,cnn-ae,N09_M07_F10,fuzzy_fault_only_hi75,0.003061224489795918,0.01818181818181818,0.9984662576687117,0.0174042764793635,0.13749888714155697,0.02056760726307785,-0.11693127987847912
fedavg,42,condition,pooled,cnn-ae,N09_M07_F10,hard_val_p95,0.07429130009775171,0.2545454545454545,0.9611451942740287,0.04724017901541522,0.27724708148208926,0.06813601429048732,-0.20911106719160194
fedavg,42,condition,pooled,cnn-ae,N09_M07_F10,fuzzy_warning_as_alarm_hi50,0.07429130009775171,0.2545454545454545,0.9611451942740287,0.04724017901541522,0.27724708148208926,0.06813601429048732,-0.20911106719160194
fedavg,42,condition,pooled,cnn-ae,N09_M07_F10,fuzzy_fault_only_hi75,0.03007518796992481,0.16363636363636364,0.9846625766871165,0.04724017901541522,0.27724708148208926,0.06813601429048732,-0.20911106719160194
fedavg,42,condition,client_specific,cnn-ae,N15_M01_F10,hard_val_p95,0.11560693641618497,0.0,0.9386503067484663,0.059145129224652086,0.07596867703741816,0.11152234290333765,0.03555366586591949
fedavg,42,condition,client_specific,cnn-ae,N15_M01_F10,fuzzy_warning_as_alarm_hi50,0.11560693641618497,0.0,0.9386503067484663,0.059145129224652086,0.07596867703741816,0.11152234290333765,0.03555366586591949
fedavg,42,condition,client_specific,cnn-ae,N15_M01_F10,fuzzy_fault_only_hi75,0.07764127764127764,0.0,0.9596114519427403,0.059145129224652086,0.07596867703741816,0.11152234290333765,0.03555366586591949
fedavg,42,condition,pooled,cnn-ae,N15_M01_F10,hard_val_p95,0.07480314960629922,0.0,0.9611451942740287,0.0437375745526839,0.044271047669455506,0.06813601429048732,0.023864966621031818
fedavg,42,condition,pooled,cnn-ae,N15_M01_F10,fuzzy_warning_as_alarm_hi50,0.07480314960629922,0.0,0.9611451942740287,0.0437375745526839,0.044271047669455506,0.06813601429048732,0.023864966621031818
fedavg,42,condition,pooled,cnn-ae,N15_M01_F10,fuzzy_fault_only_hi75,0.030211480362537766,0.0,0.9846625766871165,0.0437375745526839,0.044271047669455506,0.06813601429048732,0.023864966621031818
fedavg,42,condition,client_specific,cnn-ae,N15_M07_F04,hard_val_p95,0.09820126397666505,0.0,0.9483640081799591,0.04574838388861263,0.045185858786849456,0.08555248369802426,0.040366624911174806
fedavg,42,condition,client_specific,cnn-ae,N15_M07_F04,fuzzy_warning_as_alarm_hi50,0.09820126397666505,0.0,0.9483640081799591,0.04574838388861263,0.045185858786849456,0.08555248369802426,0.040366624911174806
fedavg,42,condition,client_specific,cnn-ae,N15_M07_F04,fuzzy_fault_only_hi75,0.07005426739023186,0.0,0.9637014314928425,0.04574838388861263,0.045185858786849456,0.08555248369802426,0.040366624911174806
fedavg,42,condition,pooled,cnn-ae,N15_M07_F04,hard_val_p95,0.07480314960629922,0.0,0.9611451942740287,0.04375932371954252,0.038763430444232416,0.06813601429048732,0.029372583846254907
fedavg,42,condition,pooled,cnn-ae,N15_M07_F04,fuzzy_warning_as_alarm_hi50,0.07480314960629922,0.0,0.9611451942740287,0.04375932371954252,0.038763430444232416,0.06813601429048732,0.029372583846254907
fedavg,42,condition,pooled,cnn-ae,N15_M07_F04,fuzzy_fault_only_hi75,0.030211480362537766,0.0,0.9846625766871165,0.04375932371954252,0.038763430444232416,0.06813601429048732,0.029372583846254907
fedavg,42,condition,client_specific,cnn-ae,N15_M07_F10,hard_val_p95,0.09352167559668777,0.01818181818181818,0.950920245398773,0.029835902536051714,0.0713941514758063,0.09159036219436076,0.020196210718554458
fedavg,42,condition,client_specific,cnn-ae,N15_M07_F10,fuzzy_warning_as_alarm_hi50,0.09352167559668777,0.01818181818181818,0.950920245398773,0.029835902536051714,0.0713941514758063,0.09159036219436076,0.020196210718554458
fedavg,42,condition,client_specific,cnn-ae,N15_M07_F10,fuzzy_fault_only_hi75,0.08606356968215159,0.01818181818181818,0.9550102249488752,0.029835902536051714,0.0713941514758063,0.09159036219436076,0.020196210718554458
fedavg,42,condition,pooled,cnn-ae,N15_M07_F10,hard_val_p95,0.07476635514018691,0.01818181818181818,0.9611451942740287,0.044256588761810045,0.06160808944397925,0.06813601429048732,0.006527924846508076
fedavg,42,condition,pooled,cnn-ae,N15_M07_F10,fuzzy_warning_as_alarm_hi50,0.07476635514018691,0.01818181818181818,0.9611451942740287,0.044256588761810045,0.06160808944397925,0.06813601429048732,0.006527924846508076
fedavg,42,condition,pooled,cnn-ae,N15_M07_F10,fuzzy_fault_only_hi75,0.03019627579265224,0.01818181818181818,0.9846625766871165,0.044256588761810045,0.06160808944397925,0.06813601429048732,0.006527924846508076
fedavg,42,condition,client_specific,cnn-ae,N09_M07_F10,hard_val_p95,0.0050916496945010185,0.05454545454545454,0.9974437627811861,0.005469915464942815,0.0657491917339935,0.00665007417506618,-0.05909911755892732
fedavg,42,condition,client_specific,cnn-ae,N09_M07_F10,fuzzy_warning_as_alarm_hi50,0.0050916496945010185,0.05454545454545454,0.9974437627811861,0.005469915464942815,0.0657491917339935,0.00665007417506618,-0.05909911755892732
fedavg,42,condition,client_specific,cnn-ae,N09_M07_F10,fuzzy_fault_only_hi75,0.0030596634370219276,0.03636363636363636,0.9984662576687117,0.005469915464942815,0.0657491917339935,0.00665007417506618,-0.05909911755892732
fedavg,42,condition,pooled,cnn-ae,N09_M07_F10,hard_val_p95,0.029116465863453816,0.12727272727272726,0.9851738241308794,0.02138239681750373,0.10558655710799983,0.01789405474800728,-0.08769250235999254
fedavg,42,condition,pooled,cnn-ae,N09_M07_F10,fuzzy_warning_as_alarm_hi50,0.029116465863453816,0.12727272727272726,0.9851738241308794,0.02138239681750373,0.10558655710799983,0.01789405474800728,-0.08769250235999254
fedavg,42,condition,pooled,cnn-ae,N09_M07_F10,fuzzy_fault_only_hi75,0.01015228426395939,0.07272727272727272,0.9948875255623721,0.02138239681750373,0.10558655710799983,0.01789405474800728,-0.08769250235999254
fedavg,42,condition,client_specific,cnn-ae,N15_M01_F10,hard_val_p95,0.1568075117370892,0.125,0.9146216768916156,0.08300198807157058,0.1321925841982868,0.10011917075974047,-0.03207341343854633
fedavg,42,condition,client_specific,cnn-ae,N15_M01_F10,fuzzy_warning_as_alarm_hi50,0.1568075117370892,0.125,0.9146216768916156,0.08300198807157058,0.1321925841982868,0.10011917075974047,-0.03207341343854633
fedavg,42,condition,client_specific,cnn-ae,N15_M01_F10,fuzzy_fault_only_hi75,0.04878048780487805,0.07142857142857142,0.9749488752556237,0.08300198807157058,0.1321925841982868,0.10011917075974047,-0.03207341343854633
fedavg,42,condition,pooled,cnn-ae,N15_M01_F10,hard_val_p95,0.029175050301810865,0.05357142857142857,0.9851738241308794,0.02186878727634195,0.03890280558772793,0.01789405474800728,-0.021008750839720647
fedavg,42,condition,pooled,cnn-ae,N15_M01_F10,fuzzy_warning_as_alarm_hi50,0.029175050301810865,0.05357142857142857,0.9851738241308794,0.02186878727634195,0.03890280558772793,0.01789405474800728,-0.021008750839720647
fedavg,42,condition,pooled,cnn-ae,N15_M01_F10,fuzzy_fault_only_hi75,0.01017293997965412,0.0,0.9948875255623721,0.02186878727634195,0.03890280558772793,0.01789405474800728,-0.021008750839720647
fedavg,42,condition,client_specific,cnn-ae,N15_M07_F04,hard_val_p95,0.07279881947860305,0.05454545454545454,0.9621676891615542,0.02187966185977126,0.0541327684751989,0.03656443380217191,-0.017568334673026986
fedavg,42,condition,client_specific,cnn-ae,N15_M07_F04,fuzzy_warning_as_alarm_hi50,0.07279881947860305,0.05454545454545454,0.9621676891615542,0.02187966185977126,0.0541327684751989,0.03656443380217191,-0.017568334673026986
fedavg,42,condition,client_specific,cnn-ae,N15_M07_F04,fuzzy_fault_only_hi75,0.0400200100050025,0.05454545454545454,0.9795501022494888,0.02187966185977126,0.0541327684751989,0.03656443380217191,-0.017568334673026986
fedavg,42,condition,pooled,cnn-ae,N15_M07_F04,hard_val_p95,0.0291897332662305,0.03636363636363636,0.9851738241308794,0.02138239681750373,0.02985346818537255,0.01789405474800728,-0.011959413437365271
fedavg,42,condition,pooled,cnn-ae,N15_M07_F04,fuzzy_warning_as_alarm_hi50,0.0291897332662305,0.03636363636363636,0.9851738241308794,0.02138239681750373,0.02985346818537255,0.01789405474800728,-0.011959413437365271
fedavg,42,condition,pooled,cnn-ae,N15_M07_F04,fuzzy_fault_only_hi75,0.01017293997965412,0.0,0.9948875255623721,0.02138239681750373,0.02985346818537255,0.01789405474800728,-0.011959413437365271
fedavg,42,condition,client_specific,cnn-ae,N15_M07_F10,hard_val_p95,0.17666201766620176,0.09090909090909091,0.9028629856850716,0.039781203381402286,0.13231227573698137,0.12651347004527888,-0.005798805691702491
fedavg,42,condition,client_specific,cnn-ae,N15_M07_F10,fuzzy_warning_as_alarm_hi50,0.17666201766620176,0.09090909090909091,0.9028629856850716,0.039781203381402286,0.13231227573698137,0.12651347004527888,-0.005798805691702491
fedavg,42,condition,client_specific,cnn-ae,N15_M07_F10,fuzzy_fault_only_hi75,0.15868544600938966,0.09090909090909091,0.91359918200409,0.039781203381402286,0.13231227573698137,0.12651347004527888,-0.005798805691702491
fedavg,42,condition,pooled,cnn-ae,N15_M07_F10,hard_val_p95,0.029175050301810865,0.05454545454545454,0.9851738241308794,0.0208851317752362,0.0517447775504035,0.01789405474800728,-0.03385072280239622
fedavg,42,condition,pooled,cnn-ae,N15_M07_F10,fuzzy_warning_as_alarm_hi50,0.029175050301810865,0.05454545454545454,0.9851738241308794,0.0208851317752362,0.0517447775504035,0.01789405474800728,-0.03385072280239622
fedavg,42,condition,pooled,cnn-ae,N15_M07_F10,fuzzy_fault_only_hi75,0.01016260162601626,0.03636363636363636,0.9948875255623721,0.0208851317752362,0.0517447775504035,0.01789405474800728,-0.03385072280239622
fedavg,42,condition,client_specific,cnn-ae,N09_M07_F10,hard_val_p95,0.016194331983805668,0.07272727272727272,0.9918200408997955,0.007956240676280457,0.06812582981706597,0.009327094371500923,-0.05879873544556505
fedavg,42,condition,client_specific,cnn-ae,N09_M07_F10,fuzzy_warning_as_alarm_hi50,0.016194331983805668,0.07272727272727272,0.9918200408997955,0.007956240676280457,0.06812582981706597,0.009327094371500923,-0.05879873544556505
fedavg,42,condition,client_specific,cnn-ae,N09_M07_F10,fuzzy_fault_only_hi75,0.0071246819338422395,0.03636363636363636,0.9964212678936605,0.007956240676280457,0.06812582981706597,0.009327094371500923,-0.05879873544556505
fedavg,42,condition,pooled,cnn-ae,N09_M07_F10,hard_val_p95,0.038,0.10909090909090909,0.9805725971370143,0.016409746394828444,0.12727494332376477,0.0334865629172679,-0.09378838040649687
fedavg,42,condition,pooled,cnn-ae,N09_M07_F10,fuzzy_warning_as_alarm_hi50,0.038,0.10909090909090909,0.9805725971370143,0.016409746394828444,0.12727494332376477,0.0334865629172679,-0.09378838040649687
fedavg,42,condition,pooled,cnn-ae,N09_M07_F10,fuzzy_fault_only_hi75,0.015189873417721518,0.07272727272727272,0.9923312883435583,0.016409746394828444,0.12727494332376477,0.0334865629172679,-0.09378838040649687
fedavg,42,condition,client_specific,cnn-ae,N15_M01_F10,hard_val_p95,0.06518518518518518,0.05357142857142857,0.9662576687116564,0.040755467196819085,0.09355620194759497,0.06788978362741134,-0.025666418320183626
fedavg,42,condition,client_specific,cnn-ae,N15_M01_F10,fuzzy_warning_as_alarm_hi50,0.06518518518518518,0.05357142857142857,0.9662576687116564,0.040755467196819085,0.09355620194759497,0.06788978362741134,-0.025666418320183626
fedavg,42,condition,client_specific,cnn-ae,N15_M01_F10,fuzzy_fault_only_hi75,0.024217961654894045,0.03571428571428571,0.9877300613496932,0.040755467196819085,0.09355620194759497,0.06788978362741134,-0.025666418320183626
fedavg,42,condition,pooled,cnn-ae,N15_M01_F10,hard_val_p95,0.03805708562844266,0.05357142857142857,0.9805725971370143,0.016401590457256462,0.05369146879731989,0.0334865629172679,-0.020204905880051992
fedavg,42,condition,pooled,cnn-ae,N15_M01_F10,fuzzy_warning_as_alarm_hi50,0.03805708562844266,0.05357142857142857,0.9805725971370143,0.016401590457256462,0.05369146879731989,0.0334865629172679,-0.020204905880051992
fedavg,42,condition,pooled,cnn-ae,N15_M01_F10,fuzzy_fault_only_hi75,0.015212981744421906,0.017857142857142856,0.9923312883435583,0.016401590457256462,0.05369146879731989,0.0334865629172679,-0.020204905880051992
fedavg,42,condition,client_specific,cnn-ae,N15_M07_F04,hard_val_p95,0.09970958373668926,0.12727272727272726,0.9473415132924335,0.044256588761810045,0.13379609058704012,0.07535347327048188,-0.05844261731655824
fedavg,42,condition,client_specific,cnn-ae,N15_M07_F04,fuzzy_warning_as_alarm_hi50,0.09970958373668926,0.12727272727272726,0.9473415132924335,0.044256588761810045,0.13379609058704012,0.07535347327048188,-0.05844261731655824
fedavg,42,condition,client_specific,cnn-ae,N15_M07_F04,fuzzy_fault_only_hi75,0.030181086519114688,0.03636363636363636,0.9846625766871165,0.044256588761810045,0.13379609058704012,0.07535347327048188,-0.05844261731655824
fedavg,42,condition,pooled,cnn-ae,N15_M07_F04,hard_val_p95,0.03805708562844266,0.05454545454545454,0.9805725971370143,0.015912481352560914,0.06587864810435973,0.0334865629172679,-0.03239208518709183
fedavg,42,condition,pooled,cnn-ae,N15_M07_F04,fuzzy_warning_as_alarm_hi50,0.03805708562844266,0.05454545454545454,0.9805725971370143,0.015912481352560914,0.06587864810435973,0.0334865629172679,-0.03239208518709183
fedavg,42,condition,pooled,cnn-ae,N15_M07_F04,fuzzy_fault_only_hi75,0.015205271160669031,0.03636363636363636,0.9923312883435583,0.015912481352560914,0.06587864810435973,0.0334865629172679,-0.03239208518709183
fedavg,42,condition,client_specific,cnn-ae,N15_M07_F10,hard_val_p95,0.18089053803339517,0.09090909090909091,0.9003067484662577,0.057682744903033316,0.13964377197046438,0.12227833286498364,-0.01736543910548073
fedavg,42,condition,client_specific,cnn-ae,N15_M07_F10,fuzzy_warning_as_alarm_hi50,0.18089053803339517,0.09090909090909091,0.9003067484662577,0.057682744903033316,0.13964377197046438,0.12227833286498364,-0.01736543910548073
fedavg,42,condition,client_specific,cnn-ae,N15_M07_F10,fuzzy_fault_only_hi75,0.12164750957854406,0.09090909090909091,0.9350715746421268,0.057682744903033316,0.13964377197046438,0.12227833286498364,-0.01736543910548073
fedavg,42,condition,pooled,cnn-ae,N15_M07_F10,hard_val_p95,0.03805708562844266,0.05454545454545454,0.9805725971370143,0.015912481352560914,0.06379705966930015,0.0334865629172679,-0.030310496752032248
fedavg,42,condition,pooled,cnn-ae,N15_M07_F10,fuzzy_warning_as_alarm_hi50,0.03805708562844266,0.05454545454545454,0.9805725971370143,0.015912481352560914,0.06379705966930015,0.0334865629172679,-0.030310496752032248
fedavg,42,condition,pooled,cnn-ae,N15_M07_F10,fuzzy_fault_only_hi75,0.015205271160669031,0.03636363636363636,0.9923312883435583,0.015912481352560914,0.06379705966930015,0.0334865629172679,-0.030310496752032248
fedavg,42,condition,client_specific,cnn-ae,N09_M07_F10,hard_val_p95,0.021222839818089943,0.03636363636363636,0.9892638036809815,0.0174042764793635,0.11357534717858098,0.030036528397215666,-0.0835388187813653
fedavg,42,condition,client_specific,cnn-ae,N09_M07_F10,fuzzy_warning_as_alarm_hi50,0.021222839818089943,0.03636363636363636,0.9892638036809815,0.0174042764793635,0.11357534717858098,0.030036528397215666,-0.0835388187813653
fedavg,42,condition,client_specific,cnn-ae,N09_M07_F10,fuzzy_fault_only_hi75,0.0050968399592252805,0.01818181818181818,0.9974437627811861,0.0174042764793635,0.11357534717858098,0.030036528397215666,-0.0835388187813653
fedavg,42,condition,pooled,cnn-ae,N09_M07_F10,hard_val_p95,0.09112942317014057,0.23636363636363636,0.9519427402862985,0.06613625062158131,0.24453085631942842,0.07524995951158482,-0.16928089680784358
fedavg,42,condition,pooled,cnn-ae,N09_M07_F10,fuzzy_warning_as_alarm_hi50,0.09112942317014057,0.23636363636363636,0.9519427402862985,0.06613625062158131,0.24453085631942842,0.07524995951158482,-0.16928089680784358
fedavg,42,condition,pooled,cnn-ae,N09_M07_F10,fuzzy_fault_only_hi75,0.027176648213387014,0.07272727272727272,0.9861963190184049,0.06613625062158131,0.24453085631942842,0.07524995951158482,-0.16928089680784358
fedavg,42,condition,client_specific,cnn-ae,N15_M01_F10,hard_val_p95,0.11003861003861004,0.03571428571428571,0.941717791411043,0.03578528827037773,0.09981577266409052,0.10459235009986607,0.004776577435775559
fedavg,42,condition,client_specific,cnn-ae,N15_M01_F10,fuzzy_warning_as_alarm_hi50,0.11003861003861004,0.03571428571428571,0.941717791411043,0.03578528827037773,0.09981577266409052,0.10459235009986607,0.004776577435775559
fedavg,42,condition,client_specific,cnn-ae,N15_M01_F10,fuzzy_fault_only_hi75,0.09718172983479106,0.03571428571428571,0.9488752556237219,0.03578528827037773,0.09981577266409052,0.10459235009986607,0.004776577435775559
fedavg,42,condition,pooled,cnn-ae,N15_M01_F10,hard_val_p95,0.09161793372319688,0.03571428571428571,0.9519427402862985,0.0621272365805169,0.07168164904542605,0.07524995951158482,0.0035683104661587695
fedavg,42,condition,pooled,cnn-ae,N15_M01_F10,fuzzy_warning_as_alarm_hi50,0.09161793372319688,0.03571428571428571,0.9519427402862985,0.0621272365805169,0.07168164904542605,0.07524995951158482,0.0035683104661587695
fedavg,42,condition,pooled,cnn-ae,N15_M01_F10,fuzzy_fault_only_hi75,0.02723146747352496,0.0,0.9861963190184049,0.0621272365805169,0.07168164904542605,0.07524995951158482,0.0035683104661587695
fedavg,42,condition,client_specific,cnn-ae,N15_M07_F04,hard_val_p95,0.11809889582333173,0.07272727272727272,0.9371165644171779,0.04624564893088016,0.11908038731851188,0.09689305110229497,-0.022187336216216907
fedavg,42,condition,client_specific,cnn-ae,N15_M07_F04,fuzzy_warning_as_alarm_hi50,0.11809889582333173,0.07272727272727272,0.9371165644171779,0.04624564893088016,0.11908038731851188,0.09689305110229497,-0.022187336216216907
fedavg,42,condition,client_specific,cnn-ae,N15_M07_F04,fuzzy_fault_only_hi75,0.08129285014691479,0.05454545454545454,0.9575664621676891,0.04624564893088016,0.11908038731851188,0.09689305110229497,-0.022187336216216907
fedavg,42,condition,pooled,cnn-ae,N15_M07_F04,hard_val_p95,0.09157330735509012,0.05454545454545454,0.9519427402862985,0.062158130283441075,0.09550311076148507,0.07524995951158482,-0.02025315124990025
fedavg,42,condition,pooled,cnn-ae,N15_M07_F04,fuzzy_warning_as_alarm_hi50,0.09157330735509012,0.05454545454545454,0.9519427402862985,0.062158130283441075,0.09550311076148507,0.07524995951158482,-0.02025315124990025
fedavg,42,condition,pooled,cnn-ae,N15_M07_F04,fuzzy_fault_only_hi75,0.02721774193548387,0.01818181818181818,0.9861963190184049,0.062158130283441075,0.09550311076148507,0.07524995951158482,-0.02025315124990025
fedavg,42,condition,client_specific,cnn-ae,N15_M07_F10,hard_val_p95,0.26643140714600794,0.16363636363636364,0.84560327198364,0.02187966185977126,0.19676021006857597,0.1902183928902324,-0.0065418171783435675
fedavg,42,condition,client_specific,cnn-ae,N15_M07_F10,fuzzy_warning_as_alarm_hi50,0.26643140714600794,0.16363636363636364,0.84560327198364,0.02187966185977126,0.19676021006857597,0.1902183928902324,-0.0065418171783435675
fedavg,42,condition,client_specific,cnn-ae,N15_M07_F10,fuzzy_fault_only_hi75,0.25886524822695034,0.14545454545454545,0.8507157464212679,0.02187966185977126,0.19676021006857597,0.1902183928902324,-0.0065418171783435675
fedavg,42,condition,pooled,cnn-ae,N15_M07_F10,hard_val_p95,0.09161793372319688,0.03636363636363636,0.9519427402862985,0.06166086524117355,0.08805473049669812,0.07524995951158482,-0.012804770985113303
fedavg,42,condition,pooled,cnn-ae,N15_M07_F10,fuzzy_warning_as_alarm_hi50,0.09161793372319688,0.03636363636363636,0.9519427402862985,0.06166086524117355,0.08805473049669812,0.07524995951158482,-0.012804770985113303
fedavg,42,condition,pooled,cnn-ae,N15_M07_F10,fuzzy_fault_only_hi75,0.027204030226700253,0.03636363636363636,0.9861963190184049,0.06166086524117355,0.08805473049669812,0.07524995951158482,-0.012804770985113303
fedavg-personalized,42,condition,client_specific,cnn-ae,N09_M07_F10,hard_val_p95,0.020202020202020204,0.07272727272727272,0.9897750511247444,0.009448035803083043,0.07041000242267235,0.010974110614692497,-0.059435891807979854
fedavg-personalized,42,condition,client_specific,cnn-ae,N09_M07_F10,fuzzy_warning_as_alarm_hi50,0.020202020202020204,0.07272727272727272,0.9897750511247444,0.009448035803083043,0.07041000242267235,0.010974110614692497,-0.059435891807979854
fedavg-personalized,42,condition,client_specific,cnn-ae,N09_M07_F10,fuzzy_fault_only_hi75,0.008138351983723296,0.03636363636363636,0.9959100204498977,0.009448035803083043,0.07041000242267235,0.010974110614692497,-0.059435891807979854
fedavg-personalized,42,condition,client_specific,cnn-ae,N15_M01_F10,hard_val_p95,0.15688116486613435,0.10714285714285714,0.9146216768916156,0.07654075546719682,0.16112024491011448,0.11705204917616276,-0.04406819573395172
fedavg-personalized,42,condition,client_specific,cnn-ae,N15_M01_F10,fuzzy_warning_as_alarm_hi50,0.15688116486613435,0.10714285714285714,0.9146216768916156,0.07654075546719682,0.16112024491011448,0.11705204917616276,-0.04406819573395172
fedavg-personalized,42,condition,client_specific,cnn-ae,N15_M01_F10,fuzzy_fault_only_hi75,0.07556427870461237,0.08928571428571429,0.9606339468302658,0.07654075546719682,0.16112024491011448,0.11705204917616276,-0.04406819573395172
fedavg-personalized,42,condition,client_specific,cnn-ae,N15_M07_F04,hard_val_p95,0.08784773060029283,0.05454545454545454,0.9539877300613497,0.030830432620586774,0.0940249305093035,0.06864851822214353,-0.025376412287159963
fedavg-personalized,42,condition,client_specific,cnn-ae,N15_M07_F04,fuzzy_warning_as_alarm_hi50,0.08784773060029283,0.05454545454545454,0.9539877300613497,0.030830432620586774,0.0940249305093035,0.06864851822214353,-0.025376412287159963
fedavg-personalized,42,condition,client_specific,cnn-ae,N15_M07_F04,fuzzy_fault_only_hi75,0.060396039603960394,0.05454545454545454,0.9688139059304703,0.030830432620586774,0.0940249305093035,0.06864851822214353,-0.025376412287159963
fedavg-personalized,42,condition,client_specific,cnn-ae,N15_M07_F10,hard_val_p95,0.19807427785419532,0.16363636363636364,0.8895705521472392,0.043262058677274985,0.20531544905885268,0.1407256817643032,-0.06458976729454949
fedavg-personalized,42,condition,client_specific,cnn-ae,N15_M07_F10,fuzzy_warning_as_alarm_hi50,0.19807427785419532,0.16363636363636364,0.8895705521472392,0.043262058677274985,0.20531544905885268,0.1407256817643032,-0.06458976729454949
fedavg-personalized,42,condition,client_specific,cnn-ae,N15_M07_F10,fuzzy_fault_only_hi75,0.17979610750695088,0.14545454545454545,0.9008179959100204,0.043262058677274985,0.20531544905885268,0.1407256817643032,-0.06458976729454949
fedprox,42,condition,client_specific,cnn-ae,N09_M07_F10,hard_val_p95,0.004077471967380225,0.03636363636363636,0.9979550102249489,0.012431626056688214,0.11819873739462068,0.03191119463891862,-0.08628754275570205
fedprox,42,condition,client_specific,cnn-ae,N09_M07_F10,fuzzy_warning_as_alarm_hi50,0.004077471967380225,0.03636363636363636,0.9979550102249489,0.012431626056688214,0.11819873739462068,0.03191119463891862,-0.08628754275570205
fedprox,42,condition,client_specific,cnn-ae,N09_M07_F10,fuzzy_fault_only_hi75,0.0030596634370219276,0.03636363636363636,0.9984662576687117,0.012431626056688214,0.11819873739462068,0.03191119463891862,-0.08628754275570205
fedprox,42,condition,pooled,cnn-ae,N09_M07_F10,hard_val_p95,0.05153617443012884,0.18181818181818182,0.9734151329243353,0.033316757831924414,0.21136900805811012,0.07486218916024875,-0.13650681889786137
fedprox,42,condition,pooled,cnn-ae,N09_M07_F10,fuzzy_warning_as_alarm_hi50,0.05153617443012884,0.18181818181818182,0.9734151329243353,0.033316757831924414,0.21136900805811012,0.07486218916024875,-0.13650681889786137
fedprox,42,condition,pooled,cnn-ae,N09_M07_F10,fuzzy_fault_only_hi75,0.014177215189873417,0.09090909090909091,0.9928425357873211,0.033316757831924414,0.21136900805811012,0.07486218916024875,-0.13650681889786137
fedprox,42,condition,client_specific,cnn-ae,N15_M01_F10,hard_val_p95,0.10638297872340426,0.03571428571428571,0.943762781186094,0.07405566600397614,0.09582175156686785,0.11433371411089649,0.018511962544028635
fedprox,42,condition,client_specific,cnn-ae,N15_M01_F10,fuzzy_warning_as_alarm_hi50,0.10638297872340426,0.03571428571428571,0.943762781186094,0.07405566600397614,0.09582175156686785,0.11433371411089649,0.018511962544028635
fedprox,42,condition,client_specific,cnn-ae,N15_M01_F10,fuzzy_fault_only_hi75,0.06712734452122408,0.03571428571428571,0.9652351738241309,0.07405566600397614,0.09582175156686785,0.11433371411089649,0.018511962544028635
fedprox,42,condition,pooled,cnn-ae,N15_M01_F10,hard_val_p95,0.051767048282727726,0.017857142857142856,0.9734151329243353,0.030815109343936383,0.06504111557445717,0.07486218916024875,0.009821073585791582
fedprox,42,condition,pooled,cnn-ae,N15_M01_F10,fuzzy_warning_as_alarm_hi50,0.051767048282727726,0.017857142857142856,0.9734151329243353,0.030815109343936383,0.06504111557445717,0.07486218916024875,0.009821073585791582
fedprox,42,condition,pooled,cnn-ae,N15_M01_F10,fuzzy_fault_only_hi75,0.014205986808726534,0.017857142857142856,0.9928425357873211,0.030815109343936383,0.06504111557445717,0.07486218916024875,0.009821073585791582
fedprox,42,condition,client_specific,cnn-ae,N15_M07_F04,hard_val_p95,0.07385524372230429,0.0,0.9616564417177914,0.030333167578319244,0.07632321619661178,0.09903681161491354,0.022713595418301757
fedprox,42,condition,client_specific,cnn-ae,N15_M07_F04,fuzzy_warning_as_alarm_hi50,0.07385524372230429,0.0,0.9616564417177914,0.030333167578319244,0.07632321619661178,0.09903681161491354,0.022713595418301757
fedprox,42,condition,client_specific,cnn-ae,N15_M07_F04,fuzzy_fault_only_hi75,0.055666003976143144,0.0,0.9713701431492843,0.030333167578319244,0.07632321619661178,0.09903681161491354,0.022713595418301757
fedprox,42,condition,pooled,cnn-ae,N15_M07_F04,hard_val_p95,0.05179282868525897,0.0,0.9734151329243353,0.030333167578319244,0.05752378788742478,0.07486218916024875,0.017338401272823975
fedprox,42,condition,pooled,cnn-ae,N15_M07_F04,fuzzy_warning_as_alarm_hi50,0.05179282868525897,0.0,0.9734151329243353,0.030333167578319244,0.05752378788742478,0.07486218916024875,0.017338401272823975
fedprox,42,condition,pooled,cnn-ae,N15_M07_F04,fuzzy_fault_only_hi75,0.014213197969543147,0.0,0.9928425357873211,0.030333167578319244,0.05752378788742478,0.07486218916024875,0.017338401272823975
fedprox,42,condition,client_specific,cnn-ae,N15_M07_F10,hard_val_p95,0.0729064039408867,0.0,0.9621676891615542,0.05320735952262556,0.05919797677960036,0.1051180350205376,0.045920058240937235
fedprox,42,condition,client_specific,cnn-ae,N15_M07_F10,fuzzy_warning_as_alarm_hi50,0.0729064039408867,0.0,0.9621676891615542,0.05320735952262556,0.05919797677960036,0.1051180350205376,0.045920058240937235
fedprox,42,condition,client_specific,cnn-ae,N15_M07_F10,fuzzy_fault_only_hi75,0.06048587010411502,0.0,0.9688139059304703,0.05320735952262556,0.05919797677960036,0.1051180350205376,0.045920058240937235
fedprox,42,condition,pooled,cnn-ae,N15_M07_F10,hard_val_p95,0.05179282868525897,0.0,0.9734151329243353,0.030333167578319244,0.04482710650550125,0.07486218916024875,0.030035082654747504
fedprox,42,condition,pooled,cnn-ae,N15_M07_F10,fuzzy_warning_as_alarm_hi50,0.05179282868525897,0.0,0.9734151329243353,0.030333167578319244,0.04482710650550125,0.07486218916024875,0.030035082654747504
fedprox,42,condition,pooled,cnn-ae,N15_M07_F10,fuzzy_fault_only_hi75,0.014213197969543147,0.0,0.9928425357873211,0.030333167578319244,0.04482710650550125,0.07486218916024875,0.030035082654747504
fedprox,42,condition,client_specific,cnn-ae,N09_M07_F10,hard_val_p95,0.0010198878123406426,0.07272727272727272,0.9994887525562373,0.004972650422675286,0.1328875282567171,0.003483519890394572,-0.12940400836632251
fedprox,42,condition,client_specific,cnn-ae,N09_M07_F10,fuzzy_warning_as_alarm_hi50,0.0010198878123406426,0.07272727272727272,0.9994887525562373,0.004972650422675286,0.1328875282567171,0.003483519890394572,-0.12940400836632251
fedprox,42,condition,client_specific,cnn-ae,N09_M07_F10,fuzzy_fault_only_hi75,0.0010214504596527069,0.01818181818181818,0.9994887525562373,0.004972650422675286,0.1328875282567171,0.003483519890394572,-0.12940400836632251
fedprox,42,condition,pooled,cnn-ae,N09_M07_F10,hard_val_p95,0.006072874493927126,0.2545454545454545,0.9969325153374233,0.0174042764793635,0.31259612832493067,0.04812897082668403,-0.2644671574982466
fedprox,42,condition,pooled,cnn-ae,N09_M07_F10,fuzzy_warning_as_alarm_hi50,0.006072874493927126,0.2545454545454545,0.9969325153374233,0.0174042764793635,0.31259612832493067,0.04812897082668403,-0.2644671574982466
fedprox,42,condition,pooled,cnn-ae,N09_M07_F10,fuzzy_fault_only_hi75,0.003050330452465684,0.14545454545454545,0.9984662576687117,0.0174042764793635,0.31259612832493067,0.04812897082668403,-0.2644671574982466
fedprox,42,condition,client_specific,cnn-ae,N15_M01_F10,hard_val_p95,0.3745847176079734,0.017857142857142856,0.7694274028629857,0.03926441351888668,0.08438031071897487,0.23680354723113808,0.15242323651216322
fedprox,42,condition,client_specific,cnn-ae,N15_M01_F10,fuzzy_warning_as_alarm_hi50,0.3745847176079734,0.017857142857142856,0.7694274028629857,0.03926441351888668,0.08438031071897487,0.23680354723113808,0.15242323651216322
fedprox,42,condition,client_specific,cnn-ae,N15_M01_F10,fuzzy_fault_only_hi75,0.33248081841432225,0.0,0.8006134969325154,0.03926441351888668,0.08438031071897487,0.23680354723113808,0.15242323651216322
fedprox,42,condition,pooled,cnn-ae,N15_M01_F10,hard_val_p95,0.0061162079510703364,0.0,0.9969325153374233,0.009940357852882704,0.023621959591944124,0.04812897082668403,0.024507011234739903
fedprox,42,condition,pooled,cnn-ae,N15_M01_F10,fuzzy_warning_as_alarm_hi50,0.0061162079510703364,0.0,0.9969325153374233,0.009940357852882704,0.023621959591944124,0.04812897082668403,0.024507011234739903
fedprox,42,condition,pooled,cnn-ae,N15_M01_F10,fuzzy_fault_only_hi75,0.0030627871362940277,0.0,0.9984662576687117,0.009940357852882704,0.023621959591944124,0.04812897082668403,0.024507011234739903
fedprox,42,condition,client_specific,cnn-ae,N15_M07_F04,hard_val_p95,0.33997456549385335,0.03636363636363636,0.7949897750511248,0.04972650422675286,0.11776112036942978,0.22634302243527463,0.10858190206584485
fedprox,42,condition,client_specific,cnn-ae,N15_M07_F04,fuzzy_warning_as_alarm_hi50,0.33997456549385335,0.03636363636363636,0.7949897750511248,0.04972650422675286,0.11776112036942978,0.22634302243527463,0.10858190206584485
fedprox,42,condition,client_specific,cnn-ae,N15_M07_F04,fuzzy_fault_only_hi75,0.2997393570807993,0.01818181818181818,0.8236196319018405,0.04972650422675286,0.11776112036942978,0.22634302243527463,0.10858190206584485
fedprox,42,condition,pooled,cnn-ae,N15_M07_F04,hard_val_p95,0.0061162079510703364,0.0,0.9969325153374233,0.009945300845350571,0.03613811164495834,0.04812897082668403,0.01199085918172569
fedprox,42,condition,pooled,cnn-ae,N15_M07_F04,fuzzy_warning_as_alarm_hi50,0.0061162079510703364,0.0,0.9969325153374233,0.009945300845350571,0.03613811164495834,0.04812897082668403,0.01199085918172569
fedprox,42,condition,pooled,cnn-ae,N15_M07_F04,fuzzy_fault_only_hi75,0.0030627871362940277,0.0,0.9984662576687117,0.009945300845350571,0.03613811164495834,0.04812897082668403,0.01199085918172569
fedprox,42,condition,client_specific,cnn-ae,N15_M07_F10,hard_val_p95,0.4302279088364654,0.12727272727272726,0.7249488752556237,0.03928393833913476,0.16218407181901281,0.28059691995008945,0.11841284813107664
fedprox,42,condition,client_specific,cnn-ae,N15_M07_F10,fuzzy_warning_as_alarm_hi50,0.4302279088364654,0.12727272727272726,0.7249488752556237,0.03928393833913476,0.16218407181901281,0.28059691995008945,0.11841284813107664
fedprox,42,condition,client_specific,cnn-ae,N15_M07_F10,fuzzy_fault_only_hi75,0.3899629781982723,0.01818181818181818,0.7576687116564417,0.03928393833913476,0.16218407181901281,0.28059691995008945,0.11841284813107664
fedprox,42,condition,pooled,cnn-ae,N15_M07_F10,hard_val_p95,0.0061162079510703364,0.0,0.9969325153374233,0.009945300845350571,0.025105411202661555,0.04812897082668403,0.02302355962402247
fedprox,42,condition,pooled,cnn-ae,N15_M07_F10,fuzzy_warning_as_alarm_hi50,0.0061162079510703364,0.0,0.9969325153374233,0.009945300845350571,0.025105411202661555,0.04812897082668403,0.02302355962402247
fedprox,42,condition,pooled,cnn-ae,N15_M07_F10,fuzzy_fault_only_hi75,0.0030627871362940277,0.0,0.9984662576687117,0.009945300845350571,0.025105411202661555,0.04812897082668403,0.02302355962402247
fedprox,42,condition,client_specific,cnn-ae,N09_M07_F10,hard_val_p95,0.0010204081632653062,0.05454545454545454,0.9994887525562373,0.0029835902536051715,0.11916086311461845,0.002570777708952303,-0.11659008540566615
fedprox,42,condition,client_specific,cnn-ae,N09_M07_F10,fuzzy_warning_as_alarm_hi50,0.0010204081632653062,0.05454545454545454,0.9994887525562373,0.0029835902536051715,0.11916086311461845,0.002570777708952303,-0.11659008540566615
fedprox,42,condition,client_specific,cnn-ae,N09_M07_F10,fuzzy_fault_only_hi75,0.0,0.01818181818181818,1.0,0.0029835902536051715,0.11916086311461845,0.002570777708952303,-0.11659008540566615
fedprox,42,condition,pooled,cnn-ae,N09_M07_F10,hard_val_p95,0.004058853373921867,0.2,0.9979550102249489,0.019890601690701143,0.28748556702624767,0.04082621150969056,-0.2466593555165571
fedprox,42,condition,pooled,cnn-ae,N09_M07_F10,fuzzy_warning_as_alarm_hi50,0.004058853373921867,0.2,0.9979550102249489,0.019890601690701143,0.28748556702624767,0.04082621150969056,-0.2466593555165571
fedprox,42,condition,pooled,cnn-ae,N09_M07_F10,fuzzy_fault_only_hi75,0.0020376974019358125,0.09090909090909091,0.9989775051124744,0.019890601690701143,0.28748556702624767,0.04082621150969056,-0.2466593555165571
fedprox,42,condition,client_specific,cnn-ae,N15_M01_F10,hard_val_p95,0.38366336633663367,0.05357142857142857,0.7622699386503068,0.027833001988071572,0.0927955261098339,0.24574918667636453,0.15295366056653065
fedprox,42,condition,client_specific,cnn-ae,N15_M01_F10,fuzzy_warning_as_alarm_hi50,0.38366336633663367,0.05357142857142857,0.7622699386503068,0.027833001988071572,0.0927955261098339,0.24574918667636453,0.15295366056653065
fedprox,42,condition,client_specific,cnn-ae,N15_M01_F10,fuzzy_fault_only_hi75,0.3637123745819398,0.017857142857142856,0.7776073619631901,0.027833001988071572,0.0927955261098339,0.24574918667636453,0.15295366056653065
fedprox,42,condition,pooled,cnn-ae,N15_M01_F10,hard_val_p95,0.004081632653061225,0.0,0.9979550102249489,0.008449304174950299,0.01886770538804732,0.04082621150969056,0.021958506121643243
fedprox,42,condition,pooled,cnn-ae,N15_M01_F10,fuzzy_warning_as_alarm_hi50,0.004081632653061225,0.0,0.9979550102249489,0.008449304174950299,0.01886770538804732,0.04082621150969056,0.021958506121643243
fedprox,42,condition,pooled,cnn-ae,N15_M01_F10,fuzzy_fault_only_hi75,0.0020429009193054137,0.0,0.9989775051124744,0.008449304174950299,0.01886770538804732,0.04082621150969056,0.021958506121643243
fedprox,42,condition,client_specific,cnn-ae,N15_M07_F04,hard_val_p95,0.3722476111341919,0.05454545454545454,0.7709611451942741,0.02834410740924913,0.1309413952439951,0.24390131662325354,0.11295992137925845
fedprox,42,condition,client_specific,cnn-ae,N15_M07_F04,fuzzy_warning_as_alarm_hi50,0.3722476111341919,0.05454545454545454,0.7709611451942741,0.02834410740924913,0.1309413952439951,0.24390131662325354,0.11295992137925845
fedprox,42,condition,client_specific,cnn-ae,N15_M07_F04,fuzzy_fault_only_hi75,0.35600335852225024,0.03636363636363636,0.7832310838445807,0.02834410740924913,0.1309413952439951,0.24390131662325354,0.11295992137925845
fedprox,42,condition,pooled,cnn-ae,N15_M07_F04,hard_val_p95,0.004081632653061225,0.0,0.9979550102249489,0.008453505718547987,0.028433796634253855,0.04082621150969056,0.012392414875436707
fedprox,42,condition,pooled,cnn-ae,N15_M07_F04,fuzzy_warning_as_alarm_hi50,0.004081632653061225,0.0,0.9979550102249489,0.008453505718547987,0.028433796634253855,0.04082621150969056,0.012392414875436707
fedprox,42,condition,pooled,cnn-ae,N15_M07_F04,fuzzy_fault_only_hi75,0.0020429009193054137,0.0,0.9989775051124744,0.008453505718547987,0.028433796634253855,0.04082621150969056,0.012392414875436707
fedprox,42,condition,client_specific,cnn-ae,N15_M07_F10,hard_val_p95,0.41552142279708976,0.07272727272727272,0.7372188139059305,0.0278468423669816,0.14392819873979096,0.27721057533167176,0.1332823765918808
fedprox,42,condition,client_specific,cnn-ae,N15_M07_F10,fuzzy_warning_as_alarm_hi50,0.41552142279708976,0.07272727272727272,0.7372188139059305,0.0278468423669816,0.14392819873979096,0.27721057533167176,0.1332823765918808
fedprox,42,condition,client_specific,cnn-ae,N15_M07_F10,fuzzy_fault_only_hi75,0.40796424217797644,0.05454545454545454,0.7433537832310838,0.0278468423669816,0.14392819873979096,0.27721057533167176,0.1332823765918808
fedprox,42,condition,pooled,cnn-ae,N15_M07_F10,hard_val_p95,0.004081632653061225,0.0,0.9979550102249489,0.008453505718547987,0.017490581269390043,0.04082621150969056,0.02333563024030052
fedprox,42,condition,pooled,cnn-ae,N15_M07_F10,fuzzy_warning_as_alarm_hi50,0.004081632653061225,0.0,0.9979550102249489,0.008453505718547987,0.017490581269390043,0.04082621150969056,0.02333563024030052
fedprox,42,condition,pooled,cnn-ae,N15_M07_F10,fuzzy_fault_only_hi75,0.0020429009193054137,0.0,0.9989775051124744,0.008453505718547987,0.017490581269390043,0.04082621150969056,0.02333563024030052
fedprox,42,condition,client_specific,cnn-ae,N09_M07_F10,hard_val_p95,0.0020376974019358125,0.09090909090909091,0.9989775051124744,0.0034808552958727,0.1370448981379594,0.011080169566653348,-0.12596472857130606
fedprox,42,condition,client_specific,cnn-ae,N09_M07_F10,fuzzy_warning_as_alarm_hi50,0.0020376974019358125,0.09090909090909091,0.9989775051124744,0.0034808552958727,0.1370448981379594,0.011080169566653348,-0.12596472857130606
fedprox,42,condition,client_specific,cnn-ae,N09_M07_F10,fuzzy_fault_only_hi75,0.0010209290454313426,0.03636363636363636,0.9994887525562373,0.0034808552958727,0.1370448981379594,0.011080169566653348,-0.12596472857130606
fedprox,42,condition,pooled,cnn-ae,N09_M07_F10,hard_val_p95,0.00911854103343465,0.16363636363636364,0.995398773006135,0.026852312282446545,0.25901107971996534,0.03771694290039098,-0.22129413681957436
fedprox,42,condition,pooled,cnn-ae,N09_M07_F10,fuzzy_warning_as_alarm_hi50,0.00911854103343465,0.16363636363636364,0.995398773006135,0.026852312282446545,0.25901107971996534,0.03771694290039098,-0.22129413681957436
fedprox,42,condition,pooled,cnn-ae,N09_M07_F10,fuzzy_fault_only_hi75,0.00508130081300813,0.12727272727272726,0.9974437627811861,0.026852312282446545,0.25901107971996534,0.03771694290039098,-0.22129413681957436
fedprox,42,condition,client_specific,cnn-ae,N15_M01_F10,hard_val_p95,0.3718801996672213,0.017857142857142856,0.7714723926380368,0.04622266401590457,0.05132679712274243,0.2273807582520419,0.17605396112929947
fedprox,42,condition,client_specific,cnn-ae,N15_M01_F10,fuzzy_warning_as_alarm_hi50,0.3718801996672213,0.017857142857142856,0.7714723926380368,0.04622266401590457,0.05132679712274243,0.2273807582520419,0.17605396112929947
fedprox,42,condition,client_specific,cnn-ae,N15_M01_F10,fuzzy_fault_only_hi75,0.3274903805044891,0.0,0.8041922290388548,0.04622266401590457,0.05132679712274243,0.2273807582520419,0.17605396112929947
fedprox,42,condition,pooled,cnn-ae,N15_M01_F10,hard_val_p95,0.00916030534351145,0.0,0.995398773006135,0.020377733598409543,0.009260811571755448,0.03771694290039098,0.02845613132863553
fedprox,42,condition,pooled,cnn-ae,N15_M01_F10,fuzzy_warning_as_alarm_hi50,0.00916030534351145,0.0,0.995398773006135,0.020377733598409543,0.009260811571755448,0.03771694290039098,0.02845613132863553
fedprox,42,condition,pooled,cnn-ae,N15_M01_F10,fuzzy_fault_only_hi75,0.005099439061703213,0.0,0.9974437627811861,0.020377733598409543,0.009260811571755448,0.03771694290039098,0.02845613132863553
fedprox,42,condition,client_specific,cnn-ae,N15_M07_F04,hard_val_p95,0.3405336721728081,0.05454545454545454,0.7944785276073619,0.04724017901541522,0.07703151715591808,0.21230719902856238,0.1352756818726443
fedprox,42,condition,client_specific,cnn-ae,N15_M07_F04,fuzzy_warning_as_alarm_hi50,0.3405336721728081,0.05454545454545454,0.7944785276073619,0.04724017901541522,0.07703151715591808,0.21230719902856238,0.1352756818726443
fedprox,42,condition,client_specific,cnn-ae,N15_M07_F04,fuzzy_fault_only_hi75,0.3063608827347469,0.01818181818181818,0.8190184049079755,0.04724017901541522,0.07703151715591808,0.21230719902856238,0.1352756818726443
fedprox,42,condition,pooled,cnn-ae,N15_M07_F04,hard_val_p95,0.00916030534351145,0.0,0.995398773006135,0.020387866732968673,0.015029965192299582,0.03771694290039098,0.0226869777080914
fedprox,42,condition,pooled,cnn-ae,N15_M07_F04,fuzzy_warning_as_alarm_hi50,0.00916030534351145,0.0,0.995398773006135,0.020387866732968673,0.015029965192299582,0.03771694290039098,0.0226869777080914
fedprox,42,condition,pooled,cnn-ae,N15_M07_F04,fuzzy_fault_only_hi75,0.005099439061703213,0.0,0.9974437627811861,0.020387866732968673,0.015029965192299582,0.03771694290039098,0.0226869777080914
fedprox,42,condition,client_specific,cnn-ae,N15_M07_F10,hard_val_p95,0.4231232436772381,0.14545454545454545,0.7305725971370143,0.04027846842366982,0.14128643015022807,0.263943456529477,0.12265702637924891
fedprox,42,condition,client_specific,cnn-ae,N15_M07_F10,fuzzy_warning_as_alarm_hi50,0.4231232436772381,0.14545454545454545,0.7305725971370143,0.04027846842366982,0.14128643015022807,0.263943456529477,0.12265702637924891
fedprox,42,condition,client_specific,cnn-ae,N15_M07_F10,fuzzy_fault_only_hi75,0.38366336633663367,0.05454545454545454,0.7622699386503068,0.04027846842366982,0.14128643015022807,0.263943456529477,0.12265702637924891
fedprox,42,condition,pooled,cnn-ae,N15_M07_F10,hard_val_p95,0.00916030534351145,0.0,0.995398773006135,0.020387866732968673,0.012310445642642404,0.03771694290039098,0.025406497257748576
fedprox,42,condition,pooled,cnn-ae,N15_M07_F10,fuzzy_warning_as_alarm_hi50,0.00916030534351145,0.0,0.995398773006135,0.020387866732968673,0.012310445642642404,0.03771694290039098,0.025406497257748576
fedprox,42,condition,pooled,cnn-ae,N15_M07_F10,fuzzy_fault_only_hi75,0.005099439061703213,0.0,0.9974437627811861,0.020387866732968673,0.012310445642642404,0.03771694290039098,0.025406497257748576
fedprox,42,condition,client_specific,cnn-ae,N09_M07_F10,hard_val_p95,0.0010198878123406426,0.07272727272727272,0.9994887525562373,0.006464445549477871,0.10318031587279256,0.011258979245725356,-0.0919213366270672
fedprox,42,condition,client_specific,cnn-ae,N09_M07_F10,fuzzy_warning_as_alarm_hi50,0.0010198878123406426,0.07272727272727272,0.9994887525562373,0.006464445549477871,0.10318031587279256,0.011258979245725356,-0.0919213366270672
fedprox,42,condition,client_specific,cnn-ae,N09_M07_F10,fuzzy_fault_only_hi75,0.0,0.01818181818181818,1.0,0.006464445549477871,0.10318031587279256,0.011258979245725356,-0.0919213366270672
fedprox,42,condition,pooled,cnn-ae,N09_M07_F10,hard_val_p95,0.02706766917293233,0.21818181818181817,0.9861963190184049,0.029338637493784188,0.21374083405680092,0.029385810504718446,-0.18435502355208247
fedprox,42,condition,pooled,cnn-ae,N09_M07_F10,fuzzy_warning_as_alarm_hi50,0.02706766917293233,0.21818181818181817,0.9861963190184049,0.029338637493784188,0.21374083405680092,0.029385810504718446,-0.18435502355208247
fedprox,42,condition,pooled,cnn-ae,N09_M07_F10,fuzzy_fault_only_hi75,0.006091370558375634,0.14545454545454545,0.9969325153374233,0.029338637493784188,0.21374083405680092,0.029385810504718446,-0.18435502355208247
fedprox,42,condition,client_specific,cnn-ae,N15_M01_F10,hard_val_p95,0.1589840075258702,0.017857142857142856,0.91359918200409,0.045228628230616304,0.031117794054472632,0.09691687346737753,0.06579907941290489
fedprox,42,condition,client_specific,cnn-ae,N15_M01_F10,fuzzy_warning_as_alarm_hi50,0.1589840075258702,0.017857142857142856,0.91359918200409,0.045228628230616304,0.031117794054472632,0.09691687346737753,0.06579907941290489
fedprox,42,condition,client_specific,cnn-ae,N15_M01_F10,fuzzy_fault_only_hi75,0.12643678160919541,0.0,0.9325153374233128,0.045228628230616304,0.031117794054472632,0.09691687346737753,0.06579907941290489
fedprox,42,condition,pooled,cnn-ae,N15_M01_F10,hard_val_p95,0.02723146747352496,0.0,0.9861963190184049,0.02584493041749503,0.0084861143380685,0.029385810504718446,0.020899696166649946
fedprox,42,condition,pooled,cnn-ae,N15_M01_F10,fuzzy_warning_as_alarm_hi50,0.02723146747352496,0.0,0.9861963190184049,0.02584493041749503,0.0084861143380685,0.029385810504718446,0.020899696166649946
fedprox,42,condition,pooled,cnn-ae,N15_M01_F10,fuzzy_fault_only_hi75,0.0061162079510703364,0.0,0.9969325153374233,0.02584493041749503,0.0084861143380685,0.029385810504718446,0.020899696166649946
fedprox,42,condition,client_specific,cnn-ae,N15_M07_F04,hard_val_p95,0.09635036496350365,0.0,0.9493865030674846,0.051218299353555444,0.026065611896697424,0.06955781804691696,0.04349220615021954
fedprox,42,condition,client_specific,cnn-ae,N15_M07_F04,fuzzy_warning_as_alarm_hi50,0.09635036496350365,0.0,0.9493865030674846,0.051218299353555444,0.026065611896697424,0.06955781804691696,0.04349220615021954
fedprox,42,condition,client_specific,cnn-ae,N15_M07_F04,fuzzy_fault_only_hi75,0.07005426739023186,0.0,0.9637014314928425,0.051218299353555444,0.026065611896697424,0.06955781804691696,0.04349220615021954
fedprox,42,condition,pooled,cnn-ae,N15_M07_F04,hard_val_p95,0.02723146747352496,0.0,0.9861963190184049,0.025857782197911485,0.011824415736335645,0.029385810504718446,0.017561394768382803
fedprox,42,condition,pooled,cnn-ae,N15_M07_F04,fuzzy_warning_as_alarm_hi50,0.02723146747352496,0.0,0.9861963190184049,0.025857782197911485,0.011824415736335645,0.029385810504718446,0.017561394768382803
fedprox,42,condition,pooled,cnn-ae,N15_M07_F04,fuzzy_fault_only_hi75,0.0061162079510703364,0.0,0.9969325153374233,0.025857782197911485,0.011824415736335645,0.029385810504718446,0.017561394768382803
fedprox,42,condition,client_specific,cnn-ae,N15_M07_F10,hard_val_p95,0.2033898305084746,0.09090909090909091,0.8865030674846626,0.07359522625559423,0.07906671555135267,0.11402775691005876,0.03496104135870609
fedprox,42,condition,client_specific,cnn-ae,N15_M07_F10,fuzzy_warning_as_alarm_hi50,0.2033898305084746,0.09090909090909091,0.8865030674846626,0.07359522625559423,0.07906671555135267,0.11402775691005876,0.03496104135870609
fedprox,42,condition,client_specific,cnn-ae,N15_M07_F10,fuzzy_fault_only_hi75,0.13530252501191042,0.01818181818181818,0.9274028629856851,0.07359522625559423,0.07906671555135267,0.11402775691005876,0.03496104135870609
fedprox,42,condition,pooled,cnn-ae,N15_M07_F10,hard_val_p95,0.02723146747352496,0.0,0.9861963190184049,0.025857782197911485,0.013597860051885019,0.029385810504718446,0.015787950452833426
fedprox,42,condition,pooled,cnn-ae,N15_M07_F10,fuzzy_warning_as_alarm_hi50,0.02723146747352496,0.0,0.9861963190184049,0.025857782197911485,0.013597860051885019,0.029385810504718446,0.015787950452833426
fedprox,42,condition,pooled,cnn-ae,N15_M07_F10,fuzzy_fault_only_hi75,0.0061162079510703364,0.0,0.9969325153374233,0.025857782197911485,0.013597860051885019,0.029385810504718446,0.015787950452833426
fedprox,42,condition,client_specific,cnn-ae,N09_M07_F10,hard_val_p95,0.0020408163265306124,0.03636363636363636,0.9989775051124744,0.005469915464942815,0.08054336655802734,0.006847028158262204,-0.07369633839976514
fedprox,42,condition,client_specific,cnn-ae,N09_M07_F10,fuzzy_warning_as_alarm_hi50,0.0020408163265306124,0.03636363636363636,0.9989775051124744,0.005469915464942815,0.08054336655802734,0.006847028158262204,-0.07369633839976514
fedprox,42,condition,client_specific,cnn-ae,N09_M07_F10,fuzzy_fault_only_hi75,0.0010214504596527069,0.01818181818181818,0.9994887525562373,0.005469915464942815,0.08054336655802734,0.006847028158262204,-0.07369633839976514
fedprox,42,condition,pooled,cnn-ae,N09_M07_F10,hard_val_p95,0.041811846689895474,0.2,0.9785276073619632,0.03232222774738936,0.18477996236813732,0.02843670982221331,-0.15634325254592402
fedprox,42,condition,pooled,cnn-ae,N09_M07_F10,fuzzy_warning_as_alarm_hi50,0.041811846689895474,0.2,0.9785276073619632,0.03232222774738936,0.18477996236813732,0.02843670982221331,-0.15634325254592402
fedprox,42,condition,pooled,cnn-ae,N09_M07_F10,fuzzy_fault_only_hi75,0.007106598984771574,0.12727272727272726,0.9964212678936605,0.03232222774738936,0.18477996236813732,0.02843670982221331,-0.15634325254592402
fedprox,42,condition,client_specific,cnn-ae,N15_M01_F10,hard_val_p95,0.10368217054263566,0.017857142857142856,0.9452965235173824,0.030318091451292245,0.02177478952090444,0.06540177376122812,0.04362698424032368
fedprox,42,condition,client_specific,cnn-ae,N15_M01_F10,fuzzy_warning_as_alarm_hi50,0.10368217054263566,0.017857142857142856,0.9452965235173824,0.030318091451292245,0.02177478952090444,0.06540177376122812,0.04362698424032368
fedprox,42,condition,client_specific,cnn-ae,N15_M01_F10,fuzzy_fault_only_hi75,0.07575012297097884,0.0,0.9606339468302658,0.030318091451292245,0.02177478952090444,0.06540177376122812,0.04362698424032368
fedprox,42,condition,pooled,cnn-ae,N15_M01_F10,hard_val_p95,0.042042042042042045,0.0,0.9785276073619632,0.02982107355864811,0.0062172131861514875,0.02843670982221331,0.02221949663606182
fedprox,42,condition,pooled,cnn-ae,N15_M01_F10,fuzzy_warning_as_alarm_hi50,0.042042042042042045,0.0,0.9785276073619632,0.02982107355864811,0.0062172131861514875,0.02843670982221331,0.02221949663606182
fedprox,42,condition,pooled,cnn-ae,N15_M01_F10,fuzzy_fault_only_hi75,0.007131940906775344,0.0,0.9964212678936605,0.02982107355864811,0.0062172131861514875,0.02843670982221331,0.02221949663606182
fedprox,42,condition,client_specific,cnn-ae,N15_M07_F04,hard_val_p95,0.07287050713934022,0.01818181818181818,0.9621676891615542,0.03381402287419195,0.016707507809382814,0.04856255966674027,0.03185505185735746
fedprox,42,condition,client_specific,cnn-ae,N15_M07_F04,fuzzy_warning_as_alarm_hi50,0.07287050713934022,0.01818181818181818,0.9621676891615542,0.03381402287419195,0.016707507809382814,0.04856255966674027,0.03185505185735746
fedprox,42,condition,client_specific,cnn-ae,N15_M07_F04,fuzzy_fault_only_hi75,0.046929605591612585,0.0,0.9759713701431493,0.03381402287419195,0.016707507809382814,0.04856255966674027,0.03185505185735746
fedprox,42,condition,pooled,cnn-ae,N15_M07_F04,hard_val_p95,0.042042042042042045,0.0,0.9785276073619632,0.030333167578319244,0.008985398177060113,0.02843670982221331,0.019451311645153194
fedprox,42,condition,pooled,cnn-ae,N15_M07_F04,fuzzy_warning_as_alarm_hi50,0.042042042042042045,0.0,0.9785276073619632,0.030333167578319244,0.008985398177060113,0.02843670982221331,0.019451311645153194
fedprox,42,condition,pooled,cnn-ae,N15_M07_F04,fuzzy_fault_only_hi75,0.007131940906775344,0.0,0.9964212678936605,0.030333167578319244,0.008985398177060113,0.02843670982221331,0.019451311645153194
fedprox,42,condition,client_specific,cnn-ae,N15_M07_F10,hard_val_p95,0.19521178637200737,0.07272727272727272,0.8916155419222904,0.07757334659373447,0.08187037608354601,0.10221482944386802,0.020344453360322007
fedprox,42,condition,client_specific,cnn-ae,N15_M07_F10,fuzzy_warning_as_alarm_hi50,0.19521178637200737,0.07272727272727272,0.8916155419222904,0.07757334659373447,0.08187037608354601,0.10221482944386802,0.020344453360322007
fedprox,42,condition,client_specific,cnn-ae,N15_M07_F10,fuzzy_fault_only_hi75,0.09161793372319688,0.03636363636363636,0.9519427402862985,0.07757334659373447,0.08187037608354601,0.10221482944386802,0.020344453360322007
fedprox,42,condition,pooled,cnn-ae,N15_M07_F10,hard_val_p95,0.04202101050525263,0.01818181818181818,0.9785276073619632,0.030830432620586774,0.02051420094582866,0.02843670982221331,0.007922508876384647
fedprox,42,condition,pooled,cnn-ae,N15_M07_F10,fuzzy_warning_as_alarm_hi50,0.04202101050525263,0.01818181818181818,0.9785276073619632,0.030830432620586774,0.02051420094582866,0.02843670982221331,0.007922508876384647
fedprox,42,condition,pooled,cnn-ae,N15_M07_F10,fuzzy_fault_only_hi75,0.007131940906775344,0.0,0.9964212678936605,0.030830432620586774,0.02051420094582866,0.02843670982221331,0.007922508876384647
fedprox,42,condition,client_specific,cnn-ae,N09_M07_F10,hard_val_p95,0.003054989816700611,0.09090909090909091,0.9984662576687117,0.005469915464942815,0.10008868519416599,0.009037067220630345,-0.09105161797353564
fedprox,42,condition,client_specific,cnn-ae,N09_M07_F10,fuzzy_warning_as_alarm_hi50,0.003054989816700611,0.09090909090909091,0.9984662576687117,0.005469915464942815,0.10008868519416599,0.009037067220630345,-0.09105161797353564
fedprox,42,condition,client_specific,cnn-ae,N09_M07_F10,fuzzy_fault_only_hi75,0.0010204081632653062,0.05454545454545454,0.9994887525562373,0.005469915464942815,0.10008868519416599,0.009037067220630345,-0.09105161797353564
fedprox,42,condition,pooled,cnn-ae,N09_M07_F10,hard_val_p95,0.04858701041150223,0.21818181818181817,0.9749488752556237,0.03281949278965689,0.19345975986425307,0.0320119983460403,-0.16144776151821277
fedprox,42,condition,pooled,cnn-ae,N09_M07_F10,fuzzy_warning_as_alarm_hi50,0.04858701041150223,0.21818181818181817,0.9749488752556237,0.03281949278965689,0.19345975986425307,0.0320119983460403,-0.16144776151821277
fedprox,42,condition,pooled,cnn-ae,N09_M07_F10,fuzzy_fault_only_hi75,0.01013684744044602,0.12727272727272726,0.9948875255623721,0.03281949278965689,0.19345975986425307,0.0320119983460403,-0.16144776151821277
fedprox,42,condition,client_specific,cnn-ae,N15_M01_F10,hard_val_p95,0.10368217054263566,0.017857142857142856,0.9452965235173824,0.033797216699801194,0.023312649683981827,0.06531460329142726,0.04200195360744543
fedprox,42,condition,client_specific,cnn-ae,N15_M01_F10,fuzzy_warning_as_alarm_hi50,0.10368217054263566,0.017857142857142856,0.9452965235173824,0.033797216699801194,0.023312649683981827,0.06531460329142726,0.04200195360744543
fedprox,42,condition,client_specific,cnn-ae,N15_M01_F10,fuzzy_fault_only_hi75,0.07100591715976332,0.0,0.9631901840490797,0.033797216699801194,0.023312649683981827,0.06531460329142726,0.04200195360744543
fedprox,42,condition,pooled,cnn-ae,N15_M01_F10,hard_val_p95,0.04887780548628429,0.0,0.9749488752556237,0.030318091451292245,0.008178958134610054,0.0320119983460403,0.023833040211430248
fedprox,42,condition,pooled,cnn-ae,N15_M01_F10,fuzzy_warning_as_alarm_hi50,0.04887780548628429,0.0,0.9749488752556237,0.030318091451292245,0.008178958134610054,0.0320119983460403,0.023833040211430248
fedprox,42,condition,pooled,cnn-ae,N15_M01_F10,fuzzy_fault_only_hi75,0.01017293997965412,0.0,0.9948875255623721,0.030318091451292245,0.008178958134610054,0.0320119983460403,0.023833040211430248
fedprox,42,condition,client_specific,cnn-ae,N15_M07_F04,hard_val_p95,0.06432459178624443,0.0,0.9667689161554193,0.034311287916459474,0.01471776964363956,0.04654531621872833,0.031827546575088767
fedprox,42,condition,client_specific,cnn-ae,N15_M07_F04,fuzzy_warning_as_alarm_hi50,0.06432459178624443,0.0,0.9667689161554193,0.034311287916459474,0.01471776964363956,0.04654531621872833,0.031827546575088767
fedprox,42,condition,client_specific,cnn-ae,N15_M07_F04,fuzzy_fault_only_hi75,0.04008016032064128,0.0,0.9795501022494888,0.034311287916459474,0.01471776964363956,0.04654531621872833,0.031827546575088767
fedprox,42,condition,pooled,cnn-ae,N15_M07_F04,hard_val_p95,0.04887780548628429,0.0,0.9749488752556237,0.030830432620586774,0.009538607091273566,0.0320119983460403,0.022473391254766734
fedprox,42,condition,pooled,cnn-ae,N15_M07_F04,fuzzy_warning_as_alarm_hi50,0.04887780548628429,0.0,0.9749488752556237,0.030830432620586774,0.009538607091273566,0.0320119983460403,0.022473391254766734
fedprox,42,condition,pooled,cnn-ae,N15_M07_F04,fuzzy_fault_only_hi75,0.01017293997965412,0.0,0.9948875255623721,0.030830432620586774,0.009538607091273566,0.0320119983460403,0.022473391254766734
fedprox,42,condition,client_specific,cnn-ae,N15_M07_F10,hard_val_p95,0.19429097605893186,0.09090909090909091,0.8921267893660532,0.08254599701640974,0.09293194922902062,0.10194798447639121,0.009016035247370588
fedprox,42,condition,client_specific,cnn-ae,N15_M07_F10,fuzzy_warning_as_alarm_hi50,0.19429097605893186,0.09090909090909091,0.8921267893660532,0.08254599701640974,0.09293194922902062,0.10194798447639121,0.009016035247370588
fedprox,42,condition,client_specific,cnn-ae,N15_M07_F10,fuzzy_fault_only_hi75,0.0934761441090555,0.03636363636363636,0.950920245398773,0.08254599701640974,0.09293194922902062,0.10194798447639121,0.009016035247370588
fedprox,42,condition,pooled,cnn-ae,N15_M07_F10,hard_val_p95,0.04885343968095713,0.01818181818181818,0.9749488752556237,0.0313276976628543,0.025829229495255623,0.0320119983460403,0.006182768850784677
fedprox,42,condition,pooled,cnn-ae,N15_M07_F10,fuzzy_warning_as_alarm_hi50,0.04885343968095713,0.01818181818181818,0.9749488752556237,0.0313276976628543,0.025829229495255623,0.0320119983460403,0.006182768850784677
fedprox,42,condition,pooled,cnn-ae,N15_M07_F10,fuzzy_fault_only_hi75,0.01017293997965412,0.0,0.9948875255623721,0.0313276976628543,0.025829229495255623,0.0320119983460403,0.006182768850784677
fedprox,42,condition,client_specific,cnn-ae,N09_M07_F10,hard_val_p95,0.0071174377224199285,0.07272727272727272,0.9964212678936605,0.0044753853804077575,0.07458062092808782,0.005862924295078879,-0.06871769663300893
fedprox,42,condition,client_specific,cnn-ae,N09_M07_F10,fuzzy_warning_as_alarm_hi50,0.0071174377224199285,0.07272727272727272,0.9964212678936605,0.0044753853804077575,0.07458062092808782,0.005862924295078879,-0.06871769663300893
fedprox,42,condition,client_specific,cnn-ae,N09_M07_F10,fuzzy_fault_only_hi75,0.0030581039755351682,0.05454545454545454,0.9984662576687117,0.0044753853804077575,0.07458062092808782,0.005862924295078879,-0.06871769663300893
fedprox,42,condition,pooled,cnn-ae,N09_M07_F10,hard_val_p95,0.03204807210816224,0.16363636363636364,0.983640081799591,0.029835902536051714,0.19122628680016146,0.05383957452170558,-0.1373867122784559
fedprox,42,condition,pooled,cnn-ae,N09_M07_F10,fuzzy_warning_as_alarm_hi50,0.03204807210816224,0.16363636363636364,0.983640081799591,0.029835902536051714,0.19122628680016146,0.05383957452170558,-0.1373867122784559
fedprox,42,condition,pooled,cnn-ae,N09_M07_F10,fuzzy_fault_only_hi75,0.0071174377224199285,0.07272727272727272,0.9964212678936605,0.029835902536051714,0.19122628680016146,0.05383957452170558,-0.1373867122784559
fedprox,42,condition,client_specific,cnn-ae,N15_M01_F10,hard_val_p95,0.08695652173913043,0.03571428571428571,0.9544989775051125,0.060139165009940355,0.08549764481447064,0.08807009831042699,0.0025724534959563478
fedprox,42,condition,client_specific,cnn-ae,N15_M01_F10,fuzzy_warning_as_alarm_hi50,0.08695652173913043,0.03571428571428571,0.9544989775051125,0.060139165009940355,0.08549764481447064,0.08807009831042699,0.0025724534959563478
fedprox,42,condition,client_specific,cnn-ae,N15_M01_F10,fuzzy_fault_only_hi75,0.0182370820668693,0.0,0.99079754601227,0.060139165009940355,0.08549764481447064,0.08807009831042699,0.0025724534959563478
fedprox,42,condition,pooled,cnn-ae,N15_M01_F10,hard_val_p95,0.03217697335344394,0.017857142857142856,0.983640081799591,0.026341948310139165,0.05025273947838148,0.05383957452170558,0.0035868350433241047
fedprox,42,condition,pooled,cnn-ae,N15_M01_F10,fuzzy_warning_as_alarm_hi50,0.03217697335344394,0.017857142857142856,0.983640081799591,0.026341948310139165,0.05025273947838148,0.05383957452170558,0.0035868350433241047
fedprox,42,condition,pooled,cnn-ae,N15_M01_F10,fuzzy_fault_only_hi75,0.007131940906775344,0.0,0.9964212678936605,0.026341948310139165,0.05025273947838148,0.05383957452170558,0.0035868350433241047
fedprox,42,condition,client_specific,cnn-ae,N15_M07_F04,hard_val_p95,0.02223345123799899,0.01818181818181818,0.9887525562372188,0.016907011437095974,0.040393602980743376,0.03852938936703145,-0.001864213613711925
fedprox,42,condition,client_specific,cnn-ae,N15_M07_F04,fuzzy_warning_as_alarm_hi50,0.02223345123799899,0.01818181818181818,0.9887525562372188,0.016907011437095974,0.040393602980743376,0.03852938936703145,-0.001864213613711925
fedprox,42,condition,client_specific,cnn-ae,N15_M07_F04,fuzzy_fault_only_hi75,0.01017293997965412,0.0,0.9948875255623721,0.016907011437095974,0.040393602980743376,0.03852938936703145,-0.001864213613711925
fedprox,42,condition,pooled,cnn-ae,N15_M07_F04,hard_val_p95,0.03217697335344394,0.01818181818181818,0.983640081799591,0.026852312282446545,0.05998291204968725,0.05383957452170558,-0.006143337527981664
fedprox,42,condition,pooled,cnn-ae,N15_M07_F04,fuzzy_warning_as_alarm_hi50,0.03217697335344394,0.01818181818181818,0.983640081799591,0.026852312282446545,0.05998291204968725,0.05383957452170558,-0.006143337527981664
fedprox,42,condition,pooled,cnn-ae,N15_M07_F04,fuzzy_fault_only_hi75,0.007131940906775344,0.0,0.9964212678936605,0.026852312282446545,0.05998291204968725,0.05383957452170558,-0.006143337527981664
fedprox,42,condition,client_specific,cnn-ae,N15_M07_F10,hard_val_p95,0.07941176470588235,0.05454545454545454,0.9585889570552147,0.04922923918448533,0.11222888836860202,0.09445966424595474,-0.01776922412264728
fedprox,42,condition,client_specific,cnn-ae,N15_M07_F10,fuzzy_warning_as_alarm_hi50,0.07941176470588235,0.05454545454545454,0.9585889570552147,0.04922923918448533,0.11222888836860202,0.09445966424595474,-0.01776922412264728
fedprox,42,condition,client_specific,cnn-ae,N15_M07_F10,fuzzy_fault_only_hi75,0.04588528678304239,0.05454545454545454,0.976482617586912,0.04922923918448533,0.11222888836860202,0.09445966424595474,-0.01776922412264728
fedprox,42,condition,pooled,cnn-ae,N15_M07_F10,hard_val_p95,0.032160804020100506,0.03636363636363636,0.983640081799591,0.02734957732471407,0.06633567777911575,0.05383957452170558,-0.012496103257410171
fedprox,42,condition,pooled,cnn-ae,N15_M07_F10,fuzzy_warning_as_alarm_hi50,0.032160804020100506,0.03636363636363636,0.983640081799591,0.02734957732471407,0.06633567777911575,0.05383957452170558,-0.012496103257410171
fedprox,42,condition,pooled,cnn-ae,N15_M07_F10,fuzzy_fault_only_hi75,0.007131940906775344,0.0,0.9964212678936605,0.02734957732471407,0.06633567777911575,0.05383957452170558,-0.012496103257410171
fedprox,42,condition,client_specific,cnn-ae,N09_M07_F10,hard_val_p95,0.01015228426395939,0.07272727272727272,0.9948875255623721,0.007956240676280457,0.07881641438786584,0.008474279987953488,-0.07034213439991235
fedprox,42,condition,client_specific,cnn-ae,N09_M07_F10,fuzzy_warning_as_alarm_hi50,0.01015228426395939,0.07272727272727272,0.9948875255623721,0.007956240676280457,0.07881641438786584,0.008474279987953488,-0.07034213439991235
fedprox,42,condition,client_specific,cnn-ae,N09_M07_F10,fuzzy_fault_only_hi75,0.0020408163265306124,0.03636363636363636,0.9989775051124744,0.007956240676280457,0.07881641438786584,0.008474279987953488,-0.07034213439991235
fedprox,42,condition,pooled,cnn-ae,N09_M07_F10,hard_val_p95,0.027149321266968326,0.10909090909090909,0.9861963190184049,0.020387866732968673,0.17219710793965706,0.03905705701068137,-0.13314005092897568
fedprox,42,condition,pooled,cnn-ae,N09_M07_F10,fuzzy_warning_as_alarm_hi50,0.027149321266968326,0.10909090909090909,0.9861963190184049,0.020387866732968673,0.17219710793965706,0.03905705701068137,-0.13314005092897568
fedprox,42,condition,pooled,cnn-ae,N09_M07_F10,fuzzy_fault_only_hi75,0.006103763987792472,0.07272727272727272,0.9969325153374233,0.020387866732968673,0.17219710793965706,0.03905705701068137,-0.13314005092897568
fedprox,42,condition,client_specific,cnn-ae,N15_M01_F10,hard_val_p95,0.03019627579265224,0.017857142857142856,0.9846625766871165,0.01341948310139165,0.04308742265860097,0.042315019067374955,-0.0007724035912260174
fedprox,42,condition,client_specific,cnn-ae,N15_M01_F10,fuzzy_warning_as_alarm_hi50,0.03019627579265224,0.017857142857142856,0.9846625766871165,0.01341948310139165,0.04308742265860097,0.042315019067374955,-0.0007724035912260174
fedprox,42,condition,client_specific,cnn-ae,N15_M01_F10,fuzzy_fault_only_hi75,0.0182370820668693,0.0,0.99079754601227,0.01341948310139165,0.04308742265860097,0.042315019067374955,-0.0007724035912260174
fedprox,42,condition,pooled,cnn-ae,N15_M01_F10,hard_val_p95,0.02721774193548387,0.017857142857142856,0.9861963190184049,0.01739562624254473,0.03969442811485208,0.03905705701068137,-0.0006373711041707114
fedprox,42,condition,pooled,cnn-ae,N15_M01_F10,fuzzy_warning_as_alarm_hi50,0.02721774193548387,0.017857142857142856,0.9861963190184049,0.01739562624254473,0.03969442811485208,0.03905705701068137,-0.0006373711041707114
fedprox,42,condition,pooled,cnn-ae,N15_M01_F10,fuzzy_fault_only_hi75,0.0061162079510703364,0.0,0.9969325153374233,0.01739562624254473,0.03969442811485208,0.03905705701068137,-0.0006373711041707114
fedprox,42,condition,client_specific,cnn-ae,N15_M07_F04,hard_val_p95,0.03019627579265224,0.01818181818181818,0.9846625766871165,0.025857782197911485,0.03997052470664843,0.04459313259262839,0.004622607885979964
fedprox,42,condition,client_specific,cnn-ae,N15_M07_F04,fuzzy_warning_as_alarm_hi50,0.03019627579265224,0.01818181818181818,0.9846625766871165,0.025857782197911485,0.03997052470664843,0.04459313259262839,0.004622607885979964
fedprox,42,condition,client_specific,cnn-ae,N15_M07_F04,fuzzy_fault_only_hi75,0.012195121951219513,0.0,0.9938650306748467,0.025857782197911485,0.03997052470664843,0.04459313259262839,0.004622607885979964
fedprox,42,condition,pooled,cnn-ae,N15_M07_F04,hard_val_p95,0.02721774193548387,0.01818181818181818,0.9861963190184049,0.0174042764793635,0.036260829361017224,0.03905705701068137,0.0027962276496641472
fedprox,42,condition,pooled,cnn-ae,N15_M07_F04,fuzzy_warning_as_alarm_hi50,0.02721774193548387,0.01818181818181818,0.9861963190184049,0.0174042764793635,0.036260829361017224,0.03905705701068137,0.0027962276496641472
fedprox,42,condition,pooled,cnn-ae,N15_M07_F04,fuzzy_fault_only_hi75,0.0061162079510703364,0.0,0.9969325153374233,0.0174042764793635,0.036260829361017224,0.03905705701068137,0.0027962276496641472
fedprox,42,condition,client_specific,cnn-ae,N15_M07_F10,hard_val_p95,0.13763644992880875,0.10909090909090909,0.9258691206543967,0.037294878170064646,0.15595502727564747,0.12323241630767771,-0.03272261096796976
fedprox,42,condition,client_specific,cnn-ae,N15_M07_F10,fuzzy_warning_as_alarm_hi50,0.13763644992880875,0.10909090909090909,0.9258691206543967,0.037294878170064646,0.15595502727564747,0.12323241630767771,-0.03272261096796976
fedprox,42,condition,client_specific,cnn-ae,N15_M07_F10,fuzzy_fault_only_hi75,0.11255411255411256,0.10909090909090909,0.9401840490797546,0.037294878170064646,0.15595502727564747,0.12323241630767771,-0.03272261096796976
fedprox,42,condition,pooled,cnn-ae,N15_M07_F10,hard_val_p95,0.027190332326283987,0.05454545454545454,0.9861963190184049,0.018398806563898557,0.05896930907256763,0.03905705701068137,-0.01991225206188626
fedprox,42,condition,pooled,cnn-ae,N15_M07_F10,fuzzy_warning_as_alarm_hi50,0.027190332326283987,0.05454545454545454,0.9861963190184049,0.018398806563898557,0.05896930907256763,0.03905705701068137,-0.01991225206188626
fedprox,42,condition,pooled,cnn-ae,N15_M07_F10,fuzzy_fault_only_hi75,0.0061162079510703364,0.0,0.9969325153374233,0.018398806563898557,0.05896930907256763,0.03905705701068137,-0.01991225206188626
fedprox,42,condition,client_specific,cnn-ae,N09_M07_F10,hard_val_p95,0.0030596634370219276,0.03636363636363636,0.9984662576687117,0.0044753853804077575,0.08355710326508559,0.03269046917173581,-0.05086663409334977
fedprox,42,condition,client_specific,cnn-ae,N09_M07_F10,fuzzy_warning_as_alarm_hi50,0.0030596634370219276,0.03636363636363636,0.9984662576687117,0.0044753853804077575,0.08355710326508559,0.03269046917173581,-0.05086663409334977
fedprox,42,condition,client_specific,cnn-ae,N09_M07_F10,fuzzy_fault_only_hi75,0.002041858090862685,0.01818181818181818,0.9989775051124744,0.0044753853804077575,0.08355710326508559,0.03269046917173581,-0.05086663409334977
fedprox,42,condition,pooled,cnn-ae,N09_M07_F10,hard_val_p95,0.04287138584247258,0.12727272727272726,0.9780163599182005,0.05619094977623073,0.15268463495399406,0.06308641747291371,-0.08959821748108035
fedprox,42,condition,pooled,cnn-ae,N09_M07_F10,fuzzy_warning_as_alarm_hi50,0.04287138584247258,0.12727272727272726,0.9780163599182005,0.05619094977623073,0.15268463495399406,0.06308641747291371,-0.08959821748108035
fedprox,42,condition,pooled,cnn-ae,N09_M07_F10,fuzzy_fault_only_hi75,0.0020408163265306124,0.03636363636363636,0.9989775051124744,0.05619094977623073,0.15268463495399406,0.06308641747291371,-0.08959821748108035
fedprox,42,condition,client_specific,cnn-ae,N15_M01_F10,hard_val_p95,0.10189228529839883,0.0,0.946319018404908,0.05666003976143141,0.06394419113619938,0.09355377699616337,0.029609585859963983
fedprox,42,condition,client_specific,cnn-ae,N15_M01_F10,fuzzy_warning_as_alarm_hi50,0.10189228529839883,0.0,0.946319018404908,0.05666003976143141,0.06394419113619938,0.09355377699616337,0.029609585859963983
fedprox,42,condition,client_specific,cnn-ae,N15_M01_F10,fuzzy_fault_only_hi75,0.05663189269746647,0.0,0.9708588957055214,0.05666003976143141,0.06394419113619938,0.09355377699616337,0.029609585859963983
fedprox,42,condition,pooled,cnn-ae,N15_M01_F10,hard_val_p95,0.04302151075537769,0.0,0.9780163599182005,0.05268389662027833,0.04739546157364092,0.06308641747291371,0.015690955899272795
fedprox,42,condition,pooled,cnn-ae,N15_M01_F10,fuzzy_warning_as_alarm_hi50,0.04302151075537769,0.0,0.9780163599182005,0.05268389662027833,0.04739546157364092,0.06308641747291371,0.015690955899272795
fedprox,42,condition,pooled,cnn-ae,N15_M01_F10,fuzzy_fault_only_hi75,0.0020429009193054137,0.0,0.9989775051124744,0.05268389662027833,0.04739546157364092,0.06308641747291371,0.015690955899272795
fedprox,42,condition,client_specific,cnn-ae,N15_M07_F04,hard_val_p95,0.12631578947368421,0.03636363636363636,0.9325153374233128,0.11586275484833417,0.07448071082187802,0.08940959297329357,0.014928882151415551
fedprox,42,condition,client_specific,cnn-ae,N15_M07_F04,fuzzy_warning_as_alarm_hi50,0.12631578947368421,0.03636363636363636,0.9325153374233128,0.11586275484833417,0.07448071082187802,0.08940959297329357,0.014928882151415551
fedprox,42,condition,client_specific,cnn-ae,N15_M07_F04,fuzzy_fault_only_hi75,0.0020429009193054137,0.0,0.9989775051124744,0.11586275484833417,0.07448071082187802,0.08940959297329357,0.014928882151415551
fedprox,42,condition,pooled,cnn-ae,N15_M07_F04,hard_val_p95,0.043,0.01818181818181818,0.9780163599182005,0.05271009448035803,0.05570949985869159,0.06308641747291371,0.007376917614222121
fedprox,42,condition,pooled,cnn-ae,N15_M07_F04,fuzzy_warning_as_alarm_hi50,0.043,0.01818181818181818,0.9780163599182005,0.05271009448035803,0.05570949985869159,0.06308641747291371,0.007376917614222121
fedprox,42,condition,pooled,cnn-ae,N15_M07_F04,fuzzy_fault_only_hi75,0.0020429009193054137,0.0,0.9989775051124744,0.05271009448035803,0.05570949985869159,0.06308641747291371,0.007376917614222121
fedprox,42,condition,client_specific,cnn-ae,N15_M07_F10,hard_val_p95,0.21158230734154126,0.09090909090909091,0.8813905930470347,0.06563898557931377,0.13550990330460103,0.16832329865966694,0.032813395355065916
fedprox,42,condition,client_specific,cnn-ae,N15_M07_F10,fuzzy_warning_as_alarm_hi50,0.21158230734154126,0.09090909090909091,0.8813905930470347,0.06563898557931377,0.13550990330460103,0.16832329865966694,0.032813395355065916
fedprox,42,condition,client_specific,cnn-ae,N15_M07_F10,fuzzy_fault_only_hi75,0.18012999071494892,0.07272727272727272,0.9008179959100204,0.06563898557931377,0.13550990330460103,0.16832329865966694,0.032813395355065916
fedprox,42,condition,pooled,cnn-ae,N15_M07_F10,hard_val_p95,0.043,0.01818181818181818,0.9780163599182005,0.05320735952262556,0.054751406859963554,0.06308641747291371,0.00833501061295016
fedprox,42,condition,pooled,cnn-ae,N15_M07_F10,fuzzy_warning_as_alarm_hi50,0.043,0.01818181818181818,0.9780163599182005,0.05320735952262556,0.054751406859963554,0.06308641747291371,0.00833501061295016
fedprox,42,condition,pooled,cnn-ae,N15_M07_F10,fuzzy_fault_only_hi75,0.0020429009193054137,0.0,0.9989775051124744,0.05320735952262556,0.054751406859963554,0.06308641747291371,0.00833501061295016
fedprox-personalized,42,condition,client_specific,cnn-ae,N09_M07_F10,hard_val_p95,0.011144883485309016,0.12727272727272726,0.9943762781186094,0.009945300845350571,0.15344555730927867,0.03461184509142275,-0.11883371221785592
fedprox-personalized,42,condition,client_specific,cnn-ae,N09_M07_F10,fuzzy_warning_as_alarm_hi50,0.011144883485309016,0.12727272727272726,0.9943762781186094,0.009945300845350571,0.15344555730927867,0.03461184509142275,-0.11883371221785592
fedprox-personalized,42,condition,client_specific,cnn-ae,N09_M07_F10,fuzzy_fault_only_hi75,0.004077471967380225,0.03636363636363636,0.9979550102249489,0.009945300845350571,0.15344555730927867,0.03461184509142275,-0.11883371221785592
fedprox-personalized,42,condition,client_specific,cnn-ae,N15_M01_F10,hard_val_p95,0.061386138613861385,0.03571428571428571,0.9683026584867076,0.018389662027833,0.03536385821303419,0.033539356826465215,-0.0018245013865689774
fedprox-personalized,42,condition,client_specific,cnn-ae,N15_M01_F10,fuzzy_warning_as_alarm_hi50,0.061386138613861385,0.03571428571428571,0.9683026584867076,0.018389662027833,0.03536385821303419,0.033539356826465215,-0.0018245013865689774
fedprox-personalized,42,condition,client_specific,cnn-ae,N15_M01_F10,fuzzy_fault_only_hi75,0.03314917127071823,0.03571428571428571,0.9831288343558282,0.018389662027833,0.03536385821303419,0.033539356826465215,-0.0018245013865689774
fedprox-personalized,42,condition,client_specific,cnn-ae,N15_M07_F04,hard_val_p95,0.07374631268436578,0.05454545454545454,0.9616564417177914,0.07160616608652412,0.07616566046687406,0.06536136503720398,-0.010804295429670083
fedprox-personalized,42,condition,client_specific,cnn-ae,N15_M07_F04,fuzzy_warning_as_alarm_hi50,0.07374631268436578,0.05454545454545454,0.9616564417177914,0.07160616608652412,0.07616566046687406,0.06536136503720398,-0.010804295429670083
fedprox-personalized,42,condition,client_specific,cnn-ae,N15_M07_F04,fuzzy_fault_only_hi75,0.0030627871362940277,0.0,0.9984662576687117,0.07160616608652412,0.07616566046687406,0.06536136503720398,-0.010804295429670083
fedprox-personalized,42,condition,client_specific,cnn-ae,N15_M07_F10,hard_val_p95,0.1883656509695291,0.10909090909090909,0.8957055214723927,0.04922923918448533,0.12949116840018557,0.14417788551536367,0.014686717115178105
fedprox-personalized,42,condition,client_specific,cnn-ae,N15_M07_F10,fuzzy_warning_as_alarm_hi50,0.1883656509695291,0.10909090909090909,0.8957055214723927,0.04922923918448533,0.12949116840018557,0.14417788551536367,0.014686717115178105
fedprox-personalized,42,condition,client_specific,cnn-ae,N15_M07_F10,fuzzy_fault_only_hi75,0.1544983513895431,0.05454545454545454,0.9161554192229039,0.04922923918448533,0.12949116840018557,0.14417788551536367,0.014686717115178105
local-only,202,condition,client_specific,cnn-ae,N09_M07_F10,hard_val_p95,0.017232640648758235,0.0,0.9913087934560327,0.009448035803083043,0.055350097499321384,0.018859105503812708,-0.036490991995508676
local-only,202,condition,client_specific,cnn-ae,N09_M07_F10,fuzzy_warning_as_alarm_hi50,0.017232640648758235,0.0,0.9913087934560327,0.009448035803083043,0.055350097499321384,0.018859105503812708,-0.036490991995508676
local-only,202,condition,client_specific,cnn-ae,N09_M07_F10,fuzzy_fault_only_hi75,0.01017293997965412,0.0,0.9948875255623721,0.009448035803083043,0.055350097499321384,0.018859105503812708,-0.036490991995508676
local-only,202,condition,client_specific,cnn-ae,N15_M01_F10,hard_val_p95,0.07745098039215687,0.08928571428571429,0.9596114519427403,0.04324055666003976,0.13097055516637796,0.0861330962486543,-0.04483745891772366
local-only,202,condition,client_specific,cnn-ae,N15_M01_F10,fuzzy_warning_as_alarm_hi50,0.07745098039215687,0.08928571428571429,0.9596114519427403,0.04324055666003976,0.13097055516637796,0.0861330962486543,-0.04483745891772366
local-only,202,condition,client_specific,cnn-ae,N15_M01_F10,fuzzy_fault_only_hi75,0.03510531594784353,0.05357142857142857,0.9821063394683026,0.04324055666003976,0.13097055516637796,0.0861330962486543,-0.04483745891772366
local-only,202,condition,client_specific,cnn-ae,N15_M07_F04,hard_val_p95,0.11900191938579655,0.07272727272727272,0.9366053169734151,0.05320735952262556,0.1203639483023479,0.08418177926921887,-0.03618216903312903
local-only,202,condition,client_specific,cnn-ae,N15_M07_F04,fuzzy_warning_as_alarm_hi50,0.11900191938579655,0.07272727272727272,0.9366053169734151,0.05320735952262556,0.1203639483023479,0.08418177926921887,-0.03618216903312903
local-only,202,condition,client_specific,cnn-ae,N15_M07_F04,fuzzy_fault_only_hi75,0.0546448087431694,0.03636363636363636,0.971881390593047,0.05320735952262556,0.1203639483023479,0.08418177926921887,-0.03618216903312903
local-only,202,condition,client_specific,cnn-ae,N15_M07_F10,hard_val_p95,0.015212981744421906,0.01818181818181818,0.9923312883435583,0.019393336648433616,0.09402807830420654,0.0697499816272111,-0.02427809667699543
local-only,202,condition,client_specific,cnn-ae,N15_M07_F10,fuzzy_warning_as_alarm_hi50,0.015212981744421906,0.01818181818181818,0.9923312883435583,0.019393336648433616,0.09402807830420654,0.0697499816272111,-0.02427809667699543
local-only,202,condition,client_specific,cnn-ae,N15_M07_F10,fuzzy_fault_only_hi75,0.008142493638676845,0.01818181818181818,0.9959100204498977,0.019393336648433616,0.09402807830420654,0.0697499816272111,-0.02427809667699543
centralized,202,condition,client_specific,cnn-ae,N09_M07_F10,hard_val_p95,0.21288259479214253,0.0,0.880879345603272,0.051218299353555444,0.06520696969424966,0.1505857227872614,0.08537875309301174
centralized,202,condition,client_specific,cnn-ae,N09_M07_F10,fuzzy_warning_as_alarm_hi50,0.21288259479214253,0.0,0.880879345603272,0.051218299353555444,0.06520696969424966,0.1505857227872614,0.08537875309301174
centralized,202,condition,client_specific,cnn-ae,N09_M07_F10,fuzzy_fault_only_hi75,0.18805002315886984,0.0,0.8962167689161554,0.051218299353555444,0.06520696969424966,0.1505857227872614,0.08537875309301174
centralized,202,condition,pooled,cnn-ae,N09_M07_F10,hard_val_p95,0.13269689737470167,0.0,0.9289366053169734,0.07856787667826952,0.08381609171238384,0.11325127333799098,0.02943518162560714
centralized,202,condition,pooled,cnn-ae,N09_M07_F10,fuzzy_warning_as_alarm_hi50,0.13269689737470167,0.0,0.9289366053169734,0.07856787667826952,0.08381609171238384,0.11325127333799098,0.02943518162560714
centralized,202,condition,pooled,cnn-ae,N09_M07_F10,fuzzy_fault_only_hi75,0.07195662888122227,0.0,0.962678936605317,0.07856787667826952,0.08381609171238384,0.11325127333799098,0.02943518162560714
centralized,202,condition,client_specific,cnn-ae,N15_M01_F10,hard_val_p95,0.06811451135241856,0.017857142857142856,0.9647239263803681,0.037276341948310136,0.06375464187000941,0.08034980552673515,0.01659516365672574
centralized,202,condition,client_specific,cnn-ae,N15_M01_F10,fuzzy_warning_as_alarm_hi50,0.06811451135241856,0.017857142857142856,0.9647239263803681,0.037276341948310136,0.06375464187000941,0.08034980552673515,0.01659516365672574
centralized,202,condition,client_specific,cnn-ae,N15_M01_F10,fuzzy_fault_only_hi75,0.03612644254892122,0.017857142857142856,0.9815950920245399,0.037276341948310136,0.06375464187000941,0.08034980552673515,0.01659516365672574
centralized,202,condition,pooled,cnn-ae,N15_M01_F10,hard_val_p95,0.1325071496663489,0.05357142857142857,0.9289366053169734,0.0805168986083499,0.08340600576549291,0.11325127333799098,0.02984526757249807
centralized,202,condition,pooled,cnn-ae,N15_M01_F10,fuzzy_warning_as_alarm_hi50,0.1325071496663489,0.05357142857142857,0.9289366053169734,0.0805168986083499,0.08340600576549291,0.11325127333799098,0.02984526757249807
centralized,202,condition,pooled,cnn-ae,N15_M01_F10,fuzzy_fault_only_hi75,0.07192118226600985,0.017857142857142856,0.962678936605317,0.0805168986083499,0.08340600576549291,0.11325127333799098,0.02984526757249807
centralized,202,condition,client_specific,cnn-ae,N15_M07_F04,hard_val_p95,0.1758139534883721,0.09090909090909091,0.9033742331288344,0.08304326205867728,0.16949255758201487,0.14144252103427016,-0.02805003654774471
centralized,202,condition,client_specific,cnn-ae,N15_M07_F04,fuzzy_warning_as_alarm_hi50,0.1758139534883721,0.09090909090909091,0.9033742331288344,0.08304326205867728,0.16949255758201487,0.14144252103427016,-0.02805003654774471
centralized,202,condition,client_specific,cnn-ae,N15_M07_F04,fuzzy_fault_only_hi75,0.11911623439000961,0.03636363636363636,0.9366053169734151,0.08304326205867728,0.16949255758201487,0.14144252103427016,-0.02805003654774471
centralized,202,condition,pooled,cnn-ae,N15_M07_F04,hard_val_p95,0.13257033857892228,0.03636363636363636,0.9289366053169734,0.08304326205867728,0.13125153659484226,0.11325127333799098,-0.01800026325685128
centralized,202,condition,pooled,cnn-ae,N15_M07_F04,fuzzy_warning_as_alarm_hi50,0.13257033857892228,0.03636363636363636,0.9289366053169734,0.08304326205867728,0.13125153659484226,0.11325127333799098,-0.01800026325685128
centralized,202,condition,pooled,cnn-ae,N15_M07_F04,fuzzy_fault_only_hi75,0.07192118226600985,0.01818181818181818,0.962678936605317,0.08304326205867728,0.13125153659484226,0.11325127333799098,-0.01800026325685128
centralized,202,condition,client_specific,cnn-ae,N15_M07_F10,hard_val_p95,0.21483841602184797,0.09090909090909091,0.8793456032719836,0.10740924912978618,0.15865744587323177,0.16821907799764135,0.00956163212440958
centralized,202,condition,client_specific,cnn-ae,N15_M07_F10,fuzzy_warning_as_alarm_hi50,0.21483841602184797,0.09090909090909091,0.8793456032719836,0.10740924912978618,0.15865744587323177,0.16821907799764135,0.00956163212440958
centralized,202,condition,client_specific,cnn-ae,N15_M07_F10,fuzzy_fault_only_hi75,0.13333333333333333,0.07272727272727272,0.9284253578732107,0.10740924912978618,0.15865744587323177,0.16821907799764135,0.00956163212440958
centralized,202,condition,pooled,cnn-ae,N15_M07_F10,hard_val_p95,0.13244402096236302,0.07272727272727272,0.9289366053169734,0.07956240676280457,0.10959133688183548,0.11325127333799098,0.0036599364561555048
centralized,202,condition,pooled,cnn-ae,N15_M07_F10,fuzzy_warning_as_alarm_hi50,0.13244402096236302,0.07272727272727272,0.9289366053169734,0.07956240676280457,0.10959133688183548,0.11325127333799098,0.0036599364561555048
centralized,202,condition,pooled,cnn-ae,N15_M07_F10,fuzzy_fault_only_hi75,0.07188577055637617,0.03636363636363636,0.962678936605317,0.07956240676280457,0.10959133688183548,0.11325127333799098,0.0036599364561555048
fedavg,202,condition,client_specific,cnn-ae,N09_M07_F10,hard_val_p95,0.006113092205807438,0.01818181818181818,0.9969325153374233,0.003978120338140228,0.0737432428588332,0.038830655189815065,-0.034912587669018134
fedavg,202,condition,client_specific,cnn-ae,N09_M07_F10,fuzzy_warning_as_alarm_hi50,0.006113092205807438,0.01818181818181818,0.9969325153374233,0.003978120338140228,0.0737432428588332,0.038830655189815065,-0.034912587669018134
fedavg,202,condition,client_specific,cnn-ae,N09_M07_F10,fuzzy_fault_only_hi75,0.00407955124936257,0.01818181818181818,0.9979550102249489,0.003978120338140228,0.0737432428588332,0.038830655189815065,-0.034912587669018134
fedavg,202,condition,pooled,cnn-ae,N09_M07_F10,hard_val_p95,0.031108881083793276,0.10909090909090909,0.9841513292433538,0.04276479363500746,0.12741259030994806,0.0650781770616974,-0.06233441324825066
fedavg,202,condition,pooled,cnn-ae,N09_M07_F10,fuzzy_warning_as_alarm_hi50,0.031108881083793276,0.10909090909090909,0.9841513292433538,0.04276479363500746,0.12741259030994806,0.0650781770616974,-0.06233441324825066
fedavg,202,condition,pooled,cnn-ae,N09_M07_F10,fuzzy_fault_only_hi75,0.013191273465246067,0.03636363636363636,0.9933537832310838,0.04276479363500746,0.12741259030994806,0.0650781770616974,-0.06233441324825066
fedavg,202,condition,client_specific,cnn-ae,N15_M01_F10,hard_val_p95,0.0988851187590887,0.08928571428571429,0.9478527607361963,0.026341948310139165,0.12620141579187136,0.0927089553934933,-0.033492460398378054
fedavg,202,condition,client_specific,cnn-ae,N15_M01_F10,fuzzy_warning_as_alarm_hi50,0.0988851187590887,0.08928571428571429,0.9478527607361963,0.026341948310139165,0.12620141579187136,0.0927089553934933,-0.033492460398378054
fedavg,202,condition,client_specific,cnn-ae,N15_M01_F10,fuzzy_fault_only_hi75,0.06231454005934718,0.05357142857142857,0.9677914110429447,0.026341948310139165,0.12620141579187136,0.0927089553934933,-0.033492460398378054
fedavg,202,condition,pooled,cnn-ae,N15_M01_F10,hard_val_p95,0.03118712273641851,0.017857142857142856,0.9841513292433538,0.04224652087475149,0.08462988255434935,0.0650781770616974,-0.01955170549265195
fedavg,202,condition,pooled,cnn-ae,N15_M01_F10,fuzzy_warning_as_alarm_hi50,0.03118712273641851,0.017857142857142856,0.9841513292433538,0.04224652087475149,0.08462988255434935,0.0650781770616974,-0.01955170549265195
fedavg,202,condition,pooled,cnn-ae,N15_M01_F10,fuzzy_fault_only_hi75,0.013197969543147208,0.017857142857142856,0.9933537832310838,0.04224652087475149,0.08462988255434935,0.0650781770616974,-0.01955170549265195
fedavg,202,condition,client_specific,cnn-ae,N15_M07_F04,hard_val_p95,0.1306628516928946,0.07272727272727272,0.929959100204499,0.0989557434112382,0.13049561332457021,0.10988340551685853,-0.020612207807711683
fedavg,202,condition,client_specific,cnn-ae,N15_M07_F04,fuzzy_warning_as_alarm_hi50,0.1306628516928946,0.07272727272727272,0.929959100204499,0.0989557434112382,0.13049561332457021,0.10988340551685853,-0.020612207807711683
fedavg,202,condition,client_specific,cnn-ae,N15_M07_F04,fuzzy_fault_only_hi75,0.028211586901763223,0.01818181818181818,0.9856850715746421,0.0989557434112382,0.13049561332457021,0.10988340551685853,-0.020612207807711683
fedavg,202,condition,pooled,cnn-ae,N15_M07_F04,hard_val_p95,0.03118712273641851,0.01818181818181818,0.9841513292433538,0.04127299850820487,0.07274082377061554,0.0650781770616974,-0.007662646708918142
fedavg,202,condition,pooled,cnn-ae,N15_M07_F04,fuzzy_warning_as_alarm_hi50,0.03118712273641851,0.01818181818181818,0.9841513292433538,0.04127299850820487,0.07274082377061554,0.0650781770616974,-0.007662646708918142
fedavg,202,condition,pooled,cnn-ae,N15_M07_F04,fuzzy_fault_only_hi75,0.013204672422549517,0.0,0.9933537832310838,0.04127299850820487,0.07274082377061554,0.0650781770616974,-0.007662646708918142
fedavg,202,condition,client_specific,cnn-ae,N15_M07_F10,hard_val_p95,0.07005426739023186,0.0,0.9637014314928425,0.0591745400298359,0.053053473298435815,0.08342362787699047,0.030370154578554652
fedavg,202,condition,client_specific,cnn-ae,N15_M07_F10,fuzzy_warning_as_alarm_hi50,0.07005426739023186,0.0,0.9637014314928425,0.0591745400298359,0.053053473298435815,0.08342362787699047,0.030370154578554652
fedavg,202,condition,client_specific,cnn-ae,N15_M07_F10,fuzzy_fault_only_hi75,0.020242914979757085,0.0,0.9897750511247444,0.0591745400298359,0.053053473298435815,0.08342362787699047,0.030370154578554652
fedavg,202,condition,pooled,cnn-ae,N15_M07_F10,hard_val_p95,0.03120281831907398,0.0,0.9841513292433538,0.040775733465937346,0.0410924533379388,0.0650781770616974,0.023985723723758595
fedavg,202,condition,pooled,cnn-ae,N15_M07_F10,fuzzy_warning_as_alarm_hi50,0.03120281831907398,0.0,0.9841513292433538,0.040775733465937346,0.0410924533379388,0.0650781770616974,0.023985723723758595
fedavg,202,condition,pooled,cnn-ae,N15_M07_F10,fuzzy_fault_only_hi75,0.013204672422549517,0.0,0.9933537832310838,0.040775733465937346,0.0410924533379388,0.0650781770616974,0.023985723723758595
fedavg,202,condition,client_specific,cnn-ae,N09_M07_F10,hard_val_p95,0.1422475106685633,0.05454545454545454,0.9233128834355828,0.04724017901541522,0.08634394511797734,0.11817632977646196,0.03183238465848462
fedavg,202,condition,client_specific,cnn-ae,N09_M07_F10,fuzzy_warning_as_alarm_hi50,0.1422475106685633,0.05454545454545454,0.9233128834355828,0.04724017901541522,0.08634394511797734,0.11817632977646196,0.03183238465848462
fedavg,202,condition,client_specific,cnn-ae,N09_M07_F10,fuzzy_fault_only_hi75,0.09352167559668777,0.01818181818181818,0.950920245398773,0.04724017901541522,0.08634394511797734,0.11817632977646196,0.03183238465848462
fedavg,202,condition,pooled,cnn-ae,N09_M07_F10,hard_val_p95,0.1440075793462814,0.05454545454545454,0.9222903885480572,0.06911984087518648,0.10000973172977644,0.12568908382622976,0.02567935209645332
fedavg,202,condition,pooled,cnn-ae,N09_M07_F10,fuzzy_warning_as_alarm_hi50,0.1440075793462814,0.05454545454545454,0.9222903885480572,0.06911984087518648,0.10000973172977644,0.12568908382622976,0.02567935209645332
fedavg,202,condition,pooled,cnn-ae,N09_M07_F10,fuzzy_fault_only_hi75,0.0832517140058766,0.01818181818181818,0.9565439672801636,0.06911984087518648,0.10000973172977644,0.12568908382622976,0.02567935209645332
fedavg,202,condition,client_specific,cnn-ae,N15_M01_F10,hard_val_p95,0.1344137273593899,0.017857142857142856,0.9279141104294478,0.08946322067594434,0.0738191378744972,0.11228441412623612,0.038465276251738914
fedavg,202,condition,client_specific,cnn-ae,N15_M01_F10,fuzzy_warning_as_alarm_hi50,0.1344137273593899,0.017857142857142856,0.9279141104294478,0.08946322067594434,0.0738191378744972,0.11228441412623612,0.038465276251738914
fedavg,202,condition,client_specific,cnn-ae,N15_M01_F10,fuzzy_fault_only_hi75,0.04790419161676647,0.0,0.9754601226993865,0.08946322067594434,0.0738191378744972,0.11228441412623612,0.038465276251738914
fedavg,202,condition,pooled,cnn-ae,N15_M01_F10,hard_val_p95,0.14414414414414414,0.017857142857142856,0.9222903885480572,0.06858846918489066,0.07941840722309644,0.12568908382622976,0.04627067660313332
fedavg,202,condition,pooled,cnn-ae,N15_M01_F10,fuzzy_warning_as_alarm_hi50,0.14414414414414414,0.017857142857142856,0.9222903885480572,0.06858846918489066,0.07941840722309644,0.12568908382622976,0.04627067660313332
fedavg,202,condition,pooled,cnn-ae,N15_M01_F10,fuzzy_fault_only_hi75,0.08329250367466928,0.0,0.9565439672801636,0.06858846918489066,0.07941840722309644,0.12568908382622976,0.04627067660313332
fedavg,202,condition,client_specific,cnn-ae,N15_M07_F04,hard_val_p95,0.19161676646706588,0.12727272727272726,0.8936605316973415,0.08851317752362009,0.17155030014308884,0.16234373881192984,-0.009206561331158991
fedavg,202,condition,client_specific,cnn-ae,N15_M07_F04,fuzzy_warning_as_alarm_hi50,0.19161676646706588,0.12727272727272726,0.8936605316973415,0.08851317752362009,0.17155030014308884,0.16234373881192984,-0.009206561331158991
fedavg,202,condition,client_specific,cnn-ae,N15_M07_F04,fuzzy_fault_only_hi75,0.14129919393077287,0.07272727272727272,0.9238241308793456,0.08851317752362009,0.17155030014308884,0.16234373881192984,-0.009206561331158991
fedavg,202,condition,pooled,cnn-ae,N15_M07_F04,hard_val_p95,0.14387127307146239,0.09090909090909091,0.9222903885480572,0.06911984087518648,0.13088019067201093,0.12568908382622976,-0.005191106845781168
fedavg,202,condition,pooled,cnn-ae,N15_M07_F04,fuzzy_warning_as_alarm_hi50,0.14387127307146239,0.09090909090909091,0.9222903885480572,0.06911984087518648,0.13088019067201093,0.12568908382622976,-0.005191106845781168
fedavg,202,condition,pooled,cnn-ae,N15_M07_F04,fuzzy_fault_only_hi75,0.08317025440313111,0.05454545454545454,0.9565439672801636,0.06911984087518648,0.13088019067201093,0.12568908382622976,-0.005191106845781168
fedavg,202,condition,client_specific,cnn-ae,N15_M07_F10,hard_val_p95,0.1750465549348231,0.07272727272727272,0.9038854805725971,0.07210343112879164,0.10903517753856894,0.14628097168953208,0.037245794150963143
fedavg,202,condition,client_specific,cnn-ae,N15_M07_F10,fuzzy_warning_as_alarm_hi50,0.1750465549348231,0.07272727272727272,0.9038854805725971,0.07210343112879164,0.10903517753856894,0.14628097168953208,0.037245794150963143
fedavg,202,condition,client_specific,cnn-ae,N15_M07_F10,fuzzy_fault_only_hi75,0.11549566891241578,0.03636363636363636,0.9386503067484663,0.07210343112879164,0.10903517753856894,0.14628097168953208,0.037245794150963143
fedavg,202,condition,pooled,cnn-ae,N15_M07_F10,hard_val_p95,0.1440075793462814,0.05454545454545454,0.9222903885480572,0.06862257583291895,0.09235740966134265,0.12568908382622976,0.03333167416488711
fedavg,202,condition,pooled,cnn-ae,N15_M07_F10,fuzzy_warning_as_alarm_hi50,0.1440075793462814,0.05454545454545454,0.9222903885480572,0.06862257583291895,0.09235740966134265,0.12568908382622976,0.03333167416488711
fedavg,202,condition,pooled,cnn-ae,N15_M07_F10,fuzzy_fault_only_hi75,0.0832517140058766,0.01818181818181818,0.9565439672801636,0.06862257583291895,0.09235740966134265,0.12568908382622976,0.03333167416488711
fedavg,202,condition,client_specific,cnn-ae,N09_M07_F10,hard_val_p95,0.05952380952380952,0.0,0.9693251533742331,0.039781203381402286,0.05894101036736725,0.09524772188754889,0.03630671152018164
fedavg,202,condition,client_specific,cnn-ae,N09_M07_F10,fuzzy_warning_as_alarm_hi50,0.05952380952380952,0.0,0.9693251533742331,0.039781203381402286,0.05894101036736725,0.09524772188754889,0.03630671152018164
fedavg,202,condition,client_specific,cnn-ae,N09_M07_F10,fuzzy_fault_only_hi75,0.028225806451612902,0.0,0.9856850715746421,0.039781203381402286,0.05894101036736725,0.09524772188754889,0.03630671152018164
fedavg,202,condition,pooled,cnn-ae,N09_M07_F10,hard_val_p95,0.11832611832611832,0.0,0.9371165644171779,0.06464445549477872,0.0649570735408669,0.118591790435611,0.0536347168947441
fedavg,202,condition,pooled,cnn-ae,N09_M07_F10,fuzzy_warning_as_alarm_hi50,0.11832611832611832,0.0,0.9371165644171779,0.06464445549477872,0.0649570735408669,0.118591790435611,0.0536347168947441
fedavg,202,condition,pooled,cnn-ae,N09_M07_F10,fuzzy_fault_only_hi75,0.07195662888122227,0.0,0.962678936605317,0.06464445549477872,0.0649570735408669,0.118591790435611,0.0536347168947441
fedavg,202,condition,client_specific,cnn-ae,N15_M01_F10,hard_val_p95,0.11095031355523396,0.03571428571428571,0.9412065439672802,0.06312127236580517,0.10372494797819379,0.12944785195648026,0.02572290397828647
fedavg,202,condition,client_specific,cnn-ae,N15_M01_F10,fuzzy_warning_as_alarm_hi50,0.11095031355523396,0.03571428571428571,0.9412065439672802,0.06312127236580517,0.10372494797819379,0.12944785195648026,0.02572290397828647
fedavg,202,condition,client_specific,cnn-ae,N15_M01_F10,fuzzy_fault_only_hi75,0.08602150537634409,0.03571428571428571,0.9550102249488752,0.06312127236580517,0.10372494797819379,0.12944785195648026,0.02572290397828647
fedavg,202,condition,pooled,cnn-ae,N15_M01_F10,hard_val_p95,0.11821239788563191,0.03571428571428571,0.9371165644171779,0.06411530815109344,0.08955802794136256,0.118591790435611,0.02903376249424844
fedavg,202,condition,pooled,cnn-ae,N15_M01_F10,fuzzy_warning_as_alarm_hi50,0.11821239788563191,0.03571428571428571,0.9371165644171779,0.06411530815109344,0.08955802794136256,0.118591790435611,0.02903376249424844
fedavg,202,condition,pooled,cnn-ae,N15_M01_F10,fuzzy_fault_only_hi75,0.07188577055637617,0.03571428571428571,0.962678936605317,0.06411530815109344,0.08955802794136256,0.118591790435611,0.02903376249424844
fedavg,202,condition,client_specific,cnn-ae,N15_M07_F04,hard_val_p95,0.17156177156177158,0.09090909090909091,0.9059304703476483,0.018398806563898557,0.12853800712510835,0.1504131171000541,0.02187510997494574
fedavg,202,condition,client_specific,cnn-ae,N15_M07_F04,fuzzy_warning_as_alarm_hi50,0.17156177156177158,0.09090909090909091,0.9059304703476483,0.018398806563898557,0.12853800712510835,0.1504131171000541,0.02187510997494574
fedavg,202,condition,client_specific,cnn-ae,N15_M07_F04,fuzzy_fault_only_hi75,0.16814572629612332,0.09090909090909091,0.9079754601226994,0.018398806563898557,0.12853800712510835,0.1504131171000541,0.02187510997494574
fedavg,202,condition,pooled,cnn-ae,N15_M07_F04,hard_val_p95,0.11809889582333173,0.07272727272727272,0.9371165644171779,0.06514172053704624,0.10124899838598822,0.118591790435611,0.017342792049622774
fedavg,202,condition,pooled,cnn-ae,N15_M07_F04,fuzzy_warning_as_alarm_hi50,0.11809889582333173,0.07272727272727272,0.9371165644171779,0.06514172053704624,0.10124899838598822,0.118591790435611,0.017342792049622774
fedavg,202,condition,pooled,cnn-ae,N15_M07_F04,fuzzy_fault_only_hi75,0.07188577055637617,0.03636363636363636,0.962678936605317,0.06514172053704624,0.10124899838598822,0.118591790435611,0.017342792049622774
fedavg,202,condition,client_specific,cnn-ae,N15_M07_F10,hard_val_p95,0.19170506912442398,0.10909090909090909,0.8936605316973415,0.06016907011437096,0.14228778175113116,0.15059526394133738,0.008307482190206217
fedavg,202,condition,client_specific,cnn-ae,N15_M07_F10,fuzzy_warning_as_alarm_hi50,0.19170506912442398,0.10909090909090909,0.8936605316973415,0.06016907011437096,0.14228778175113116,0.15059526394133738,0.008307482190206217
fedavg,202,condition,client_specific,cnn-ae,N15_M07_F10,fuzzy_fault_only_hi75,0.1359315589353612,0.09090909090909091,0.9268916155419223,0.06016907011437096,0.14228778175113116,0.15059526394133738,0.008307482190206217
fedavg,202,condition,pooled,cnn-ae,N15_M07_F10,hard_val_p95,0.11815561959654179,0.05454545454545454,0.9371165644171779,0.06563898557931377,0.10707722265565077,0.118591790435611,0.011514567779960225
fedavg,202,condition,pooled,cnn-ae,N15_M07_F10,fuzzy_warning_as_alarm_hi50,0.11815561959654179,0.05454545454545454,0.9371165644171779,0.06563898557931377,0.10707722265565077,0.118591790435611,0.011514567779960225
fedavg,202,condition,pooled,cnn-ae,N15_M07_F10,fuzzy_fault_only_hi75,0.07192118226600985,0.01818181818181818,0.962678936605317,0.06563898557931377,0.10707722265565077,0.118591790435611,0.011514567779960225
fedavg,202,condition,client_specific,cnn-ae,N09_M07_F10,hard_val_p95,0.1802136553646075,0.05454545454545454,0.9008179959100204,0.08602685231228245,0.0990089009797946,0.15735664335303348,0.05834774237323888
fedavg,202,condition,client_specific,cnn-ae,N09_M07_F10,fuzzy_warning_as_alarm_hi50,0.1802136553646075,0.05454545454545454,0.9008179959100204,0.08602685231228245,0.0990089009797946,0.15735664335303348,0.05834774237323888
fedavg,202,condition,client_specific,cnn-ae,N09_M07_F10,fuzzy_fault_only_hi75,0.14231499051233396,0.03636363636363636,0.9233128834355828,0.08602685231228245,0.0990089009797946,0.15735664335303348,0.05834774237323888
fedavg,202,condition,pooled,cnn-ae,N09_M07_F10,hard_val_p95,0.13707758210376011,0.01818181818181818,0.9263803680981595,0.06911984087518648,0.07738860893499012,0.12917843426474587,0.05178982532975575
fedavg,202,condition,pooled,cnn-ae,N09_M07_F10,fuzzy_warning_as_alarm_hi50,0.13707758210376011,0.01818181818181818,0.9263803680981595,0.06911984087518648,0.07738860893499012,0.12917843426474587,0.05178982532975575
fedavg,202,condition,pooled,cnn-ae,N09_M07_F10,fuzzy_fault_only_hi75,0.08984375,0.0,0.9529652351738241,0.06911984087518648,0.07738860893499012,0.12917843426474587,0.05178982532975575
fedavg,202,condition,client_specific,cnn-ae,N15_M01_F10,hard_val_p95,0.10184287099903007,0.017857142857142856,0.946319018404908,0.04721669980119284,0.07673208283477141,0.10728674400505972,0.030554661170288308
fedavg,202,condition,client_specific,cnn-ae,N15_M01_F10,fuzzy_warning_as_alarm_hi50,0.10184287099903007,0.017857142857142856,0.946319018404908,0.04721669980119284,0.07673208283477141,0.10728674400505972,0.030554661170288308
fedavg,202,condition,client_specific,cnn-ae,N15_M01_F10,fuzzy_fault_only_hi75,0.05663189269746647,0.0,0.9708588957055214,0.04721669980119284,0.07673208283477141,0.10728674400505972,0.030554661170288308
fedavg,202,condition,pooled,cnn-ae,N15_M01_F10,hard_val_p95,0.1369472182596291,0.05357142857142857,0.9263803680981595,0.07007952286282307,0.09654632393232233,0.12917843426474587,0.03263211033242354
fedavg,202,condition,pooled,cnn-ae,N15_M01_F10,fuzzy_warning_as_alarm_hi50,0.1369472182596291,0.05357142857142857,0.9263803680981595,0.07007952286282307,0.09654632393232233,0.12917843426474587,0.03263211033242354
fedavg,202,condition,pooled,cnn-ae,N15_M01_F10,fuzzy_fault_only_hi75,0.08984375,0.0,0.9529652351738241,0.07007952286282307,0.09654632393232233,0.12917843426474587,0.03263211033242354
fedavg,202,condition,client_specific,cnn-ae,N15_M07_F04,hard_val_p95,0.20522217132386625,0.05454545454545454,0.885480572597137,0.08055693684733964,0.08124525680645008,0.14600954683344208,0.06476429002699201
fedavg,202,condition,client_specific,cnn-ae,N15_M07_F04,fuzzy_warning_as_alarm_hi50,0.20522217132386625,0.05454545454545454,0.885480572597137,0.08055693684733964,0.08124525680645008,0.14600954683344208,0.06476429002699201
fedavg,202,condition,client_specific,cnn-ae,N15_M07_F04,fuzzy_fault_only_hi75,0.1537010843941537,0.03636363636363636,0.9166666666666666,0.08055693684733964,0.08124525680645008,0.14600954683344208,0.06476429002699201
fedavg,202,condition,pooled,cnn-ae,N15_M07_F04,hard_val_p95,0.13707758210376011,0.01818181818181818,0.9263803680981595,0.06862257583291895,0.08366662880170321,0.12917843426474587,0.04551180546304266
fedavg,202,condition,pooled,cnn-ae,N15_M07_F04,fuzzy_warning_as_alarm_hi50,0.13707758210376011,0.01818181818181818,0.9263803680981595,0.06862257583291895,0.08366662880170321,0.12917843426474587,0.04551180546304266
fedavg,202,condition,pooled,cnn-ae,N15_M07_F04,fuzzy_fault_only_hi75,0.08979990239141045,0.01818181818181818,0.9529652351738241,0.06862257583291895,0.08366662880170321,0.12917843426474587,0.04551180546304266
fedavg,202,condition,client_specific,cnn-ae,N15_M07_F10,hard_val_p95,0.12164750957854406,0.09090909090909091,0.9350715746421268,0.09547488811536549,0.15570209192068274,0.14089546189478946,-0.014806630025893275
fedavg,202,condition,client_specific,cnn-ae,N15_M07_F10,fuzzy_warning_as_alarm_hi50,0.12164750957854406,0.09090909090909091,0.9350715746421268,0.09547488811536549,0.15570209192068274,0.14089546189478946,-0.014806630025893275
fedavg,202,condition,client_specific,cnn-ae,N15_M07_F10,fuzzy_fault_only_hi75,0.08878048780487804,0.05454545454545454,0.9534764826175869,0.09547488811536549,0.15570209192068274,0.14089546189478946,-0.014806630025893275
fedavg,202,condition,pooled,cnn-ae,N15_M07_F10,hard_val_p95,0.1368171021377672,0.09090909090909091,0.9263803680981595,0.069617105917454,0.14334367541634702,0.12917843426474587,-0.014165241151601143
fedavg,202,condition,pooled,cnn-ae,N15_M07_F10,fuzzy_warning_as_alarm_hi50,0.1368171021377672,0.09090909090909091,0.9263803680981595,0.069617105917454,0.14334367541634702,0.12917843426474587,-0.014165241151601143
fedavg,202,condition,pooled,cnn-ae,N15_M07_F10,fuzzy_fault_only_hi75,0.08971233544612384,0.05454545454545454,0.9529652351738241,0.069617105917454,0.14334367541634702,0.12917843426474587,-0.014165241151601143
fedavg,202,condition,client_specific,cnn-ae,N09_M07_F10,hard_val_p95,0.10821256038647344,0.03636363636363636,0.9427402862985685,0.0556936847339632,0.08997603597633387,0.10359068142076835,0.013614645444434484
fedavg,202,condition,client_specific,cnn-ae,N09_M07_F10,fuzzy_warning_as_alarm_hi50,0.10821256038647344,0.03636363636363636,0.9427402862985685,0.0556936847339632,0.08997603597633387,0.10359068142076835,0.013614645444434484
fedavg,202,condition,client_specific,cnn-ae,N09_M07_F10,fuzzy_fault_only_hi75,0.07760314341846758,0.01818181818181818,0.9596114519427403,0.0556936847339632,0.08997603597633387,0.10359068142076835,0.013614645444434484
fedavg,202,condition,pooled,cnn-ae,N09_M07_F10,hard_val_p95,0.1008729388942774,0.03636363636363636,0.9468302658486708,0.07508702138239681,0.10157340804199597,0.11285578456398934,0.011282376521993376
fedavg,202,condition,pooled,cnn-ae,N09_M07_F10,fuzzy_warning_as_alarm_hi50,0.1008729388942774,0.03636363636363636,0.9468302658486708,0.07508702138239681,0.10157340804199597,0.11285578456398934,0.011282376521993376
fedavg,202,condition,pooled,cnn-ae,N09_M07_F10,fuzzy_fault_only_hi75,0.06045589692765114,0.01818181818181818,0.9688139059304703,0.07508702138239681,0.10157340804199597,0.11285578456398934,0.011282376521993376
fedavg,202,condition,client_specific,cnn-ae,N15_M01_F10,hard_val_p95,0.10638297872340426,0.03571428571428571,0.943762781186094,0.07306163021868788,0.08691013849039396,0.10500628670093361,0.018096148210539648
fedavg,202,condition,client_specific,cnn-ae,N15_M01_F10,fuzzy_warning_as_alarm_hi50,0.10638297872340426,0.03571428571428571,0.943762781186094,0.07306163021868788,0.08691013849039396,0.10500628670093361,0.018096148210539648
fedavg,202,condition,client_specific,cnn-ae,N15_M01_F10,fuzzy_fault_only_hi75,0.07669616519174041,0.0,0.9601226993865031,0.07306163021868788,0.08691013849039396,0.10500628670093361,0.018096148210539648
fedavg,202,condition,pooled,cnn-ae,N15_M01_F10,hard_val_p95,0.1008729388942774,0.03571428571428571,0.9468302658486708,0.07703777335984095,0.09499509843099488,0.11285578456398934,0.017860686132994463
fedavg,202,condition,pooled,cnn-ae,N15_M01_F10,fuzzy_warning_as_alarm_hi50,0.1008729388942774,0.03571428571428571,0.9468302658486708,0.07703777335984095,0.09499509843099488,0.11285578456398934,0.017860686132994463
fedavg,202,condition,pooled,cnn-ae,N15_M01_F10,fuzzy_fault_only_hi75,0.06048587010411502,0.0,0.9688139059304703,0.07703777335984095,0.09499509843099488,0.11285578456398934,0.017860686132994463
fedavg,202,condition,client_specific,cnn-ae,N15_M07_F04,hard_val_p95,0.17690875232774675,0.03636363636363636,0.9028629856850716,0.05271009448035803,0.10213881517038534,0.1466024073039972,0.04446359213361187
fedavg,202,condition,client_specific,cnn-ae,N15_M07_F04,fuzzy_warning_as_alarm_hi50,0.17690875232774675,0.03636363636363636,0.9028629856850716,0.05271009448035803,0.10213881517038534,0.1466024073039972,0.04446359213361187
fedavg,202,condition,client_specific,cnn-ae,N15_M07_F04,fuzzy_fault_only_hi75,0.12092130518234165,0.03636363636363636,0.9355828220858896,0.05271009448035803,0.10213881517038534,0.1466024073039972,0.04446359213361187
fedavg,202,condition,pooled,cnn-ae,N15_M07_F04,hard_val_p95,0.10097087378640776,0.0,0.9468302658486708,0.07458975634012929,0.07701546496126116,0.11285578456398934,0.03584031960272818
fedavg,202,condition,pooled,cnn-ae,N15_M07_F04,fuzzy_warning_as_alarm_hi50,0.10097087378640776,0.0,0.9468302658486708,0.07458975634012929,0.07701546496126116,0.11285578456398934,0.03584031960272818
fedavg,202,condition,pooled,cnn-ae,N15_M07_F04,fuzzy_fault_only_hi75,0.06048587010411502,0.0,0.9688139059304703,0.07458975634012929,0.07701546496126116,0.11285578456398934,0.03584031960272818
fedavg,202,condition,client_specific,cnn-ae,N15_M07_F10,hard_val_p95,0.06045589692765114,0.01818181818181818,0.9688139059304703,0.09099950273495773,0.08612880086681247,0.10200999073180504,0.015881189864992568
fedavg,202,condition,client_specific,cnn-ae,N15_M07_F10,fuzzy_warning_as_alarm_hi50,0.06045589692765114,0.01818181818181818,0.9688139059304703,0.09099950273495773,0.08612880086681247,0.10200999073180504,0.015881189864992568
fedavg,202,condition,client_specific,cnn-ae,N15_M07_F10,fuzzy_fault_only_hi75,0.04006009013520281,0.01818181818181818,0.9795501022494888,0.09099950273495773,0.08612880086681247,0.10200999073180504,0.015881189864992568
fedavg,202,condition,pooled,cnn-ae,N15_M07_F10,hard_val_p95,0.1008729388942774,0.03636363636363636,0.9468302658486708,0.07458975634012929,0.09253476726884256,0.11285578456398934,0.02032101729514678
fedavg,202,condition,pooled,cnn-ae,N15_M07_F10,fuzzy_warning_as_alarm_hi50,0.1008729388942774,0.03636363636363636,0.9468302658486708,0.07458975634012929,0.09253476726884256,0.11285578456398934,0.02032101729514678
fedavg,202,condition,pooled,cnn-ae,N15_M07_F10,fuzzy_fault_only_hi75,0.06045589692765114,0.01818181818181818,0.9688139059304703,0.07458975634012929,0.09253476726884256,0.11285578456398934,0.02032101729514678
fedavg,202,condition,client_specific,cnn-ae,N09_M07_F10,hard_val_p95,0.0821917808219178,0.07272727272727272,0.9570552147239264,0.024365987071108902,0.11677685040084317,0.07168595525196472,-0.04509089514887844
fedavg,202,condition,client_specific,cnn-ae,N09_M07_F10,fuzzy_warning_as_alarm_hi50,0.0821917808219178,0.07272727272727272,0.9570552147239264,0.024365987071108902,0.11677685040084317,0.07168595525196472,-0.04509089514887844
fedavg,202,condition,client_specific,cnn-ae,N09_M07_F10,fuzzy_fault_only_hi75,0.06422924901185771,0.05454545454545454,0.9667689161554193,0.024365987071108902,0.11677685040084317,0.07168595525196472,-0.04509089514887844
fedavg,202,condition,pooled,cnn-ae,N09_M07_F10,hard_val_p95,0.0775269872423945,0.05454545454545454,0.9596114519427403,0.04276479363500746,0.14379019928119657,0.08990813760415922,-0.05388206167703735
fedavg,202,condition,pooled,cnn-ae,N09_M07_F10,fuzzy_warning_as_alarm_hi50,0.0775269872423945,0.05454545454545454,0.9596114519427403,0.04276479363500746,0.14379019928119657,0.08990813760415922,-0.05388206167703735
fedavg,202,condition,pooled,cnn-ae,N09_M07_F10,fuzzy_fault_only_hi75,0.05268389662027833,0.05454545454545454,0.9729038854805726,0.04276479363500746,0.14379019928119657,0.08990813760415922,-0.05388206167703735
fedavg,202,condition,client_specific,cnn-ae,N15_M01_F10,hard_val_p95,0.16026241799437677,0.125,0.9125766871165644,0.04572564612326044,0.17095691612693426,0.14803730061019438,-0.022919615516739877
fedavg,202,condition,client_specific,cnn-ae,N15_M01_F10,fuzzy_warning_as_alarm_hi50,0.16026241799437677,0.125,0.9125766871165644,0.04572564612326044,0.17095691612693426,0.14803730061019438,-0.022919615516739877
fedavg,202,condition,client_specific,cnn-ae,N15_M01_F10,fuzzy_fault_only_hi75,0.12260536398467432,0.07142857142857142,0.934560327198364,0.04572564612326044,0.17095691612693426,0.14803730061019438,-0.022919615516739877
fedavg,202,condition,pooled,cnn-ae,N15_M01_F10,hard_val_p95,0.0775269872423945,0.05357142857142857,0.9596114519427403,0.04224652087475149,0.11578265484704786,0.08990813760415922,-0.02587451724288864
fedavg,202,condition,pooled,cnn-ae,N15_M01_F10,fuzzy_warning_as_alarm_hi50,0.0775269872423945,0.05357142857142857,0.9596114519427403,0.04224652087475149,0.11578265484704786,0.08990813760415922,-0.02587451724288864
fedavg,202,condition,pooled,cnn-ae,N15_M01_F10,fuzzy_fault_only_hi75,0.05268389662027833,0.05357142857142857,0.9729038854805726,0.04224652087475149,0.11578265484704786,0.08990813760415922,-0.02587451724288864
fedavg,202,condition,client_specific,cnn-ae,N15_M07_F04,hard_val_p95,0.10729821169647173,0.03636363636363636,0.9432515337423313,0.05469915464942814,0.09945149395591389,0.11176381167221451,0.01231231771630062
fedavg,202,condition,client_specific,cnn-ae,N15_M07_F04,fuzzy_warning_as_alarm_hi50,0.10729821169647173,0.03636363636363636,0.9432515337423313,0.05469915464942814,0.09945149395591389,0.11176381167221451,0.01231231771630062
fedavg,202,condition,client_specific,cnn-ae,N15_M07_F04,fuzzy_fault_only_hi75,0.06429277942631058,0.01818181818181818,0.9667689161554193,0.05469915464942814,0.09945149395591389,0.11176381167221451,0.01231231771630062
fedavg,202,condition,pooled,cnn-ae,N15_M07_F04,hard_val_p95,0.07760314341846758,0.01818181818181818,0.9596114519427403,0.04276479363500746,0.07858382900197816,0.08990813760415922,0.01132430860218106
fedavg,202,condition,pooled,cnn-ae,N15_M07_F04,fuzzy_warning_as_alarm_hi50,0.07760314341846758,0.01818181818181818,0.9596114519427403,0.04276479363500746,0.07858382900197816,0.08990813760415922,0.01132430860218106
fedavg,202,condition,pooled,cnn-ae,N15_M07_F04,fuzzy_fault_only_hi75,0.0527363184079602,0.01818181818181818,0.9729038854805726,0.04276479363500746,0.07858382900197816,0.08990813760415922,0.01132430860218106
fedavg,202,condition,client_specific,cnn-ae,N15_M07_F10,hard_val_p95,0.06903353057199212,0.03636363636363636,0.9642126789366053,0.0382894082545997,0.0896464082317571,0.08717221664679463,-0.002474191584962468
fedavg,202,condition,client_specific,cnn-ae,N15_M07_F10,fuzzy_warning_as_alarm_hi50,0.06903353057199212,0.03636363636363636,0.9642126789366053,0.0382894082545997,0.0896464082317571,0.08717221664679463,-0.002474191584962468
fedavg,202,condition,client_specific,cnn-ae,N15_M07_F10,fuzzy_fault_only_hi75,0.024230186774356385,0.01818181818181818,0.9877300613496932,0.0382894082545997,0.0896464082317571,0.08717221664679463,-0.002474191584962468
fedavg,202,condition,pooled,cnn-ae,N15_M07_F10,hard_val_p95,0.07756504663721159,0.03636363636363636,0.9596114519427403,0.043262058677274985,0.0892342877971737,0.08990813760415922,0.0006738498069855242
fedavg,202,condition,pooled,cnn-ae,N15_M07_F10,fuzzy_warning_as_alarm_hi50,0.07756504663721159,0.03636363636363636,0.9596114519427403,0.043262058677274985,0.0892342877971737,0.08990813760415922,0.0006738498069855242
fedavg,202,condition,pooled,cnn-ae,N15_M07_F10,fuzzy_fault_only_hi75,0.0527363184079602,0.01818181818181818,0.9729038854805726,0.043262058677274985,0.0892342877971737,0.08990813760415922,0.0006738498069855242
fedavg,202,condition,client_specific,cnn-ae,N09_M07_F10,hard_val_p95,0.0380952380952381,0.01818181818181818,0.9805725971370143,0.025857782197911485,0.06922802618917671,0.046724556942372465,-0.02250346924680425
fedavg,202,condition,client_specific,cnn-ae,N09_M07_F10,fuzzy_warning_as_alarm_hi50,0.0380952380952381,0.01818181818181818,0.9805725971370143,0.025857782197911485,0.06922802618917671,0.046724556942372465,-0.02250346924680425
fedavg,202,condition,client_specific,cnn-ae,N09_M07_F10,fuzzy_fault_only_hi75,0.029219143576826197,0.0,0.9851738241308794,0.025857782197911485,0.06922802618917671,0.046724556942372465,-0.02250346924680425
fedavg,202,condition,pooled,cnn-ae,N09_M07_F10,hard_val_p95,0.05079681274900399,0.01818181818181818,0.9739263803680982,0.05668821481849826,0.11466883449061417,0.06957803225433047,-0.0450908022362837
fedavg,202,condition,pooled,cnn-ae,N09_M07_F10,fuzzy_warning_as_alarm_hi50,0.05079681274900399,0.01818181818181818,0.9739263803680982,0.05668821481849826,0.11466883449061417,0.06957803225433047,-0.0450908022362837
fedavg,202,condition,pooled,cnn-ae,N09_M07_F10,fuzzy_fault_only_hi75,0.020242914979757085,0.0,0.9897750511247444,0.05668821481849826,0.11466883449061417,0.06957803225433047,-0.0450908022362837
fedavg,202,condition,client_specific,cnn-ae,N15_M01_F10,hard_val_p95,0.06327236777063766,0.05357142857142857,0.967280163599182,0.10188866799204771,0.1270473800114928,0.09403762100992605,-0.033009759001566746
fedavg,202,condition,client_specific,cnn-ae,N15_M01_F10,fuzzy_warning_as_alarm_hi50,0.06327236777063766,0.05357142857142857,0.967280163599182,0.10188866799204771,0.1270473800114928,0.09403762100992605,-0.033009759001566746
fedavg,202,condition,client_specific,cnn-ae,N15_M01_F10,fuzzy_fault_only_hi75,0.019230769230769232,0.017857142857142856,0.9902862985685071,0.10188866799204771,0.1270473800114928,0.09403762100992605,-0.033009759001566746
fedavg,202,condition,pooled,cnn-ae,N15_M01_F10,hard_val_p95,0.050746268656716415,0.05357142857142857,0.9739263803680982,0.05417495029821073,0.10072524650311956,0.06957803225433047,-0.031147214248789093
fedavg,202,condition,pooled,cnn-ae,N15_M01_F10,fuzzy_warning_as_alarm_hi50,0.050746268656716415,0.05357142857142857,0.9739263803680982,0.05417495029821073,0.10072524650311956,0.06957803225433047,-0.031147214248789093
fedavg,202,condition,pooled,cnn-ae,N15_M01_F10,fuzzy_fault_only_hi75,0.020232675771370764,0.017857142857142856,0.9897750511247444,0.05417495029821073,0.10072524650311956,0.06957803225433047,-0.031147214248789093
fedavg,202,condition,client_specific,cnn-ae,N15_M07_F04,hard_val_p95,0.16565278427702387,0.07272727272727272,0.9095092024539877,0.08155146693187469,0.11229710577944799,0.11239893353609419,0.0001018277566462028
fedavg,202,condition,client_specific,cnn-ae,N15_M07_F04,fuzzy_warning_as_alarm_hi50,0.16565278427702387,0.07272727272727272,0.9095092024539877,0.08155146693187469,0.11229710577944799,0.11239893353609419,0.0001018277566462028
fedavg,202,condition,client_specific,cnn-ae,N15_M07_F04,fuzzy_fault_only_hi75,0.06811451135241856,0.01818181818181818,0.9647239263803681,0.08155146693187469,0.11229710577944799,0.11239893353609419,0.0001018277566462028
fedavg,202,condition,pooled,cnn-ae,N15_M07_F04,hard_val_p95,0.05079681274900399,0.01818181818181818,0.9739263803680982,0.05420188960716062,0.07206085302541072,0.06957803225433047,-0.002482820771080252
fedavg,202,condition,pooled,cnn-ae,N15_M07_F04,fuzzy_warning_as_alarm_hi50,0.05079681274900399,0.01818181818181818,0.9739263803680982,0.05420188960716062,0.07206085302541072,0.06957803225433047,-0.002482820771080252
fedavg,202,condition,pooled,cnn-ae,N15_M07_F04,fuzzy_fault_only_hi75,0.020242914979757085,0.0,0.9897750511247444,0.05420188960716062,0.07206085302541072,0.06957803225433047,-0.002482820771080252
fedavg,202,condition,client_specific,cnn-ae,N15_M07_F10,hard_val_p95,0.06995073891625615,0.05454545454545454,0.9637014314928425,0.0730979612133267,0.13406048508556154,0.11040186134401322,-0.023658623741548312
fedavg,202,condition,client_specific,cnn-ae,N15_M07_F10,fuzzy_warning_as_alarm_hi50,0.06995073891625615,0.05454545454545454,0.9637014314928425,0.0730979612133267,0.13406048508556154,0.11040186134401322,-0.023658623741548312
fedavg,202,condition,client_specific,cnn-ae,N15_M07_F10,fuzzy_fault_only_hi75,0.0291897332662305,0.03636363636363636,0.9851738241308794,0.0730979612133267,0.13406048508556154,0.11040186134401322,-0.023658623741548312
fedavg,202,condition,pooled,cnn-ae,N15_M07_F10,hard_val_p95,0.0507715281234445,0.03636363636363636,0.9739263803680982,0.05420188960716062,0.0911562431335506,0.06957803225433047,-0.021578210879220128
fedavg,202,condition,pooled,cnn-ae,N15_M07_F10,fuzzy_warning_as_alarm_hi50,0.0507715281234445,0.03636363636363636,0.9739263803680982,0.05420188960716062,0.0911562431335506,0.06957803225433047,-0.021578210879220128
fedavg,202,condition,pooled,cnn-ae,N15_M07_F10,fuzzy_fault_only_hi75,0.020222446916076844,0.03636363636363636,0.9897750511247444,0.05420188960716062,0.0911562431335506,0.06957803225433047,-0.021578210879220128
fedavg,202,condition,client_specific,cnn-ae,N09_M07_F10,hard_val_p95,0.04593110334498253,0.01818181818181818,0.976482617586912,0.022376926902038786,0.0858764928003513,0.05017492854131701,-0.035701564259034285
fedavg,202,condition,client_specific,cnn-ae,N09_M07_F10,fuzzy_warning_as_alarm_hi50,0.04593110334498253,0.01818181818181818,0.976482617586912,0.022376926902038786,0.0858764928003513,0.05017492854131701,-0.035701564259034285
fedavg,202,condition,client_specific,cnn-ae,N09_M07_F10,fuzzy_fault_only_hi75,0.03612644254892122,0.01818181818181818,0.9815950920245399,0.022376926902038786,0.0858764928003513,0.05017492854131701,-0.035701564259034285
fedavg,202,condition,pooled,cnn-ae,N09_M07_F10,hard_val_p95,0.06231454005934718,0.05454545454545454,0.9677914110429447,0.0417702635504724,0.13953003168208536,0.07674504584593186,-0.0627849858361535
fedavg,202,condition,pooled,cnn-ae,N09_M07_F10,fuzzy_warning_as_alarm_hi50,0.06231454005934718,0.05454545454545454,0.9677914110429447,0.0417702635504724,0.13953003168208536,0.07674504584593186,-0.0627849858361535
fedavg,202,condition,pooled,cnn-ae,N09_M07_F10,fuzzy_fault_only_hi75,0.04006009013520281,0.01818181818181818,0.9795501022494888,0.0417702635504724,0.13953003168208536,0.07674504584593186,-0.0627849858361535
fedavg,202,condition,client_specific,cnn-ae,N15_M01_F10,hard_val_p95,0.0962566844919786,0.03571428571428571,0.9493865030674846,0.06113320079522863,0.11533943931386419,0.10425723092974992,-0.011082208384114264
fedavg,202,condition,client_specific,cnn-ae,N15_M01_F10,fuzzy_warning_as_alarm_hi50,0.0962566844919786,0.03571428571428571,0.9493865030674846,0.06113320079522863,0.11533943931386419,0.10425723092974992,-0.011082208384114264
fedavg,202,condition,client_specific,cnn-ae,N15_M01_F10,fuzzy_fault_only_hi75,0.061386138613861385,0.03571428571428571,0.9683026584867076,0.06113320079522863,0.11533943931386419,0.10425723092974992,-0.011082208384114264
fedavg,202,condition,pooled,cnn-ae,N15_M01_F10,hard_val_p95,0.06234537357743691,0.03571428571428571,0.9677914110429447,0.040755467196819085,0.08510788124350932,0.07674504584593186,-0.008362835397577456
fedavg,202,condition,pooled,cnn-ae,N15_M01_F10,fuzzy_warning_as_alarm_hi50,0.06234537357743691,0.03571428571428571,0.9677914110429447,0.040755467196819085,0.08510788124350932,0.07674504584593186,-0.008362835397577456
fedavg,202,condition,pooled,cnn-ae,N15_M01_F10,fuzzy_fault_only_hi75,0.04004004004004004,0.03571428571428571,0.9795501022494888,0.040755467196819085,0.08510788124350932,0.07674504584593186,-0.008362835397577456
fedavg,202,condition,client_specific,cnn-ae,N15_M07_F04,hard_val_p95,0.1358669833729216,0.10909090909090909,0.9268916155419223,0.08055693684733964,0.15606637658464206,0.11326469576811266,-0.04280168081652941
fedavg,202,condition,client_specific,cnn-ae,N15_M07_F04,fuzzy_warning_as_alarm_hi50,0.1358669833729216,0.10909090909090909,0.9268916155419223,0.08055693684733964,0.15606637658464206,0.11326469576811266,-0.04280168081652941
fedavg,202,condition,client_specific,cnn-ae,N15_M07_F04,fuzzy_fault_only_hi75,0.06804733727810651,0.05454545454545454,0.9647239263803681,0.08055693684733964,0.15606637658464206,0.11326469576811266,-0.04280168081652941
fedavg,202,condition,pooled,cnn-ae,N15_M07_F04,hard_val_p95,0.06231454005934718,0.05454545454545454,0.9677914110429447,0.04276479363500746,0.10214227192708289,0.07674504584593186,-0.025397226081151025
fedavg,202,condition,pooled,cnn-ae,N15_M07_F04,fuzzy_warning_as_alarm_hi50,0.06231454005934718,0.05454545454545454,0.9677914110429447,0.04276479363500746,0.10214227192708289,0.07674504584593186,-0.025397226081151025
fedavg,202,condition,pooled,cnn-ae,N15_M07_F04,fuzzy_fault_only_hi75,0.04006009013520281,0.01818181818181818,0.9795501022494888,0.04276479363500746,0.10214227192708289,0.07674504584593186,-0.025397226081151025
fedavg,202,condition,client_specific,cnn-ae,N15_M07_F10,hard_val_p95,0.05373134328358209,0.0,0.9723926380368099,0.04027846842366982,0.11496054204939359,0.11097336528611708,-0.0039871767632765065
fedavg,202,condition,client_specific,cnn-ae,N15_M07_F10,fuzzy_warning_as_alarm_hi50,0.05373134328358209,0.0,0.9723926380368099,0.04027846842366982,0.11496054204939359,0.11097336528611708,-0.0039871767632765065
fedavg,202,condition,client_specific,cnn-ae,N15_M07_F10,fuzzy_fault_only_hi75,0.03614457831325301,0.0,0.9815950920245399,0.04027846842366982,0.11496054204939359,0.11097336528611708,-0.0039871767632765065
fedavg,202,condition,pooled,cnn-ae,N15_M07_F10,hard_val_p95,0.062376237623762376,0.01818181818181818,0.9677914110429447,0.0417702635504724,0.0752946742282687,0.07674504584593186,0.0014503716176631626
fedavg,202,condition,pooled,cnn-ae,N15_M07_F10,fuzzy_warning_as_alarm_hi50,0.062376237623762376,0.01818181818181818,0.9677914110429447,0.0417702635504724,0.0752946742282687,0.07674504584593186,0.0014503716176631626
fedavg,202,condition,pooled,cnn-ae,N15_M07_F10,fuzzy_fault_only_hi75,0.04008016032064128,0.0,0.9795501022494888,0.0417702635504724,0.0752946742282687,0.07674504584593186,0.0014503716176631626
fedavg,202,condition,client_specific,cnn-ae,N09_M07_F10,hard_val_p95,0.04295704295704296,0.05454545454545454,0.9780163599182005,0.02834410740924913,0.11875173072522278,0.045142024280306885,-0.0736097064449159
fedavg,202,condition,client_specific,cnn-ae,N09_M07_F10,fuzzy_warning_as_alarm_hi50,0.04295704295704296,0.05454545454545454,0.9780163599182005,0.02834410740924913,0.11875173072522278,0.045142024280306885,-0.0736097064449159
fedavg,202,condition,client_specific,cnn-ae,N09_M07_F10,fuzzy_fault_only_hi75,0.024205748865355523,0.05454545454545454,0.9877300613496932,0.02834410740924913,0.11875173072522278,0.045142024280306885,-0.0736097064449159
fedavg,202,condition,pooled,cnn-ae,N09_M07_F10,hard_val_p95,0.06132542037586548,0.07272727272727272,0.9683026584867076,0.04226752859273993,0.17123692339376967,0.07296223844000597,-0.0982746849537637
fedavg,202,condition,pooled,cnn-ae,N09_M07_F10,fuzzy_warning_as_alarm_hi50,0.06132542037586548,0.07272727272727272,0.9683026584867076,0.04226752859273993,0.17123692339376967,0.07296223844000597,-0.0982746849537637
fedavg,202,condition,pooled,cnn-ae,N09_M07_F10,fuzzy_fault_only_hi75,0.03510531594784353,0.05454545454545454,0.9821063394683026,0.04226752859273993,0.17123692339376967,0.07296223844000597,-0.0982746849537637
fedavg,202,condition,client_specific,cnn-ae,N15_M01_F10,hard_val_p95,0.08882381649585164,0.03571428571428571,0.9534764826175869,0.06610337972166998,0.11380395906783539,0.09692228685310414,-0.016881672214731247
fedavg,202,condition,client_specific,cnn-ae,N15_M01_F10,fuzzy_warning_as_alarm_hi50,0.08882381649585164,0.03571428571428571,0.9534764826175869,0.06610337972166998,0.11380395906783539,0.09692228685310414,-0.016881672214731247
fedavg,202,condition,client_specific,cnn-ae,N15_M01_F10,fuzzy_fault_only_hi75,0.04885343968095713,0.017857142857142856,0.9749488752556237,0.06610337972166998,0.11380395906783539,0.09692228685310414,-0.016881672214731247
fedavg,202,condition,pooled,cnn-ae,N15_M01_F10,hard_val_p95,0.06141654284299158,0.017857142857142856,0.9683026584867076,0.044234592445328035,0.07941486208342471,0.07296223844000597,-0.0064526236434187395
fedavg,202,condition,pooled,cnn-ae,N15_M01_F10,fuzzy_warning_as_alarm_hi50,0.06141654284299158,0.017857142857142856,0.9683026584867076,0.044234592445328035,0.07941486208342471,0.07296223844000597,-0.0064526236434187395
fedavg,202,condition,pooled,cnn-ae,N15_M01_F10,fuzzy_fault_only_hi75,0.03515821195379206,0.0,0.9821063394683026,0.044234592445328035,0.07941486208342471,0.07296223844000597,-0.0064526236434187395
fedavg,202,condition,client_specific,cnn-ae,N15_M07_F04,hard_val_p95,0.13757115749525617,0.12727272727272726,0.9258691206543967,0.03878667329686723,0.15540281777926163,0.11533030995446213,-0.0400725078247995
fedavg,202,condition,client_specific,cnn-ae,N15_M07_F04,fuzzy_warning_as_alarm_hi50,0.13757115749525617,0.12727272727272726,0.9258691206543967,0.03878667329686723,0.15540281777926163,0.11533030995446213,-0.0400725078247995
fedavg,202,condition,client_specific,cnn-ae,N15_M07_F04,fuzzy_fault_only_hi75,0.10358180058083252,0.05454545454545454,0.9452965235173824,0.03878667329686723,0.15540281777926163,0.11533030995446213,-0.0400725078247995
fedavg,202,condition,pooled,cnn-ae,N15_M07_F04,hard_val_p95,0.06141654284299158,0.01818181818181818,0.9683026584867076,0.04276479363500746,0.07951821528904411,0.07296223844000597,-0.0065559768490381365
fedavg,202,condition,pooled,cnn-ae,N15_M07_F04,fuzzy_warning_as_alarm_hi50,0.06141654284299158,0.01818181818181818,0.9683026584867076,0.04276479363500746,0.07951821528904411,0.07296223844000597,-0.0065559768490381365
fedavg,202,condition,pooled,cnn-ae,N15_M07_F04,fuzzy_fault_only_hi75,0.03515821195379206,0.0,0.9821063394683026,0.04276479363500746,0.07951821528904411,0.07296223844000597,-0.0065559768490381365
fedavg,202,condition,client_specific,cnn-ae,N15_M07_F10,hard_val_p95,0.04885343968095713,0.01818181818181818,0.9749488752556237,0.030333167578319244,0.12352279894423043,0.11068219872461389,-0.01284060021961654
fedavg,202,condition,client_specific,cnn-ae,N15_M07_F10,fuzzy_warning_as_alarm_hi50,0.04885343968095713,0.01818181818181818,0.9749488752556237,0.030333167578319244,0.12352279894423043,0.11068219872461389,-0.01284060021961654
fedavg,202,condition,client_specific,cnn-ae,N15_M07_F10,fuzzy_fault_only_hi75,0.034170854271356785,0.0,0.9826175869120655,0.030333167578319244,0.12352279894423043,0.11068219872461389,-0.01284060021961654
fedavg,202,condition,pooled,cnn-ae,N15_M07_F10,hard_val_p95,0.06141654284299158,0.01818181818181818,0.9683026584867076,0.043262058677274985,0.09041363164783363,0.07296223844000597,-0.017451393207827653
fedavg,202,condition,pooled,cnn-ae,N15_M07_F10,fuzzy_warning_as_alarm_hi50,0.06141654284299158,0.01818181818181818,0.9683026584867076,0.043262058677274985,0.09041363164783363,0.07296223844000597,-0.017451393207827653
fedavg,202,condition,pooled,cnn-ae,N15_M07_F10,fuzzy_fault_only_hi75,0.03515821195379206,0.0,0.9821063394683026,0.043262058677274985,0.09041363164783363,0.07296223844000597,-0.017451393207827653
fedavg,202,condition,client_specific,cnn-ae,N09_M07_F10,hard_val_p95,0.004077471967380225,0.03636363636363636,0.9979550102249489,0.009448035803083043,0.10047089606519315,0.015611744927512305,-0.08485915113768085
fedavg,202,condition,client_specific,cnn-ae,N09_M07_F10,fuzzy_warning_as_alarm_hi50,0.004077471967380225,0.03636363636363636,0.9979550102249489,0.009448035803083043,0.10047089606519315,0.015611744927512305,-0.08485915113768085
fedavg,202,condition,client_specific,cnn-ae,N09_M07_F10,fuzzy_fault_only_hi75,0.004077471967380225,0.03636363636363636,0.9979550102249489,0.009448035803083043,0.10047089606519315,0.015611744927512305,-0.08485915113768085
fedavg,202,condition,pooled,cnn-ae,N09_M07_F10,hard_val_p95,0.0399400898652022,0.12727272727272726,0.9795501022494888,0.03580308304326206,0.20599116480384913,0.05055204404821546,-0.15543912075563368
fedavg,202,condition,pooled,cnn-ae,N09_M07_F10,fuzzy_warning_as_alarm_hi50,0.0399400898652022,0.12727272727272726,0.9795501022494888,0.03580308304326206,0.20599116480384913,0.05055204404821546,-0.15543912075563368
fedavg,202,condition,pooled,cnn-ae,N09_M07_F10,fuzzy_fault_only_hi75,0.013177901672579827,0.07272727272727272,0.9933537832310838,0.03580308304326206,0.20599116480384913,0.05055204404821546,-0.15543912075563368
fedavg,202,condition,client_specific,cnn-ae,N15_M01_F10,hard_val_p95,0.10521235521235521,0.125,0.9442740286298569,0.04771371769383698,0.18767721834818882,0.11635216501195117,-0.07132505333623765
fedavg,202,condition,client_specific,cnn-ae,N15_M01_F10,fuzzy_warning_as_alarm_hi50,0.10521235521235521,0.125,0.9442740286298569,0.04771371769383698,0.18767721834818882,0.11635216501195117,-0.07132505333623765
fedavg,202,condition,client_specific,cnn-ae,N15_M01_F10,fuzzy_fault_only_hi75,0.08682926829268292,0.08928571428571429,0.9544989775051125,0.04771371769383698,0.18767721834818882,0.11635216501195117,-0.07132505333623765
fedavg,202,condition,pooled,cnn-ae,N15_M01_F10,hard_val_p95,0.0400200100050025,0.05357142857142857,0.9795501022494888,0.032803180914512925,0.09682284529819798,0.05055204404821546,-0.04627080124998253
fedavg,202,condition,pooled,cnn-ae,N15_M01_F10,fuzzy_warning_as_alarm_hi50,0.0400200100050025,0.05357142857142857,0.9795501022494888,0.032803180914512925,0.09682284529819798,0.05055204404821546,-0.04627080124998253
fedavg,202,condition,pooled,cnn-ae,N15_M01_F10,fuzzy_fault_only_hi75,0.013197969543147208,0.017857142857142856,0.9933537832310838,0.032803180914512925,0.09682284529819798,0.05055204404821546,-0.04627080124998253
fedavg,202,condition,client_specific,cnn-ae,N15_M07_F04,hard_val_p95,0.11073663938372653,0.10909090909090909,0.9412065439672802,0.05818000994530084,0.16535404576727922,0.10009102677267989,-0.06526301899459933
fedavg,202,condition,client_specific,cnn-ae,N15_M07_F04,fuzzy_warning_as_alarm_hi50,0.11073663938372653,0.10909090909090909,0.9412065439672802,0.05818000994530084,0.16535404576727922,0.10009102677267989,-0.06526301899459933
fedavg,202,condition,client_specific,cnn-ae,N15_M07_F04,fuzzy_fault_only_hi75,0.08500244259892525,0.07272727272727272,0.9555214723926381,0.05818000994530084,0.16535404576727922,0.10009102677267989,-0.06526301899459933
fedavg,202,condition,pooled,cnn-ae,N15_M07_F04,hard_val_p95,0.04006009013520281,0.01818181818181818,0.9795501022494888,0.033316757831924414,0.07912102916432485,0.05055204404821546,-0.028568985116109398
fedavg,202,condition,pooled,cnn-ae,N15_M07_F04,fuzzy_warning_as_alarm_hi50,0.04006009013520281,0.01818181818181818,0.9795501022494888,0.033316757831924414,0.07912102916432485,0.05055204404821546,-0.028568985116109398
fedavg,202,condition,pooled,cnn-ae,N15_M07_F04,fuzzy_fault_only_hi75,0.013204672422549517,0.0,0.9933537832310838,0.033316757831924414,0.07912102916432485,0.05055204404821546,-0.028568985116109398
fedavg,202,condition,client_specific,cnn-ae,N15_M07_F10,hard_val_p95,0.033182503770739065,0.0,0.9831288343558282,0.023868722028841372,0.11280286355447851,0.11023058601792009,-0.0025722775365584205
fedavg,202,condition,client_specific,cnn-ae,N15_M07_F10,fuzzy_warning_as_alarm_hi50,0.033182503770739065,0.0,0.9831288343558282,0.023868722028841372,0.11280286355447851,0.11023058601792009,-0.0025722775365584205
fedavg,202,condition,client_specific,cnn-ae,N15_M07_F10,fuzzy_fault_only_hi75,0.02723146747352496,0.0,0.9861963190184049,0.023868722028841372,0.11280286355447851,0.11023058601792009,-0.0025722775365584205
fedavg,202,condition,pooled,cnn-ae,N15_M07_F10,hard_val_p95,0.04008016032064128,0.0,0.9795501022494888,0.0313276976628543,0.05208064839109432,0.05055204404821546,-0.00152860434287886
fedavg,202,condition,pooled,cnn-ae,N15_M07_F10,fuzzy_warning_as_alarm_hi50,0.04008016032064128,0.0,0.9795501022494888,0.0313276976628543,0.05208064839109432,0.05055204404821546,-0.00152860434287886
fedavg,202,condition,pooled,cnn-ae,N15_M07_F10,fuzzy_fault_only_hi75,0.013204672422549517,0.0,0.9933537832310838,0.0313276976628543,0.05208064839109432,0.05055204404821546,-0.00152860434287886
fedavg-personalized,202,condition,client_specific,cnn-ae,N09_M07_F10,hard_val_p95,0.01720647773279352,0.05454545454545454,0.9913087934560327,0.011437095972153158,0.08882254402071899,0.021900026123131484,-0.0669225178975875
fedavg-personalized,202,condition,client_specific,cnn-ae,N09_M07_F10,fuzzy_warning_as_alarm_hi50,0.01720647773279352,0.05454545454545454,0.9913087934560327,0.011437095972153158,0.08882254402071899,0.021900026123131484,-0.0669225178975875
fedavg-personalized,202,condition,client_specific,cnn-ae,N09_M07_F10,fuzzy_fault_only_hi75,0.0050968399592252805,0.01818181818181818,0.9974437627811861,0.011437095972153158,0.08882254402071899,0.021900026123131484,-0.0669225178975875
fedavg-personalized,202,condition,client_specific,cnn-ae,N15_M01_F10,hard_val_p95,0.2747688243064729,0.05357142857142857,0.8404907975460123,0.11829025844930417,0.11019806299455237,0.2095055249881529,0.09930746199360052
fedavg-personalized,202,condition,client_specific,cnn-ae,N15_M01_F10,fuzzy_warning_as_alarm_hi50,0.2747688243064729,0.05357142857142857,0.8404907975460123,0.11829025844930417,0.11019806299455237,0.2095055249881529,0.09930746199360052
fedavg-personalized,202,condition,client_specific,cnn-ae,N15_M01_F10,fuzzy_fault_only_hi75,0.20778032036613273,0.03571428571428571,0.8839468302658486,0.11829025844930417,0.11019806299455237,0.2095055249881529,0.09930746199360052
fedavg-personalized,202,condition,client_specific,cnn-ae,N15_M07_F04,hard_val_p95,0.10072639225181598,0.09090909090909091,0.9468302658486708,0.047737444057682744,0.16286282262041082,0.10151840812017093,-0.06134441450023989
fedavg-personalized,202,condition,client_specific,cnn-ae,N15_M07_F04,fuzzy_warning_as_alarm_hi50,0.10072639225181598,0.09090909090909091,0.9468302658486708,0.047737444057682744,0.16286282262041082,0.10151840812017093,-0.06134441450023989
fedavg-personalized,202,condition,client_specific,cnn-ae,N15_M07_F04,fuzzy_fault_only_hi75,0.08869395711500974,0.09090909090909091,0.9534764826175869,0.047737444057682744,0.16286282262041082,0.10151840812017093,-0.06134441450023989
fedavg-personalized,202,condition,client_specific,cnn-ae,N15_M07_F10,hard_val_p95,0.13161659513590845,0.05454545454545454,0.9294478527607362,0.05320735952262556,0.14432495386706246,0.1610368727771756,0.016711918910113144
fedavg-personalized,202,condition,client_specific,cnn-ae,N15_M07_F10,fuzzy_warning_as_alarm_hi50,0.13161659513590845,0.05454545454545454,0.9294478527607362,0.05320735952262556,0.14432495386706246,0.1610368727771756,0.016711918910113144
fedavg-personalized,202,condition,client_specific,cnn-ae,N15_M07_F10,fuzzy_fault_only_hi75,0.08704156479217603,0.0,0.9544989775051125,0.05320735952262556,0.14432495386706246,0.1610368727771756,0.016711918910113144
fedprox,202,condition,client_specific,cnn-ae,N09_M07_F10,hard_val_p95,0.021222839818089943,0.03636363636363636,0.9892638036809815,0.0139234211834908,0.08644618425095528,0.04514570948015546,-0.04130047477079982
fedprox,202,condition,client_specific,cnn-ae,N09_M07_F10,fuzzy_warning_as_alarm_hi50,0.021222839818089943,0.03636363636363636,0.9892638036809815,0.0139234211834908,0.08644618425095528,0.04514570948015546,-0.04130047477079982
fedprox,202,condition,client_specific,cnn-ae,N09_M07_F10,fuzzy_fault_only_hi75,0.017215189873417722,0.03636363636363636,0.9913087934560327,0.0139234211834908,0.08644618425095528,0.04514570948015546,-0.04130047477079982
fedprox,202,condition,pooled,cnn-ae,N09_M07_F10,hard_val_p95,0.044932601098352475,0.03636363636363636,0.9769938650306749,0.034808552958727,0.10796282769479187,0.06980350730122921,-0.038159320393562665
fedprox,202,condition,pooled,cnn-ae,N09_M07_F10,fuzzy_warning_as_alarm_hi50,0.044932601098352475,0.03636363636363636,0.9769938650306749,0.034808552958727,0.10796282769479187,0.06980350730122921,-0.038159320393562665
fedprox,202,condition,pooled,cnn-ae,N09_M07_F10,fuzzy_fault_only_hi75,0.021222839818089943,0.03636363636363636,0.9892638036809815,0.034808552958727,0.10796282769479187,0.06980350730122921,-0.038159320393562665
fedprox,202,condition,client_specific,cnn-ae,N15_M01_F10,hard_val_p95,0.0688976377952756,0.10714285714285714,0.9642126789366053,0.04920477137176938,0.13551303712151314,0.0870317311109483,-0.04848130601056484
fedprox,202,condition,client_specific,cnn-ae,N15_M01_F10,fuzzy_warning_as_alarm_hi50,0.0688976377952756,0.10714285714285714,0.9642126789366053,0.04920477137176938,0.13551303712151314,0.0870317311109483,-0.04848130601056484
fedprox,202,condition,client_specific,cnn-ae,N15_M01_F10,fuzzy_fault_only_hi75,0.04488778054862843,0.07142857142857142,0.9769938650306749,0.04920477137176938,0.13551303712151314,0.0870317311109483,-0.04848130601056484
fedprox,202,condition,pooled,cnn-ae,N15_M01_F10,hard_val_p95,0.04488778054862843,0.07142857142857142,0.9769938650306749,0.037276341948310136,0.09669360282201109,0.06980350730122921,-0.02689009552078188
fedprox,202,condition,pooled,cnn-ae,N15_M01_F10,fuzzy_warning_as_alarm_hi50,0.04488778054862843,0.07142857142857142,0.9769938650306749,0.037276341948310136,0.09669360282201109,0.06980350730122921,-0.02689009552078188
fedprox,202,condition,pooled,cnn-ae,N15_M01_F10,fuzzy_fault_only_hi75,0.021244309559939303,0.0,0.9892638036809815,0.037276341948310136,0.09669360282201109,0.06980350730122921,-0.02689009552078188
fedprox,202,condition,client_specific,cnn-ae,N15_M07_F04,hard_val_p95,0.07283464566929133,0.03636363636363636,0.9621676891615542,0.05818000994530084,0.0917472632034586,0.0849077234358818,-0.006839539767576813
fedprox,202,condition,client_specific,cnn-ae,N15_M07_F04,fuzzy_warning_as_alarm_hi50,0.07283464566929133,0.03636363636363636,0.9621676891615542,0.05818000994530084,0.0917472632034586,0.0849077234358818,-0.006839539767576813
fedprox,202,condition,client_specific,cnn-ae,N15_M07_F04,fuzzy_fault_only_hi75,0.03120281831907398,0.0,0.9841513292433538,0.05818000994530084,0.0917472632034586,0.0849077234358818,-0.006839539767576813
fedprox,202,condition,pooled,cnn-ae,N15_M07_F04,hard_val_p95,0.044977511244377814,0.0,0.9769938650306749,0.035305818000994534,0.0710503719780297,0.06980350730122921,-0.001246864676800491
fedprox,202,condition,pooled,cnn-ae,N15_M07_F04,fuzzy_warning_as_alarm_hi50,0.044977511244377814,0.0,0.9769938650306749,0.035305818000994534,0.0710503719780297,0.06980350730122921,-0.001246864676800491
fedprox,202,condition,pooled,cnn-ae,N15_M07_F04,fuzzy_fault_only_hi75,0.021244309559939303,0.0,0.9892638036809815,0.035305818000994534,0.0710503719780297,0.06980350730122921,-0.001246864676800491
fedprox,202,condition,client_specific,cnn-ae,N15_M07_F10,hard_val_p95,0.062376237623762376,0.01818181818181818,0.9677914110429447,0.030830432620586774,0.059956791909753594,0.07547315329633304,0.015516361386579448
fedprox,202,condition,client_specific,cnn-ae,N15_M07_F10,fuzzy_warning_as_alarm_hi50,0.062376237623762376,0.01818181818181818,0.9677914110429447,0.030830432620586774,0.059956791909753594,0.07547315329633304,0.015516361386579448
fedprox,202,condition,client_specific,cnn-ae,N15_M07_F10,fuzzy_fault_only_hi75,0.033165829145728645,0.01818181818181818,0.9831288343558282,0.030830432620586774,0.059956791909753594,0.07547315329633304,0.015516361386579448
fedprox,202,condition,pooled,cnn-ae,N15_M07_F10,hard_val_p95,0.04495504495504495,0.01818181818181818,0.9769938650306749,0.034311287916459474,0.05631205622099417,0.06980350730122921,0.013491451080235042
fedprox,202,condition,pooled,cnn-ae,N15_M07_F10,fuzzy_warning_as_alarm_hi50,0.04495504495504495,0.01818181818181818,0.9769938650306749,0.034311287916459474,0.05631205622099417,0.06980350730122921,0.013491451080235042
fedprox,202,condition,pooled,cnn-ae,N15_M07_F10,fuzzy_fault_only_hi75,0.021244309559939303,0.0,0.9892638036809815,0.034311287916459474,0.05631205622099417,0.06980350730122921,0.013491451080235042
fedprox,202,condition,client_specific,cnn-ae,N09_M07_F10,hard_val_p95,0.09727626459143969,0.0,0.9488752556237219,0.05022376926902039,0.05746050518445193,0.0907381530893949,0.03327764790494297
fedprox,202,condition,client_specific,cnn-ae,N09_M07_F10,fuzzy_warning_as_alarm_hi50,0.09727626459143969,0.0,0.9488752556237219,0.05022376926902039,0.05746050518445193,0.0907381530893949,0.03327764790494297
fedprox,202,condition,client_specific,cnn-ae,N09_M07_F10,fuzzy_fault_only_hi75,0.03120281831907398,0.0,0.9841513292433538,0.05022376926902039,0.05746050518445193,0.0907381530893949,0.03327764790494297
fedprox,202,condition,pooled,cnn-ae,N09_M07_F10,hard_val_p95,0.10004856726566294,0.0,0.9473415132924335,0.06514172053704624,0.06607530923504926,0.10422497762742583,0.03814966839237657
fedprox,202,condition,pooled,cnn-ae,N09_M07_F10,fuzzy_warning_as_alarm_hi50,0.10004856726566294,0.0,0.9473415132924335,0.06514172053704624,0.06607530923504926,0.10422497762742583,0.03814966839237657
fedprox,202,condition,pooled,cnn-ae,N09_M07_F10,fuzzy_fault_only_hi75,0.042042042042042045,0.0,0.9785276073619632,0.06514172053704624,0.06607530923504926,0.10422497762742583,0.03814966839237657
fedprox,202,condition,client_specific,cnn-ae,N15_M01_F10,hard_val_p95,0.1237410071942446,0.0,0.9340490797546013,0.03230616302186879,0.05414020490917477,0.10754010815477426,0.05339990324559949
fedprox,202,condition,client_specific,cnn-ae,N15_M01_F10,fuzzy_warning_as_alarm_hi50,0.1237410071942446,0.0,0.9340490797546013,0.03230616302186879,0.05414020490917477,0.10754010815477426,0.05339990324559949
fedprox,202,condition,client_specific,cnn-ae,N15_M01_F10,fuzzy_fault_only_hi75,0.08704156479217603,0.0,0.9544989775051125,0.03230616302186879,0.05414020490917477,0.10754010815477426,0.05339990324559949
fedprox,202,condition,pooled,cnn-ae,N15_M01_F10,hard_val_p95,0.10004856726566294,0.0,0.9473415132924335,0.06610337972166998,0.06303797542237778,0.10422497762742583,0.04118700220504805
fedprox,202,condition,pooled,cnn-ae,N15_M01_F10,fuzzy_warning_as_alarm_hi50,0.10004856726566294,0.0,0.9473415132924335,0.06610337972166998,0.06303797542237778,0.10422497762742583,0.04118700220504805
fedprox,202,condition,pooled,cnn-ae,N15_M01_F10,fuzzy_fault_only_hi75,0.042042042042042045,0.0,0.9785276073619632,0.06610337972166998,0.06303797542237778,0.10422497762742583,0.04118700220504805
fedprox,202,condition,client_specific,cnn-ae,N15_M07_F04,hard_val_p95,0.19113573407202217,0.05454545454545454,0.8941717791411042,0.0765788165091994,0.14170404859550675,0.16604059191968237,0.02433654332417562
fedprox,202,condition,client_specific,cnn-ae,N15_M07_F04,fuzzy_warning_as_alarm_hi50,0.19113573407202217,0.05454545454545454,0.8941717791411042,0.0765788165091994,0.14170404859550675,0.16604059191968237,0.02433654332417562
fedprox,202,condition,client_specific,cnn-ae,N15_M07_F04,fuzzy_fault_only_hi75,0.12625538020086083,0.05454545454545454,0.9325153374233128,0.0765788165091994,0.14170404859550675,0.16604059191968237,0.02433654332417562
fedprox,202,condition,pooled,cnn-ae,N15_M07_F04,hard_val_p95,0.1,0.01818181818181818,0.9473415132924335,0.06613625062158131,0.08816627348771415,0.10422497762742583,0.01605870413971168
fedprox,202,condition,pooled,cnn-ae,N15_M07_F04,fuzzy_warning_as_alarm_hi50,0.1,0.01818181818181818,0.9473415132924335,0.06613625062158131,0.08816627348771415,0.10422497762742583,0.01605870413971168
fedprox,202,condition,pooled,cnn-ae,N15_M07_F04,fuzzy_fault_only_hi75,0.04202101050525263,0.01818181818181818,0.9785276073619632,0.06613625062158131,0.08816627348771415,0.10422497762742583,0.01605870413971168
fedprox,202,condition,client_specific,cnn-ae,N15_M07_F10,hard_val_p95,0.058560794044665014,0.0,0.9698364008179959,0.06812531079065141,0.05194839759774305,0.09274273759028094,0.04079433999253789
fedprox,202,condition,client_specific,cnn-ae,N15_M07_F10,fuzzy_warning_as_alarm_hi50,0.058560794044665014,0.0,0.9698364008179959,0.06812531079065141,0.05194839759774305,0.09274273759028094,0.04079433999253789
fedprox,202,condition,client_specific,cnn-ae,N15_M07_F10,fuzzy_fault_only_hi75,0.03120281831907398,0.0,0.9841513292433538,0.06812531079065141,0.05194839759774305,0.09274273759028094,0.04079433999253789
fedprox,202,condition,pooled,cnn-ae,N15_M07_F10,hard_val_p95,0.1,0.01818181818181818,0.9473415132924335,0.06563898557931377,0.057192262361293315,0.10422497762742583,0.047032715266132515
fedprox,202,condition,pooled,cnn-ae,N15_M07_F10,fuzzy_warning_as_alarm_hi50,0.1,0.01818181818181818,0.9473415132924335,0.06563898557931377,0.057192262361293315,0.10422497762742583,0.047032715266132515
fedprox,202,condition,pooled,cnn-ae,N15_M07_F10,fuzzy_fault_only_hi75,0.042042042042042045,0.0,0.9785276073619632,0.06563898557931377,0.057192262361293315,0.10422497762742583,0.047032715266132515
fedprox,202,condition,client_specific,cnn-ae,N09_M07_F10,hard_val_p95,0.12810707456978968,0.03636363636363636,0.9314928425357873,0.07707608155146693,0.0776054338000258,0.12438514765081198,0.04677971385078618
fedprox,202,condition,client_specific,cnn-ae,N09_M07_F10,fuzzy_warning_as_alarm_hi50,0.12810707456978968,0.03636363636363636,0.9314928425357873,0.07707608155146693,0.0776054338000258,0.12438514765081198,0.04677971385078618
fedprox,202,condition,client_specific,cnn-ae,N09_M07_F10,fuzzy_fault_only_hi75,0.08797653958944282,0.0,0.9539877300613497,0.07707608155146693,0.0776054338000258,0.12438514765081198,0.04677971385078618
fedprox,202,condition,pooled,cnn-ae,N09_M07_F10,hard_val_p95,0.16736792893875643,0.07272727272727272,0.9084867075664622,0.08105420188960716,0.10005455206927463,0.1436840330685919,0.043629480999317266
fedprox,202,condition,pooled,cnn-ae,N09_M07_F10,fuzzy_warning_as_alarm_hi50,0.16736792893875643,0.07272727272727272,0.9084867075664622,0.08105420188960716,0.10005455206927463,0.1436840330685919,0.043629480999317266
fedprox,202,condition,pooled,cnn-ae,N09_M07_F10,fuzzy_fault_only_hi75,0.09263773768893223,0.0,0.9514314928425358,0.08105420188960716,0.10005455206927463,0.1436840330685919,0.043629480999317266
fedprox,202,condition,client_specific,cnn-ae,N15_M01_F10,hard_val_p95,0.1877890841813136,0.05357142857142857,0.8962167689161554,0.06312127236580517,0.10083798249837558,0.15598300943920393,0.055145026940828346
fedprox,202,condition,client_specific,cnn-ae,N15_M01_F10,fuzzy_warning_as_alarm_hi50,0.1877890841813136,0.05357142857142857,0.8962167689161554,0.06312127236580517,0.10083798249837558,0.15598300943920393,0.055145026940828346
fedprox,202,condition,client_specific,cnn-ae,N15_M01_F10,fuzzy_fault_only_hi75,0.12631578947368421,0.03571428571428571,0.9325153374233128,0.06312127236580517,0.10083798249837558,0.15598300943920393,0.055145026940828346
fedprox,202,condition,pooled,cnn-ae,N15_M01_F10,hard_val_p95,0.16752456715021058,0.03571428571428571,0.9084867075664622,0.08001988071570576,0.09208433952874469,0.1436840330685919,0.05159969353984721
fedprox,202,condition,pooled,cnn-ae,N15_M01_F10,fuzzy_warning_as_alarm_hi50,0.16752456715021058,0.03571428571428571,0.9084867075664622,0.08001988071570576,0.09208433952874469,0.1436840330685919,0.05159969353984721
fedprox,202,condition,pooled,cnn-ae,N15_M01_F10,fuzzy_fault_only_hi75,0.09263773768893223,0.0,0.9514314928425358,0.08001988071570576,0.09208433952874469,0.1436840330685919,0.05159969353984721
fedprox,202,condition,client_specific,cnn-ae,N15_M07_F04,hard_val_p95,0.2567747667703243,0.10909090909090909,0.8522494887525562,0.08652411735454997,0.16788255469590263,0.21140351453225661,0.043520959836353984
fedprox,202,condition,client_specific,cnn-ae,N15_M07_F04,fuzzy_warning_as_alarm_hi50,0.2567747667703243,0.10909090909090909,0.8522494887525562,0.08652411735454997,0.16788255469590263,0.21140351453225661,0.043520959836353984
fedprox,202,condition,client_specific,cnn-ae,N15_M07_F04,fuzzy_fault_only_hi75,0.19271553711387737,0.07272727272727272,0.8931492842535788,0.08652411735454997,0.16788255469590263,0.21140351453225661,0.043520959836353984
fedprox,202,condition,pooled,cnn-ae,N15_M07_F04,hard_val_p95,0.16736792893875643,0.07272727272727272,0.9084867075664622,0.07906514172053705,0.11950960661692447,0.1436840330685919,0.024174426451667425
fedprox,202,condition,pooled,cnn-ae,N15_M07_F04,fuzzy_warning_as_alarm_hi50,0.16736792893875643,0.07272727272727272,0.9084867075664622,0.07906514172053705,0.11950960661692447,0.1436840330685919,0.024174426451667425
fedprox,202,condition,pooled,cnn-ae,N15_M07_F04,fuzzy_fault_only_hi75,0.09250243427458617,0.05454545454545454,0.9514314928425358,0.07906514172053705,0.11950960661692447,0.1436840330685919,0.024174426451667425
fedprox,202,condition,client_specific,cnn-ae,N15_M07_F10,hard_val_p95,0.16985534297713487,0.09090909090909091,0.9069529652351738,0.06812531079065141,0.12216428641015735,0.13472017162728456,0.012555885217127208
fedprox,202,condition,client_specific,cnn-ae,N15_M07_F10,fuzzy_warning_as_alarm_hi50,0.16985534297713487,0.09090909090909091,0.9069529652351738,0.06812531079065141,0.12216428641015735,0.13472017162728456,0.012555885217127208
fedprox,202,condition,client_specific,cnn-ae,N15_M07_F10,fuzzy_fault_only_hi75,0.08610567514677103,0.0,0.9550102249488752,0.06812531079065141,0.12216428641015735,0.13472017162728456,0.012555885217127208
fedprox,202,condition,pooled,cnn-ae,N15_M07_F10,hard_val_p95,0.16728971962616823,0.09090909090909091,0.9084867075664622,0.08304326205867728,0.13095889819659498,0.1436840330685919,0.012725134871996918
fedprox,202,condition,pooled,cnn-ae,N15_M07_F10,fuzzy_warning_as_alarm_hi50,0.16728971962616823,0.09090909090909091,0.9084867075664622,0.08304326205867728,0.13095889819659498,0.1436840330685919,0.012725134871996918
fedprox,202,condition,pooled,cnn-ae,N15_M07_F10,fuzzy_fault_only_hi75,0.09263773768893223,0.0,0.9514314928425358,0.08304326205867728,0.13095889819659498,0.1436840330685919,0.012725134871996918
fedprox,202,condition,client_specific,cnn-ae,N09_M07_F10,hard_val_p95,0.06234537357743691,0.03636363636363636,0.9677914110429447,0.05718547986076579,0.075812643689178,0.09282978694811837,0.017017143258940368
fedprox,202,condition,client_specific,cnn-ae,N09_M07_F10,fuzzy_warning_as_alarm_hi50,0.06234537357743691,0.03636363636363636,0.9677914110429447,0.05718547986076579,0.075812643689178,0.09282978694811837,0.017017143258940368
fedprox,202,condition,client_specific,cnn-ae,N09_M07_F10,fuzzy_fault_only_hi75,0.04104104104104104,0.01818181818181818,0.9790388548057259,0.05718547986076579,0.075812643689178,0.09282978694811837,0.017017143258940368
fedprox,202,condition,pooled,cnn-ae,N09_M07_F10,hard_val_p95,0.1368171021377672,0.09090909090909091,0.9263803680981595,0.08652411735454997,0.12694179598302982,0.13973415618359894,0.01279236020056912
fedprox,202,condition,pooled,cnn-ae,N09_M07_F10,fuzzy_warning_as_alarm_hi50,0.1368171021377672,0.09090909090909091,0.9263803680981595,0.08652411735454997,0.12694179598302982,0.13973415618359894,0.01279236020056912
fedprox,202,condition,pooled,cnn-ae,N09_M07_F10,fuzzy_fault_only_hi75,0.0784698381559588,0.05454545454545454,0.9591002044989775,0.08652411735454997,0.12694179598302982,0.13973415618359894,0.01279236020056912
fedprox,202,condition,client_specific,cnn-ae,N15_M01_F10,hard_val_p95,0.14839319470699433,0.05357142857142857,0.9197341513292433,0.07504970178926441,0.10489614256080786,0.1466367112243704,0.04174056866356253
fedprox,202,condition,client_specific,cnn-ae,N15_M01_F10,fuzzy_warning_as_alarm_hi50,0.14839319470699433,0.05357142857142857,0.9197341513292433,0.07504970178926441,0.10489614256080786,0.1466367112243704,0.04174056866356253
fedprox,202,condition,client_specific,cnn-ae,N15_M01_F10,fuzzy_fault_only_hi75,0.08984375,0.0,0.9529652351738241,0.07504970178926441,0.10489614256080786,0.1466367112243704,0.04174056866356253
fedprox,202,condition,pooled,cnn-ae,N15_M01_F10,hard_val_p95,0.1369472182596291,0.05357142857142857,0.9263803680981595,0.08648111332007952,0.09857845896729271,0.13973415618359894,0.04115569721630623
fedprox,202,condition,pooled,cnn-ae,N15_M01_F10,fuzzy_warning_as_alarm_hi50,0.1369472182596291,0.05357142857142857,0.9263803680981595,0.08648111332007952,0.09857845896729271,0.13973415618359894,0.04115569721630623
fedprox,202,condition,pooled,cnn-ae,N15_M01_F10,fuzzy_fault_only_hi75,0.07858546168958742,0.0,0.9591002044989775,0.08648111332007952,0.09857845896729271,0.13973415618359894,0.04115569721630623
fedprox,202,condition,client_specific,cnn-ae,N15_M07_F04,hard_val_p95,0.22913847541723048,0.12727272727272726,0.8701431492842536,0.1253107906514172,0.18302623952251196,0.19959016657350542,0.016563927050993466
fedprox,202,condition,client_specific,cnn-ae,N15_M07_F04,fuzzy_warning_as_alarm_hi50,0.22913847541723048,0.12727272727272726,0.8701431492842536,0.1253107906514172,0.18302623952251196,0.19959016657350542,0.016563927050993466
fedprox,202,condition,client_specific,cnn-ae,N15_M07_F04,fuzzy_fault_only_hi75,0.17156177156177158,0.09090909090909091,0.9059304703476483,0.1253107906514172,0.18302623952251196,0.19959016657350542,0.016563927050993466
fedprox,202,condition,pooled,cnn-ae,N15_M07_F04,hard_val_p95,0.1369472182596291,0.05454545454545454,0.9263803680981595,0.08801591248135256,0.1258994359088979,0.13973415618359894,0.013834720274701034
fedprox,202,condition,pooled,cnn-ae,N15_M07_F04,fuzzy_warning_as_alarm_hi50,0.1369472182596291,0.05454545454545454,0.9263803680981595,0.08801591248135256,0.1258994359088979,0.13973415618359894,0.013834720274701034
fedprox,202,condition,pooled,cnn-ae,N15_M07_F04,fuzzy_fault_only_hi75,0.07854688267059401,0.01818181818181818,0.9591002044989775,0.08801591248135256,0.1258994359088979,0.13973415618359894,0.013834720274701034
fedprox,202,condition,client_specific,cnn-ae,N15_M07_F10,hard_val_p95,0.16931711880261927,0.01818181818181818,0.9074642126789366,0.07260069617105917,0.09690518788415485,0.15961582554965173,0.06271063766549688
fedprox,202,condition,client_specific,cnn-ae,N15_M07_F10,fuzzy_warning_as_alarm_hi50,0.16931711880261927,0.01818181818181818,0.9074642126789366,0.07260069617105917,0.09690518788415485,0.15961582554965173,0.06271063766549688
fedprox,202,condition,client_specific,cnn-ae,N15_M07_F10,fuzzy_fault_only_hi75,0.12458073790129372,0.01818181818181818,0.9335378323108384,0.07260069617105917,0.09690518788415485,0.15961582554965173,0.06271063766549688
fedprox,202,condition,pooled,cnn-ae,N15_M07_F10,hard_val_p95,0.13707758210376011,0.01818181818181818,0.9263803680981595,0.08602685231228245,0.08691434606602877,0.13973415618359894,0.05281981011757017
fedprox,202,condition,pooled,cnn-ae,N15_M07_F10,fuzzy_warning_as_alarm_hi50,0.13707758210376011,0.01818181818181818,0.9263803680981595,0.08602685231228245,0.08691434606602877,0.13973415618359894,0.05281981011757017
fedprox,202,condition,pooled,cnn-ae,N15_M07_F10,fuzzy_fault_only_hi75,0.07858546168958742,0.0,0.9591002044989775,0.08602685231228245,0.08691434606602877,0.13973415618359894,0.05281981011757017
fedprox,202,condition,client_specific,cnn-ae,N09_M07_F10,hard_val_p95,0.08882381649585164,0.03636363636363636,0.9534764826175869,0.052212829438090504,0.057608553751579035,0.07903809386193175,0.021429540110352717
fedprox,202,condition,client_specific,cnn-ae,N09_M07_F10,fuzzy_warning_as_alarm_hi50,0.08882381649585164,0.03636363636363636,0.9534764826175869,0.052212829438090504,0.057608553751579035,0.07903809386193175,0.021429540110352717
fedprox,202,condition,client_specific,cnn-ae,N09_M07_F10,fuzzy_fault_only_hi75,0.03614457831325301,0.0,0.9815950920245399,0.052212829438090504,0.057608553751579035,0.07903809386193175,0.021429540110352717
fedprox,202,condition,pooled,cnn-ae,N09_M07_F10,hard_val_p95,0.14488636363636365,0.05454545454545454,0.9217791411042945,0.07061163600198907,0.11599379143059513,0.13691763792750267,0.02092384649690754
fedprox,202,condition,pooled,cnn-ae,N09_M07_F10,fuzzy_warning_as_alarm_hi50,0.14488636363636365,0.05454545454545454,0.9217791411042945,0.07061163600198907,0.11599379143059513,0.13691763792750267,0.02092384649690754
fedprox,202,condition,pooled,cnn-ae,N09_M07_F10,fuzzy_fault_only_hi75,0.09161793372319688,0.03636363636363636,0.9519427402862985,0.07061163600198907,0.11599379143059513,0.13691763792750267,0.02092384649690754
fedprox,202,condition,client_specific,cnn-ae,N15_M01_F10,hard_val_p95,0.23809523809523808,0.08928571428571429,0.864519427402863,0.06908548707753479,0.16282811726044497,0.19913788285319506,0.03630976559275009
fedprox,202,condition,client_specific,cnn-ae,N15_M01_F10,fuzzy_warning_as_alarm_hi50,0.23809523809523808,0.08928571428571429,0.864519427402863,0.06908548707753479,0.16282811726044497,0.19913788285319506,0.03630976559275009
fedprox,202,condition,client_specific,cnn-ae,N15_M01_F10,fuzzy_fault_only_hi75,0.19521178637200737,0.07142857142857142,0.8916155419222904,0.06908548707753479,0.16282811726044497,0.19913788285319506,0.03630976559275009
fedprox,202,condition,pooled,cnn-ae,N15_M01_F10,hard_val_p95,0.14488636363636365,0.05357142857142857,0.9217791411042945,0.0720675944333996,0.1067523262731359,0.13691763792750267,0.03016531165436677
fedprox,202,condition,pooled,cnn-ae,N15_M01_F10,fuzzy_warning_as_alarm_hi50,0.14488636363636365,0.05357142857142857,0.9217791411042945,0.0720675944333996,0.1067523262731359,0.13691763792750267,0.03016531165436677
fedprox,202,condition,pooled,cnn-ae,N15_M01_F10,fuzzy_fault_only_hi75,0.0916626036079961,0.017857142857142856,0.9519427402862985,0.0720675944333996,0.1067523262731359,0.13691763792750267,0.03016531165436677
fedprox,202,condition,client_specific,cnn-ae,N15_M07_F04,hard_val_p95,0.20110192837465565,0.05454545454545454,0.8880368098159509,0.06464445549477872,0.14644652541608774,0.17622185339433838,0.029775327978250637
fedprox,202,condition,client_specific,cnn-ae,N15_M07_F04,fuzzy_warning_as_alarm_hi50,0.20110192837465565,0.05454545454545454,0.8880368098159509,0.06464445549477872,0.14644652541608774,0.17622185339433838,0.029775327978250637
fedprox,202,condition,client_specific,cnn-ae,N15_M07_F04,fuzzy_fault_only_hi75,0.1648711943793911,0.05454545454545454,0.9100204498977505,0.06464445549477872,0.14644652541608774,0.17622185339433838,0.029775327978250637
fedprox,202,condition,pooled,cnn-ae,N15_M07_F04,hard_val_p95,0.14488636363636365,0.05454545454545454,0.9217791411042945,0.07110890104425659,0.11665773032315674,0.13691763792750267,0.020259907604345928
fedprox,202,condition,pooled,cnn-ae,N15_M07_F04,fuzzy_warning_as_alarm_hi50,0.14488636363636365,0.05454545454545454,0.9217791411042945,0.07110890104425659,0.11665773032315674,0.13691763792750267,0.020259907604345928
fedprox,202,condition,pooled,cnn-ae,N15_M07_F04,fuzzy_fault_only_hi75,0.0916626036079961,0.01818181818181818,0.9519427402862985,0.07110890104425659,0.11665773032315674,0.13691763792750267,0.020259907604345928
fedprox,202,condition,client_specific,cnn-ae,N15_M07_F10,hard_val_p95,0.12278177458033573,0.01818181818181818,0.934560327198364,0.07508702138239681,0.08568724789528978,0.13710266718906763,0.05141541929377785
fedprox,202,condition,client_specific,cnn-ae,N15_M07_F10,fuzzy_warning_as_alarm_hi50,0.12278177458033573,0.01818181818181818,0.934560327198364,0.07508702138239681,0.08568724789528978,0.13710266718906763,0.05141541929377785
fedprox,202,condition,client_specific,cnn-ae,N15_M07_F10,fuzzy_fault_only_hi75,0.0888671875,0.01818181818181818,0.9534764826175869,0.07508702138239681,0.08568724789528978,0.13710266718906763,0.05141541929377785
fedprox,202,condition,pooled,cnn-ae,N15_M07_F10,hard_val_p95,0.14495499763145428,0.03636363636363636,0.9217791411042945,0.07110890104425659,0.08401613946747963,0.13691763792750267,0.05290149846002304
fedprox,202,condition,pooled,cnn-ae,N15_M07_F10,fuzzy_warning_as_alarm_hi50,0.14495499763145428,0.03636363636363636,0.9217791411042945,0.07110890104425659,0.08401613946747963,0.13691763792750267,0.05290149846002304
fedprox,202,condition,pooled,cnn-ae,N15_M07_F10,fuzzy_fault_only_hi75,0.0916626036079961,0.01818181818181818,0.9519427402862985,0.07110890104425659,0.08401613946747963,0.13691763792750267,0.05290149846002304
fedprox,202,condition,client_specific,cnn-ae,N09_M07_F10,hard_val_p95,0.044977511244377814,0.0,0.9769938650306749,0.02834410740924913,0.04353710970777637,0.05831141698689588,0.014774307279119513
fedprox,202,condition,client_specific,cnn-ae,N09_M07_F10,fuzzy_warning_as_alarm_hi50,0.044977511244377814,0.0,0.9769938650306749,0.02834410740924913,0.04353710970777637,0.05831141698689588,0.014774307279119513
fedprox,202,condition,client_specific,cnn-ae,N09_M07_F10,fuzzy_fault_only_hi75,0.028225806451612902,0.0,0.9856850715746421,0.02834410740924913,0.04353710970777637,0.05831141698689588,0.014774307279119513
fedprox,202,condition,pooled,cnn-ae,N09_M07_F10,hard_val_p95,0.0842311459353575,0.0,0.9560327198364008,0.04226752859273993,0.08561086563413026,0.10264645530893214,0.017035589674801885
fedprox,202,condition,pooled,cnn-ae,N09_M07_F10,fuzzy_warning_as_alarm_hi50,0.0842311459353575,0.0,0.9560327198364008,0.04226752859273993,0.08561086563413026,0.10264645530893214,0.017035589674801885
fedprox,202,condition,pooled,cnn-ae,N09_M07_F10,fuzzy_fault_only_hi75,0.049850448654037885,0.0,0.9744376278118609,0.04226752859273993,0.08561086563413026,0.10264645530893214,0.017035589674801885
fedprox,202,condition,client_specific,cnn-ae,N15_M01_F10,hard_val_p95,0.19244935543278086,0.125,0.8931492842535788,0.09741550695825049,0.17948040117487782,0.17677901971497215,-0.002701381459905672
fedprox,202,condition,client_specific,cnn-ae,N15_M01_F10,fuzzy_warning_as_alarm_hi50,0.19244935543278086,0.125,0.8931492842535788,0.09741550695825049,0.17948040117487782,0.17677901971497215,-0.002701381459905672
fedprox,202,condition,client_specific,cnn-ae,N15_M01_F10,fuzzy_fault_only_hi75,0.1350451735615787,0.08928571428571429,0.9274028629856851,0.09741550695825049,0.17948040117487782,0.17677901971497215,-0.002701381459905672
fedprox,202,condition,pooled,cnn-ae,N15_M01_F10,hard_val_p95,0.08410757946210269,0.05357142857142857,0.9560327198364008,0.04224652087475149,0.10922107908228854,0.10264645530893214,-0.0065746237733563945
fedprox,202,condition,pooled,cnn-ae,N15_M01_F10,fuzzy_warning_as_alarm_hi50,0.08410757946210269,0.05357142857142857,0.9560327198364008,0.04224652087475149,0.10922107908228854,0.10264645530893214,-0.0065746237733563945
fedprox,202,condition,pooled,cnn-ae,N15_M01_F10,fuzzy_fault_only_hi75,0.049800796812749,0.03571428571428571,0.9744376278118609,0.04224652087475149,0.10922107908228854,0.10264645530893214,-0.0065746237733563945
fedprox,202,condition,client_specific,cnn-ae,N15_M07_F04,hard_val_p95,0.12619502868068833,0.07272727272727272,0.9325153374233128,0.05370462456489309,0.14163112893869712,0.12485521291225089,-0.016775916026446222
fedprox,202,condition,client_specific,cnn-ae,N15_M07_F04,fuzzy_warning_as_alarm_hi50,0.12619502868068833,0.07272727272727272,0.9325153374233128,0.05370462456489309,0.14163112893869712,0.12485521291225089,-0.016775916026446222
fedprox,202,condition,client_specific,cnn-ae,N15_M07_F04,fuzzy_fault_only_hi75,0.0784313725490196,0.07272727272727272,0.9591002044989775,0.05370462456489309,0.14163112893869712,0.12485521291225089,-0.016775916026446222
fedprox,202,condition,pooled,cnn-ae,N15_M07_F04,hard_val_p95,0.08406647116324535,0.07272727272727272,0.9560327198364008,0.0417702635504724,0.11658231874783977,0.10264645530893214,-0.013935863438907625
fedprox,202,condition,pooled,cnn-ae,N15_M07_F04,fuzzy_warning_as_alarm_hi50,0.08406647116324535,0.07272727272727272,0.9560327198364008,0.0417702635504724,0.11658231874783977,0.10264645530893214,-0.013935863438907625
fedprox,202,condition,pooled,cnn-ae,N15_M07_F04,fuzzy_fault_only_hi75,0.049800796812749,0.03636363636363636,0.9744376278118609,0.0417702635504724,0.11658231874783977,0.10264645530893214,-0.013935863438907625
fedprox,202,condition,client_specific,cnn-ae,N15_M07_F10,hard_val_p95,0.0775269872423945,0.05454545454545454,0.9596114519427403,0.03281949278965689,0.12496099400758326,0.11851861738618677,-0.0064423766213964895
fedprox,202,condition,client_specific,cnn-ae,N15_M07_F10,fuzzy_warning_as_alarm_hi50,0.0775269872423945,0.05454545454545454,0.9596114519427403,0.03281949278965689,0.12496099400758326,0.11851861738618677,-0.0064423766213964895
fedprox,202,condition,client_specific,cnn-ae,N15_M07_F10,fuzzy_fault_only_hi75,0.055583126550868486,0.05454545454545454,0.9713701431492843,0.03281949278965689,0.12496099400758326,0.11851861738618677,-0.0064423766213964895
fedprox,202,condition,pooled,cnn-ae,N15_M07_F10,hard_val_p95,0.08406647116324535,0.07272727272727272,0.9560327198364008,0.04127299850820487,0.1096513552696203,0.10264645530893214,-0.007004899960688163
fedprox,202,condition,pooled,cnn-ae,N15_M07_F10,fuzzy_warning_as_alarm_hi50,0.08406647116324535,0.07272727272727272,0.9560327198364008,0.04127299850820487,0.1096513552696203,0.10264645530893214,-0.007004899960688163
fedprox,202,condition,pooled,cnn-ae,N15_M07_F10,fuzzy_fault_only_hi75,0.049776007964161276,0.05454545454545454,0.9744376278118609,0.04127299850820487,0.1096513552696203,0.10264645530893214,-0.007004899960688163
fedprox,202,condition,client_specific,cnn-ae,N09_M07_F10,hard_val_p95,0.049850448654037885,0.0,0.9744376278118609,0.02486325211337643,0.034681464860817815,0.0398370947295383,0.005155629868720486
fedprox,202,condition,client_specific,cnn-ae,N09_M07_F10,fuzzy_warning_as_alarm_hi50,0.049850448654037885,0.0,0.9744376278118609,0.02486325211337643,0.034681464860817815,0.0398370947295383,0.005155629868720486
fedprox,202,condition,client_specific,cnn-ae,N09_M07_F10,fuzzy_fault_only_hi75,0.02523977788995457,0.0,0.9872188139059305,0.02486325211337643,0.034681464860817815,0.0398370947295383,0.005155629868720486
fedprox,202,condition,pooled,cnn-ae,N09_M07_F10,hard_val_p95,0.07378258730939498,0.03636363636363636,0.9616564417177914,0.047737444057682744,0.12599735122129796,0.08072336988527326,-0.0452739813360247
fedprox,202,condition,pooled,cnn-ae,N09_M07_F10,fuzzy_warning_as_alarm_hi50,0.07378258730939498,0.03636363636363636,0.9616564417177914,0.047737444057682744,0.12599735122129796,0.08072336988527326,-0.0452739813360247
fedprox,202,condition,pooled,cnn-ae,N09_M07_F10,fuzzy_fault_only_hi75,0.041061592388582875,0.0,0.9790388548057259,0.047737444057682744,0.12599735122129796,0.08072336988527326,-0.0452739813360247
fedprox,202,condition,client_specific,cnn-ae,N15_M01_F10,hard_val_p95,0.16728971962616823,0.08928571428571429,0.9084867075664622,0.07852882703777336,0.12383716142721575,0.12907169701379498,0.005234535586579228
fedprox,202,condition,client_specific,cnn-ae,N15_M01_F10,fuzzy_warning_as_alarm_hi50,0.16728971962616823,0.08928571428571429,0.9084867075664622,0.07852882703777336,0.12383716142721575,0.12907169701379498,0.005234535586579228
fedprox,202,condition,client_specific,cnn-ae,N15_M01_F10,fuzzy_fault_only_hi75,0.10082404265632573,0.05357142857142857,0.9468302658486708,0.07852882703777336,0.12383716142721575,0.12907169701379498,0.005234535586579228
fedprox,202,condition,pooled,cnn-ae,N15_M01_F10,hard_val_p95,0.07378258730939498,0.03571428571428571,0.9616564417177914,0.04671968190854871,0.07857004894102361,0.08072336988527326,0.002153320944249651
fedprox,202,condition,pooled,cnn-ae,N15_M01_F10,fuzzy_warning_as_alarm_hi50,0.07378258730939498,0.03571428571428571,0.9616564417177914,0.04671968190854871,0.07857004894102361,0.08072336988527326,0.002153320944249651
fedprox,202,condition,pooled,cnn-ae,N15_M01_F10,fuzzy_fault_only_hi75,0.04104104104104104,0.017857142857142856,0.9790388548057259,0.04671968190854871,0.07857004894102361,0.08072336988527326,0.002153320944249651
fedprox,202,condition,client_specific,cnn-ae,N15_M07_F04,hard_val_p95,0.06620553359683795,0.01818181818181818,0.9657464212678937,0.030333167578319244,0.09997281019602319,0.08791630155774578,-0.01205650863827741
fedprox,202,condition,client_specific,cnn-ae,N15_M07_F04,fuzzy_warning_as_alarm_hi50,0.06620553359683795,0.01818181818181818,0.9657464212678937,0.030333167578319244,0.09997281019602319,0.08791630155774578,-0.01205650863827741
fedprox,202,condition,client_specific,cnn-ae,N15_M07_F04,fuzzy_fault_only_hi75,0.051767048282727726,0.01818181818181818,0.9734151329243353,0.030333167578319244,0.09997281019602319,0.08791630155774578,-0.01205650863827741
fedprox,202,condition,pooled,cnn-ae,N15_M07_F04,hard_val_p95,0.07381889763779527,0.01818181818181818,0.9616564417177914,0.046742913973147684,0.08884239802152528,0.08072336988527326,-0.008119028136252024
fedprox,202,condition,pooled,cnn-ae,N15_M07_F04,fuzzy_warning_as_alarm_hi50,0.07381889763779527,0.01818181818181818,0.9616564417177914,0.046742913973147684,0.08884239802152528,0.08072336988527326,-0.008119028136252024
fedprox,202,condition,pooled,cnn-ae,N15_M07_F04,fuzzy_fault_only_hi75,0.041061592388582875,0.0,0.9790388548057259,0.046742913973147684,0.08884239802152528,0.08072336988527326,-0.008119028136252024
fedprox,202,condition,client_specific,cnn-ae,N15_M07_F10,hard_val_p95,0.10174418604651163,0.05454545454545454,0.946319018404908,0.07608155146693188,0.11363992514426625,0.11747653256481941,0.0038366074205531536
fedprox,202,condition,client_specific,cnn-ae,N15_M07_F10,fuzzy_warning_as_alarm_hi50,0.10174418604651163,0.05454545454545454,0.946319018404908,0.07608155146693188,0.11363992514426625,0.11747653256481941,0.0038366074205531536
fedprox,202,condition,client_specific,cnn-ae,N15_M07_F10,fuzzy_fault_only_hi75,0.05467196819085487,0.01818181818181818,0.971881390593047,0.07608155146693188,0.11363992514426625,0.11747653256481941,0.0038366074205531536
fedprox,202,condition,pooled,cnn-ae,N15_M07_F10,hard_val_p95,0.07378258730939498,0.03636363636363636,0.9616564417177914,0.04624564893088016,0.07751980728670015,0.08072336988527326,0.0032035625985731148
fedprox,202,condition,pooled,cnn-ae,N15_M07_F10,fuzzy_warning_as_alarm_hi50,0.07378258730939498,0.03636363636363636,0.9616564417177914,0.04624564893088016,0.07751980728670015,0.08072336988527326,0.0032035625985731148
fedprox,202,condition,pooled,cnn-ae,N15_M07_F10,fuzzy_fault_only_hi75,0.04104104104104104,0.01818181818181818,0.9790388548057259,0.04624564893088016,0.07751980728670015,0.08072336988527326,0.0032035625985731148
fedprox,202,condition,client_specific,cnn-ae,N09_M07_F10,hard_val_p95,0.05082212257100149,0.0,0.9739263803680982,0.02734957732471407,0.04401635106601174,0.045540411014009206,0.0015240599479974665
fedprox,202,condition,client_specific,cnn-ae,N09_M07_F10,fuzzy_warning_as_alarm_hi50,0.05082212257100149,0.0,0.9739263803680982,0.02734957732471407,0.04401635106601174,0.045540411014009206,0.0015240599479974665
fedprox,202,condition,client_specific,cnn-ae,N09_M07_F10,fuzzy_fault_only_hi75,0.020242914979757085,0.0,0.9897750511247444,0.02734957732471407,0.04401635106601174,0.045540411014009206,0.0015240599479974665
fedprox,202,condition,pooled,cnn-ae,N09_M07_F10,hard_val_p95,0.058560794044665014,0.0,0.9698364008179959,0.04375932371954252,0.10495582917503073,0.0761610768576694,-0.028794752317361325
fedprox,202,condition,pooled,cnn-ae,N09_M07_F10,fuzzy_warning_as_alarm_hi50,0.058560794044665014,0.0,0.9698364008179959,0.04375932371954252,0.10495582917503073,0.0761610768576694,-0.028794752317361325
fedprox,202,condition,pooled,cnn-ae,N09_M07_F10,fuzzy_fault_only_hi75,0.03219315895372234,0.0,0.983640081799591,0.04375932371954252,0.10495582917503073,0.0761610768576694,-0.028794752317361325
fedprox,202,condition,client_specific,cnn-ae,N15_M01_F10,hard_val_p95,0.15529411764705883,0.07142857142857142,0.9156441717791411,0.11133200795228629,0.12044515982288527,0.12453412931729652,0.004088969494411246
fedprox,202,condition,client_specific,cnn-ae,N15_M01_F10,fuzzy_warning_as_alarm_hi50,0.15529411764705883,0.07142857142857142,0.9156441717791411,0.11133200795228629,0.12044515982288527,0.12453412931729652,0.004088969494411246
fedprox,202,condition,client_specific,cnn-ae,N15_M01_F10,fuzzy_fault_only_hi75,0.05847373637264618,0.05357142857142857,0.9698364008179959,0.11133200795228629,0.12044515982288527,0.12453412931729652,0.004088969494411246
fedprox,202,condition,pooled,cnn-ae,N15_M01_F10,hard_val_p95,0.05847373637264618,0.05357142857142857,0.9698364008179959,0.04324055666003976,0.07478057741679267,0.0761610768576694,0.0013804994408767313
fedprox,202,condition,pooled,cnn-ae,N15_M01_F10,fuzzy_warning_as_alarm_hi50,0.05847373637264618,0.05357142857142857,0.9698364008179959,0.04324055666003976,0.07478057741679267,0.0761610768576694,0.0013804994408767313
fedprox,202,condition,pooled,cnn-ae,N15_M01_F10,fuzzy_fault_only_hi75,0.03217697335344394,0.017857142857142856,0.983640081799591,0.04324055666003976,0.07478057741679267,0.0761610768576694,0.0013804994408767313
fedprox,202,condition,client_specific,cnn-ae,N15_M07_F04,hard_val_p95,0.11905904944791167,0.05454545454545454,0.9366053169734151,0.0556936847339632,0.14521675964324993,0.12063716159152012,-0.02457959805172981
fedprox,202,condition,client_specific,cnn-ae,N15_M07_F04,fuzzy_warning_as_alarm_hi50,0.11905904944791167,0.05454545454545454,0.9366053169734151,0.0556936847339632,0.14521675964324993,0.12063716159152012,-0.02457959805172981
fedprox,202,condition,client_specific,cnn-ae,N15_M07_F04,fuzzy_fault_only_hi75,0.07665847665847667,0.01818181818181818,0.9601226993865031,0.0556936847339632,0.14521675964324993,0.12063716159152012,-0.02457959805172981
fedprox,202,condition,pooled,cnn-ae,N15_M07_F04,hard_val_p95,0.058560794044665014,0.0,0.9698364008179959,0.04375932371954252,0.08493036970906416,0.0761610768576694,-0.008769292851394758
fedprox,202,condition,pooled,cnn-ae,N15_M07_F04,fuzzy_warning_as_alarm_hi50,0.058560794044665014,0.0,0.9698364008179959,0.04375932371954252,0.08493036970906416,0.0761610768576694,-0.008769292851394758
fedprox,202,condition,pooled,cnn-ae,N15_M07_F04,fuzzy_fault_only_hi75,0.03219315895372234,0.0,0.983640081799591,0.04375932371954252,0.08493036970906416,0.0761610768576694,-0.008769292851394758
fedprox,202,condition,client_specific,cnn-ae,N15_M07_F10,hard_val_p95,0.0507715281234445,0.03636363636363636,0.9739263803680982,0.06166086524117355,0.13176152812190536,0.11695642084606912,-0.01480510727583624
fedprox,202,condition,client_specific,cnn-ae,N15_M07_F10,fuzzy_warning_as_alarm_hi50,0.0507715281234445,0.03636363636363636,0.9739263803680982,0.06166086524117355,0.13176152812190536,0.11695642084606912,-0.01480510727583624
fedprox,202,condition,client_specific,cnn-ae,N15_M07_F10,fuzzy_fault_only_hi75,0.03118712273641851,0.01818181818181818,0.9841513292433538,0.06166086524117355,0.13176152812190536,0.11695642084606912,-0.01480510727583624
fedprox,202,condition,pooled,cnn-ae,N15_M07_F10,hard_val_p95,0.05850272682201289,0.03636363636363636,0.9698364008179959,0.04226752859273993,0.08115461486462305,0.0761610768576694,-0.004993538006953652
fedprox,202,condition,pooled,cnn-ae,N15_M07_F10,fuzzy_warning_as_alarm_hi50,0.05850272682201289,0.03636363636363636,0.9698364008179959,0.04226752859273993,0.08115461486462305,0.0761610768576694,-0.004993538006953652
fedprox,202,condition,pooled,cnn-ae,N15_M07_F10,fuzzy_fault_only_hi75,0.032160804020100506,0.03636363636363636,0.983640081799591,0.04226752859273993,0.08115461486462305,0.0761610768576694,-0.004993538006953652
fedprox,202,condition,client_specific,cnn-ae,N09_M07_F10,hard_val_p95,0.06048587010411502,0.0,0.9688139059304703,0.03232222774738936,0.0213785902522944,0.049815386715376664,0.028436796463082264
fedprox,202,condition,client_specific,cnn-ae,N09_M07_F10,fuzzy_warning_as_alarm_hi50,0.06048587010411502,0.0,0.9688139059304703,0.03232222774738936,0.0213785902522944,0.049815386715376664,0.028436796463082264
fedprox,202,condition,client_specific,cnn-ae,N09_M07_F10,fuzzy_fault_only_hi75,0.04302151075537769,0.0,0.9780163599182005,0.03232222774738936,0.0213785902522944,0.049815386715376664,0.028436796463082264
fedprox,202,condition,pooled,cnn-ae,N09_M07_F10,hard_val_p95,0.11287988422575977,0.0,0.9401840490797546,0.04375932371954252,0.10406139865745832,0.09728897061144358,-0.006772428046014745
fedprox,202,condition,pooled,cnn-ae,N09_M07_F10,fuzzy_warning_as_alarm_hi50,0.11287988422575977,0.0,0.9401840490797546,0.04375932371954252,0.10406139865745832,0.09728897061144358,-0.006772428046014745
fedprox,202,condition,pooled,cnn-ae,N09_M07_F10,fuzzy_fault_only_hi75,0.0729064039408867,0.0,0.9621676891615542,0.04375932371954252,0.10406139865745832,0.09728897061144358,-0.006772428046014745
fedprox,202,condition,client_specific,cnn-ae,N15_M01_F10,hard_val_p95,0.16157820573038986,0.017857142857142856,0.9120654396728016,0.04771371769383698,0.0946180789606065,0.13844099657487843,0.04382291761427193
fedprox,202,condition,client_specific,cnn-ae,N15_M01_F10,fuzzy_warning_as_alarm_hi50,0.16157820573038986,0.017857142857142856,0.9120654396728016,0.04771371769383698,0.0946180789606065,0.13844099657487843,0.04382291761427193
fedprox,202,condition,client_specific,cnn-ae,N15_M01_F10,fuzzy_fault_only_hi75,0.11373493975903615,0.017857142857142856,0.9396728016359919,0.04771371769383698,0.0946180789606065,0.13844099657487843,0.04382291761427193
fedprox,202,condition,pooled,cnn-ae,N15_M01_F10,hard_val_p95,0.1128254580520733,0.017857142857142856,0.9401840490797546,0.042743538767395624,0.06782919762840874,0.09728897061144358,0.029459772983034843
fedprox,202,condition,pooled,cnn-ae,N15_M01_F10,fuzzy_warning_as_alarm_hi50,0.1128254580520733,0.017857142857142856,0.9401840490797546,0.042743538767395624,0.06782919762840874,0.09728897061144358,0.029459772983034843
fedprox,202,condition,pooled,cnn-ae,N15_M01_F10,fuzzy_fault_only_hi75,0.07287050713934022,0.017857142857142856,0.9621676891615542,0.042743538767395624,0.06782919762840874,0.09728897061144358,0.029459772983034843
fedprox,202,condition,client_specific,cnn-ae,N15_M07_F04,hard_val_p95,0.1,0.01818181818181818,0.9473415132924335,0.04724017901541522,0.08680945602212431,0.09442019597947873,0.007610739957354423
fedprox,202,condition,client_specific,cnn-ae,N15_M07_F04,fuzzy_warning_as_alarm_hi50,0.1,0.01818181818181818,0.9473415132924335,0.04724017901541522,0.08680945602212431,0.09442019597947873,0.007610739957354423
fedprox,202,condition,client_specific,cnn-ae,N15_M07_F04,fuzzy_fault_only_hi75,0.04790419161676647,0.0,0.9754601226993865,0.04724017901541522,0.08680945602212431,0.09442019597947873,0.007610739957354423
fedprox,202,condition,pooled,cnn-ae,N15_M07_F04,hard_val_p95,0.11271676300578035,0.05454545454545454,0.9401840490797546,0.04475385380407757,0.08424569454989167,0.09728897061144358,0.013043276061551909
fedprox,202,condition,pooled,cnn-ae,N15_M07_F04,fuzzy_warning_as_alarm_hi50,0.11271676300578035,0.05454545454545454,0.9401840490797546,0.04475385380407757,0.08424569454989167,0.09728897061144358,0.013043276061551909
fedprox,202,condition,pooled,cnn-ae,N15_M07_F04,fuzzy_fault_only_hi75,0.0729064039408867,0.0,0.9621676891615542,0.04475385380407757,0.08424569454989167,0.09728897061144358,0.013043276061551909
fedprox,202,condition,client_specific,cnn-ae,N15_M07_F10,hard_val_p95,0.1802136553646075,0.05454545454545454,0.9008179959100204,0.05420188960716062,0.16627286443184158,0.18212557917505864,0.01585271474321706
fedprox,202,condition,client_specific,cnn-ae,N15_M07_F10,fuzzy_warning_as_alarm_hi50,0.1802136553646075,0.05454545454545454,0.9008179959100204,0.05420188960716062,0.16627286443184158,0.18212557917505864,0.01585271474321706
fedprox,202,condition,client_specific,cnn-ae,N15_M07_F10,fuzzy_fault_only_hi75,0.14055080721747387,0.03636363636363636,0.9243353783231084,0.05420188960716062,0.16627286443184158,0.18212557917505864,0.01585271474321706
fedprox,202,condition,pooled,cnn-ae,N15_M07_F10,hard_val_p95,0.11277108433734939,0.03636363636363636,0.9401840490797546,0.043262058677274985,0.09106689986049428,0.09728897061144358,0.006222070750949299
fedprox,202,condition,pooled,cnn-ae,N15_M07_F10,fuzzy_warning_as_alarm_hi50,0.11277108433734939,0.03636363636363636,0.9401840490797546,0.043262058677274985,0.09106689986049428,0.09728897061144358,0.006222070750949299
fedprox,202,condition,pooled,cnn-ae,N15_M07_F10,fuzzy_fault_only_hi75,0.07283464566929133,0.03636363636363636,0.9621676891615542,0.043262058677274985,0.09106689986049428,0.09728897061144358,0.006222070750949299
fedprox,202,condition,client_specific,cnn-ae,N09_M07_F10,hard_val_p95,0.0527363184079602,0.01818181818181818,0.9729038854805726,0.026852312282446545,0.06614879787771245,0.04592748963516725,-0.020221308242545206
fedprox,202,condition,client_specific,cnn-ae,N09_M07_F10,fuzzy_warning_as_alarm_hi50,0.0527363184079602,0.01818181818181818,0.9729038854805726,0.026852312282446545,0.06614879787771245,0.04592748963516725,-0.020221308242545206
fedprox,202,condition,client_specific,cnn-ae,N09_M07_F10,fuzzy_fault_only_hi75,0.034170854271356785,0.0,0.9826175869120655,0.026852312282446545,0.06614879787771245,0.04592748963516725,-0.020221308242545206
fedprox,202,condition,pooled,cnn-ae,N09_M07_F10,hard_val_p95,0.11078998073217726,0.09090909090909091,0.9412065439672802,0.055196419691695676,0.18236176118315292,0.09345203622844696,-0.08890972495470596
fedprox,202,condition,pooled,cnn-ae,N09_M07_F10,fuzzy_warning_as_alarm_hi50,0.11078998073217726,0.09090909090909091,0.9412065439672802,0.055196419691695676,0.18236176118315292,0.09345203622844696,-0.08890972495470596
fedprox,202,condition,pooled,cnn-ae,N09_M07_F10,fuzzy_fault_only_hi75,0.06906758756783424,0.01818181818181818,0.9642126789366053,0.055196419691695676,0.18236176118315292,0.09345203622844696,-0.08890972495470596
fedprox,202,condition,client_specific,cnn-ae,N15_M01_F10,hard_val_p95,0.13161659513590845,0.05357142857142857,0.9294478527607362,0.06262425447316103,0.1187211662292912,0.12909327804427742,0.01037211181498622
fedprox,202,condition,client_specific,cnn-ae,N15_M01_F10,fuzzy_warning_as_alarm_hi50,0.13161659513590845,0.05357142857142857,0.9294478527607362,0.06262425447316103,0.1187211662292912,0.12909327804427742,0.01037211181498622
fedprox,202,condition,client_specific,cnn-ae,N15_M01_F10,fuzzy_fault_only_hi75,0.1036319612590799,0.03571428571428571,0.9452965235173824,0.06262425447316103,0.1187211662292912,0.12909327804427742,0.01037211181498622
fedprox,202,condition,pooled,cnn-ae,N15_M01_F10,hard_val_p95,0.11095031355523396,0.03571428571428571,0.9412065439672802,0.05168986083499006,0.08605590903218495,0.09345203622844696,0.007396127196262009
fedprox,202,condition,pooled,cnn-ae,N15_M01_F10,fuzzy_warning_as_alarm_hi50,0.11095031355523396,0.03571428571428571,0.9412065439672802,0.05168986083499006,0.08605590903218495,0.09345203622844696,0.007396127196262009
fedprox,202,condition,pooled,cnn-ae,N15_M01_F10,fuzzy_fault_only_hi75,0.06906758756783424,0.017857142857142856,0.9642126789366053,0.05168986083499006,0.08605590903218495,0.09345203622844696,0.007396127196262009
fedprox,202,condition,client_specific,cnn-ae,N15_M07_F04,hard_val_p95,0.1750465549348231,0.07272727272727272,0.9038854805725971,0.029338637493784188,0.13690439970072885,0.1326227583371082,-0.004281641363620636
fedprox,202,condition,client_specific,cnn-ae,N15_M07_F04,fuzzy_warning_as_alarm_hi50,0.1750465549348231,0.07272727272727272,0.9038854805725971,0.029338637493784188,0.13690439970072885,0.1326227583371082,-0.004281641363620636
fedprox,202,condition,client_specific,cnn-ae,N15_M07_F04,fuzzy_fault_only_hi75,0.14846335697399526,0.03636363636363636,0.9197341513292433,0.029338637493784188,0.13690439970072885,0.1326227583371082,-0.004281641363620636
fedprox,202,condition,pooled,cnn-ae,N15_M07_F04,hard_val_p95,0.11095031355523396,0.03636363636363636,0.9412065439672802,0.05072103431128792,0.09841964033520607,0.09345203622844696,-0.004967604106759116
fedprox,202,condition,pooled,cnn-ae,N15_M07_F04,fuzzy_warning_as_alarm_hi50,0.11095031355523396,0.03636363636363636,0.9412065439672802,0.05072103431128792,0.09841964033520607,0.09345203622844696,-0.004967604106759116
fedprox,202,condition,pooled,cnn-ae,N15_M07_F04,fuzzy_fault_only_hi75,0.06906758756783424,0.01818181818181818,0.9642126789366053,0.05072103431128792,0.09841964033520607,0.09345203622844696,-0.004967604106759116
fedprox,202,condition,client_specific,cnn-ae,N15_M07_F10,hard_val_p95,0.1647168928404305,0.09090909090909091,0.9100204498977505,0.069617105917454,0.17991705113784726,0.17841320817331097,-0.0015038429645362894
fedprox,202,condition,client_specific,cnn-ae,N15_M07_F10,fuzzy_warning_as_alarm_hi50,0.1647168928404305,0.09090909090909091,0.9100204498977505,0.069617105917454,0.17991705113784726,0.17841320817331097,-0.0015038429645362894
fedprox,202,condition,client_specific,cnn-ae,N15_M07_F10,fuzzy_fault_only_hi75,0.13161659513590845,0.05454545454545454,0.9294478527607362,0.069617105917454,0.17991705113784726,0.17841320817331097,-0.0015038429645362894
fedprox,202,condition,pooled,cnn-ae,N15_M07_F10,hard_val_p95,0.111003861003861,0.01818181818181818,0.9412065439672802,0.052212829438090504,0.08955559147532988,0.09345203622844696,0.0038964447531170815
fedprox,202,condition,pooled,cnn-ae,N15_M07_F10,fuzzy_warning_as_alarm_hi50,0.111003861003861,0.01818181818181818,0.9412065439672802,0.052212829438090504,0.08955559147532988,0.09345203622844696,0.0038964447531170815
fedprox,202,condition,pooled,cnn-ae,N15_M07_F10,fuzzy_fault_only_hi75,0.06906758756783424,0.01818181818181818,0.9642126789366053,0.052212829438090504,0.08955559147532988,0.09345203622844696,0.0038964447531170815
fedprox-personalized,202,condition,client_specific,cnn-ae,N09_M07_F10,hard_val_p95,0.31134109529969817,0.03636363636363636,0.815439672801636,0.05718547986076579,0.07826084260744547,0.20383450829384223,0.12557366568639677
fedprox-personalized,202,condition,client_specific,cnn-ae,N09_M07_F10,fuzzy_warning_as_alarm_hi50,0.31134109529969817,0.03636363636363636,0.815439672801636,0.05718547986076579,0.07826084260744547,0.20383450829384223,0.12557366568639677
fedprox-personalized,202,condition,client_specific,cnn-ae,N09_M07_F10,fuzzy_fault_only_hi75,0.2641843971631206,0.03636363636363636,0.8476482617586912,0.05718547986076579,0.07826084260744547,0.20383450829384223,0.12557366568639677
fedprox-personalized,202,condition,client_specific,cnn-ae,N15_M01_F10,hard_val_p95,0.26187305814469597,0.03571428571428571,0.8491820040899796,0.08946322067594434,0.11787302687937808,0.22389502713004591,0.10602200025066784
fedprox-personalized,202,condition,client_specific,cnn-ae,N15_M01_F10,fuzzy_warning_as_alarm_hi50,0.26187305814469597,0.03571428571428571,0.8491820040899796,0.08946322067594434,0.11787302687937808,0.22389502713004591,0.10602200025066784
fedprox-personalized,202,condition,client_specific,cnn-ae,N15_M01_F10,fuzzy_fault_only_hi75,0.23205417607223477,0.03571428571428571,0.8686094069529653,0.08946322067594434,0.11787302687937808,0.22389502713004591,0.10602200025066784
fedprox-personalized,202,condition,client_specific,cnn-ae,N15_M07_F04,hard_val_p95,0.15544041450777202,0.03636363636363636,0.9156441717791411,0.052212829438090504,0.08915741179573128,0.11825279214012564,0.029095380344394364
fedprox-personalized,202,condition,client_specific,cnn-ae,N15_M07_F04,fuzzy_warning_as_alarm_hi50,0.15544041450777202,0.03636363636363636,0.9156441717791411,0.052212829438090504,0.08915741179573128,0.11825279214012564,0.029095380344394364
fedprox-personalized,202,condition,client_specific,cnn-ae,N15_M07_F04,fuzzy_fault_only_hi75,0.11917347429120614,0.01818181818181818,0.9366053169734151,0.052212829438090504,0.08915741179573128,0.11825279214012564,0.029095380344394364
fedprox-personalized,202,condition,client_specific,cnn-ae,N15_M07_F10,hard_val_p95,0.1884526558891455,0.09090909090909091,0.8957055214723927,0.0208851317752362,0.1949031403494509,0.20172322883836954,0.0068200884889186575
fedprox-personalized,202,condition,client_specific,cnn-ae,N15_M07_F10,fuzzy_warning_as_alarm_hi50,0.1884526558891455,0.09090909090909091,0.8957055214723927,0.0208851317752362,0.1949031403494509,0.20172322883836954,0.0068200884889186575
fedprox-personalized,202,condition,client_specific,cnn-ae,N15_M07_F10,fuzzy_fault_only_hi75,0.17419655333022824,0.07272727272727272,0.90439672801636,0.0208851317752362,0.1949031403494509,0.20172322883836954,0.0068200884889186575
local-only,777,condition,client_specific,cnn-ae,N09_M07_F10,hard_val_p95,0.026170105686965275,0.09090909090909091,0.9867075664621677,0.007956240676280457,0.14998617220122912,0.05449604936397262,-0.0954901228372565
local-only,777,condition,client_specific,cnn-ae,N09_M07_F10,fuzzy_warning_as_alarm_hi50,0.026170105686965275,0.09090909090909091,0.9867075664621677,0.007956240676280457,0.14998617220122912,0.05449604936397262,-0.0954901228372565
local-only,777,condition,client_specific,cnn-ae,N09_M07_F10,fuzzy_fault_only_hi75,0.025176233635448138,0.09090909090909091,0.9872188139059305,0.007956240676280457,0.14998617220122912,0.05449604936397262,-0.0954901228372565
local-only,777,condition,client_specific,cnn-ae,N15_M01_F10,hard_val_p95,0.09704027171276079,0.08928571428571429,0.9488752556237219,0.03926441351888668,0.14640120602643106,0.10849168445576039,-0.037909521570670665
local-only,777,condition,client_specific,cnn-ae,N15_M01_F10,fuzzy_warning_as_alarm_hi50,0.09704027171276079,0.08928571428571429,0.9488752556237219,0.03926441351888668,0.14640120602643106,0.10849168445576039,-0.037909521570670665
local-only,777,condition,client_specific,cnn-ae,N15_M01_F10,fuzzy_fault_only_hi75,0.07465618860510806,0.07142857142857142,0.9611451942740287,0.03926441351888668,0.14640120602643106,0.10849168445576039,-0.037909521570670665
local-only,777,condition,client_specific,cnn-ae,N15_M07_F04,hard_val_p95,0.10810810810810811,0.07272727272727272,0.9427402862985685,0.06166086524117355,0.0960236338730247,0.08477399952776854,-0.011249634345256165
local-only,777,condition,client_specific,cnn-ae,N15_M07_F04,fuzzy_warning_as_alarm_hi50,0.10810810810810811,0.07272727272727272,0.9427402862985685,0.06166086524117355,0.0960236338730247,0.08477399952776854,-0.011249634345256165
local-only,777,condition,client_specific,cnn-ae,N15_M07_F04,fuzzy_fault_only_hi75,0.044,0.0,0.9775051124744376,0.06166086524117355,0.0960236338730247,0.08477399952776854,-0.011249634345256165
local-only,777,condition,client_specific,cnn-ae,N15_M07_F10,hard_val_p95,0.03707414829659319,0.05454545454545454,0.9810838445807771,0.033316757831924414,0.11063674738338485,0.08832993535184902,-0.022306812031535825
local-only,777,condition,client_specific,cnn-ae,N15_M07_F10,fuzzy_warning_as_alarm_hi50,0.03707414829659319,0.05454545454545454,0.9810838445807771,0.033316757831924414,0.11063674738338485,0.08832993535184902,-0.022306812031535825
local-only,777,condition,client_specific,cnn-ae,N15_M07_F10,fuzzy_fault_only_hi75,0.03019627579265224,0.01818181818181818,0.9846625766871165,0.033316757831924414,0.11063674738338485,0.08832993535184902,-0.022306812031535825
centralized,777,condition,client_specific,cnn-ae,N09_M07_F10,hard_val_p95,0.06141654284299158,0.01818181818181818,0.9683026584867076,0.034808552958727,0.10931986142950141,0.0651463368965952,-0.04417352453290621
centralized,777,condition,client_specific,cnn-ae,N09_M07_F10,fuzzy_warning_as_alarm_hi50,0.06141654284299158,0.01818181818181818,0.9683026584867076,0.034808552958727,0.10931986142950141,0.0651463368965952,-0.04417352453290621
centralized,777,condition,client_specific,cnn-ae,N09_M07_F10,fuzzy_fault_only_hi75,0.04397801099450275,0.01818181818181818,0.9775051124744376,0.034808552958727,0.10931986142950141,0.0651463368965952,-0.04417352453290621
centralized,777,condition,pooled,cnn-ae,N09_M07_F10,hard_val_p95,0.09898107714701601,0.05454545454545454,0.9478527607361963,0.07210343112879164,0.1643867722301918,0.08920420289195477,-0.07518256933823703
centralized,777,condition,pooled,cnn-ae,N09_M07_F10,fuzzy_warning_as_alarm_hi50,0.09898107714701601,0.05454545454545454,0.9478527607361963,0.07210343112879164,0.1643867722301918,0.08920420289195477,-0.07518256933823703
centralized,777,condition,pooled,cnn-ae,N09_M07_F10,fuzzy_fault_only_hi75,0.04593110334498253,0.01818181818181818,0.976482617586912,0.07210343112879164,0.1643867722301918,0.08920420289195477,-0.07518256933823703
centralized,777,condition,client_specific,cnn-ae,N15_M01_F10,hard_val_p95,0.1361904761904762,0.017857142857142856,0.9268916155419223,0.08349900596421471,0.07039268460675137,0.10184071635973642,0.03144803175298505
centralized,777,condition,client_specific,cnn-ae,N15_M01_F10,fuzzy_warning_as_alarm_hi50,0.1361904761904762,0.017857142857142856,0.9268916155419223,0.08349900596421471,0.07039268460675137,0.10184071635973642,0.03144803175298505
centralized,777,condition,client_specific,cnn-ae,N15_M01_F10,fuzzy_fault_only_hi75,0.029219143576826197,0.0,0.9851738241308794,0.08349900596421471,0.07039268460675137,0.10184071635973642,0.03144803175298505
centralized,777,condition,pooled,cnn-ae,N15_M01_F10,hard_val_p95,0.09912536443148688,0.0,0.9478527607361963,0.06858846918489066,0.056773108234075394,0.08920420289195477,0.03243109465787938
centralized,777,condition,pooled,cnn-ae,N15_M01_F10,fuzzy_warning_as_alarm_hi50,0.09912536443148688,0.0,0.9478527607361963,0.06858846918489066,0.056773108234075394,0.08920420289195477,0.03243109465787938
centralized,777,condition,pooled,cnn-ae,N15_M01_F10,fuzzy_fault_only_hi75,0.04595404595404595,0.0,0.976482617586912,0.06858846918489066,0.056773108234075394,0.08920420289195477,0.03243109465787938
centralized,777,condition,client_specific,cnn-ae,N15_M07_F04,hard_val_p95,0.09722897423432182,0.01818181818181818,0.9488752556237219,0.06911984087518648,0.06476762321430267,0.09464159198102394,0.02987396876672127
centralized,777,condition,client_specific,cnn-ae,N15_M07_F04,fuzzy_warning_as_alarm_hi50,0.09722897423432182,0.01818181818181818,0.9488752556237219,0.06911984087518648,0.06476762321430267,0.09464159198102394,0.02987396876672127
centralized,777,condition,client_specific,cnn-ae,N15_M07_F04,fuzzy_fault_only_hi75,0.039097744360902256,0.0,0.9800613496932515,0.06911984087518648,0.06476762321430267,0.09464159198102394,0.02987396876672127
centralized,777,condition,pooled,cnn-ae,N15_M07_F04,hard_val_p95,0.09907722195240408,0.01818181818181818,0.9478527607361963,0.06812531079065141,0.054385012748078755,0.08920420289195477,0.034819190143876015
centralized,777,condition,pooled,cnn-ae,N15_M07_F04,fuzzy_warning_as_alarm_hi50,0.09907722195240408,0.01818181818181818,0.9478527607361963,0.06812531079065141,0.054385012748078755,0.08920420289195477,0.034819190143876015
centralized,777,condition,pooled,cnn-ae,N15_M07_F04,fuzzy_fault_only_hi75,0.04595404595404595,0.0,0.976482617586912,0.06812531079065141,0.054385012748078755,0.08920420289195477,0.034819190143876015
centralized,777,condition,client_specific,cnn-ae,N15_M07_F10,hard_val_p95,0.2105742935278031,0.12727272727272726,0.8819018404907976,0.04276479363500746,0.12780997076585654,0.15917192296545243,0.031361952199595894
centralized,777,condition,client_specific,cnn-ae,N15_M07_F10,fuzzy_warning_as_alarm_hi50,0.2105742935278031,0.12727272727272726,0.8819018404907976,0.04276479363500746,0.12780997076585654,0.15917192296545243,0.031361952199595894
centralized,777,condition,client_specific,cnn-ae,N15_M07_F10,fuzzy_fault_only_hi75,0.1648711943793911,0.05454545454545454,0.9100204498977505,0.04276479363500746,0.12780997076585654,0.15917192296545243,0.031361952199595894
centralized,777,condition,pooled,cnn-ae,N15_M07_F10,hard_val_p95,0.09907722195240408,0.01818181818181818,0.9478527607361963,0.06862257583291895,0.059120488297720736,0.08920420289195477,0.030083714594234034
centralized,777,condition,pooled,cnn-ae,N15_M07_F10,fuzzy_warning_as_alarm_hi50,0.09907722195240408,0.01818181818181818,0.9478527607361963,0.06862257583291895,0.059120488297720736,0.08920420289195477,0.030083714594234034
centralized,777,condition,pooled,cnn-ae,N15_M07_F10,fuzzy_fault_only_hi75,0.04593110334498253,0.01818181818181818,0.976482617586912,0.06862257583291895,0.059120488297720736,0.08920420289195477,0.030083714594234034
fedavg,777,condition,client_specific,cnn-ae,N09_M07_F10,hard_val_p95,0.06610754810064134,0.07272727272727272,0.9657464212678937,0.052212829438090504,0.12318036463620471,0.11299444022432938,-0.010185924411875338
fedavg,777,condition,client_specific,cnn-ae,N09_M07_F10,fuzzy_warning_as_alarm_hi50,0.06610754810064134,0.07272727272727272,0.9657464212678937,0.052212829438090504,0.12318036463620471,0.11299444022432938,-0.010185924411875338
fedavg,777,condition,client_specific,cnn-ae,N09_M07_F10,fuzzy_fault_only_hi75,0.05171556439582297,0.05454545454545454,0.9734151329243353,0.052212829438090504,0.12318036463620471,0.11299444022432938,-0.010185924411875338
fedavg,777,condition,pooled,cnn-ae,N09_M07_F10,hard_val_p95,0.055583126550868486,0.05454545454545454,0.9713701431492843,0.04922923918448533,0.09892387034272306,0.09190368605431283,-0.007020184288410225
fedavg,777,condition,pooled,cnn-ae,N09_M07_F10,fuzzy_warning_as_alarm_hi50,0.055583126550868486,0.05454545454545454,0.9713701431492843,0.04922923918448533,0.09892387034272306,0.09190368605431283,-0.007020184288410225
fedavg,777,condition,pooled,cnn-ae,N09_M07_F10,fuzzy_fault_only_hi75,0.04102051025512756,0.03636363636363636,0.9790388548057259,0.04922923918448533,0.09892387034272306,0.09190368605431283,-0.007020184288410225
fedavg,777,condition,client_specific,cnn-ae,N15_M01_F10,hard_val_p95,0.11725132148005767,0.05357142857142857,0.9376278118609407,0.07455268389662027,0.0995927649029309,0.11102623244589788,0.01143346754296698
fedavg,777,condition,client_specific,cnn-ae,N15_M01_F10,fuzzy_warning_as_alarm_hi50,0.11725132148005767,0.05357142857142857,0.9376278118609407,0.07455268389662027,0.0995927649029309,0.11102623244589788,0.01143346754296698
fedavg,777,condition,client_specific,cnn-ae,N15_M01_F10,fuzzy_fault_only_hi75,0.049800796812749,0.03571428571428571,0.9744376278118609,0.07455268389662027,0.0995927649029309,0.11102623244589788,0.01143346754296698
fedavg,777,condition,pooled,cnn-ae,N15_M01_F10,hard_val_p95,0.05561072492552135,0.03571428571428571,0.9713701431492843,0.048707753479125246,0.08397771107041792,0.09190368605431283,0.007925974983894912
fedavg,777,condition,pooled,cnn-ae,N15_M01_F10,fuzzy_warning_as_alarm_hi50,0.05561072492552135,0.03571428571428571,0.9713701431492843,0.048707753479125246,0.08397771107041792,0.09190368605431283,0.007925974983894912
fedavg,777,condition,pooled,cnn-ae,N15_M01_F10,fuzzy_fault_only_hi75,0.04104104104104104,0.017857142857142856,0.9790388548057259,0.048707753479125246,0.08397771107041792,0.09190368605431283,0.007925974983894912
fedavg,777,condition,client_specific,cnn-ae,N15_M07_F04,hard_val_p95,0.07945071113290829,0.03636363636363636,0.9585889570552147,0.069617105917454,0.11680175915537352,0.0999119667727985,-0.016889792382575028
fedavg,777,condition,client_specific,cnn-ae,N15_M07_F04,fuzzy_warning_as_alarm_hi50,0.07945071113290829,0.03636363636363636,0.9585889570552147,0.069617105917454,0.11680175915537352,0.0999119667727985,-0.016889792382575028
fedavg,777,condition,client_specific,cnn-ae,N15_M07_F04,fuzzy_fault_only_hi75,0.049800796812749,0.03636363636363636,0.9744376278118609,0.069617105917454,0.11680175915537352,0.0999119667727985,-0.016889792382575028
fedavg,777,condition,pooled,cnn-ae,N15_M07_F04,hard_val_p95,0.05561072492552135,0.03636363636363636,0.9713701431492843,0.04922923918448533,0.11057972228496891,0.09190368605431283,-0.018676036230656085
fedavg,777,condition,pooled,cnn-ae,N15_M07_F04,fuzzy_warning_as_alarm_hi50,0.05561072492552135,0.03636363636363636,0.9713701431492843,0.04922923918448533,0.11057972228496891,0.09190368605431283,-0.018676036230656085
fedavg,777,condition,pooled,cnn-ae,N15_M07_F04,fuzzy_fault_only_hi75,0.04102051025512756,0.03636363636363636,0.9790388548057259,0.04922923918448533,0.11057972228496891,0.09190368605431283,-0.018676036230656085
fedavg,777,condition,client_specific,cnn-ae,N15_M07_F10,hard_val_p95,0.046906187624750496,0.01818181818181818,0.9759713701431493,0.04724017901541522,0.08273550011069632,0.08999799496928376,0.0072624948585874455
fedavg,777,condition,client_specific,cnn-ae,N15_M07_F10,fuzzy_warning_as_alarm_hi50,0.046906187624750496,0.01818181818181818,0.9759713701431493,0.04724017901541522,0.08273550011069632,0.08999799496928376,0.0072624948585874455
fedavg,777,condition,client_specific,cnn-ae,N15_M07_F10,fuzzy_fault_only_hi75,0.030211480362537766,0.0,0.9846625766871165,0.04724017901541522,0.08273550011069632,0.08999799496928376,0.0072624948585874455
fedavg,777,condition,pooled,cnn-ae,N15_M07_F10,hard_val_p95,0.05563835072031793,0.01818181818181818,0.9713701431492843,0.04922923918448533,0.08498772312387487,0.09190368605431283,0.0069159629304379605
fedavg,777,condition,pooled,cnn-ae,N15_M07_F10,fuzzy_warning_as_alarm_hi50,0.05563835072031793,0.01818181818181818,0.9713701431492843,0.04922923918448533,0.08498772312387487,0.09190368605431283,0.0069159629304379605
fedavg,777,condition,pooled,cnn-ae,N15_M07_F10,fuzzy_fault_only_hi75,0.04104104104104104,0.01818181818181818,0.9790388548057259,0.04922923918448533,0.08498772312387487,0.09190368605431283,0.0069159629304379605
fedavg,777,condition,client_specific,cnn-ae,N09_M07_F10,hard_val_p95,0.1199616122840691,0.05454545454545454,0.9360940695296524,0.07011437095972153,0.08459207607628452,0.1105347805337467,0.025942704457462176
fedavg,777,condition,client_specific,cnn-ae,N09_M07_F10,fuzzy_warning_as_alarm_hi50,0.1199616122840691,0.05454545454545454,0.9360940695296524,0.07011437095972153,0.08459207607628452,0.1105347805337467,0.025942704457462176
fedavg,777,condition,client_specific,cnn-ae,N09_M07_F10,fuzzy_fault_only_hi75,0.0803921568627451,0.03636363636363636,0.9580777096114519,0.07011437095972153,0.08459207607628452,0.1105347805337467,0.025942704457462176
fedavg,777,condition,pooled,cnn-ae,N09_M07_F10,hard_val_p95,0.10998552821997105,0.05454545454545454,0.941717791411043,0.0626553953257086,0.0821825489607585,0.10258237117043631,0.020399822209677815
fedavg,777,condition,pooled,cnn-ae,N09_M07_F10,fuzzy_warning_as_alarm_hi50,0.10998552821997105,0.05454545454545454,0.941717791411043,0.0626553953257086,0.0821825489607585,0.10258237117043631,0.020399822209677815
fedavg,777,condition,pooled,cnn-ae,N09_M07_F10,fuzzy_fault_only_hi75,0.061386138613861385,0.03636363636363636,0.9683026584867076,0.0626553953257086,0.0821825489607585,0.10258237117043631,0.020399822209677815
fedavg,777,condition,client_specific,cnn-ae,N15_M01_F10,hard_val_p95,0.11373493975903615,0.017857142857142856,0.9396728016359919,0.06560636182902585,0.06559789479561971,0.09619305446221732,0.030595159666597607
fedavg,777,condition,client_specific,cnn-ae,N15_M01_F10,fuzzy_warning_as_alarm_hi50,0.11373493975903615,0.017857142857142856,0.9396728016359919,0.06560636182902585,0.06559789479561971,0.09619305446221732,0.030595159666597607
fedavg,777,condition,client_specific,cnn-ae,N15_M01_F10,fuzzy_fault_only_hi75,0.04397801099450275,0.017857142857142856,0.9775051124744376,0.06560636182902585,0.06559789479561971,0.09619305446221732,0.030595159666597607
fedavg,777,condition,pooled,cnn-ae,N15_M01_F10,hard_val_p95,0.11009174311926606,0.017857142857142856,0.941717791411043,0.06262425447316103,0.06733364863469606,0.10258237117043631,0.035248722535740254
fedavg,777,condition,pooled,cnn-ae,N15_M01_F10,fuzzy_warning_as_alarm_hi50,0.11009174311926606,0.017857142857142856,0.941717791411043,0.06262425447316103,0.06733364863469606,0.10258237117043631,0.035248722535740254
fedavg,777,condition,pooled,cnn-ae,N15_M01_F10,fuzzy_fault_only_hi75,0.06141654284299158,0.017857142857142856,0.9683026584867076,0.06262425447316103,0.06733364863469606,0.10258237117043631,0.035248722535740254
fedavg,777,condition,client_specific,cnn-ae,N15_M07_F04,hard_val_p95,0.2032967032967033,0.10909090909090909,0.8865030674846626,0.09995027349577325,0.15193002502766775,0.15562407819524368,0.003694053167575928
fedavg,777,condition,client_specific,cnn-ae,N15_M07_F04,fuzzy_warning_as_alarm_hi50,0.2032967032967033,0.10909090909090909,0.8865030674846626,0.09995027349577325,0.15193002502766775,0.15562407819524368,0.003694053167575928
fedavg,777,condition,client_specific,cnn-ae,N15_M07_F04,fuzzy_fault_only_hi75,0.11544011544011544,0.05454545454545454,0.9386503067484663,0.09995027349577325,0.15193002502766775,0.15562407819524368,0.003694053167575928
fedavg,777,condition,pooled,cnn-ae,N15_M07_F04,hard_val_p95,0.10998552821997105,0.05454545454545454,0.941717791411043,0.0626553953257086,0.09474060313967629,0.10258237117043631,0.007841768030760018
fedavg,777,condition,pooled,cnn-ae,N15_M07_F04,fuzzy_warning_as_alarm_hi50,0.10998552821997105,0.05454545454545454,0.941717791411043,0.0626553953257086,0.09474060313967629,0.10258237117043631,0.007841768030760018
fedavg,777,condition,pooled,cnn-ae,N15_M07_F04,fuzzy_fault_only_hi75,0.061386138613861385,0.03636363636363636,0.9683026584867076,0.0626553953257086,0.09474060313967629,0.10258237117043631,0.007841768030760018
fedavg,777,condition,client_specific,cnn-ae,N15_M07_F10,hard_val_p95,0.09815354713313897,0.01818181818181818,0.9483640081799591,0.05171556439582297,0.061560724511612055,0.0932078183090695,0.03164709379745745
fedavg,777,condition,client_specific,cnn-ae,N15_M07_F10,fuzzy_warning_as_alarm_hi50,0.09815354713313897,0.01818181818181818,0.9483640081799591,0.05171556439582297,0.061560724511612055,0.0932078183090695,0.03164709379745745
fedavg,777,condition,client_specific,cnn-ae,N15_M07_F10,fuzzy_fault_only_hi75,0.06045589692765114,0.01818181818181818,0.9688139059304703,0.05171556439582297,0.061560724511612055,0.0932078183090695,0.03164709379745745
fedavg,777,condition,pooled,cnn-ae,N15_M07_F10,hard_val_p95,0.11009174311926606,0.01818181818181818,0.941717791411043,0.06315266036797614,0.06994812044487332,0.10258237117043631,0.03263425072556299
fedavg,777,condition,pooled,cnn-ae,N15_M07_F10,fuzzy_warning_as_alarm_hi50,0.11009174311926606,0.01818181818181818,0.941717791411043,0.06315266036797614,0.06994812044487332,0.10258237117043631,0.03263425072556299
fedavg,777,condition,pooled,cnn-ae,N15_M07_F10,fuzzy_fault_only_hi75,0.06141654284299158,0.01818181818181818,0.9683026584867076,0.06315266036797614,0.06994812044487332,0.10258237117043631,0.03263425072556299
fedavg,777,condition,client_specific,cnn-ae,N09_M07_F10,hard_val_p95,0.09161793372319688,0.03636363636363636,0.9519427402862985,0.05271009448035803,0.07118903341064206,0.10564160626091841,0.03445257285027635
fedavg,777,condition,client_specific,cnn-ae,N09_M07_F10,fuzzy_warning_as_alarm_hi50,0.09161793372319688,0.03636363636363636,0.9519427402862985,0.05271009448035803,0.07118903341064206,0.10564160626091841,0.03445257285027635
fedavg,777,condition,client_specific,cnn-ae,N09_M07_F10,fuzzy_fault_only_hi75,0.0652496292634701,0.01818181818181818,0.9662576687116564,0.05271009448035803,0.07118903341064206,0.10564160626091841,0.03445257285027635
fedavg,777,condition,pooled,cnn-ae,N09_M07_F10,hard_val_p95,0.06620553359683795,0.01818181818181818,0.9657464212678937,0.044256588761810045,0.05479136084307021,0.0881505762616445,0.0333592154185743
fedavg,777,condition,pooled,cnn-ae,N09_M07_F10,fuzzy_warning_as_alarm_hi50,0.06620553359683795,0.01818181818181818,0.9657464212678937,0.044256588761810045,0.05479136084307021,0.0881505762616445,0.0333592154185743
fedavg,777,condition,pooled,cnn-ae,N09_M07_F10,fuzzy_fault_only_hi75,0.041061592388582875,0.0,0.9790388548057259,0.044256588761810045,0.05479136084307021,0.0881505762616445,0.0333592154185743
fedavg,777,condition,client_specific,cnn-ae,N15_M01_F10,hard_val_p95,0.04688279301745636,0.03571428571428571,0.9759713701431493,0.044234592445328035,0.07980414184472671,0.08109494534973068,0.0012908035050039623
fedavg,777,condition,client_specific,cnn-ae,N15_M01_F10,fuzzy_warning_as_alarm_hi50,0.04688279301745636,0.03571428571428571,0.9759713701431493,0.044234592445328035,0.07980414184472671,0.08109494534973068,0.0012908035050039623
fedavg,777,condition,client_specific,cnn-ae,N15_M01_F10,fuzzy_fault_only_hi75,0.03217697335344394,0.017857142857142856,0.983640081799591,0.044234592445328035,0.07980414184472671,0.08109494534973068,0.0012908035050039623
fedavg,777,condition,pooled,cnn-ae,N15_M01_F10,hard_val_p95,0.06617283950617284,0.03571428571428571,0.9657464212678937,0.04473161033797217,0.08779557680612259,0.0881505762616445,0.00035499945552192047
fedavg,777,condition,pooled,cnn-ae,N15_M01_F10,fuzzy_warning_as_alarm_hi50,0.06617283950617284,0.03571428571428571,0.9657464212678937,0.04473161033797217,0.08779557680612259,0.0881505762616445,0.00035499945552192047
fedavg,777,condition,pooled,cnn-ae,N15_M01_F10,fuzzy_fault_only_hi75,0.04104104104104104,0.017857142857142856,0.9790388548057259,0.04473161033797217,0.08779557680612259,0.0881505762616445,0.00035499945552192047
fedavg,777,condition,client_specific,cnn-ae,N15_M07_F04,hard_val_p95,0.12254667304930589,0.09090909090909091,0.934560327198364,0.06812531079065141,0.14195265689321723,0.11848392172054019,-0.023468735172677044
fedavg,777,condition,client_specific,cnn-ae,N15_M07_F04,fuzzy_warning_as_alarm_hi50,0.12254667304930589,0.09090909090909091,0.934560327198364,0.06812531079065141,0.14195265689321723,0.11848392172054019,-0.023468735172677044
fedavg,777,condition,client_specific,cnn-ae,N15_M07_F04,fuzzy_fault_only_hi75,0.08597948216902784,0.05454545454545454,0.9550102249488752,0.06812531079065141,0.14195265689321723,0.11848392172054019,-0.023468735172677044
fedavg,777,condition,pooled,cnn-ae,N15_M07_F04,hard_val_p95,0.06617283950617284,0.03636363636363636,0.9657464212678937,0.04475385380407757,0.10873672521013746,0.0881505762616445,-0.02058614894849295
fedavg,777,condition,pooled,cnn-ae,N15_M07_F04,fuzzy_warning_as_alarm_hi50,0.06617283950617284,0.03636363636363636,0.9657464212678937,0.04475385380407757,0.10873672521013746,0.0881505762616445,-0.02058614894849295
fedavg,777,condition,pooled,cnn-ae,N15_M07_F04,fuzzy_fault_only_hi75,0.04102051025512756,0.03636363636363636,0.9790388548057259,0.04475385380407757,0.10873672521013746,0.0881505762616445,-0.02058614894849295
fedavg,777,condition,client_specific,cnn-ae,N15_M07_F10,hard_val_p95,0.07093596059113301,0.03636363636363636,0.9631901840490797,0.029338637493784188,0.07874360796205604,0.08449702754691168,0.005753419584855646
fedavg,777,condition,client_specific,cnn-ae,N15_M07_F10,fuzzy_warning_as_alarm_hi50,0.07093596059113301,0.03636363636363636,0.9631901840490797,0.029338637493784188,0.07874360796205604,0.08449702754691168,0.005753419584855646
fedavg,777,condition,client_specific,cnn-ae,N15_M07_F10,fuzzy_fault_only_hi75,0.042,0.03636363636363636,0.9785276073619632,0.029338637493784188,0.07874360796205604,0.08449702754691168,0.005753419584855646
fedavg,777,condition,pooled,cnn-ae,N15_M07_F10,hard_val_p95,0.06617283950617284,0.03636363636363636,0.9657464212678937,0.044256588761810045,0.08340651414430891,0.0881505762616445,0.004744062117335593
fedavg,777,condition,pooled,cnn-ae,N15_M07_F10,fuzzy_warning_as_alarm_hi50,0.06617283950617284,0.03636363636363636,0.9657464212678937,0.044256588761810045,0.08340651414430891,0.0881505762616445,0.004744062117335593
fedavg,777,condition,pooled,cnn-ae,N15_M07_F10,fuzzy_fault_only_hi75,0.04102051025512756,0.03636363636363636,0.9790388548057259,0.044256588761810045,0.08340651414430891,0.0881505762616445,0.004744062117335593
fedavg,777,condition,client_specific,cnn-ae,N09_M07_F10,hard_val_p95,0.1008729388942774,0.03636363636363636,0.9468302658486708,0.06166086524117355,0.09965431721171775,0.114388438724164,0.014734121512446255
fedavg,777,condition,client_specific,cnn-ae,N09_M07_F10,fuzzy_warning_as_alarm_hi50,0.1008729388942774,0.03636363636363636,0.9468302658486708,0.06166086524117355,0.09965431721171775,0.114388438724164,0.014734121512446255
fedavg,777,condition,client_specific,cnn-ae,N09_M07_F10,fuzzy_fault_only_hi75,0.08043158410985778,0.01818181818181818,0.9580777096114519,0.06166086524117355,0.09965431721171775,0.114388438724164,0.014734121512446255
fedavg,777,condition,pooled,cnn-ae,N09_M07_F10,hard_val_p95,0.09533073929961089,0.03636363636363636,0.9498977505112475,0.05469915464942814,0.09147331095940094,0.10127579429113495,0.009802483331734016
fedavg,777,condition,pooled,cnn-ae,N09_M07_F10,fuzzy_warning_as_alarm_hi50,0.09533073929961089,0.03636363636363636,0.9498977505112475,0.05469915464942814,0.09147331095940094,0.10127579429113495,0.009802483331734016
fedavg,777,condition,pooled,cnn-ae,N09_M07_F10,fuzzy_fault_only_hi75,0.05853174603174603,0.01818181818181818,0.9698364008179959,0.05469915464942814,0.09147331095940094,0.10127579429113495,0.009802483331734016
fedavg,777,condition,client_specific,cnn-ae,N15_M01_F10,hard_val_p95,0.06042595344229817,0.03571428571428571,0.9688139059304703,0.03628230616302187,0.06990871051474244,0.0734373312468166,0.0035286207320741614
fedavg,777,condition,client_specific,cnn-ae,N15_M01_F10,fuzzy_warning_as_alarm_hi50,0.06042595344229817,0.03571428571428571,0.9688139059304703,0.03628230616302187,0.06990871051474244,0.0734373312468166,0.0035286207320741614
fedavg,777,condition,client_specific,cnn-ae,N15_M01_F10,fuzzy_fault_only_hi75,0.026222894604135148,0.017857142857142856,0.9867075664621677,0.03628230616302187,0.06990871051474244,0.0734373312468166,0.0035286207320741614
fedavg,777,condition,pooled,cnn-ae,N15_M01_F10,hard_val_p95,0.09528439474963539,0.05357142857142857,0.9498977505112475,0.05467196819085487,0.09250088979658473,0.10127579429113495,0.00877490449455022
fedavg,777,condition,pooled,cnn-ae,N15_M01_F10,fuzzy_warning_as_alarm_hi50,0.09528439474963539,0.05357142857142857,0.9498977505112475,0.05467196819085487,0.09250088979658473,0.10127579429113495,0.00877490449455022
fedavg,777,condition,pooled,cnn-ae,N15_M01_F10,fuzzy_fault_only_hi75,0.05850272682201289,0.03571428571428571,0.9698364008179959,0.05467196819085487,0.09250088979658473,0.10127579429113495,0.00877490449455022
fedavg,777,condition,client_specific,cnn-ae,N15_M07_F04,hard_val_p95,0.23004059539918809,0.10909090909090909,0.8696319018404908,0.043262058677274985,0.15134248834046998,0.17880781957826564,0.027465331237795654
fedavg,777,condition,client_specific,cnn-ae,N15_M07_F04,fuzzy_warning_as_alarm_hi50,0.23004059539918809,0.10909090909090909,0.8696319018404908,0.043262058677274985,0.15134248834046998,0.17880781957826564,0.027465331237795654
fedavg,777,condition,client_specific,cnn-ae,N15_M07_F04,fuzzy_fault_only_hi75,0.20348304307974335,0.07272727272727272,0.8865030674846626,0.043262058677274985,0.15134248834046998,0.17880781957826564,0.027465331237795654
fedavg,777,condition,pooled,cnn-ae,N15_M07_F04,hard_val_p95,0.09533073929961089,0.03636363636363636,0.9498977505112475,0.05420188960716062,0.07890802855150812,0.10127579429113495,0.02236776573962683
fedavg,777,condition,pooled,cnn-ae,N15_M07_F04,fuzzy_warning_as_alarm_hi50,0.09533073929961089,0.03636363636363636,0.9498977505112475,0.05420188960716062,0.07890802855150812,0.10127579429113495,0.02236776573962683
fedavg,777,condition,pooled,cnn-ae,N15_M07_F04,fuzzy_fault_only_hi75,0.058560794044665014,0.0,0.9698364008179959,0.05420188960716062,0.07890802855150812,0.10127579429113495,0.02236776573962683
fedavg,777,condition,client_specific,cnn-ae,N15_M07_F10,hard_val_p95,0.08410757946210269,0.05454545454545454,0.9560327198364008,0.04027846842366982,0.09475999999313721,0.09609922333619453,0.0013392233430573192
fedavg,777,condition,client_specific,cnn-ae,N15_M07_F10,fuzzy_warning_as_alarm_hi50,0.08410757946210269,0.05454545454545454,0.9560327198364008,0.04027846842366982,0.09475999999313721,0.09609922333619453,0.0013392233430573192
fedavg,777,condition,client_specific,cnn-ae,N15_M07_F10,fuzzy_fault_only_hi75,0.06042595344229817,0.03636363636363636,0.9688139059304703,0.04027846842366982,0.09475999999313721,0.09609922333619453,0.0013392233430573192
fedavg,777,condition,pooled,cnn-ae,N15_M07_F10,hard_val_p95,0.09528439474963539,0.05454545454545454,0.9498977505112475,0.05469915464942814,0.09758609299449705,0.10127579429113495,0.0036897012966378984
fedavg,777,condition,pooled,cnn-ae,N15_M07_F10,fuzzy_warning_as_alarm_hi50,0.09528439474963539,0.05454545454545454,0.9498977505112475,0.05469915464942814,0.09758609299449705,0.10127579429113495,0.0036897012966378984
fedavg,777,condition,pooled,cnn-ae,N15_M07_F10,fuzzy_fault_only_hi75,0.05850272682201289,0.03636363636363636,0.9698364008179959,0.05469915464942814,0.09758609299449705,0.10127579429113495,0.0036897012966378984
fedavg,777,condition,client_specific,cnn-ae,N09_M07_F10,hard_val_p95,0.07093596059113301,0.03636363636363636,0.9631901840490797,0.06315266036797614,0.08266045654568238,0.0981961908156765,0.01553573426999412
fedavg,777,condition,client_specific,cnn-ae,N09_M07_F10,fuzzy_warning_as_alarm_hi50,0.07093596059113301,0.03636363636363636,0.9631901840490797,0.06315266036797614,0.08266045654568238,0.0981961908156765,0.01553573426999412
fedavg,777,condition,client_specific,cnn-ae,N09_M07_F10,fuzzy_fault_only_hi75,0.046906187624750496,0.01818181818181818,0.9759713701431493,0.06315266036797614,0.08266045654568238,0.0981961908156765,0.01553573426999412
fedavg,777,condition,pooled,cnn-ae,N09_M07_F10,hard_val_p95,0.07378258730939498,0.03636363636363636,0.9616564417177914,0.06514172053704624,0.07843294378576243,0.0945488580325948,0.01611591424683237
fedavg,777,condition,pooled,cnn-ae,N09_M07_F10,fuzzy_warning_as_alarm_hi50,0.07378258730939498,0.03636363636363636,0.9616564417177914,0.06514172053704624,0.07843294378576243,0.0945488580325948,0.01611591424683237
fedavg,777,condition,pooled,cnn-ae,N09_M07_F10,fuzzy_fault_only_hi75,0.03614457831325301,0.0,0.9815950920245399,0.06514172053704624,0.07843294378576243,0.0945488580325948,0.01611591424683237
fedavg,777,condition,client_specific,cnn-ae,N15_M01_F10,hard_val_p95,0.035140562248995984,0.017857142857142856,0.9821063394683026,0.05864811133200795,0.1001097683407219,0.0851825937859935,-0.014927174554728403
fedavg,777,condition,client_specific,cnn-ae,N15_M01_F10,fuzzy_warning_as_alarm_hi50,0.035140562248995984,0.017857142857142856,0.9821063394683026,0.05864811133200795,0.1001097683407219,0.0851825937859935,-0.014927174554728403
fedavg,777,condition,client_specific,cnn-ae,N15_M01_F10,fuzzy_fault_only_hi75,0.020242914979757085,0.0,0.9897750511247444,0.05864811133200795,0.1001097683407219,0.0851825937859935,-0.014927174554728403
fedavg,777,condition,pooled,cnn-ae,N15_M01_F10,hard_val_p95,0.07367387033398821,0.08928571428571429,0.9616564417177914,0.06610337972166998,0.12590851483517165,0.0945488580325948,-0.03135965680257685
fedavg,777,condition,pooled,cnn-ae,N15_M01_F10,fuzzy_warning_as_alarm_hi50,0.07367387033398821,0.08928571428571429,0.9616564417177914,0.06610337972166998,0.12590851483517165,0.0945488580325948,-0.03135965680257685
fedavg,777,condition,pooled,cnn-ae,N15_M01_F10,fuzzy_fault_only_hi75,0.03610832497492478,0.03571428571428571,0.9815950920245399,0.06610337972166998,0.12590851483517165,0.0945488580325948,-0.03135965680257685
fedavg,777,condition,client_specific,cnn-ae,N15_M07_F04,hard_val_p95,0.11078998073217726,0.09090909090909091,0.9412065439672802,0.06464445549477872,0.15042217883706135,0.11783782342784913,-0.03258435540921223
fedavg,777,condition,client_specific,cnn-ae,N15_M07_F04,fuzzy_warning_as_alarm_hi50,0.11078998073217726,0.09090909090909091,0.9412065439672802,0.06464445549477872,0.15042217883706135,0.11783782342784913,-0.03258435540921223
fedavg,777,condition,client_specific,cnn-ae,N15_M07_F04,fuzzy_fault_only_hi75,0.08966861598440545,0.07272727272727272,0.9529652351738241,0.06464445549477872,0.15042217883706135,0.11783782342784913,-0.03258435540921223
fedavg,777,condition,pooled,cnn-ae,N15_M07_F04,hard_val_p95,0.07371007371007371,0.07272727272727272,0.9616564417177914,0.06464445549477872,0.12423417729856738,0.0945488580325948,-0.02968531926597258
fedavg,777,condition,pooled,cnn-ae,N15_M07_F04,fuzzy_warning_as_alarm_hi50,0.07371007371007371,0.07272727272727272,0.9616564417177914,0.06464445549477872,0.12423417729856738,0.0945488580325948,-0.02968531926597258
fedavg,777,condition,pooled,cnn-ae,N15_M07_F04,fuzzy_fault_only_hi75,0.03609022556390978,0.05454545454545454,0.9815950920245399,0.06464445549477872,0.12423417729856738,0.0945488580325948,-0.02968531926597258
fedavg,777,condition,client_specific,cnn-ae,N15_M07_F10,hard_val_p95,0.11736411736411737,0.01818181818181818,0.9376278118609407,0.06066633515663849,0.05562215307650066,0.10004712220355258,0.04442496912705192
fedavg,777,condition,client_specific,cnn-ae,N15_M07_F10,fuzzy_warning_as_alarm_hi50,0.11736411736411737,0.01818181818181818,0.9376278118609407,0.06066633515663849,0.05562215307650066,0.10004712220355258,0.04442496912705192
fedavg,777,condition,client_specific,cnn-ae,N15_M07_F10,fuzzy_fault_only_hi75,0.05179282868525897,0.0,0.9734151329243353,0.06066633515663849,0.05562215307650066,0.10004712220355258,0.04442496912705192
fedavg,777,condition,pooled,cnn-ae,N15_M07_F10,hard_val_p95,0.07381889763779527,0.01818181818181818,0.9616564417177914,0.06364992541024365,0.05568231482388173,0.0945488580325948,0.03886654320871307
fedavg,777,condition,pooled,cnn-ae,N15_M07_F10,fuzzy_warning_as_alarm_hi50,0.07381889763779527,0.01818181818181818,0.9616564417177914,0.06364992541024365,0.05568231482388173,0.0945488580325948,0.03886654320871307
fedavg,777,condition,pooled,cnn-ae,N15_M07_F10,fuzzy_fault_only_hi75,0.03614457831325301,0.0,0.9815950920245399,0.06364992541024365,0.05568231482388173,0.0945488580325948,0.03886654320871307
fedavg,777,condition,client_specific,cnn-ae,N09_M07_F10,hard_val_p95,0.04685942173479561,0.05454545454545454,0.9759713701431493,0.05022376926902039,0.11493933181464554,0.07122225486480033,-0.04371707694984521
fedavg,777,condition,client_specific,cnn-ae,N09_M07_F10,fuzzy_warning_as_alarm_hi50,0.04685942173479561,0.05454545454545454,0.9759713701431493,0.05022376926902039,0.11493933181464554,0.07122225486480033,-0.04371707694984521
fedavg,777,condition,client_specific,cnn-ae,N09_M07_F10,fuzzy_fault_only_hi75,0.03313253012048193,0.05454545454545454,0.9831288343558282,0.05022376926902039,0.11493933181464554,0.07122225486480033,-0.04371707694984521
fedavg,777,condition,pooled,cnn-ae,N09_M07_F10,hard_val_p95,0.05745418524021793,0.09090909090909091,0.9703476482617587,0.06016907011437096,0.13321269753149995,0.0872513917053408,-0.04596130582615915
fedavg,777,condition,pooled,cnn-ae,N09_M07_F10,fuzzy_warning_as_alarm_hi50,0.05745418524021793,0.09090909090909091,0.9703476482617587,0.06016907011437096,0.13321269753149995,0.0872513917053408,-0.04596130582615915
fedavg,777,condition,pooled,cnn-ae,N09_M07_F10,fuzzy_fault_only_hi75,0.02619647355163728,0.05454545454545454,0.9867075664621677,0.06016907011437096,0.13321269753149995,0.0872513917053408,-0.04596130582615915
fedavg,777,condition,client_specific,cnn-ae,N15_M01_F10,hard_val_p95,0.0897560975609756,0.03571428571428571,0.9529652351738241,0.07902584493041749,0.08632434565945805,0.1002844431448363,0.013960097485378242
fedavg,777,condition,client_specific,cnn-ae,N15_M01_F10,fuzzy_warning_as_alarm_hi50,0.0897560975609756,0.03571428571428571,0.9529652351738241,0.07902584493041749,0.08632434565945805,0.1002844431448363,0.013960097485378242
fedavg,777,condition,client_specific,cnn-ae,N15_M01_F10,fuzzy_fault_only_hi75,0.02620967741935484,0.03571428571428571,0.9867075664621677,0.07902584493041749,0.08632434565945805,0.1002844431448363,0.013960097485378242
fedavg,777,condition,pooled,cnn-ae,N15_M01_F10,hard_val_p95,0.057539682539682536,0.03571428571428571,0.9703476482617587,0.05964214711729622,0.07733103708067963,0.0872513917053408,0.009920354624661162
fedavg,777,condition,pooled,cnn-ae,N15_M01_F10,fuzzy_warning_as_alarm_hi50,0.057539682539682536,0.03571428571428571,0.9703476482617587,0.05964214711729622,0.07733103708067963,0.0872513917053408,0.009920354624661162
fedavg,777,condition,pooled,cnn-ae,N15_M01_F10,fuzzy_fault_only_hi75,0.02620967741935484,0.03571428571428571,0.9867075664621677,0.05964214711729622,0.07733103708067963,0.0872513917053408,0.009920354624661162
fedavg,777,condition,client_specific,cnn-ae,N15_M07_F04,hard_val_p95,0.13567362428842505,0.16363636363636364,0.9268916155419223,0.08453505718547986,0.1916148094424561,0.10980681250805255,-0.08180799693440355
fedavg,777,condition,client_specific,cnn-ae,N15_M07_F04,fuzzy_warning_as_alarm_hi50,0.13567362428842505,0.16363636363636364,0.9268916155419223,0.08453505718547986,0.1916148094424561,0.10980681250805255,-0.08180799693440355
fedavg,777,condition,client_specific,cnn-ae,N15_M07_F04,fuzzy_fault_only_hi75,0.06988188976377953,0.09090909090909091,0.9637014314928425,0.08453505718547986,0.1916148094424561,0.10980681250805255,-0.08180799693440355
fedavg,777,condition,pooled,cnn-ae,N15_M07_F04,hard_val_p95,0.057482656095143705,0.07272727272727272,0.9703476482617587,0.06166086524117355,0.14212306970266447,0.0872513917053408,-0.054871677997323676
fedavg,777,condition,pooled,cnn-ae,N15_M07_F04,fuzzy_warning_as_alarm_hi50,0.057482656095143705,0.07272727272727272,0.9703476482617587,0.06166086524117355,0.14212306970266447,0.0872513917053408,-0.054871677997323676
fedavg,777,condition,pooled,cnn-ae,N15_M07_F04,fuzzy_fault_only_hi75,0.02620967741935484,0.03636363636363636,0.9867075664621677,0.06166086524117355,0.14212306970266447,0.0872513917053408,-0.054871677997323676
fedavg,777,condition,client_specific,cnn-ae,N15_M07_F10,hard_val_p95,0.061446977205153616,0.0,0.9683026584867076,0.0556936847339632,0.07582771227582602,0.11998946697776952,0.0441617547019435
fedavg,777,condition,client_specific,cnn-ae,N15_M07_F10,fuzzy_warning_as_alarm_hi50,0.061446977205153616,0.0,0.9683026584867076,0.0556936847339632,0.07582771227582602,0.11998946697776952,0.0441617547019435
fedavg,777,condition,client_specific,cnn-ae,N15_M07_F10,fuzzy_fault_only_hi75,0.02523977788995457,0.0,0.9872188139059305,0.0556936847339632,0.07582771227582602,0.11998946697776952,0.0441617547019435
fedavg,777,condition,pooled,cnn-ae,N15_M07_F10,hard_val_p95,0.05759682224428997,0.0,0.9703476482617587,0.058677274987568376,0.04490581482699708,0.0872513917053408,0.04234557687834372
fedavg,777,condition,pooled,cnn-ae,N15_M07_F10,fuzzy_warning_as_alarm_hi50,0.05759682224428997,0.0,0.9703476482617587,0.058677274987568376,0.04490581482699708,0.0872513917053408,0.04234557687834372
fedavg,777,condition,pooled,cnn-ae,N15_M07_F10,fuzzy_fault_only_hi75,0.026236125126135216,0.0,0.9867075664621677,0.058677274987568376,0.04490581482699708,0.0872513917053408,0.04234557687834372
fedavg,777,condition,client_specific,cnn-ae,N09_M07_F10,hard_val_p95,0.05357142857142857,0.10909090909090909,0.9723926380368099,0.034311287916459474,0.13920533029777543,0.05867895937493491,-0.08052637092284051
fedavg,777,condition,client_specific,cnn-ae,N09_M07_F10,fuzzy_warning_as_alarm_hi50,0.05357142857142857,0.10909090909090909,0.9723926380368099,0.034311287916459474,0.13920533029777543,0.05867895937493491,-0.08052637092284051
fedavg,777,condition,client_specific,cnn-ae,N09_M07_F10,fuzzy_fault_only_hi75,0.020222446916076844,0.03636363636363636,0.9897750511247444,0.034311287916459474,0.13920533029777543,0.05867895937493491,-0.08052637092284051
fedavg,777,condition,pooled,cnn-ae,N09_M07_F10,hard_val_p95,0.04484304932735426,0.10909090909090909,0.9769938650306749,0.04375932371954252,0.1423458820852911,0.0649193325317954,-0.07742654955349569
fedavg,777,condition,pooled,cnn-ae,N09_M07_F10,fuzzy_warning_as_alarm_hi50,0.04484304932735426,0.10909090909090909,0.9769938650306749,0.04375932371954252,0.1423458820852911,0.0649193325317954,-0.07742654955349569
fedavg,777,condition,pooled,cnn-ae,N09_M07_F10,fuzzy_fault_only_hi75,0.00916030534351145,0.0,0.995398773006135,0.04375932371954252,0.1423458820852911,0.0649193325317954,-0.07742654955349569
fedavg,777,condition,client_specific,cnn-ae,N15_M01_F10,hard_val_p95,0.04102051025512756,0.03571428571428571,0.9790388548057259,0.03479125248508946,0.08703244036906921,0.06580614302470209,-0.021226297344367123
fedavg,777,condition,client_specific,cnn-ae,N15_M01_F10,fuzzy_warning_as_alarm_hi50,0.04102051025512756,0.03571428571428571,0.9790388548057259,0.03479125248508946,0.08703244036906921,0.06580614302470209,-0.021226297344367123
fedavg,777,condition,client_specific,cnn-ae,N15_M01_F10,fuzzy_fault_only_hi75,0.018227848101265823,0.017857142857142856,0.99079754601227,0.03479125248508946,0.08703244036906921,0.06580614302470209,-0.021226297344367123
fedavg,777,condition,pooled,cnn-ae,N15_M01_F10,hard_val_p95,0.044932601098352475,0.03571428571428571,0.9769938650306749,0.04125248508946322,0.088590502388157,0.0649193325317954,-0.0236711698563616
fedavg,777,condition,pooled,cnn-ae,N15_M01_F10,fuzzy_warning_as_alarm_hi50,0.044932601098352475,0.03571428571428571,0.9769938650306749,0.04125248508946322,0.088590502388157,0.0649193325317954,-0.0236711698563616
fedavg,777,condition,pooled,cnn-ae,N15_M01_F10,fuzzy_fault_only_hi75,0.009155645981688708,0.017857142857142856,0.995398773006135,0.04125248508946322,0.088590502388157,0.0649193325317954,-0.0236711698563616
fedavg,777,condition,client_specific,cnn-ae,N15_M07_F04,hard_val_p95,0.055583126550868486,0.05454545454545454,0.9713701431492843,0.03878667329686723,0.10203108713504043,0.07414769712394428,-0.027883390011096146
fedavg,777,condition,client_specific,cnn-ae,N15_M07_F04,fuzzy_warning_as_alarm_hi50,0.055583126550868486,0.05454545454545454,0.9713701431492843,0.03878667329686723,0.10203108713504043,0.07414769712394428,-0.027883390011096146
fedavg,777,condition,client_specific,cnn-ae,N15_M07_F04,fuzzy_fault_only_hi75,0.007131940906775344,0.0,0.9964212678936605,0.03878667329686723,0.10203108713504043,0.07414769712394428,-0.027883390011096146
fedavg,777,condition,pooled,cnn-ae,N15_M07_F04,hard_val_p95,0.04491017964071856,0.05454545454545454,0.9769938650306749,0.039781203381402286,0.09026510029977154,0.0649193325317954,-0.025345767767976146
fedavg,777,condition,pooled,cnn-ae,N15_M07_F04,fuzzy_warning_as_alarm_hi50,0.04491017964071856,0.05454545454545454,0.9769938650306749,0.039781203381402286,0.09026510029977154,0.0649193325317954,-0.025345767767976146
fedavg,777,condition,pooled,cnn-ae,N15_M07_F04,fuzzy_fault_only_hi75,0.009150991357397052,0.03636363636363636,0.995398773006135,0.039781203381402286,0.09026510029977154,0.0649193325317954,-0.025345767767976146
fedavg,777,condition,client_specific,cnn-ae,N15_M07_F10,hard_val_p95,0.037092731829573934,0.03636363636363636,0.9810838445807771,0.051218299353555444,0.09661465493300252,0.08435818880113777,-0.012256466131864749
fedavg,777,condition,client_specific,cnn-ae,N15_M07_F10,fuzzy_warning_as_alarm_hi50,0.037092731829573934,0.03636363636363636,0.9810838445807771,0.051218299353555444,0.09661465493300252,0.08435818880113777,-0.012256466131864749
fedavg,777,condition,client_specific,cnn-ae,N15_M07_F10,fuzzy_fault_only_hi75,0.011178861788617886,0.01818181818181818,0.9943762781186094,0.051218299353555444,0.09661465493300252,0.08435818880113777,-0.012256466131864749
fedavg,777,condition,pooled,cnn-ae,N15_M07_F10,hard_val_p95,0.04491017964071856,0.05454545454545454,0.9769938650306749,0.04027846842366982,0.07982411820848302,0.0649193325317954,-0.014904785676687626
fedavg,777,condition,pooled,cnn-ae,N15_M07_F10,fuzzy_warning_as_alarm_hi50,0.04491017964071856,0.05454545454545454,0.9769938650306749,0.04027846842366982,0.07982411820848302,0.0649193325317954,-0.014904785676687626
fedavg,777,condition,pooled,cnn-ae,N15_M07_F10,fuzzy_fault_only_hi75,0.009155645981688708,0.01818181818181818,0.995398773006135,0.04027846842366982,0.07982411820848302,0.0649193325317954,-0.014904785676687626
fedavg,777,condition,client_specific,cnn-ae,N09_M07_F10,hard_val_p95,0.04783258594917788,0.05454545454545454,0.9754601226993865,0.026355047240179015,0.1205091465077838,0.0537908851468061,-0.0667182613609777
fedavg,777,condition,client_specific,cnn-ae,N09_M07_F10,fuzzy_warning_as_alarm_hi50,0.04783258594917788,0.05454545454545454,0.9754601226993865,0.026355047240179015,0.1205091465077838,0.0537908851468061,-0.0667182613609777
fedavg,777,condition,client_specific,cnn-ae,N09_M07_F10,fuzzy_fault_only_hi75,0.03411941796287005,0.05454545454545454,0.9826175869120655,0.026355047240179015,0.1205091465077838,0.0537908851468061,-0.0667182613609777
fedavg,777,condition,pooled,cnn-ae,N09_M07_F10,hard_val_p95,0.0859375,0.07272727272727272,0.9550102249488752,0.05320735952262556,0.16819676716729187,0.08559160801846885,-0.08260515914882302
fedavg,777,condition,pooled,cnn-ae,N09_M07_F10,fuzzy_warning_as_alarm_hi50,0.0859375,0.07272727272727272,0.9550102249488752,0.05320735952262556,0.16819676716729187,0.08559160801846885,-0.08260515914882302
fedavg,777,condition,pooled,cnn-ae,N09_M07_F10,fuzzy_fault_only_hi75,0.04880478087649402,0.05454545454545454,0.9749488752556237,0.05320735952262556,0.16819676716729187,0.08559160801846885,-0.08260515914882302
fedavg,777,condition,client_specific,cnn-ae,N15_M01_F10,hard_val_p95,0.08971233544612384,0.05357142857142857,0.9529652351738241,0.06908548707753479,0.09457905415998842,0.08381045053873673,-0.01076860362125169
fedavg,777,condition,client_specific,cnn-ae,N15_M01_F10,fuzzy_warning_as_alarm_hi50,0.08971233544612384,0.05357142857142857,0.9529652351738241,0.06908548707753479,0.09457905415998842,0.08381045053873673,-0.01076860362125169
fedavg,777,condition,client_specific,cnn-ae,N15_M01_F10,fuzzy_fault_only_hi75,0.03415369161225515,0.017857142857142856,0.9826175869120655,0.06908548707753479,0.09457905415998842,0.08381045053873673,-0.01076860362125169
fedavg,777,condition,pooled,cnn-ae,N15_M01_F10,hard_val_p95,0.08597948216902784,0.05357142857142857,0.9550102249488752,0.05268389662027833,0.09669580261440802,0.08559160801846885,-0.01110419459593917
fedavg,777,condition,pooled,cnn-ae,N15_M01_F10,fuzzy_warning_as_alarm_hi50,0.08597948216902784,0.05357142857142857,0.9550102249488752,0.05268389662027833,0.09669580261440802,0.08559160801846885,-0.01110419459593917
fedavg,777,condition,pooled,cnn-ae,N15_M01_F10,fuzzy_fault_only_hi75,0.048829098156452415,0.03571428571428571,0.9749488752556237,0.05268389662027833,0.09669580261440802,0.08559160801846885,-0.01110419459593917
fedavg,777,condition,client_specific,cnn-ae,N15_M07_F04,hard_val_p95,0.18232299861175383,0.14545454545454545,0.8992842535787321,0.039781203381402286,0.20640332378261245,0.1468372550150578,-0.05956606876755466
fedavg,777,condition,client_specific,cnn-ae,N15_M07_F04,fuzzy_warning_as_alarm_hi50,0.18232299861175383,0.14545454545454545,0.8992842535787321,0.039781203381402286,0.20640332378261245,0.1468372550150578,-0.05956606876755466
fedavg,777,condition,client_specific,cnn-ae,N15_M07_F04,fuzzy_fault_only_hi75,0.1645628798503974,0.12727272727272726,0.9100204498977505,0.039781203381402286,0.20640332378261245,0.1468372550150578,-0.05956606876755466
fedavg,777,condition,pooled,cnn-ae,N15_M07_F04,hard_val_p95,0.08602150537634409,0.03636363636363636,0.9550102249488752,0.05370462456489309,0.09435103226998097,0.08559160801846885,-0.008759424251512118
fedavg,777,condition,pooled,cnn-ae,N15_M07_F04,fuzzy_warning_as_alarm_hi50,0.08602150537634409,0.03636363636363636,0.9550102249488752,0.05370462456489309,0.09435103226998097,0.08559160801846885,-0.008759424251512118
fedavg,777,condition,pooled,cnn-ae,N15_M07_F04,fuzzy_fault_only_hi75,0.04887780548628429,0.0,0.9749488752556237,0.05370462456489309,0.09435103226998097,0.08559160801846885,-0.008759424251512118
fedavg,777,condition,client_specific,cnn-ae,N15_M07_F10,hard_val_p95,0.09444985394352483,0.01818181818181818,0.9504089979550102,0.046742913973147684,0.11464417436520828,0.12290689347453178,0.008262719109323496
fedavg,777,condition,client_specific,cnn-ae,N15_M07_F10,fuzzy_warning_as_alarm_hi50,0.09444985394352483,0.01818181818181818,0.9504089979550102,0.046742913973147684,0.11464417436520828,0.12290689347453178,0.008262719109323496
fedavg,777,condition,client_specific,cnn-ae,N15_M07_F10,fuzzy_fault_only_hi75,0.05082212257100149,0.0,0.9739263803680982,0.046742913973147684,0.11464417436520828,0.12290689347453178,0.008262719109323496
fedavg,777,condition,pooled,cnn-ae,N15_M07_F10,hard_val_p95,0.08606356968215159,0.01818181818181818,0.9550102249488752,0.05370462456489309,0.08000090485586726,0.08559160801846885,0.005590703162601587
fedavg,777,condition,pooled,cnn-ae,N15_M07_F10,fuzzy_warning_as_alarm_hi50,0.08606356968215159,0.01818181818181818,0.9550102249488752,0.05370462456489309,0.08000090485586726,0.08559160801846885,0.005590703162601587
fedavg,777,condition,pooled,cnn-ae,N15_M07_F10,fuzzy_fault_only_hi75,0.04887780548628429,0.0,0.9749488752556237,0.05370462456489309,0.08000090485586726,0.08559160801846885,0.005590703162601587
fedavg,777,condition,client_specific,cnn-ae,N09_M07_F10,hard_val_p95,0.041061592388582875,0.0,0.9790388548057259,0.022874191944306316,0.06146198946258339,0.043521903928473354,-0.017940085534110035
fedavg,777,condition,client_specific,cnn-ae,N09_M07_F10,fuzzy_warning_as_alarm_hi50,0.041061592388582875,0.0,0.9790388548057259,0.022874191944306316,0.06146198946258339,0.043521903928473354,-0.017940085534110035
fedavg,777,condition,client_specific,cnn-ae,N09_M07_F10,fuzzy_fault_only_hi75,0.03515821195379206,0.0,0.9821063394683026,0.022874191944306316,0.06146198946258339,0.043521903928473354,-0.017940085534110035
fedavg,777,condition,pooled,cnn-ae,N09_M07_F10,hard_val_p95,0.09241245136186771,0.09090909090909091,0.9514314928425358,0.05668821481849826,0.15042780969088235,0.08480622574821638,-0.06562158394266597
fedavg,777,condition,pooled,cnn-ae,N09_M07_F10,fuzzy_warning_as_alarm_hi50,0.09241245136186771,0.09090909090909091,0.9514314928425358,0.05668821481849826,0.15042780969088235,0.08480622574821638,-0.06562158394266597
fedavg,777,condition,pooled,cnn-ae,N09_M07_F10,fuzzy_fault_only_hi75,0.05370462456489309,0.01818181818181818,0.9723926380368099,0.05668821481849826,0.15042780969088235,0.08480622574821638,-0.06562158394266597
fedavg,777,condition,client_specific,cnn-ae,N15_M01_F10,hard_val_p95,0.10358180058083252,0.05357142857142857,0.9452965235173824,0.042743538767395624,0.1074126489107498,0.09341727930799788,-0.013995369602751911
fedavg,777,condition,client_specific,cnn-ae,N15_M01_F10,fuzzy_warning_as_alarm_hi50,0.10358180058083252,0.05357142857142857,0.9452965235173824,0.042743538767395624,0.1074126489107498,0.09341727930799788,-0.013995369602751911
fedavg,777,condition,client_specific,cnn-ae,N15_M01_F10,fuzzy_fault_only_hi75,0.0784698381559588,0.05357142857142857,0.9591002044989775,0.042743538767395624,0.1074126489107498,0.09341727930799788,-0.013995369602751911
fedavg,777,condition,pooled,cnn-ae,N15_M01_F10,hard_val_p95,0.09250243427458617,0.05357142857142857,0.9514314928425358,0.05616302186878728,0.09905112024299534,0.08480622574821638,-0.014244894494778962
fedavg,777,condition,pooled,cnn-ae,N15_M01_F10,fuzzy_warning_as_alarm_hi50,0.09250243427458617,0.05357142857142857,0.9514314928425358,0.05616302186878728,0.09905112024299534,0.08480622574821638,-0.014244894494778962
fedavg,777,condition,pooled,cnn-ae,N15_M01_F10,fuzzy_fault_only_hi75,0.0536779324055666,0.03571428571428571,0.9723926380368099,0.05616302186878728,0.09905112024299534,0.08480622574821638,-0.014244894494778962
fedavg,777,condition,client_specific,cnn-ae,N15_M07_F04,hard_val_p95,0.16026241799437677,0.12727272727272726,0.9125766871165644,0.07061163600198907,0.14485467295256585,0.12493806833574557,-0.01991660461682028
fedavg,777,condition,client_specific,cnn-ae,N15_M07_F04,fuzzy_warning_as_alarm_hi50,0.16026241799437677,0.12727272727272726,0.9125766871165644,0.07061163600198907,0.14485467295256585,0.12493806833574557,-0.01991660461682028
fedavg,777,condition,client_specific,cnn-ae,N15_M07_F04,fuzzy_fault_only_hi75,0.07760314341846758,0.01818181818181818,0.9596114519427403,0.07061163600198907,0.14485467295256585,0.12493806833574557,-0.01991660461682028
fedavg,777,condition,pooled,cnn-ae,N15_M07_F04,hard_val_p95,0.09254749147588895,0.03636363636363636,0.9514314928425358,0.05619094977623073,0.08877989363945028,0.08480622574821638,-0.003973667891233906
fedavg,777,condition,pooled,cnn-ae,N15_M07_F04,fuzzy_warning_as_alarm_hi50,0.09254749147588895,0.03636363636363636,0.9514314928425358,0.05619094977623073,0.08877989363945028,0.08480622574821638,-0.003973667891233906
fedavg,777,condition,pooled,cnn-ae,N15_M07_F04,fuzzy_fault_only_hi75,0.05370462456489309,0.01818181818181818,0.9723926380368099,0.05619094977623073,0.08877989363945028,0.08480622574821638,-0.003973667891233906
fedavg,777,condition,client_specific,cnn-ae,N15_M07_F10,hard_val_p95,0.15188679245283018,0.05454545454545454,0.9176891615541922,0.07011437095972153,0.12814362983447222,0.14058647147721917,0.012442841642746949
fedavg,777,condition,client_specific,cnn-ae,N15_M07_F10,fuzzy_warning_as_alarm_hi50,0.15188679245283018,0.05454545454545454,0.9176891615541922,0.07011437095972153,0.12814362983447222,0.14058647147721917,0.012442841642746949
fedavg,777,condition,client_specific,cnn-ae,N15_M07_F10,fuzzy_fault_only_hi75,0.062376237623762376,0.01818181818181818,0.9677914110429447,0.07011437095972153,0.12814362983447222,0.14058647147721917,0.012442841642746949
fedavg,777,condition,pooled,cnn-ae,N15_M07_F10,hard_val_p95,0.09254749147588895,0.03636363636363636,0.9514314928425358,0.0556936847339632,0.07526962012899227,0.08480622574821638,0.009536605619224106
fedavg,777,condition,pooled,cnn-ae,N15_M07_F10,fuzzy_warning_as_alarm_hi50,0.09254749147588895,0.03636363636363636,0.9514314928425358,0.0556936847339632,0.07526962012899227,0.08480622574821638,0.009536605619224106
fedavg,777,condition,pooled,cnn-ae,N15_M07_F10,fuzzy_fault_only_hi75,0.05373134328358209,0.0,0.9723926380368099,0.0556936847339632,0.07526962012899227,0.08480622574821638,0.009536605619224106
fedavg,777,condition,client_specific,cnn-ae,N09_M07_F10,hard_val_p95,0.025201612903225805,0.05454545454545454,0.9872188139059305,0.016907011437095974,0.07717109103411635,0.024232981947084828,-0.05293810908703152
fedavg,777,condition,client_specific,cnn-ae,N09_M07_F10,fuzzy_warning_as_alarm_hi50,0.025201612903225805,0.05454545454545454,0.9872188139059305,0.016907011437095974,0.07717109103411635,0.024232981947084828,-0.05293810908703152
fedavg,777,condition,client_specific,cnn-ae,N09_M07_F10,fuzzy_fault_only_hi75,0.012195121951219513,0.0,0.9938650306748467,0.016907011437095974,0.07717109103411635,0.024232981947084828,-0.05293810908703152
fedavg,777,condition,pooled,cnn-ae,N09_M07_F10,hard_val_p95,0.051664182811723795,0.09090909090909091,0.9734151329243353,0.023371456986573842,0.18121087261764224,0.05958538011246565,-0.1216254925051766
fedavg,777,condition,pooled,cnn-ae,N09_M07_F10,fuzzy_warning_as_alarm_hi50,0.051664182811723795,0.09090909090909091,0.9734151329243353,0.023371456986573842,0.18121087261764224,0.05958538011246565,-0.1216254925051766
fedavg,777,condition,pooled,cnn-ae,N09_M07_F10,fuzzy_fault_only_hi75,0.0321285140562249,0.07272727272727272,0.983640081799591,0.023371456986573842,0.18121087261764224,0.05958538011246565,-0.1216254925051766
fedavg,777,condition,client_specific,cnn-ae,N15_M01_F10,hard_val_p95,0.087890625,0.03571428571428571,0.9539877300613497,0.03926441351888668,0.08511445460308904,0.09136277127927098,0.006248316676181934
fedavg,777,condition,client_specific,cnn-ae,N15_M01_F10,fuzzy_warning_as_alarm_hi50,0.087890625,0.03571428571428571,0.9539877300613497,0.03926441351888668,0.08511445460308904,0.09136277127927098,0.006248316676181934
fedavg,777,condition,client_specific,cnn-ae,N15_M01_F10,fuzzy_fault_only_hi75,0.07760314341846758,0.017857142857142856,0.9596114519427403,0.03926441351888668,0.08511445460308904,0.09136277127927098,0.006248316676181934
fedavg,777,condition,pooled,cnn-ae,N15_M01_F10,hard_val_p95,0.051767048282727726,0.017857142857142856,0.9734151329243353,0.02186878727634195,0.05329701941989813,0.05958538011246565,0.006288360692567517
fedavg,777,condition,pooled,cnn-ae,N15_M01_F10,fuzzy_warning_as_alarm_hi50,0.051767048282727726,0.017857142857142856,0.9734151329243353,0.02186878727634195,0.05329701941989813,0.05958538011246565,0.006288360692567517
fedavg,777,condition,pooled,cnn-ae,N15_M01_F10,fuzzy_fault_only_hi75,0.03219315895372234,0.0,0.983640081799591,0.02186878727634195,0.05329701941989813,0.05958538011246565,0.006288360692567517
fedavg,777,condition,client_specific,cnn-ae,N15_M07_F04,hard_val_p95,0.07745098039215687,0.09090909090909091,0.9596114519427403,0.034808552958727,0.14298112181425954,0.08425214927050312,-0.05872897254375642
fedavg,777,condition,client_specific,cnn-ae,N15_M07_F04,fuzzy_warning_as_alarm_hi50,0.07745098039215687,0.09090909090909091,0.9596114519427403,0.034808552958727,0.14298112181425954,0.08425214927050312,-0.05872897254375642
fedavg,777,condition,client_specific,cnn-ae,N15_M07_F04,fuzzy_fault_only_hi75,0.0507715281234445,0.03636363636363636,0.9739263803680982,0.034808552958727,0.14298112181425954,0.08425214927050312,-0.05872897254375642
fedavg,777,condition,pooled,cnn-ae,N15_M07_F04,hard_val_p95,0.051741293532338306,0.03636363636363636,0.9734151329243353,0.022874191944306316,0.0995129952875107,0.05958538011246565,-0.039927615175045054
fedavg,777,condition,pooled,cnn-ae,N15_M07_F04,fuzzy_warning_as_alarm_hi50,0.051741293532338306,0.03636363636363636,0.9734151329243353,0.022874191944306316,0.0995129952875107,0.05958538011246565,-0.039927615175045054
fedavg,777,condition,pooled,cnn-ae,N15_M07_F04,fuzzy_fault_only_hi75,0.032160804020100506,0.03636363636363636,0.983640081799591,0.022874191944306316,0.0995129952875107,0.05958538011246565,-0.039927615175045054
fedavg,777,condition,client_specific,cnn-ae,N15_M07_F10,hard_val_p95,0.08500244259892525,0.07272727272727272,0.9555214723926381,0.08403779214321233,0.13894912692392217,0.10680015614452004,-0.032148970779402125
fedavg,777,condition,client_specific,cnn-ae,N15_M07_F10,fuzzy_warning_as_alarm_hi50,0.08500244259892525,0.07272727272727272,0.9555214723926381,0.08403779214321233,0.13894912692392217,0.10680015614452004,-0.032148970779402125
fedavg,777,condition,client_specific,cnn-ae,N15_M07_F10,fuzzy_fault_only_hi75,0.032160804020100506,0.03636363636363636,0.983640081799591,0.08403779214321233,0.13894912692392217,0.10680015614452004,-0.032148970779402125
fedavg,777,condition,pooled,cnn-ae,N15_M07_F10,hard_val_p95,0.05168986083499006,0.07272727272727272,0.9734151329243353,0.022376926902038786,0.09027253088926893,0.05958538011246565,-0.030687150776803278
fedavg,777,condition,pooled,cnn-ae,N15_M07_F10,fuzzy_warning_as_alarm_hi50,0.05168986083499006,0.07272727272727272,0.9734151329243353,0.022376926902038786,0.09027253088926893,0.05958538011246565,-0.030687150776803278
fedavg,777,condition,pooled,cnn-ae,N15_M07_F10,fuzzy_fault_only_hi75,0.032160804020100506,0.03636363636363636,0.983640081799591,0.022376926902038786,0.09027253088926893,0.05958538011246565,-0.030687150776803278
fedavg-personalized,777,condition,client_specific,cnn-ae,N09_M07_F10,hard_val_p95,0.19078341013824884,0.12727272727272726,0.8941717791411042,0.029835902536051714,0.15586766151739398,0.1119605250560163,-0.043907136461377685
fedavg-personalized,777,condition,client_specific,cnn-ae,N09_M07_F10,fuzzy_warning_as_alarm_hi50,0.19078341013824884,0.12727272727272726,0.8941717791411042,0.029835902536051714,0.15586766151739398,0.1119605250560163,-0.043907136461377685
fedavg-personalized,777,condition,client_specific,cnn-ae,N09_M07_F10,fuzzy_fault_only_hi75,0.16198501872659177,0.12727272727272726,0.9115541922290389,0.029835902536051714,0.15586766151739398,0.1119605250560163,-0.043907136461377685
fedavg-personalized,777,condition,client_specific,cnn-ae,N15_M01_F10,hard_val_p95,0.26276076342654237,0.017857142857142856,0.8486707566462167,0.1058648111332008,0.06323936928895184,0.16817989718874365,0.10494052789979182
fedavg-personalized,777,condition,client_specific,cnn-ae,N15_M01_F10,fuzzy_warning_as_alarm_hi50,0.26276076342654237,0.017857142857142856,0.8486707566462167,0.1058648111332008,0.06323936928895184,0.16817989718874365,0.10494052789979182
fedavg-personalized,777,condition,client_specific,cnn-ae,N15_M01_F10,fuzzy_fault_only_hi75,0.13891531874405327,0.0,0.9253578732106339,0.1058648111332008,0.06323936928895184,0.16817989718874365,0.10494052789979182
fedavg-personalized,777,condition,client_specific,cnn-ae,N15_M07_F04,hard_val_p95,0.1481132075471698,0.12727272727272726,0.9197341513292433,0.02187966185977126,0.1580119499098319,0.10952243558140647,-0.04848951432842542
fedavg-personalized,777,condition,client_specific,cnn-ae,N15_M07_F04,fuzzy_warning_as_alarm_hi50,0.1481132075471698,0.12727272727272726,0.9197341513292433,0.02187966185977126,0.1580119499098319,0.10952243558140647,-0.04848951432842542
fedavg-personalized,777,condition,client_specific,cnn-ae,N15_M07_F04,fuzzy_fault_only_hi75,0.134916864608076,0.12727272727272726,0.9274028629856851,0.02187966185977126,0.1580119499098319,0.10952243558140647,-0.04848951432842542
fedavg-personalized,777,condition,client_specific,cnn-ae,N15_M07_F10,hard_val_p95,0.07195662888122227,0.0,0.962678936605317,0.025857782197911485,0.10630041662994028,0.1311059427349339,0.02480552610499362
fedavg-personalized,777,condition,client_specific,cnn-ae,N15_M07_F10,fuzzy_warning_as_alarm_hi50,0.07195662888122227,0.0,0.962678936605317,0.025857782197911485,0.10630041662994028,0.1311059427349339,0.02480552610499362
fedavg-personalized,777,condition,client_specific,cnn-ae,N15_M07_F10,fuzzy_fault_only_hi75,0.05759682224428997,0.0,0.9703476482617587,0.025857782197911485,0.10630041662994028,0.1311059427349339,0.02480552610499362
fedprox,777,condition,client_specific,cnn-ae,N09_M07_F10,hard_val_p95,0.13053835159599808,0.10909090909090909,0.929959100204499,0.07608155146693188,0.16048855074857055,0.13250983516025672,-0.02797871558831383
fedprox,777,condition,client_specific,cnn-ae,N09_M07_F10,fuzzy_warning_as_alarm_hi50,0.13053835159599808,0.10909090909090909,0.929959100204499,0.07608155146693188,0.16048855074857055,0.13250983516025672,-0.02797871558831383
fedprox,777,condition,client_specific,cnn-ae,N09_M07_F10,fuzzy_fault_only_hi75,0.08962493911349245,0.09090909090909091,0.9529652351738241,0.07608155146693188,0.16048855074857055,0.13250983516025672,-0.02797871558831383
fedprox,777,condition,pooled,cnn-ae,N09_M07_F10,hard_val_p95,0.06995073891625615,0.05454545454545454,0.9637014314928425,0.055196419691695676,0.11254910591000615,0.09801520520587334,-0.01453390070413281
fedprox,777,condition,pooled,cnn-ae,N09_M07_F10,fuzzy_warning_as_alarm_hi50,0.06995073891625615,0.05454545454545454,0.9637014314928425,0.055196419691695676,0.11254910591000615,0.09801520520587334,-0.01453390070413281
fedprox,777,condition,pooled,cnn-ae,N09_M07_F10,fuzzy_fault_only_hi75,0.05271009448035803,0.03636363636363636,0.9729038854805726,0.055196419691695676,0.11254910591000615,0.09801520520587334,-0.01453390070413281
fedprox,777,condition,client_specific,cnn-ae,N15_M01_F10,hard_val_p95,0.10821256038647344,0.03571428571428571,0.9427402862985685,0.05616302186878728,0.07149371244279464,0.11368643137352319,0.042192718930728554
fedprox,777,condition,client_specific,cnn-ae,N15_M01_F10,fuzzy_warning_as_alarm_hi50,0.10821256038647344,0.03571428571428571,0.9427402862985685,0.05616302186878728,0.07149371244279464,0.11368643137352319,0.042192718930728554
fedprox,777,condition,client_specific,cnn-ae,N15_M01_F10,fuzzy_fault_only_hi75,0.07097092163627403,0.017857142857142856,0.9631901840490797,0.05616302186878728,0.07149371244279464,0.11368643137352319,0.042192718930728554
fedprox,777,condition,pooled,cnn-ae,N15_M01_F10,hard_val_p95,0.07001972386587771,0.017857142857142856,0.9637014314928425,0.05268389662027833,0.0588345694648179,0.09801520520587334,0.03918063574105544
fedprox,777,condition,pooled,cnn-ae,N15_M01_F10,fuzzy_warning_as_alarm_hi50,0.07001972386587771,0.017857142857142856,0.9637014314928425,0.05268389662027833,0.0588345694648179,0.09801520520587334,0.03918063574105544
fedprox,777,condition,pooled,cnn-ae,N15_M01_F10,fuzzy_fault_only_hi75,0.05276256844201095,0.0,0.9729038854805726,0.05268389662027833,0.0588345694648179,0.09801520520587334,0.03918063574105544
fedprox,777,condition,client_specific,cnn-ae,N15_M07_F04,hard_val_p95,0.08780487804878048,0.07272727272727272,0.9539877300613497,0.05718547986076579,0.143019167154224,0.10195951241317917,-0.041059654741044824
fedprox,777,condition,client_specific,cnn-ae,N15_M07_F04,fuzzy_warning_as_alarm_hi50,0.08780487804878048,0.07272727272727272,0.9539877300613497,0.05718547986076579,0.143019167154224,0.10195951241317917,-0.041059654741044824
fedprox,777,condition,client_specific,cnn-ae,N15_M07_F04,fuzzy_fault_only_hi75,0.05751115518096182,0.05454545454545454,0.9703476482617587,0.05718547986076579,0.143019167154224,0.10195951241317917,-0.041059654741044824
fedprox,777,condition,pooled,cnn-ae,N15_M07_F04,hard_val_p95,0.06991629739044805,0.07272727272727272,0.9637014314928425,0.05420188960716062,0.1373801366835963,0.09801520520587334,-0.039364931477722964
fedprox,777,condition,pooled,cnn-ae,N15_M07_F04,fuzzy_warning_as_alarm_hi50,0.06991629739044805,0.07272727272727272,0.9637014314928425,0.05420188960716062,0.1373801366835963,0.09801520520587334,-0.039364931477722964
fedprox,777,condition,pooled,cnn-ae,N15_M07_F04,fuzzy_fault_only_hi75,0.05268389662027833,0.05454545454545454,0.9729038854805726,0.05420188960716062,0.1373801366835963,0.09801520520587334,-0.039364931477722964
fedprox,777,condition,client_specific,cnn-ae,N15_M07_F10,hard_val_p95,0.0527363184079602,0.01818181818181818,0.9729038854805726,0.024365987071108902,0.07412413076941378,0.08258748496389644,0.008463354194482658
fedprox,777,condition,client_specific,cnn-ae,N15_M07_F10,fuzzy_warning_as_alarm_hi50,0.0527363184079602,0.01818181818181818,0.9729038854805726,0.024365987071108902,0.07412413076941378,0.08258748496389644,0.008463354194482658
fedprox,777,condition,client_specific,cnn-ae,N15_M07_F10,fuzzy_fault_only_hi75,0.030211480362537766,0.0,0.9846625766871165,0.024365987071108902,0.07412413076941378,0.08258748496389644,0.008463354194482658
fedprox,777,condition,pooled,cnn-ae,N15_M07_F10,hard_val_p95,0.06991629739044805,0.07272727272727272,0.9637014314928425,0.05420188960716062,0.09890335831470921,0.09801520520587334,-0.0008881531088358735
fedprox,777,condition,pooled,cnn-ae,N15_M07_F10,fuzzy_warning_as_alarm_hi50,0.06991629739044805,0.07272727272727272,0.9637014314928425,0.05420188960716062,0.09890335831470921,0.09801520520587334,-0.0008881531088358735
fedprox,777,condition,pooled,cnn-ae,N15_M07_F10,fuzzy_fault_only_hi75,0.0527363184079602,0.01818181818181818,0.9729038854805726,0.05420188960716062,0.09890335831470921,0.09801520520587334,-0.0008881531088358735
fedprox,777,condition,client_specific,cnn-ae,N09_M07_F10,hard_val_p95,0.0970873786407767,0.07272727272727272,0.9488752556237219,0.03580308304326206,0.11192910237129897,0.108269975548615,-0.0036591268226839613
fedprox,777,condition,client_specific,cnn-ae,N09_M07_F10,fuzzy_warning_as_alarm_hi50,0.0970873786407767,0.07272727272727272,0.9488752556237219,0.03580308304326206,0.11192910237129897,0.108269975548615,-0.0036591268226839613
fedprox,777,condition,client_specific,cnn-ae,N09_M07_F10,fuzzy_fault_only_hi75,0.0756385068762279,0.05454545454545454,0.9606339468302658,0.03580308304326206,0.11192910237129897,0.108269975548615,-0.0036591268226839613
fedprox,777,condition,pooled,cnn-ae,N09_M07_F10,hard_val_p95,0.0756385068762279,0.05454545454545454,0.9606339468302658,0.06464445549477872,0.08617057867766696,0.08706860224825715,0.000898023570590184
fedprox,777,condition,pooled,cnn-ae,N09_M07_F10,fuzzy_warning_as_alarm_hi50,0.0756385068762279,0.05454545454545454,0.9606339468302658,0.06464445549477872,0.08617057867766696,0.08706860224825715,0.000898023570590184
fedprox,777,condition,pooled,cnn-ae,N09_M07_F10,fuzzy_fault_only_hi75,0.03217697335344394,0.01818181818181818,0.983640081799591,0.06464445549477872,0.08617057867766696,0.08706860224825715,0.000898023570590184
fedprox,777,condition,client_specific,cnn-ae,N15_M01_F10,hard_val_p95,0.0652496292634701,0.017857142857142856,0.9662576687116564,0.06262425447316103,0.05354180849176238,0.0751305997624626,0.021588791270700222
fedprox,777,condition,client_specific,cnn-ae,N15_M01_F10,fuzzy_warning_as_alarm_hi50,0.0652496292634701,0.017857142857142856,0.9662576687116564,0.06262425447316103,0.05354180849176238,0.0751305997624626,0.021588791270700222
fedprox,777,condition,client_specific,cnn-ae,N15_M01_F10,fuzzy_fault_only_hi75,0.019230769230769232,0.017857142857142856,0.9902862985685071,0.06262425447316103,0.05354180849176238,0.0751305997624626,0.021588791270700222
fedprox,777,condition,pooled,cnn-ae,N15_M01_F10,hard_val_p95,0.07571288102261553,0.017857142857142856,0.9606339468302658,0.06312127236580517,0.06551090262041377,0.08706860224825715,0.021557699627843374
fedprox,777,condition,pooled,cnn-ae,N15_M01_F10,fuzzy_warning_as_alarm_hi50,0.07571288102261553,0.017857142857142856,0.9606339468302658,0.06312127236580517,0.06551090262041377,0.08706860224825715,0.021557699627843374
fedprox,777,condition,pooled,cnn-ae,N15_M01_F10,fuzzy_fault_only_hi75,0.03217697335344394,0.017857142857142856,0.983640081799591,0.06312127236580517,0.06551090262041377,0.08706860224825715,0.021557699627843374
fedprox,777,condition,client_specific,cnn-ae,N15_M07_F04,hard_val_p95,0.09157330735509012,0.05454545454545454,0.9519427402862985,0.06066633515663849,0.10194959202123269,0.09363170304832169,-0.008317888972910997
fedprox,777,condition,client_specific,cnn-ae,N15_M07_F04,fuzzy_warning_as_alarm_hi50,0.09157330735509012,0.05454545454545454,0.9519427402862985,0.06066633515663849,0.10194959202123269,0.09363170304832169,-0.008317888972910997
fedprox,777,condition,client_specific,cnn-ae,N15_M07_F04,fuzzy_fault_only_hi75,0.049800796812749,0.03636363636363636,0.9744376278118609,0.06066633515663849,0.10194959202123269,0.09363170304832169,-0.008317888972910997
fedprox,777,condition,pooled,cnn-ae,N15_M07_F04,hard_val_p95,0.07567567567567568,0.03636363636363636,0.9606339468302658,0.06514172053704624,0.09519392784051403,0.08706860224825715,-0.008125325592256885
fedprox,777,condition,pooled,cnn-ae,N15_M07_F04,fuzzy_warning_as_alarm_hi50,0.07567567567567568,0.03636363636363636,0.9606339468302658,0.06514172053704624,0.09519392784051403,0.08706860224825715,-0.008125325592256885
fedprox,777,condition,pooled,cnn-ae,N15_M07_F04,fuzzy_fault_only_hi75,0.03217697335344394,0.01818181818181818,0.983640081799591,0.06514172053704624,0.09519392784051403,0.08706860224825715,-0.008125325592256885
fedprox,777,condition,client_specific,cnn-ae,N15_M07_F10,hard_val_p95,0.22312925170068026,0.05454545454545454,0.8742331288343558,0.11735454997513675,0.09375305959450989,0.13991905849113245,0.04616599889662257
fedprox,777,condition,client_specific,cnn-ae,N15_M07_F10,fuzzy_warning_as_alarm_hi50,0.22312925170068026,0.05454545454545454,0.8742331288343558,0.11735454997513675,0.09375305959450989,0.13991905849113245,0.04616599889662257
fedprox,777,condition,client_specific,cnn-ae,N15_M07_F10,fuzzy_fault_only_hi75,0.07764127764127764,0.0,0.9596114519427403,0.11735454997513675,0.09375305959450989,0.13991905849113245,0.04616599889662257
fedprox,777,condition,pooled,cnn-ae,N15_M07_F10,hard_val_p95,0.07575012297097884,0.0,0.9606339468302658,0.0626553953257086,0.05436676839974815,0.08706860224825715,0.032701833848509
fedprox,777,condition,pooled,cnn-ae,N15_M07_F10,fuzzy_warning_as_alarm_hi50,0.07575012297097884,0.0,0.9606339468302658,0.0626553953257086,0.05436676839974815,0.08706860224825715,0.032701833848509
fedprox,777,condition,pooled,cnn-ae,N15_M07_F10,fuzzy_fault_only_hi75,0.03219315895372234,0.0,0.983640081799591,0.0626553953257086,0.05436676839974815,0.08706860224825715,0.032701833848509
fedprox,777,condition,client_specific,cnn-ae,N09_M07_F10,hard_val_p95,0.1500707881075979,0.07272727272727272,0.9187116564417178,0.06713078070611636,0.11981936956056247,0.13315023673794776,0.013330867177385297
fedprox,777,condition,client_specific,cnn-ae,N09_M07_F10,fuzzy_warning_as_alarm_hi50,0.1500707881075979,0.07272727272727272,0.9187116564417178,0.06713078070611636,0.11981936956056247,0.13315023673794776,0.013330867177385297
fedprox,777,condition,client_specific,cnn-ae,N09_M07_F10,fuzzy_fault_only_hi75,0.06333498268184068,0.01818181818181818,0.967280163599182,0.06713078070611636,0.11981936956056247,0.13315023673794776,0.013330867177385297
fedprox,777,condition,pooled,cnn-ae,N09_M07_F10,hard_val_p95,0.04104104104104104,0.01818181818181818,0.9790388548057259,0.04624564893088016,0.06508285797729349,0.07583289933091093,0.010750041353617443
fedprox,777,condition,pooled,cnn-ae,N09_M07_F10,fuzzy_warning_as_alarm_hi50,0.04104104104104104,0.01818181818181818,0.9790388548057259,0.04624564893088016,0.06508285797729349,0.07583289933091093,0.010750041353617443
fedprox,777,condition,pooled,cnn-ae,N09_M07_F10,fuzzy_fault_only_hi75,0.0182370820668693,0.0,0.99079754601227,0.04624564893088016,0.06508285797729349,0.07583289933091093,0.010750041353617443
fedprox,777,condition,client_specific,cnn-ae,N15_M01_F10,hard_val_p95,0.03515821195379206,0.0,0.9821063394683026,0.05019880715705766,0.04014098023739963,0.07327546319981942,0.033134482962419796
fedprox,777,condition,client_specific,cnn-ae,N15_M01_F10,fuzzy_warning_as_alarm_hi50,0.03515821195379206,0.0,0.9821063394683026,0.05019880715705766,0.04014098023739963,0.07327546319981942,0.033134482962419796
fedprox,777,condition,client_specific,cnn-ae,N15_M01_F10,fuzzy_fault_only_hi75,0.012195121951219513,0.0,0.9938650306748467,0.05019880715705766,0.04014098023739963,0.07327546319981942,0.033134482962419796
fedprox,777,condition,pooled,cnn-ae,N15_M01_F10,hard_val_p95,0.041061592388582875,0.0,0.9790388548057259,0.045228628230616304,0.04147553081773175,0.07583289933091093,0.034357368513179186
fedprox,777,condition,pooled,cnn-ae,N15_M01_F10,fuzzy_warning_as_alarm_hi50,0.041061592388582875,0.0,0.9790388548057259,0.045228628230616304,0.04147553081773175,0.07583289933091093,0.034357368513179186
fedprox,777,condition,pooled,cnn-ae,N15_M01_F10,fuzzy_fault_only_hi75,0.0182370820668693,0.0,0.99079754601227,0.045228628230616304,0.04147553081773175,0.07583289933091093,0.034357368513179186
fedprox,777,condition,client_specific,cnn-ae,N15_M07_F04,hard_val_p95,0.07374631268436578,0.05454545454545454,0.9616564417177914,0.036300348085529587,0.12766519283058755,0.090941203067161,-0.03672398976342656
fedprox,777,condition,client_specific,cnn-ae,N15_M07_F04,fuzzy_warning_as_alarm_hi50,0.07374631268436578,0.05454545454545454,0.9616564417177914,0.036300348085529587,0.12766519283058755,0.090941203067161,-0.03672398976342656
fedprox,777,condition,client_specific,cnn-ae,N15_M07_F04,fuzzy_fault_only_hi75,0.04588528678304239,0.05454545454545454,0.976482617586912,0.036300348085529587,0.12766519283058755,0.090941203067161,-0.03672398976342656
fedprox,777,condition,pooled,cnn-ae,N15_M07_F04,hard_val_p95,0.041,0.05454545454545454,0.9790388548057259,0.04624564893088016,0.11546471409144528,0.07583289933091093,-0.039631814760534345
fedprox,777,condition,pooled,cnn-ae,N15_M07_F04,fuzzy_warning_as_alarm_hi50,0.041,0.05454545454545454,0.9790388548057259,0.04624564893088016,0.11546471409144528,0.07583289933091093,-0.039631814760534345
fedprox,777,condition,pooled,cnn-ae,N15_M07_F04,fuzzy_fault_only_hi75,0.018209408194233688,0.05454545454545454,0.99079754601227,0.04624564893088016,0.11546471409144528,0.07583289933091093,-0.039631814760534345
fedprox,777,condition,client_specific,cnn-ae,N15_M07_F10,hard_val_p95,0.03019627579265224,0.01818181818181818,0.9846625766871165,0.024365987071108902,0.04883446532044318,0.061296661533753384,0.012462196213310205
fedprox,777,condition,client_specific,cnn-ae,N15_M07_F10,fuzzy_warning_as_alarm_hi50,0.03019627579265224,0.01818181818181818,0.9846625766871165,0.024365987071108902,0.04883446532044318,0.061296661533753384,0.012462196213310205
fedprox,777,condition,client_specific,cnn-ae,N15_M07_F10,fuzzy_fault_only_hi75,0.00916030534351145,0.0,0.995398773006135,0.024365987071108902,0.04883446532044318,0.061296661533753384,0.012462196213310205
fedprox,777,condition,pooled,cnn-ae,N15_M07_F10,hard_val_p95,0.04104104104104104,0.01818181818181818,0.9790388548057259,0.046742913973147684,0.061463701967881444,0.07583289933091093,0.014369197363029489
fedprox,777,condition,pooled,cnn-ae,N15_M07_F10,fuzzy_warning_as_alarm_hi50,0.04104104104104104,0.01818181818181818,0.9790388548057259,0.046742913973147684,0.061463701967881444,0.07583289933091093,0.014369197363029489
fedprox,777,condition,pooled,cnn-ae,N15_M07_F10,fuzzy_fault_only_hi75,0.0182370820668693,0.0,0.99079754601227,0.046742913973147684,0.061463701967881444,0.07583289933091093,0.014369197363029489
fedprox,777,condition,client_specific,cnn-ae,N09_M07_F10,hard_val_p95,0.12721186035389764,0.03636363636363636,0.9320040899795501,0.09547488811536549,0.09990356626839386,0.1197484398031629,0.019844873534769034
fedprox,777,condition,client_specific,cnn-ae,N09_M07_F10,fuzzy_warning_as_alarm_hi50,0.12721186035389764,0.03636363636363636,0.9320040899795501,0.09547488811536549,0.09990356626839386,0.1197484398031629,0.019844873534769034
fedprox,777,condition,client_specific,cnn-ae,N09_M07_F10,fuzzy_fault_only_hi75,0.06240713224368499,0.0,0.9677914110429447,0.09547488811536549,0.09990356626839386,0.1197484398031629,0.019844873534769034
fedprox,777,condition,pooled,cnn-ae,N09_M07_F10,hard_val_p95,0.09907722195240408,0.01818181818181818,0.9478527607361963,0.04724017901541522,0.0809721102368037,0.10740890680881766,0.026436796572013962
fedprox,777,condition,pooled,cnn-ae,N09_M07_F10,fuzzy_warning_as_alarm_hi50,0.09907722195240408,0.01818181818181818,0.9478527607361963,0.04724017901541522,0.0809721102368037,0.10740890680881766,0.026436796572013962
fedprox,777,condition,pooled,cnn-ae,N09_M07_F10,fuzzy_fault_only_hi75,0.06336633663366337,0.0,0.967280163599182,0.04724017901541522,0.0809721102368037,0.10740890680881766,0.026436796572013962
fedprox,777,condition,client_specific,cnn-ae,N15_M01_F10,hard_val_p95,0.12983293556085918,0.05357142857142857,0.9304703476482618,0.030318091451292245,0.11940086992888502,0.12314851218506084,0.003747642256175826
fedprox,777,condition,client_specific,cnn-ae,N15_M01_F10,fuzzy_warning_as_alarm_hi50,0.12983293556085918,0.05357142857142857,0.9304703476482618,0.030318091451292245,0.11940086992888502,0.12314851218506084,0.003747642256175826
fedprox,777,condition,client_specific,cnn-ae,N15_M01_F10,fuzzy_fault_only_hi75,0.09528439474963539,0.05357142857142857,0.9498977505112475,0.030318091451292245,0.11940086992888502,0.12314851218506084,0.003747642256175826
fedprox,777,condition,pooled,cnn-ae,N15_M01_F10,hard_val_p95,0.09898107714701601,0.05357142857142857,0.9478527607361963,0.04572564612326044,0.11059473078722529,0.10740890680881766,-0.003185823978407623
fedprox,777,condition,pooled,cnn-ae,N15_M01_F10,fuzzy_warning_as_alarm_hi50,0.09898107714701601,0.05357142857142857,0.9478527607361963,0.04572564612326044,0.11059473078722529,0.10740890680881766,-0.003185823978407623
fedprox,777,condition,pooled,cnn-ae,N15_M01_F10,fuzzy_fault_only_hi75,0.06327236777063766,0.05357142857142857,0.967280163599182,0.04572564612326044,0.11059473078722529,0.10740890680881766,-0.003185823978407623
fedprox,777,condition,client_specific,cnn-ae,N15_M07_F04,hard_val_p95,0.09537712895377129,0.01818181818181818,0.9498977505112475,0.03232222774738936,0.08759109433710936,0.10177092028318613,0.014179825946076766
fedprox,777,condition,client_specific,cnn-ae,N15_M07_F04,fuzzy_warning_as_alarm_hi50,0.09537712895377129,0.01818181818181818,0.9498977505112475,0.03232222774738936,0.08759109433710936,0.10177092028318613,0.014179825946076766
fedprox,777,condition,client_specific,cnn-ae,N15_M07_F04,fuzzy_fault_only_hi75,0.07858546168958742,0.0,0.9591002044989775,0.03232222774738936,0.08759109433710936,0.10177092028318613,0.014179825946076766
fedprox,777,condition,pooled,cnn-ae,N15_M07_F04,hard_val_p95,0.09907722195240408,0.01818181818181818,0.9478527607361963,0.04624564893088016,0.09654580576317208,0.10740890680881766,0.010863101045645585
fedprox,777,condition,pooled,cnn-ae,N15_M07_F04,fuzzy_warning_as_alarm_hi50,0.09907722195240408,0.01818181818181818,0.9478527607361963,0.04624564893088016,0.09654580576317208,0.10740890680881766,0.010863101045645585
fedprox,777,condition,pooled,cnn-ae,N15_M07_F04,fuzzy_fault_only_hi75,0.06336633663366337,0.0,0.967280163599182,0.04624564893088016,0.09654580576317208,0.10740890680881766,0.010863101045645585
fedprox,777,condition,client_specific,cnn-ae,N15_M07_F10,hard_val_p95,0.08418991678903573,0.01818181818181818,0.9560327198364008,0.04475385380407757,0.08723256375593429,0.10404669887397044,0.016814135118036158
fedprox,777,condition,client_specific,cnn-ae,N15_M07_F10,fuzzy_warning_as_alarm_hi50,0.08418991678903573,0.01818181818181818,0.9560327198364008,0.04475385380407757,0.08723256375593429,0.10404669887397044,0.016814135118036158
fedprox,777,condition,client_specific,cnn-ae,N15_M07_F10,fuzzy_fault_only_hi75,0.0652496292634701,0.01818181818181818,0.9662576687116564,0.04475385380407757,0.08723256375593429,0.10404669887397044,0.016814135118036158
fedprox,777,condition,pooled,cnn-ae,N15_M07_F10,hard_val_p95,0.09907722195240408,0.01818181818181818,0.9478527607361963,0.04574838388861263,0.08916482814913085,0.10740890680881766,0.018244078659686816
fedprox,777,condition,pooled,cnn-ae,N15_M07_F10,fuzzy_warning_as_alarm_hi50,0.09907722195240408,0.01818181818181818,0.9478527607361963,0.04574838388861263,0.08916482814913085,0.10740890680881766,0.018244078659686816
fedprox,777,condition,pooled,cnn-ae,N15_M07_F10,fuzzy_fault_only_hi75,0.06333498268184068,0.01818181818181818,0.967280163599182,0.04574838388861263,0.08916482814913085,0.10740890680881766,0.018244078659686816
fedprox,777,condition,client_specific,cnn-ae,N09_M07_F10,hard_val_p95,0.05271009448035803,0.03636363636363636,0.9729038854805726,0.018398806563898557,0.0898862966961322,0.07847846280982701,-0.011407833886305188
fedprox,777,condition,client_specific,cnn-ae,N09_M07_F10,fuzzy_warning_as_alarm_hi50,0.05271009448035803,0.03636363636363636,0.9729038854805726,0.018398806563898557,0.0898862966961322,0.07847846280982701,-0.011407833886305188
fedprox,777,condition,client_specific,cnn-ae,N09_M07_F10,fuzzy_fault_only_hi75,0.04590818363273453,0.03636363636363636,0.976482617586912,0.018398806563898557,0.0898862966961322,0.07847846280982701,-0.011407833886305188
fedprox,777,condition,pooled,cnn-ae,N09_M07_F10,hard_val_p95,0.07941176470588235,0.05454545454545454,0.9585889570552147,0.043262058677274985,0.11021187755474046,0.09470986723602447,-0.015502010318715995
fedprox,777,condition,pooled,cnn-ae,N09_M07_F10,fuzzy_warning_as_alarm_hi50,0.07941176470588235,0.05454545454545454,0.9585889570552147,0.043262058677274985,0.11021187755474046,0.09470986723602447,-0.015502010318715995
fedprox,777,condition,pooled,cnn-ae,N09_M07_F10,fuzzy_fault_only_hi75,0.05271009448035803,0.03636363636363636,0.9729038854805726,0.043262058677274985,0.11021187755474046,0.09470986723602447,-0.015502010318715995
fedprox,777,condition,client_specific,cnn-ae,N15_M01_F10,hard_val_p95,0.08418991678903573,0.017857142857142856,0.9560327198364008,0.060139165009940355,0.05747179594431132,0.0962806680368365,0.03880887209252518
fedprox,777,condition,client_specific,cnn-ae,N15_M01_F10,fuzzy_warning_as_alarm_hi50,0.08418991678903573,0.017857142857142856,0.9560327198364008,0.060139165009940355,0.05747179594431132,0.0962806680368365,0.03880887209252518
fedprox,777,condition,client_specific,cnn-ae,N15_M01_F10,fuzzy_fault_only_hi75,0.04885343968095713,0.017857142857142856,0.9749488752556237,0.060139165009940355,0.05747179594431132,0.0962806680368365,0.03880887209252518
fedprox,777,condition,pooled,cnn-ae,N15_M01_F10,hard_val_p95,0.07948969578017664,0.017857142857142856,0.9585889570552147,0.04125248508946322,0.05798628924599352,0.09470986723602447,0.036723577990030946
fedprox,777,condition,pooled,cnn-ae,N15_M01_F10,fuzzy_warning_as_alarm_hi50,0.07948969578017664,0.017857142857142856,0.9585889570552147,0.04125248508946322,0.05798628924599352,0.09470986723602447,0.036723577990030946
fedprox,777,condition,pooled,cnn-ae,N15_M01_F10,fuzzy_fault_only_hi75,0.0527363184079602,0.017857142857142856,0.9729038854805726,0.04125248508946322,0.05798628924599352,0.09470986723602447,0.036723577990030946
fedprox,777,condition,client_specific,cnn-ae,N15_M07_F04,hard_val_p95,0.1269083969465649,0.12727272727272726,0.9320040899795501,0.05171556439582297,0.18802284128247662,0.12614200854728805,-0.06188083273518857
fedprox,777,condition,client_specific,cnn-ae,N15_M07_F04,fuzzy_warning_as_alarm_hi50,0.1269083969465649,0.12727272727272726,0.9320040899795501,0.05171556439582297,0.18802284128247662,0.12614200854728805,-0.06188083273518857
fedprox,777,condition,client_specific,cnn-ae,N15_M07_F04,fuzzy_fault_only_hi75,0.0979156568104702,0.10909090909090909,0.9483640081799591,0.05171556439582297,0.18802284128247662,0.12614200854728805,-0.06188083273518857
fedprox,777,condition,pooled,cnn-ae,N15_M07_F04,hard_val_p95,0.07933398628795299,0.09090909090909091,0.9585889570552147,0.043262058677274985,0.14312104970768386,0.09470986723602447,-0.04841118247165939
fedprox,777,condition,pooled,cnn-ae,N15_M07_F04,fuzzy_warning_as_alarm_hi50,0.07933398628795299,0.09090909090909091,0.9585889570552147,0.043262058677274985,0.14312104970768386,0.09470986723602447,-0.04841118247165939
fedprox,777,condition,pooled,cnn-ae,N15_M07_F04,fuzzy_fault_only_hi75,0.05265772478887233,0.07272727272727272,0.9729038854805726,0.043262058677274985,0.14312104970768386,0.09470986723602447,-0.04841118247165939
fedprox,777,condition,client_specific,cnn-ae,N15_M07_F10,hard_val_p95,0.08047105004906771,0.0,0.9580777096114519,0.04226752859273993,0.05852327076213988,0.10765927162479748,0.0491360008626576
fedprox,777,condition,client_specific,cnn-ae,N15_M07_F10,fuzzy_warning_as_alarm_hi50,0.08047105004906771,0.0,0.9580777096114519,0.04226752859273993,0.05852327076213988,0.10765927162479748,0.0491360008626576
fedprox,777,condition,client_specific,cnn-ae,N15_M07_F10,fuzzy_fault_only_hi75,0.05663189269746647,0.0,0.9708588957055214,0.04226752859273993,0.05852327076213988,0.10765927162479748,0.0491360008626576
fedprox,777,condition,pooled,cnn-ae,N15_M07_F10,hard_val_p95,0.07952871870397643,0.0,0.9585889570552147,0.0417702635504724,0.046484164860856055,0.09470986723602447,0.04822570237516841
fedprox,777,condition,pooled,cnn-ae,N15_M07_F10,fuzzy_warning_as_alarm_hi50,0.07952871870397643,0.0,0.9585889570552147,0.0417702635504724,0.046484164860856055,0.09470986723602447,0.04822570237516841
fedprox,777,condition,pooled,cnn-ae,N15_M07_F10,fuzzy_fault_only_hi75,0.05276256844201095,0.0,0.9729038854805726,0.0417702635504724,0.046484164860856055,0.09470986723602447,0.04822570237516841
fedprox,777,condition,client_specific,cnn-ae,N09_M07_F10,hard_val_p95,0.14008518693800284,0.16363636363636364,0.9243353783231084,0.07956240676280457,0.18482371858599003,0.10249862963629117,-0.08232508894969887
fedprox,777,condition,client_specific,cnn-ae,N09_M07_F10,fuzzy_warning_as_alarm_hi50,0.14008518693800284,0.16363636363636364,0.9243353783231084,0.07956240676280457,0.18482371858599003,0.10249862963629117,-0.08232508894969887
fedprox,777,condition,client_specific,cnn-ae,N09_M07_F10,fuzzy_fault_only_hi75,0.06314750863344845,0.12727272727272726,0.967280163599182,0.07956240676280457,0.18482371858599003,0.10249862963629117,-0.08232508894969887
fedprox,777,condition,pooled,cnn-ae,N09_M07_F10,hard_val_p95,0.07262021589793916,0.14545454545454545,0.9621676891615542,0.07110890104425659,0.16712057777687422,0.08905277898756905,-0.07806779878930517
fedprox,777,condition,pooled,cnn-ae,N09_M07_F10,fuzzy_warning_as_alarm_hi50,0.07262021589793916,0.14545454545454545,0.9621676891615542,0.07110890104425659,0.16712057777687422,0.08905277898756905,-0.07806779878930517
fedprox,777,condition,pooled,cnn-ae,N09_M07_F10,fuzzy_fault_only_hi75,0.022199798183652877,0.07272727272727272,0.9887525562372188,0.07110890104425659,0.16712057777687422,0.08905277898756905,-0.07806779878930517
fedprox,777,condition,client_specific,cnn-ae,N15_M01_F10,hard_val_p95,0.057539682539682536,0.03571428571428571,0.9703476482617587,0.031312127236580514,0.06011705241283784,0.07274955538298952,0.012632502970151685
fedprox,777,condition,client_specific,cnn-ae,N15_M01_F10,fuzzy_warning_as_alarm_hi50,0.057539682539682536,0.03571428571428571,0.9703476482617587,0.031312127236580514,0.06011705241283784,0.07274955538298952,0.012632502970151685
fedprox,777,condition,client_specific,cnn-ae,N15_M01_F10,fuzzy_fault_only_hi75,0.023232323232323233,0.017857142857142856,0.9882413087934561,0.031312127236580514,0.06011705241283784,0.07274955538298952,0.012632502970151685
fedprox,777,condition,pooled,cnn-ae,N15_M01_F10,hard_val_p95,0.07279881947860305,0.05357142857142857,0.9621676891615542,0.06958250497017893,0.06913239875758057,0.08905277898756905,0.019920380229988488
fedprox,777,condition,pooled,cnn-ae,N15_M01_F10,fuzzy_warning_as_alarm_hi50,0.07279881947860305,0.05357142857142857,0.9621676891615542,0.06958250497017893,0.06913239875758057,0.08905277898756905,0.019920380229988488
fedprox,777,condition,pooled,cnn-ae,N15_M01_F10,fuzzy_fault_only_hi75,0.02223345123799899,0.017857142857142856,0.9887525562372188,0.06958250497017893,0.06913239875758057,0.08905277898756905,0.019920380229988488
fedprox,777,condition,client_specific,cnn-ae,N15_M07_F04,hard_val_p95,0.14474929044465468,0.09090909090909091,0.9217791411042945,0.06663351566384883,0.1351394761932957,0.10916327664498178,-0.025976199548313914
fedprox,777,condition,client_specific,cnn-ae,N15_M07_F04,fuzzy_warning_as_alarm_hi50,0.14474929044465468,0.09090909090909091,0.9217791411042945,0.06663351566384883,0.1351394761932957,0.10916327664498178,-0.025976199548313914
fedprox,777,condition,client_specific,cnn-ae,N15_M07_F04,fuzzy_fault_only_hi75,0.04685942173479561,0.05454545454545454,0.9759713701431493,0.06663351566384883,0.1351394761932957,0.10916327664498178,-0.025976199548313914
fedprox,777,condition,pooled,cnn-ae,N15_M07_F04,hard_val_p95,0.0727630285152409,0.07272727272727272,0.9621676891615542,0.069617105917454,0.11961683791683198,0.08905277898756905,-0.03056405892926292
fedprox,777,condition,pooled,cnn-ae,N15_M07_F04,fuzzy_warning_as_alarm_hi50,0.0727630285152409,0.07272727272727272,0.9621676891615542,0.069617105917454,0.11961683791683198,0.08905277898756905,-0.03056405892926292
fedprox,777,condition,pooled,cnn-ae,N15_M07_F04,fuzzy_fault_only_hi75,0.02221100454316002,0.05454545454545454,0.9887525562372188,0.069617105917454,0.11961683791683198,0.08905277898756905,-0.03056405892926292
fedprox,777,condition,client_specific,cnn-ae,N15_M07_F10,hard_val_p95,0.047880299251870324,0.01818181818181818,0.9754601226993865,0.07757334659373447,0.09346208457543768,0.11521151302489127,0.021749428449453587
fedprox,777,condition,client_specific,cnn-ae,N15_M07_F10,fuzzy_warning_as_alarm_hi50,0.047880299251870324,0.01818181818181818,0.9754601226993865,0.07757334659373447,0.09346208457543768,0.11521151302489127,0.021749428449453587
fedprox,777,condition,client_specific,cnn-ae,N15_M07_F10,fuzzy_fault_only_hi75,0.013204672422549517,0.0,0.9933537832310838,0.07757334659373447,0.09346208457543768,0.11521151302489127,0.021749428449453587
fedprox,777,condition,pooled,cnn-ae,N15_M07_F10,hard_val_p95,0.07287050713934022,0.01818181818181818,0.9621676891615542,0.06911984087518648,0.06251676578748645,0.08905277898756905,0.0265360132000826
fedprox,777,condition,pooled,cnn-ae,N15_M07_F10,fuzzy_warning_as_alarm_hi50,0.07287050713934022,0.01818181818181818,0.9621676891615542,0.06911984087518648,0.06251676578748645,0.08905277898756905,0.0265360132000826
fedprox,777,condition,pooled,cnn-ae,N15_M07_F10,fuzzy_fault_only_hi75,0.02223345123799899,0.01818181818181818,0.9887525562372188,0.06911984087518648,0.06251676578748645,0.08905277898756905,0.0265360132000826
fedprox,777,condition,client_specific,cnn-ae,N09_M07_F10,hard_val_p95,0.04590818363273453,0.03636363636363636,0.976482617586912,0.026355047240179015,0.10393552203231242,0.05806126811405336,-0.045874253918259056
fedprox,777,condition,client_specific,cnn-ae,N09_M07_F10,fuzzy_warning_as_alarm_hi50,0.04590818363273453,0.03636363636363636,0.976482617586912,0.026355047240179015,0.10393552203231242,0.05806126811405336,-0.045874253918259056
fedprox,777,condition,client_specific,cnn-ae,N09_M07_F10,fuzzy_fault_only_hi75,0.03610832497492478,0.03636363636363636,0.9815950920245399,0.026355047240179015,0.10393552203231242,0.05806126811405336,-0.045874253918259056
fedprox,777,condition,pooled,cnn-ae,N09_M07_F10,hard_val_p95,0.057539682539682536,0.03636363636363636,0.9703476482617587,0.058677274987568376,0.13173399496511978,0.07144989025303758,-0.060284104712082204
fedprox,777,condition,pooled,cnn-ae,N09_M07_F10,fuzzy_warning_as_alarm_hi50,0.057539682539682536,0.03636363636363636,0.9703476482617587,0.058677274987568376,0.13173399496511978,0.07144989025303758,-0.060284104712082204
fedprox,777,condition,pooled,cnn-ae,N09_M07_F10,fuzzy_fault_only_hi75,0.0291897332662305,0.03636363636363636,0.9851738241308794,0.058677274987568376,0.13173399496511978,0.07144989025303758,-0.060284104712082204
fedprox,777,condition,client_specific,cnn-ae,N15_M01_F10,hard_val_p95,0.1561618062088429,0.07142857142857142,0.9151329243353783,0.06461232604373758,0.09962133000438726,0.10614635844677975,0.006525028442392486
fedprox,777,condition,client_specific,cnn-ae,N15_M01_F10,fuzzy_warning_as_alarm_hi50,0.1561618062088429,0.07142857142857142,0.9151329243353783,0.06461232604373758,0.09962133000438726,0.10614635844677975,0.006525028442392486
fedprox,777,condition,client_specific,cnn-ae,N15_M01_F10,fuzzy_fault_only_hi75,0.07567567567567568,0.03571428571428571,0.9606339468302658,0.06461232604373758,0.09962133000438726,0.10614635844677975,0.006525028442392486
fedprox,777,condition,pooled,cnn-ae,N15_M01_F10,hard_val_p95,0.05756823821339951,0.017857142857142856,0.9703476482617587,0.05765407554671968,0.06237243780992395,0.07144989025303758,0.009077452443113629
fedprox,777,condition,pooled,cnn-ae,N15_M01_F10,fuzzy_warning_as_alarm_hi50,0.05756823821339951,0.017857142857142856,0.9703476482617587,0.05765407554671968,0.06237243780992395,0.07144989025303758,0.009077452443113629
fedprox,777,condition,pooled,cnn-ae,N15_M01_F10,fuzzy_fault_only_hi75,0.029219143576826197,0.0,0.9851738241308794,0.05765407554671968,0.06237243780992395,0.07144989025303758,0.009077452443113629
fedprox,777,condition,client_specific,cnn-ae,N15_M07_F04,hard_val_p95,0.09161793372319688,0.03636363636363636,0.9519427402862985,0.05818000994530084,0.08836833267178261,0.0853746231810346,-0.002993709490748009
fedprox,777,condition,client_specific,cnn-ae,N15_M07_F04,fuzzy_warning_as_alarm_hi50,0.09161793372319688,0.03636363636363636,0.9519427402862985,0.05818000994530084,0.08836833267178261,0.0853746231810346,-0.002993709490748009
fedprox,777,condition,client_specific,cnn-ae,N15_M07_F04,fuzzy_fault_only_hi75,0.0527363184079602,0.01818181818181818,0.9729038854805726,0.05818000994530084,0.08836833267178261,0.0853746231810346,-0.002993709490748009
fedprox,777,condition,pooled,cnn-ae,N15_M07_F04,hard_val_p95,0.05756823821339951,0.01818181818181818,0.9703476482617587,0.057682744903033316,0.07354405207354704,0.07144989025303758,-0.002094161820509463
fedprox,777,condition,pooled,cnn-ae,N15_M07_F04,fuzzy_warning_as_alarm_hi50,0.05756823821339951,0.01818181818181818,0.9703476482617587,0.057682744903033316,0.07354405207354704,0.07144989025303758,-0.002094161820509463
fedprox,777,condition,pooled,cnn-ae,N15_M07_F04,fuzzy_fault_only_hi75,0.029219143576826197,0.0,0.9851738241308794,0.057682744903033316,0.07354405207354704,0.07144989025303758,-0.002094161820509463
fedprox,777,condition,client_specific,cnn-ae,N15_M07_F10,hard_val_p95,0.021233569261880688,0.01818181818181818,0.9892638036809815,0.055196419691695676,0.09110603679009197,0.09475005428626453,0.0036440174961725608
fedprox,777,condition,client_specific,cnn-ae,N15_M07_F10,fuzzy_warning_as_alarm_hi50,0.021233569261880688,0.01818181818181818,0.9892638036809815,0.055196419691695676,0.09110603679009197,0.09475005428626453,0.0036440174961725608
fedprox,777,condition,client_specific,cnn-ae,N15_M07_F10,fuzzy_fault_only_hi75,0.014205986808726534,0.01818181818181818,0.9928425357873211,0.055196419691695676,0.09110603679009197,0.09475005428626453,0.0036440174961725608
fedprox,777,condition,pooled,cnn-ae,N15_M07_F10,hard_val_p95,0.05751115518096182,0.05454545454545454,0.9703476482617587,0.05668821481849826,0.0669259423066101,0.07144989025303758,0.0045239479464274784
fedprox,777,condition,pooled,cnn-ae,N15_M07_F10,fuzzy_warning_as_alarm_hi50,0.05751115518096182,0.05454545454545454,0.9703476482617587,0.05668821481849826,0.0669259423066101,0.07144989025303758,0.0045239479464274784
fedprox,777,condition,pooled,cnn-ae,N15_M07_F10,fuzzy_fault_only_hi75,0.02920443101711984,0.01818181818181818,0.9851738241308794,0.05668821481849826,0.0669259423066101,0.07144989025303758,0.0045239479464274784
fedprox,777,condition,client_specific,cnn-ae,N09_M07_F10,hard_val_p95,0.05649157581764123,0.09090909090909091,0.9708588957055214,0.034311287916459474,0.14811169584569361,0.05336444367683351,-0.0947472521688601
fedprox,777,condition,client_specific,cnn-ae,N09_M07_F10,fuzzy_warning_as_alarm_hi50,0.05649157581764123,0.09090909090909091,0.9708588957055214,0.034311287916459474,0.14811169584569361,0.05336444367683351,-0.0947472521688601
fedprox,777,condition,client_specific,cnn-ae,N09_M07_F10,fuzzy_fault_only_hi75,0.036072144288577156,0.07272727272727272,0.9815950920245399,0.034311287916459474,0.14811169584569361,0.05336444367683351,-0.0947472521688601
fedprox,777,condition,pooled,cnn-ae,N09_M07_F10,hard_val_p95,0.0651208682782437,0.09090909090909091,0.9662576687116564,0.05320735952262556,0.1903085836220213,0.07227073970325097,-0.11803784391877033
fedprox,777,condition,pooled,cnn-ae,N09_M07_F10,fuzzy_warning_as_alarm_hi50,0.0651208682782437,0.09090909090909091,0.9662576687116564,0.05320735952262556,0.1903085836220213,0.07227073970325097,-0.11803784391877033
fedprox,777,condition,pooled,cnn-ae,N09_M07_F10,fuzzy_fault_only_hi75,0.0321285140562249,0.07272727272727272,0.983640081799591,0.05320735952262556,0.1903085836220213,0.07227073970325097,-0.11803784391877033
fedprox,777,condition,client_specific,cnn-ae,N15_M01_F10,hard_val_p95,0.13933649289099526,0.125,0.9248466257668712,0.10188866799204771,0.14262289464461553,0.09624840518097288,-0.04637448946364264
fedprox,777,condition,client_specific,cnn-ae,N15_M01_F10,fuzzy_warning_as_alarm_hi50,0.13933649289099526,0.125,0.9248466257668712,0.10188866799204771,0.14262289464461553,0.09624840518097288,-0.04637448946364264
fedprox,777,condition,client_specific,cnn-ae,N15_M01_F10,fuzzy_fault_only_hi75,0.047856430707876374,0.03571428571428571,0.9754601226993865,0.10188866799204771,0.14262289464461553,0.09624840518097288,-0.04637448946364264
fedprox,777,condition,pooled,cnn-ae,N15_M01_F10,hard_val_p95,0.06515301085883514,0.07142857142857142,0.9662576687116564,0.05268389662027833,0.10980746501805783,0.07227073970325097,-0.037536725314806854
fedprox,777,condition,pooled,cnn-ae,N15_M01_F10,fuzzy_warning_as_alarm_hi50,0.06515301085883514,0.07142857142857142,0.9662576687116564,0.05268389662027833,0.10980746501805783,0.07227073970325097,-0.037536725314806854
fedprox,777,condition,pooled,cnn-ae,N15_M01_F10,fuzzy_fault_only_hi75,0.032160804020100506,0.03571428571428571,0.983640081799591,0.05268389662027833,0.10980746501805783,0.07227073970325097,-0.037536725314806854
fedprox,777,condition,client_specific,cnn-ae,N15_M07_F04,hard_val_p95,0.08687164470473402,0.07272727272727272,0.9544989775051125,0.022874191944306316,0.1231908291805722,0.09078840171045598,-0.03240242747011622
fedprox,777,condition,client_specific,cnn-ae,N15_M07_F04,fuzzy_warning_as_alarm_hi50,0.08687164470473402,0.07272727272727272,0.9544989775051125,0.022874191944306316,0.1231908291805722,0.09078840171045598,-0.03240242747011622
fedprox,777,condition,client_specific,cnn-ae,N15_M07_F04,fuzzy_fault_only_hi75,0.061355764473033154,0.05454545454545454,0.9683026584867076,0.022874191944306316,0.1231908291805722,0.09078840171045598,-0.03240242747011622
fedprox,777,condition,pooled,cnn-ae,N15_M07_F04,hard_val_p95,0.06515301085883514,0.07272727272727272,0.9662576687116564,0.051218299353555444,0.10517089890005794,0.07227073970325097,-0.03290015919680697
fedprox,777,condition,pooled,cnn-ae,N15_M07_F04,fuzzy_warning_as_alarm_hi50,0.06515301085883514,0.07272727272727272,0.9662576687116564,0.051218299353555444,0.10517089890005794,0.07227073970325097,-0.03290015919680697
fedprox,777,condition,pooled,cnn-ae,N15_M07_F04,fuzzy_fault_only_hi75,0.03214465092918132,0.05454545454545454,0.983640081799591,0.051218299353555444,0.10517089890005794,0.07227073970325097,-0.03290015919680697
fedprox,777,condition,client_specific,cnn-ae,N15_M07_F10,hard_val_p95,0.0832517140058766,0.01818181818181818,0.9565439672801636,0.09945300845350571,0.11928770638741398,0.11363333208523135,-0.00565437430218263
fedprox,777,condition,client_specific,cnn-ae,N15_M07_F10,fuzzy_warning_as_alarm_hi50,0.0832517140058766,0.01818181818181818,0.9565439672801636,0.09945300845350571,0.11928770638741398,0.11363333208523135,-0.00565437430218263
fedprox,777,condition,client_specific,cnn-ae,N15_M07_F10,fuzzy_fault_only_hi75,0.033182503770739065,0.0,0.9831288343558282,0.09945300845350571,0.11928770638741398,0.11363333208523135,-0.00565437430218263
fedprox,777,condition,pooled,cnn-ae,N15_M07_F10,hard_val_p95,0.0652496292634701,0.01818181818181818,0.9662576687116564,0.05271009448035803,0.07494097054532042,0.07227073970325097,-0.0026702308420694515
fedprox,777,condition,pooled,cnn-ae,N15_M07_F10,fuzzy_warning_as_alarm_hi50,0.0652496292634701,0.01818181818181818,0.9662576687116564,0.05271009448035803,0.07494097054532042,0.07227073970325097,-0.0026702308420694515
fedprox,777,condition,pooled,cnn-ae,N15_M07_F10,fuzzy_fault_only_hi75,0.03219315895372234,0.0,0.983640081799591,0.05271009448035803,0.07494097054532042,0.07227073970325097,-0.0026702308420694515
fedprox,777,condition,client_specific,cnn-ae,N09_M07_F10,hard_val_p95,0.09985458070770722,0.07272727272727272,0.9473415132924335,0.06066633515663849,0.11655062928889609,0.0735515680049828,-0.04299906128391329
fedprox,777,condition,client_specific,cnn-ae,N09_M07_F10,fuzzy_warning_as_alarm_hi50,0.09985458070770722,0.07272727272727272,0.9473415132924335,0.06066633515663849,0.11655062928889609,0.0735515680049828,-0.04299906128391329
fedprox,777,condition,client_specific,cnn-ae,N09_M07_F10,fuzzy_fault_only_hi75,0.05660377358490566,0.01818181818181818,0.9708588957055214,0.06066633515663849,0.11655062928889609,0.0735515680049828,-0.04299906128391329
fedprox,777,condition,pooled,cnn-ae,N09_M07_F10,hard_val_p95,0.1251193887297039,0.12727272727272726,0.9330265848670757,0.07011437095972153,0.15770361740118718,0.09438964601356253,-0.06331397138762465
fedprox,777,condition,pooled,cnn-ae,N09_M07_F10,fuzzy_warning_as_alarm_hi50,0.1251193887297039,0.12727272727272726,0.9330265848670757,0.07011437095972153,0.15770361740118718,0.09438964601356253,-0.06331397138762465
fedprox,777,condition,pooled,cnn-ae,N09_M07_F10,fuzzy_fault_only_hi75,0.06426099851705389,0.03636363636363636,0.9667689161554193,0.07011437095972153,0.15770361740118718,0.09438964601356253,-0.06331397138762465
fedprox,777,condition,client_specific,cnn-ae,N15_M01_F10,hard_val_p95,0.11826923076923077,0.017857142857142856,0.9371165644171779,0.05168986083499006,0.05888881675609465,0.09463787049586153,0.03574905373976688
fedprox,777,condition,client_specific,cnn-ae,N15_M01_F10,fuzzy_warning_as_alarm_hi50,0.11826923076923077,0.017857142857142856,0.9371165644171779,0.05168986083499006,0.05888881675609465,0.09463787049586153,0.03574905373976688
fedprox,777,condition,client_specific,cnn-ae,N15_M01_F10,fuzzy_fault_only_hi75,0.07952871870397643,0.0,0.9585889570552147,0.05168986083499006,0.05888881675609465,0.09463787049586153,0.03574905373976688
fedprox,777,condition,pooled,cnn-ae,N15_M01_F10,hard_val_p95,0.12547892720306514,0.017857142857142856,0.9330265848670757,0.06759443339960239,0.06156268988589271,0.09438964601356253,0.032826956127669824
fedprox,777,condition,pooled,cnn-ae,N15_M01_F10,fuzzy_warning_as_alarm_hi50,0.12547892720306514,0.017857142857142856,0.9330265848670757,0.06759443339960239,0.06156268988589271,0.09438964601356253,0.032826956127669824
fedprox,777,condition,pooled,cnn-ae,N15_M01_F10,fuzzy_fault_only_hi75,0.06432459178624443,0.0,0.9667689161554193,0.06759443339960239,0.06156268988589271,0.09438964601356253,0.032826956127669824
fedprox,777,condition,client_specific,cnn-ae,N15_M07_F04,hard_val_p95,0.23745519713261648,0.2,0.864519427402863,0.05718547986076579,0.22074103150370727,0.16482785558671367,-0.0559131759169936
fedprox,777,condition,client_specific,cnn-ae,N15_M07_F04,fuzzy_warning_as_alarm_hi50,0.23745519713261648,0.2,0.864519427402863,0.05718547986076579,0.22074103150370727,0.16482785558671367,-0.0559131759169936
fedprox,777,condition,client_specific,cnn-ae,N15_M07_F04,fuzzy_fault_only_hi75,0.19060773480662985,0.16363636363636364,0.8941717791411042,0.05718547986076579,0.22074103150370727,0.16482785558671367,-0.0559131759169936
fedprox,777,condition,pooled,cnn-ae,N15_M07_F04,hard_val_p95,0.12535885167464114,0.05454545454545454,0.9330265848670757,0.07061163600198907,0.10036008474666461,0.09438964601356253,-0.005970438733102074
fedprox,777,condition,pooled,cnn-ae,N15_M07_F04,fuzzy_warning_as_alarm_hi50,0.12535885167464114,0.05454545454545454,0.9330265848670757,0.07061163600198907,0.10036008474666461,0.09438964601356253,-0.005970438733102074
fedprox,777,condition,pooled,cnn-ae,N15_M07_F04,fuzzy_fault_only_hi75,0.06432459178624443,0.0,0.9667689161554193,0.07061163600198907,0.10036008474666461,0.09438964601356253,-0.005970438733102074
fedprox,777,condition,client_specific,cnn-ae,N15_M07_F10,hard_val_p95,0.1510146295422369,0.05454545454545454,0.918200408997955,0.07608155146693188,0.1331409121707333,0.16108308520254666,0.027942173031813372
fedprox,777,condition,client_specific,cnn-ae,N15_M07_F10,fuzzy_warning_as_alarm_hi50,0.1510146295422369,0.05454545454545454,0.918200408997955,0.07608155146693188,0.1331409121707333,0.16108308520254666,0.027942173031813372
fedprox,777,condition,client_specific,cnn-ae,N15_M07_F10,fuzzy_fault_only_hi75,0.09444985394352483,0.01818181818181818,0.9504089979550102,0.07608155146693188,0.1331409121707333,0.16108308520254666,0.027942173031813372
fedprox,777,condition,pooled,cnn-ae,N15_M07_F10,hard_val_p95,0.12547892720306514,0.01818181818181818,0.9330265848670757,0.0676280457483839,0.06707722576046865,0.09438964601356253,0.027312420253093883
fedprox,777,condition,pooled,cnn-ae,N15_M07_F10,fuzzy_warning_as_alarm_hi50,0.12547892720306514,0.01818181818181818,0.9330265848670757,0.0676280457483839,0.06707722576046865,0.09438964601356253,0.027312420253093883
fedprox,777,condition,pooled,cnn-ae,N15_M07_F10,fuzzy_fault_only_hi75,0.06429277942631058,0.01818181818181818,0.9667689161554193,0.0676280457483839,0.06707722576046865,0.09438964601356253,0.027312420253093883
fedprox,777,condition,client_specific,cnn-ae,N09_M07_F10,hard_val_p95,0.06896551724137931,0.07272727272727272,0.9642126789366053,0.04127299850820487,0.11603871071180795,0.054967840390742255,-0.061070870321065694
fedprox,777,condition,client_specific,cnn-ae,N09_M07_F10,fuzzy_warning_as_alarm_hi50,0.06896551724137931,0.07272727272727272,0.9642126789366053,0.04127299850820487,0.11603871071180795,0.054967840390742255,-0.061070870321065694
fedprox,777,condition,client_specific,cnn-ae,N09_M07_F10,fuzzy_fault_only_hi75,0.026222894604135148,0.01818181818181818,0.9867075664621677,0.04127299850820487,0.11603871071180795,0.054967840390742255,-0.061070870321065694
fedprox,777,condition,pooled,cnn-ae,N09_M07_F10,hard_val_p95,0.10800385728061716,0.10909090909090909,0.9427402862985685,0.04922923918448533,0.1721836851748753,0.0820710349189074,-0.09011265025596792
fedprox,777,condition,pooled,cnn-ae,N09_M07_F10,fuzzy_warning_as_alarm_hi50,0.10800385728061716,0.10909090909090909,0.9427402862985685,0.04922923918448533,0.1721836851748753,0.0820710349189074,-0.09011265025596792
fedprox,777,condition,pooled,cnn-ae,N09_M07_F10,fuzzy_fault_only_hi75,0.04495504495504495,0.01818181818181818,0.9769938650306749,0.04922923918448533,0.1721836851748753,0.0820710349189074,-0.09011265025596792
fedprox,777,condition,client_specific,cnn-ae,N15_M01_F10,hard_val_p95,0.1108433734939759,0.07142857142857142,0.9412065439672802,0.03479125248508946,0.12771712278287226,0.09961240974823926,-0.028104713034632994
fedprox,777,condition,client_specific,cnn-ae,N15_M01_F10,fuzzy_warning_as_alarm_hi50,0.1108433734939759,0.07142857142857142,0.9412065439672802,0.03479125248508946,0.12771712278287226,0.09961240974823926,-0.028104713034632994
fedprox,777,condition,client_specific,cnn-ae,N15_M01_F10,fuzzy_fault_only_hi75,0.07374631268436578,0.05357142857142857,0.9616564417177914,0.03479125248508946,0.12771712278287226,0.09961240974823926,-0.028104713034632994
fedprox,777,condition,pooled,cnn-ae,N15_M01_F10,hard_val_p95,0.10816030902945437,0.05357142857142857,0.9427402862985685,0.04622266401590457,0.10669213606921447,0.0820710349189074,-0.02462110115030708
fedprox,777,condition,pooled,cnn-ae,N15_M01_F10,fuzzy_warning_as_alarm_hi50,0.10816030902945437,0.05357142857142857,0.9427402862985685,0.04622266401590457,0.10669213606921447,0.0820710349189074,-0.02462110115030708
fedprox,777,condition,pooled,cnn-ae,N15_M01_F10,fuzzy_fault_only_hi75,0.04491017964071856,0.05357142857142857,0.9769938650306749,0.04622266401590457,0.10669213606921447,0.0820710349189074,-0.02462110115030708
fedprox,777,condition,client_specific,cnn-ae,N15_M07_F04,hard_val_p95,0.10800385728061716,0.10909090909090909,0.9427402862985685,0.043262058677274985,0.15022648023973945,0.10577436125521555,-0.04445211898452389
fedprox,777,condition,client_specific,cnn-ae,N15_M07_F04,fuzzy_warning_as_alarm_hi50,0.10800385728061716,0.10909090909090909,0.9427402862985685,0.043262058677274985,0.15022648023973945,0.10577436125521555,-0.04445211898452389
fedprox,777,condition,client_specific,cnn-ae,N15_M07_F04,fuzzy_fault_only_hi75,0.09704027171276079,0.09090909090909091,0.9488752556237219,0.043262058677274985,0.15022648023973945,0.10577436125521555,-0.04445211898452389
fedprox,777,condition,pooled,cnn-ae,N15_M07_F04,hard_val_p95,0.10800385728061716,0.10909090909090909,0.9427402862985685,0.047737444057682744,0.11688197375195575,0.0820710349189074,-0.03481093883304835
fedprox,777,condition,pooled,cnn-ae,N15_M07_F04,fuzzy_warning_as_alarm_hi50,0.10800385728061716,0.10909090909090909,0.9427402862985685,0.047737444057682744,0.11688197375195575,0.0820710349189074,-0.03481093883304835
fedprox,777,condition,pooled,cnn-ae,N15_M07_F04,fuzzy_fault_only_hi75,0.044932601098352475,0.03636363636363636,0.9769938650306749,0.047737444057682744,0.11688197375195575,0.0820710349189074,-0.03481093883304835
fedprox,777,condition,client_specific,cnn-ae,N15_M07_F10,hard_val_p95,0.111003861003861,0.01818181818181818,0.9412065439672802,0.0800596718050721,0.1286638898493198,0.147076082189049,0.018412192339729183
fedprox,777,condition,client_specific,cnn-ae,N15_M07_F10,fuzzy_warning_as_alarm_hi50,0.111003861003861,0.01818181818181818,0.9412065439672802,0.0800596718050721,0.1286638898493198,0.147076082189049,0.018412192339729183
fedprox,777,condition,client_specific,cnn-ae,N15_M07_F10,fuzzy_fault_only_hi75,0.06910167818361303,0.0,0.9642126789366053,0.0800596718050721,0.1286638898493198,0.147076082189049,0.018412192339729183
fedprox,777,condition,pooled,cnn-ae,N15_M07_F10,hard_val_p95,0.1082648622522958,0.01818181818181818,0.9427402862985685,0.04624564893088016,0.07250285542763481,0.0820710349189074,0.009568179491272588
fedprox,777,condition,pooled,cnn-ae,N15_M07_F10,fuzzy_warning_as_alarm_hi50,0.1082648622522958,0.01818181818181818,0.9427402862985685,0.04624564893088016,0.07250285542763481,0.0820710349189074,0.009568179491272588
fedprox,777,condition,pooled,cnn-ae,N15_M07_F10,fuzzy_fault_only_hi75,0.044977511244377814,0.0,0.9769938650306749,0.04624564893088016,0.07250285542763481,0.0820710349189074,0.009568179491272588
fedprox-personalized,777,condition,client_specific,cnn-ae,N09_M07_F10,hard_val_p95,0.31714654061022773,0.03636363636363636,0.8113496932515337,0.03381402287419195,0.11140459013074908,0.22448434384527935,0.11307975371453027
fedprox-personalized,777,condition,client_specific,cnn-ae,N09_M07_F10,fuzzy_warning_as_alarm_hi50,0.31714654061022773,0.03636363636363636,0.8113496932515337,0.03381402287419195,0.11140459013074908,0.22448434384527935,0.11307975371453027
fedprox-personalized,777,condition,client_specific,cnn-ae,N09_M07_F10,fuzzy_fault_only_hi75,0.30329289428076256,0.03636363636363636,0.8210633946830266,0.03381402287419195,0.11140459013074908,0.22448434384527935,0.11307975371453027
fedprox-personalized,777,condition,client_specific,cnn-ae,N15_M01_F10,hard_val_p95,0.3687057844361215,0.07142857142857142,0.773517382413088,0.07604373757455268,0.10221046911417117,0.25282115255529675,0.15061068344112558
fedprox-personalized,777,condition,client_specific,cnn-ae,N15_M01_F10,fuzzy_warning_as_alarm_hi50,0.3687057844361215,0.07142857142857142,0.773517382413088,0.07604373757455268,0.10221046911417117,0.25282115255529675,0.15061068344112558
fedprox-personalized,777,condition,client_specific,cnn-ae,N15_M01_F10,fuzzy_fault_only_hi75,0.30489389346037243,0.017857142857142856,0.820040899795501,0.07604373757455268,0.10221046911417117,0.25282115255529675,0.15061068344112558
fedprox-personalized,777,condition,client_specific,cnn-ae,N15_M07_F04,hard_val_p95,0.13257033857892228,0.03636363636363636,0.9289366053169734,0.028841372451516658,0.10537004755416547,0.12111747413378092,0.015747426579615448
fedprox-personalized,777,condition,client_specific,cnn-ae,N15_M07_F04,fuzzy_warning_as_alarm_hi50,0.13257033857892228,0.03636363636363636,0.9289366053169734,0.028841372451516658,0.10537004755416547,0.12111747413378092,0.015747426579615448
fedprox-personalized,777,condition,client_specific,cnn-ae,N15_M07_F04,fuzzy_fault_only_hi75,0.11277108433734939,0.03636363636363636,0.9401840490797546,0.028841372451516658,0.10537004755416547,0.12111747413378092,0.015747426579615448
fedprox-personalized,777,condition,client_specific,cnn-ae,N15_M07_F10,hard_val_p95,0.16213683223992503,0.09090909090909091,0.9115541922290389,0.08105420188960716,0.1691686974286723,0.1686016371544125,-0.0005670602742597897
fedprox-personalized,777,condition,client_specific,cnn-ae,N15_M07_F10,fuzzy_warning_as_alarm_hi50,0.16213683223992503,0.09090909090909091,0.9115541922290389,0.08105420188960716,0.1691686974286723,0.1686016371544125,-0.0005670602742597897
fedprox-personalized,777,condition,client_specific,cnn-ae,N15_M07_F10,fuzzy_fault_only_hi75,0.09431210500729217,0.07272727272727272,0.9504089979550102,0.08105420188960716,0.1691686974286723,0.1686016371544125,-0.0005670602742597897
