seed,clients_by,training_mode,calibration_scope,round,model,client_id,client_train_count,client_val_count,client_test_normal_count,fault_audit_count,decision_policy,p50,p90,p95,p99,roc_auc,pr_auc,precision,recall,f1,false_alarm_rate,miss_rate,uncertain_rate,mean_health_normal,mean_health_fault,health_gap,tn,fp,fn,tp
42,bearing,local-only,client_specific,3,cnn-ae,test1_bearing1,1207,259,258,18592,hard_val_p95,0.805158257484436,0.8383146286010742,0.8468104362487793,0.8654245042800902,0.9536307605838638,0.9990827089913723,0.9989417367276148,0.9138876936316696,0.9545237493328839,0.06976744186046512,0.08611230636833046,0.03050397877984085,0.10747872016448148,0.9109338729965999,0.8034551528321184,240,18,1601,16991
42,bearing,local-only,client_specific,3,cnn-ae,test1_bearing1,1207,259,258,18592,fuzzy_warning_as_alarm_hi50,0.805158257484436,0.8383146286010742,0.8468104362487793,0.8654245042800902,0.9536307605838638,0.9990827089913723,0.9989417367276148,0.9138876936316696,0.9545237493328839,0.06976744186046512,0.08611230636833046,0.03050397877984085,0.10747872016448148,0.9109338729965999,0.8034551528321184,240,18,1601,16991
42,bearing,local-only,client_specific,3,cnn-ae,test1_bearing1,1207,259,258,18592,fuzzy_fault_only_hi75,0.805158257484436,0.8383146286010742,0.8468104362487793,0.8654245042800902,0.9536307605838638,0.9990827089913723,0.9994581903557883,0.8929647160068847,0.9432150668977076,0.03488372093023256,0.10703528399311532,0.03050397877984085,0.10747872016448148,0.9109338729965999,0.8034551528321184,249,9,1990,16602
42,bearing,local-only,client_specific,3,cnn-ae,test1_bearing2,1207,259,258,18592,hard_val_p95,0.7406888008117676,0.7767693996429443,0.7863980412483216,0.8018761432170868,0.9948973635405409,0.9998736816853033,0.9991863303498779,0.9907487091222031,0.9949496313500958,0.05813953488372093,0.009251290877796902,0.015013262599469496,0.10754082735928612,0.9888188663170563,0.8812780389577701,243,15,172,18420
42,bearing,local-only,client_specific,3,cnn-ae,test1_bearing2,1207,259,258,18592,fuzzy_warning_as_alarm_hi50,0.7406888008117676,0.7767693996429443,0.7863980412483216,0.8018761432170868,0.9948973635405409,0.9998736816853033,0.9991863303498779,0.9907487091222031,0.9949496313500958,0.05813953488372093,0.009251290877796902,0.015013262599469496,0.10754082735928612,0.9888188663170563,0.8812780389577701,243,15,172,18420
42,bearing,local-only,client_specific,3,cnn-ae,test1_bearing2,1207,259,258,18592,fuzzy_fault_only_hi75,0.7406888008117676,0.7767693996429443,0.7863980412483216,0.8018761432170868,0.9948973635405409,0.9998736816853033,0.9996713949285284,0.9817663511187608,0.9906379745461453,0.023255813953488372,0.018233648881239243,0.015013262599469496,0.10754082735928612,0.9888188663170563,0.8812780389577701,252,6,339,18253
42,bearing,local-only,client_specific,3,cnn-ae,test1_bearing3,1207,259,258,18592,hard_val_p95,0.9710195064544678,0.9821660041809082,0.9842556953430176,0.9888770878314972,0.629945758949419,0.9928558585695502,0.9983801295896328,0.3978055077452668,0.568923076923077,0.046511627906976744,0.6021944922547332,0.06079575596816976,0.10772707633990329,0.4132098433987831,0.3054827670588798,246,12,11196,7396
42,bearing,local-only,client_specific,3,cnn-ae,test1_bearing3,1207,259,258,18592,fuzzy_warning_as_alarm_hi50,0.9710195064544678,0.9821660041809082,0.9842556953430176,0.9888770878314972,0.629945758949419,0.9928558585695502,0.9983801295896328,0.3978055077452668,0.568923076923077,0.046511627906976744,0.6021944922547332,0.06079575596816976,0.10772707633990329,0.4132098433987831,0.3054827670588798,246,12,11196,7396
42,bearing,local-only,client_specific,3,cnn-ae,test1_bearing3,1207,259,258,18592,fuzzy_fault_only_hi75,0.9710195064544678,0.9821660041809082,0.9842556953430176,0.9888770878314972,0.629945758949419,0.9928558585695502,0.9992619926199262,0.3641351118760757,0.5337643394961958,0.01937984496124031,0.6358648881239243,0.06079575596816976,0.10772707633990329,0.4132098433987831,0.3054827670588798,253,5,11822,6770
42,bearing,local-only,client_specific,3,cnn-ae,test1_bearing4,1207,259,258,18592,hard_val_p95,0.983741819858551,0.997860062122345,0.9999537825584411,1.0030985927581788,0.6951203901986684,0.9939317207339755,0.9984934086629002,0.4277646299483649,0.5989381330722596,0.046511627906976744,0.5722353700516352,0.06355437665782493,0.09866620856659215,0.45480623657736063,0.3561400280107685,246,12,10639,7953
42,bearing,local-only,client_specific,3,cnn-ae,test1_bearing4,1207,259,258,18592,fuzzy_warning_as_alarm_hi50,0.983741819858551,0.997860062122345,0.9999537825584411,1.0030985927581788,0.6951203901986684,0.9939317207339755,0.9984934086629002,0.4277646299483649,0.5989381330722596,0.046511627906976744,0.5722353700516352,0.06355437665782493,0.09866620856659215,0.45480623657736063,0.3561400280107685,246,12,10639,7953
42,bearing,local-only,client_specific,3,cnn-ae,test1_bearing4,1207,259,258,18592,fuzzy_fault_only_hi75,0.983741819858551,0.997860062122345,0.9999537825584411,1.0030985927581788,0.6951203901986684,0.9939317207339755,0.9993261455525606,0.3988274526678141,0.5701214823927419,0.01937984496124031,0.6011725473321858,0.06355437665782493,0.09866620856659215,0.45480623657736063,0.3561400280107685,253,5,11177,7415
42,bearing,local-only,client_specific,3,cnn-ae,test2_bearing1,552,118,118,18592,hard_val_p95,0.9128276109695435,0.9478147864341736,0.9518906861543655,0.9581586956977844,0.9171057717553021,0.9992918264697941,0.9992845528455284,0.8263769363166954,0.904642741484382,0.09322033898305085,0.17362306368330466,0.03233564938535542,0.1326309751260139,0.8381621721574172,0.7055311970314033,107,11,3228,15364
42,bearing,local-only,client_specific,3,cnn-ae,test2_bearing1,552,118,118,18592,fuzzy_warning_as_alarm_hi50,0.9128276109695435,0.9478147864341736,0.9518906861543655,0.9581586956977844,0.9171057717553021,0.9992918264697941,0.9992845528455284,0.8263769363166954,0.904642741484382,0.09322033898305085,0.17362306368330466,0.03233564938535542,0.1326309751260139,0.8381621721574172,0.7055311970314033,107,11,3228,15364
42,bearing,local-only,client_specific,3,cnn-ae,test2_bearing1,552,118,118,18592,fuzzy_fault_only_hi75,0.9128276109695435,0.9478147864341736,0.9518906861543655,0.9581586956977844,0.9171057717553021,0.9992918264697941,0.999734431018457,0.8099182444061962,0.8948713377310276,0.03389830508474576,0.19008175559380378,0.03233564938535542,0.1326309751260139,0.8381621721574172,0.7055311970314033,114,4,3534,15058
42,bearing,local-only,client_specific,3,cnn-ae,test2_bearing3,552,118,118,18592,hard_val_p95,1.0339007377624512,1.0393516540527343,1.040822058916092,1.0425165724754333,0.5944909328597684,0.9951203684809126,0.996822033898305,0.1518395008605852,0.2635362210604929,0.07627118644067797,0.8481604991394148,0.09374665954035276,0.13114992740589806,0.21053888236260354,0.07938895495670548,109,9,15769,2823
42,bearing,local-only,client_specific,3,cnn-ae,test2_bearing3,552,118,118,18592,fuzzy_warning_as_alarm_hi50,1.0339007377624512,1.0393516540527343,1.040822058916092,1.0425165724754333,0.5944909328597684,0.9951203684809126,0.996822033898305,0.1518395008605852,0.2635362210604929,0.07627118644067797,0.8481604991394148,0.09374665954035276,0.13114992740589806,0.21053888236260354,0.07938895495670548,109,9,15769,2823
42,bearing,local-only,client_specific,3,cnn-ae,test2_bearing3,552,118,118,18592,fuzzy_fault_only_hi75,1.0339007377624512,1.0393516540527343,1.040822058916092,1.0425165724754333,0.5944909328597684,0.9951203684809126,0.9963386727688787,0.1170933734939759,0.20955864658035328,0.06779661016949153,0.8829066265060241,0.09374665954035276,0.13114992740589806,0.21053888236260354,0.07938895495670548,110,8,16415,2177
42,bearing,local-only,client_specific,3,cnn-ae,test3_bearing1,3542,759,759,18592,hard_val_p95,0.8159258365631104,0.8566521525382995,0.8638326942920684,0.8731165170669556,0.941365050830085,0.9969093565353763,0.9976683388680845,0.7594664371772806,0.862421743777676,0.043478260869565216,0.24053356282271945,0.04103147124179629,0.09944202444622778,0.7967909398339666,0.6973489153877389,726,33,4472,14120
42,bearing,local-only,client_specific,3,cnn-ae,test3_bearing1,3542,759,759,18592,fuzzy_warning_as_alarm_hi50,0.8159258365631104,0.8566521525382995,0.8638326942920684,0.8731165170669556,0.941365050830085,0.9969093565353763,0.9976683388680845,0.7594664371772806,0.862421743777676,0.043478260869565216,0.24053356282271945,0.04103147124179629,0.09944202444622778,0.7967909398339666,0.6973489153877389,726,33,4472,14120
42,bearing,local-only,client_specific,3,cnn-ae,test3_bearing1,3542,759,759,18592,fuzzy_fault_only_hi75,0.8159258365631104,0.8566521525382995,0.8638326942920684,0.8731165170669556,0.941365050830085,0.9969093565353763,0.9987047564222494,0.7465038726333907,0.8543814829634646,0.023715415019762844,0.2534961273666093,0.04103147124179629,0.09944202444622778,0.7967909398339666,0.6973489153877389,741,18,4713,13879
42,bearing,local-only,client_specific,3,cnn-ae,test3_bearing3,3542,759,759,18592,hard_val_p95,0.8635730743408203,0.9014770865440369,0.9105334997177124,0.9233610308170318,0.7964650102385826,0.9886649977840152,0.9966386554621849,0.606013339070568,0.7537211091413855,0.05006587615283267,0.393986660929432,0.04692263965686528,0.1109020984233353,0.6260475564255776,0.5151454580022423,721,38,7325,11267
42,bearing,local-only,client_specific,3,cnn-ae,test3_bearing3,3542,759,759,18592,fuzzy_warning_as_alarm_hi50,0.8635730743408203,0.9014770865440369,0.9105334997177124,0.9233610308170318,0.7964650102385826,0.9886649977840152,0.9966386554621849,0.606013339070568,0.7537211091413855,0.05006587615283267,0.393986660929432,0.04692263965686528,0.1109020984233353,0.6260475564255776,0.5151454580022423,721,38,7325,11267
42,bearing,local-only,client_specific,3,cnn-ae,test3_bearing3,3542,759,759,18592,fuzzy_fault_only_hi75,0.8635730743408203,0.9014770865440369,0.9105334997177124,0.9233610308170318,0.7964650102385826,0.9886649977840152,0.997979797979798,0.584552495697074,0.7372634149650634,0.028985507246376812,0.415447504302926,0.04692263965686528,0.1109020984233353,0.6260475564255776,0.5151454580022423,737,22,7724,10868
42,bearing,centralized,client_specific,3,cnn-ae,test1_bearing1,1207,259,258,18592,hard_val_p95,0.7746352553367615,0.8038157463073731,0.8133074343204498,0.8344064831733704,0.9438287827389291,0.9989006379096461,0.9989318775219559,0.9054432013769363,0.9498927886243088,0.06976744186046512,0.09455679862306368,0.039310344827586205,0.0977921901682137,0.8920106170278824,0.7942184268596687,240,18,1758,16834
42,bearing,centralized,client_specific,3,cnn-ae,test1_bearing1,1207,259,258,18592,fuzzy_warning_as_alarm_hi50,0.7746352553367615,0.8038157463073731,0.8133074343204498,0.8344064831733704,0.9438287827389291,0.9989006379096461,0.9989318775219559,0.9054432013769363,0.9498927886243088,0.06976744186046512,0.09455679862306368,0.039310344827586205,0.0977921901682137,0.8920106170278824,0.7942184268596687,240,18,1758,16834
42,bearing,centralized,client_specific,3,cnn-ae,test1_bearing1,1207,259,258,18592,fuzzy_fault_only_hi75,0.7746352553367615,0.8038157463073731,0.8133074343204498,0.8344064831733704,0.9438287827389291,0.9989006379096461,0.9995080555897183,0.8742469879518072,0.9326906524358753,0.031007751937984496,0.12575301204819278,0.039310344827586205,0.0977921901682137,0.8920106170278824,0.7942184268596687,250,8,2338,16254
42,bearing,centralized,pooled,3,cnn-ae,test1_bearing1,1207,259,258,18592,hard_val_p95,0.868866890668869,0.940166562795639,0.9461386680603027,0.9524165946245193,0.7907702237521514,0.9942725429950191,1.0,0.309434165232358,0.47262271513657833,0.0,0.690565834767642,0.050557029177718836,0.0,0.3528000984720271,0.3528000984720271,258,0,12839,5753
42,bearing,centralized,pooled,3,cnn-ae,test1_bearing1,1207,259,258,18592,fuzzy_warning_as_alarm_hi50,0.868866890668869,0.940166562795639,0.9461386680603027,0.9524165946245193,0.7907702237521514,0.9942725429950191,1.0,0.309434165232358,0.47262271513657833,0.0,0.690565834767642,0.050557029177718836,0.0,0.3528000984720271,0.3528000984720271,258,0,12839,5753
42,bearing,centralized,pooled,3,cnn-ae,test1_bearing1,1207,259,258,18592,fuzzy_fault_only_hi75,0.868866890668869,0.940166562795639,0.9461386680603027,0.9524165946245193,0.7907702237521514,0.9942725429950191,1.0,0.2856067125645439,0.44431428332357126,0.0,0.7143932874354562,0.050557029177718836,0.0,0.3528000984720271,0.3528000984720271,258,0,13282,5310
42,bearing,centralized,adaptive,3,cnn-ae,test1_bearing1,1207,259,258,18592,hard_val_p95,0.7992037967560914,0.8393658104726078,0.8479398553371985,0.8651746673491936,0.9481636054183511,0.9987837723603212,0.9999188904209587,0.6630808950086059,0.7973868891691731,0.003875968992248062,0.33691910499139416,0.11883289124668435,0.016547658616291015,0.6982634427287996,0.6817157841125085,257,1,6264,12328
42,bearing,centralized,adaptive,3,cnn-ae,test1_bearing1,1207,259,258,18592,fuzzy_warning_as_alarm_hi50,0.7992037967560914,0.8393658104726078,0.8479398553371985,0.8651746673491936,0.9481636054183511,0.9987837723603212,0.9999188904209587,0.6630808950086059,0.7973868891691731,0.003875968992248062,0.33691910499139416,0.11883289124668435,0.016547658616291015,0.6982634427287996,0.6817157841125085,257,1,6264,12328
42,bearing,centralized,adaptive,3,cnn-ae,test1_bearing1,1207,259,258,18592,fuzzy_fault_only_hi75,0.7992037967560914,0.8393658104726078,0.8479398553371985,0.8651746673491936,0.9481636054183511,0.9987837723603212,1.0,0.611499569707401,0.7589199292413471,0.0,0.38850043029259895,0.11883289124668435,0.016547658616291015,0.6982634427287996,0.6817157841125085,258,0,7223,11369
42,bearing,centralized,client_specific,3,cnn-ae,test1_bearing2,1207,259,258,18592,hard_val_p95,0.6974929571151733,0.7320261478424073,0.7380772411823273,0.7485448515415192,0.9919914291718369,0.9997805650794405,0.999192462987887,0.9982788296041308,0.9987354373503377,0.05813953488372093,0.0017211703958691911,0.0034482758620689655,0.11305956231750265,0.9979074566679972,0.8848478943504945,243,15,32,18560
42,bearing,centralized,client_specific,3,cnn-ae,test1_bearing2,1207,259,258,18592,fuzzy_warning_as_alarm_hi50,0.6974929571151733,0.7320261478424073,0.7380772411823273,0.7485448515415192,0.9919914291718369,0.9997805650794405,0.999192462987887,0.9982788296041308,0.9987354373503377,0.05813953488372093,0.0017211703958691911,0.0034482758620689655,0.11305956231750265,0.9979074566679972,0.8848478943504945,243,15,32,18560
42,bearing,centralized,client_specific,3,cnn-ae,test1_bearing2,1207,259,258,18592,fuzzy_fault_only_hi75,0.6974929571151733,0.7320261478424073,0.7380772411823273,0.7485448515415192,0.9919914291718369,0.9997805650794405,0.9994607129374966,0.9968265920826161,0.9981419146357884,0.03875968992248062,0.003173407917383821,0.0034482758620689655,0.11305956231750265,0.9979074566679972,0.8848478943504945,248,10,59,18533
42,bearing,centralized,pooled,3,cnn-ae,test1_bearing2,1207,259,258,18592,hard_val_p95,0.868866890668869,0.940166562795639,0.9461386680603027,0.9524165946245193,0.7907702237521514,0.9942725429950191,1.0,0.309434165232358,0.47262271513657833,0.0,0.690565834767642,0.050557029177718836,0.0,0.3528000984720271,0.3528000984720271,258,0,12839,5753
42,bearing,centralized,pooled,3,cnn-ae,test1_bearing2,1207,259,258,18592,fuzzy_warning_as_alarm_hi50,0.868866890668869,0.940166562795639,0.9461386680603027,0.9524165946245193,0.7907702237521514,0.9942725429950191,1.0,0.309434165232358,0.47262271513657833,0.0,0.690565834767642,0.050557029177718836,0.0,0.3528000984720271,0.3528000984720271,258,0,12839,5753
42,bearing,centralized,pooled,3,cnn-ae,test1_bearing2,1207,259,258,18592,fuzzy_fault_only_hi75,0.868866890668869,0.940166562795639,0.9461386680603027,0.9524165946245193,0.7907702237521514,0.9942725429950191,1.0,0.2856067125645439,0.44431428332357126,0.0,0.7143932874354562,0.050557029177718836,0.0,0.3528000984720271,0.3528000984720271,258,0,13282,5310
42,bearing,centralized,adaptive,3,cnn-ae,test1_bearing2,1207,259,258,18592,hard_val_p95,0.7339205144956138,0.7762688558883301,0.782303159378218,0.791880202871828,0.9994248172090354,0.9999886919833957,1.0,0.9327129948364888,0.9651852057996827,0.0,0.06728700516351119,0.01363395225464191,0.005685823734835332,0.9431409406284191,0.9374551168935839,258,0,1251,17341
42,bearing,centralized,adaptive,3,cnn-ae,test1_bearing2,1207,259,258,18592,fuzzy_warning_as_alarm_hi50,0.7339205144956138,0.7762688558883301,0.782303159378218,0.791880202871828,0.9994248172090354,0.9999886919833957,1.0,0.9327129948364888,0.9651852057996827,0.0,0.06728700516351119,0.01363395225464191,0.005685823734835332,0.9431409406284191,0.9374551168935839,258,0,1251,17341
42,bearing,centralized,adaptive,3,cnn-ae,test1_bearing2,1207,259,258,18592,fuzzy_fault_only_hi75,0.7339205144956138,0.7762688558883301,0.782303159378218,0.791880202871828,0.9994248172090354,0.9999886919833957,1.0,0.9271191910499139,0.9621814731083759,0.0,0.07288080895008606,0.01363395225464191,0.005685823734835332,0.9431409406284191,0.9374551168935839,258,0,1355,17237
42,bearing,centralized,client_specific,3,cnn-ae,test1_bearing3,1207,259,258,18592,hard_val_p95,0.9309787750244141,0.9438781499862671,0.9455864548683166,0.9509306204319,0.4922868383834341,0.9905259885515205,0.9967454607742378,0.3129840791738382,0.47638149815800246,0.07364341085271318,0.6870159208261618,0.02737400530503979,0.12907131988366086,0.312664995442313,0.18359367555865216,239,19,12773,5819
42,bearing,centralized,client_specific,3,cnn-ae,test1_bearing3,1207,259,258,18592,fuzzy_warning_as_alarm_hi50,0.9309787750244141,0.9438781499862671,0.9455864548683166,0.9509306204319,0.4922868383834341,0.9905259885515205,0.9967454607742378,0.3129840791738382,0.47638149815800246,0.07364341085271318,0.6870159208261618,0.02737400530503979,0.12907131988366086,0.312664995442313,0.18359367555865216,239,19,12773,5819
42,bearing,centralized,client_specific,3,cnn-ae,test1_bearing3,1207,259,258,18592,fuzzy_fault_only_hi75,0.9309787750244141,0.9438781499862671,0.9455864548683166,0.9509306204319,0.4922868383834341,0.9905259885515205,0.998541742617572,0.29464285714285715,0.45502118116122603,0.031007751937984496,0.7053571428571429,0.02737400530503979,0.12907131988366086,0.312664995442313,0.18359367555865216,250,8,13114,5478
42,bearing,centralized,pooled,3,cnn-ae,test1_bearing3,1207,259,258,18592,hard_val_p95,0.868866890668869,0.940166562795639,0.9461386680603027,0.9524165946245193,0.42239983605518416,0.9893725231575444,0.9968809565066713,0.309434165232358,0.4722735295324878,0.06976744186046512,0.690565834767642,0.05342175066312997,0.23523744855668108,0.3528000984720271,0.11756264991534601,240,18,12839,5753
42,bearing,centralized,pooled,3,cnn-ae,test1_bearing3,1207,259,258,18592,fuzzy_warning_as_alarm_hi50,0.868866890668869,0.940166562795639,0.9461386680603027,0.9524165946245193,0.42239983605518416,0.9893725231575444,0.9968809565066713,0.309434165232358,0.4722735295324878,0.06976744186046512,0.690565834767642,0.05342175066312997,0.23523744855668108,0.3528000984720271,0.11756264991534601,240,18,12839,5753
42,bearing,centralized,pooled,3,cnn-ae,test1_bearing3,1207,259,258,18592,fuzzy_fault_only_hi75,0.868866890668869,0.940166562795639,0.9461386680603027,0.9524165946245193,0.42239983605518416,0.9893725231575444,0.998683468121121,0.2856067125645439,0.4441841984190054,0.027131782945736434,0.7143932874354562,0.05342175066312997,0.23523744855668108,0.3528000984720271,0.11756264991534601,251,7,13282,5310
42,bearing,centralized,adaptive,3,cnn-ae,test1_bearing3,1207,259,258,18592,hard_val_p95,0.9137044266629403,0.9428458958408625,0.9457400345438833,0.9513438945762251,0.49312011334374034,0.9897195572185502,0.9967376373626373,0.3122310671256454,0.4755078636959371,0.07364341085271318,0.6877689328743546,0.0343236074270557,0.17056612419988149,0.3272990529610352,0.1567329287611537,239,19,12787,5805
42,bearing,centralized,adaptive,3,cnn-ae,test1_bearing3,1207,259,258,18592,fuzzy_warning_as_alarm_hi50,0.9137044266629403,0.9428458958408625,0.9457400345438833,0.9513438945762251,0.49312011334374034,0.9897195572185502,0.9967376373626373,0.3122310671256454,0.4755078636959371,0.07364341085271318,0.6877689328743546,0.0343236074270557,0.17056612419988149,0.3272990529610352,0.1567329287611537,239,19,12787,5805
42,bearing,centralized,adaptive,3,cnn-ae,test1_bearing3,1207,259,258,18592,fuzzy_fault_only_hi75,0.9137044266629403,0.9428458958408625,0.9457400345438833,0.9513438945762251,0.49312011334374034,0.9897195572185502,0.9985302223038766,0.29233003442340794,0.45225712502600374,0.031007751937984496,0.7076699655765921,0.0343236074270557,0.17056612419988149,0.3272990529610352,0.1567329287611537,250,8,13157,5435
42,bearing,centralized,client_specific,3,cnn-ae,test1_bearing4,1207,259,258,18592,hard_val_p95,0.9370797872543335,0.9500022411346436,0.9520982921123504,0.9558614814281463,0.5192622650068713,0.9902527553679004,0.9979457682826622,0.26129518072289154,0.414151747655584,0.03875968992248062,0.7387048192771084,0.0340053050397878,0.09125444842831347,0.2700625313011314,0.1788080828728179,248,10,13734,4858
42,bearing,centralized,client_specific,3,cnn-ae,test1_bearing4,1207,259,258,18592,fuzzy_warning_as_alarm_hi50,0.9370797872543335,0.9500022411346436,0.9520982921123504,0.9558614814281463,0.5192622650068713,0.9902527553679004,0.9979457682826622,0.26129518072289154,0.414151747655584,0.03875968992248062,0.7387048192771084,0.0340053050397878,0.09125444842831347,0.2700625313011314,0.1788080828728179,248,10,13734,4858
42,bearing,centralized,client_specific,3,cnn-ae,test1_bearing4,1207,259,258,18592,fuzzy_fault_only_hi75,0.9370797872543335,0.9500022411346436,0.9520982921123504,0.9558614814281463,0.5192622650068713,0.9902527553679004,0.9991197183098591,0.24419104991394147,0.3924619640387275,0.015503875968992248,0.7558089500860585,0.0340053050397878,0.09125444842831347,0.2700625313011314,0.1788080828728179,254,4,14052,4540
42,bearing,centralized,pooled,3,cnn-ae,test1_bearing4,1207,259,258,18592,hard_val_p95,0.868866890668869,0.940166562795639,0.9461386680603027,0.9524165946245193,0.4242622483288636,0.9889517781494959,0.9922387030010349,0.309434165232358,0.47175071750717507,0.1744186046511628,0.690565834767642,0.053952254641909815,0.29220187432857647,0.3528000984720271,0.06059822414345062,213,45,12839,5753
42,bearing,centralized,pooled,3,cnn-ae,test1_bearing4,1207,259,258,18592,fuzzy_warning_as_alarm_hi50,0.868866890668869,0.940166562795639,0.9461386680603027,0.9524165946245193,0.4242622483288636,0.9889517781494959,0.9922387030010349,0.309434165232358,0.47175071750717507,0.1744186046511628,0.690565834767642,0.053952254641909815,0.29220187432857647,0.3528000984720271,0.06059822414345062,213,45,12839,5753
42,bearing,centralized,pooled,3,cnn-ae,test1_bearing4,1207,259,258,18592,fuzzy_fault_only_hi75,0.868866890668869,0.940166562795639,0.9461386680603027,0.9524165946245193,0.4242622483288636,0.9889517781494959,0.9951274362818591,0.2856067125645439,0.44383149448345033,0.10077519379844961,0.7143932874354562,0.053952254641909815,0.29220187432857647,0.3528000984720271,0.06059822414345062,232,26,13282,5310
42,bearing,centralized,adaptive,3,cnn-ae,test1_bearing4,1207,259,258,18592,hard_val_p95,0.9191518394979659,0.9474171943731535,0.9505319632507863,0.9549560844470248,0.4920992107966751,0.9896779552624556,0.9966887417218543,0.2752259036144578,0.43134114473573293,0.06589147286821706,0.7247740963855421,0.04445623342175066,0.15491219254497035,0.2923087890577474,0.13739659651277703,241,17,13475,5117
42,bearing,centralized,adaptive,3,cnn-ae,test1_bearing4,1207,259,258,18592,fuzzy_warning_as_alarm_hi50,0.9191518394979659,0.9474171943731535,0.9505319632507863,0.9549560844470248,0.4920992107966751,0.9896779552624556,0.9966887417218543,0.2752259036144578,0.43134114473573293,0.06589147286821706,0.7247740963855421,0.04445623342175066,0.15491219254497035,0.2923087890577474,0.13739659651277703,241,17,13475,5117
42,bearing,centralized,adaptive,3,cnn-ae,test1_bearing4,1207,259,258,18592,fuzzy_fault_only_hi75,0.9191518394979659,0.9474171943731535,0.9505319632507863,0.9549560844470248,0.4920992107966751,0.9896779552624556,0.9981060606060606,0.2551097246127367,0.40635709389993147,0.03488372093023256,0.7448902753872634,0.04445623342175066,0.15491219254497035,0.2923087890577474,0.13739659651277703,249,9,13849,4743
42,bearing,centralized,client_specific,3,cnn-ae,test2_bearing1,552,118,118,18592,hard_val_p95,0.8207713961601257,0.836355060338974,0.8419692099094391,0.8441828393936157,0.8828649191195775,0.9990000643934942,0.9997001049632629,0.7171901893287436,0.8352020043845912,0.03389830508474576,0.28280981067125643,0.05943345804382683,0.08997459731575434,0.7467002817103126,0.6567256843945583,114,4,5258,13334
42,bearing,centralized,client_specific,3,cnn-ae,test2_bearing1,552,118,118,18592,fuzzy_warning_as_alarm_hi50,0.8207713961601257,0.836355060338974,0.8419692099094391,0.8441828393936157,0.8828649191195775,0.9990000643934942,0.9997001049632629,0.7171901893287436,0.8352020043845912,0.03389830508474576,0.28280981067125643,0.05943345804382683,0.08997459731575434,0.7467002817103126,0.6567256843945583,114,4,5258,13334
42,bearing,centralized,client_specific,3,cnn-ae,test2_bearing1,552,118,118,18592,fuzzy_fault_only_hi75,0.8207713961601257,0.836355060338974,0.8419692099094391,0.8441828393936157,0.8828649191195775,0.9990000643934942,0.9998474912307458,0.705249569707401,0.8270989718034442,0.01694915254237288,0.29475043029259895,0.05943345804382683,0.08997459731575434,0.7467002817103126,0.6567256843945583,116,2,5480,13112
42,bearing,centralized,pooled,3,cnn-ae,test2_bearing1,552,118,118,18592,hard_val_p95,0.868866890668869,0.940166562795639,0.9461386680603027,0.9524165946245193,0.7907702237521514,0.9973608643936669,1.0,0.309434165232358,0.47262271513657833,0.0,0.690565834767642,0.05093532870122929,0.0,0.3528000984720271,0.3528000984720271,118,0,12839,5753
42,bearing,centralized,pooled,3,cnn-ae,test2_bearing1,552,118,118,18592,fuzzy_warning_as_alarm_hi50,0.868866890668869,0.940166562795639,0.9461386680603027,0.9524165946245193,0.7907702237521514,0.9973608643936669,1.0,0.309434165232358,0.47262271513657833,0.0,0.690565834767642,0.05093532870122929,0.0,0.3528000984720271,0.3528000984720271,118,0,12839,5753
42,bearing,centralized,pooled,3,cnn-ae,test2_bearing1,552,118,118,18592,fuzzy_fault_only_hi75,0.868866890668869,0.940166562795639,0.9461386680603027,0.9524165946245193,0.7907702237521514,0.9973608643936669,1.0,0.2856067125645439,0.44431428332357126,0.0,0.7143932874354562,0.05093532870122929,0.0,0.3528000984720271,0.3528000984720271,118,0,13282,5310
42,bearing,centralized,adaptive,3,cnn-ae,test2_bearing1,552,118,118,18592,hard_val_p95,0.8333175513213277,0.8634352521665484,0.8691427777949191,0.8724166168124052,0.8797019950261094,0.9986977842175805,1.0,0.5812177280550774,0.7351520511599429,0.0,0.41878227194492257,0.01127739176910743,0.010339534675023226,0.6079113374338727,0.5975718027588495,118,0,7786,10806
42,bearing,centralized,adaptive,3,cnn-ae,test2_bearing1,552,118,118,18592,fuzzy_warning_as_alarm_hi50,0.8333175513213277,0.8634352521665484,0.8691427777949191,0.8724166168124052,0.8797019950261094,0.9986977842175805,1.0,0.5812177280550774,0.7351520511599429,0.0,0.41878227194492257,0.01127739176910743,0.010339534675023226,0.6079113374338727,0.5975718027588495,118,0,7786,10806
42,bearing,centralized,adaptive,3,cnn-ae,test2_bearing1,552,118,118,18592,fuzzy_fault_only_hi75,0.8333175513213277,0.8634352521665484,0.8691427777949191,0.8724166168124052,0.8797019950261094,0.9986977842175805,1.0,0.5793889845094664,0.7336875085138265,0.0,0.42061101549053354,0.01127739176910743,0.010339534675023226,0.6079113374338727,0.5975718027588495,118,0,7820,10772
42,bearing,centralized,client_specific,3,cnn-ae,test2_bearing3,552,118,118,18592,hard_val_p95,0.9470726847648621,0.9533328771591186,0.9546431094408036,0.9584867852926254,0.4556383828291374,0.9951083690085074,0.99842661272196,0.2389199655765921,0.38557354281498196,0.059322033898305086,0.7610800344234079,0.023196151790486372,0.11684271249706939,0.24342416820666749,0.1265814557095981,111,7,14150,4442
42,bearing,centralized,client_specific,3,cnn-ae,test2_bearing3,552,118,118,18592,fuzzy_warning_as_alarm_hi50,0.9470726847648621,0.9533328771591186,0.9546431094408036,0.9584867852926254,0.4556383828291374,0.9951083690085074,0.99842661272196,0.2389199655765921,0.38557354281498196,0.059322033898305086,0.7610800344234079,0.023196151790486372,0.11684271249706939,0.24342416820666749,0.1265814557095981,111,7,14150,4442
42,bearing,centralized,client_specific,3,cnn-ae,test2_bearing3,552,118,118,18592,fuzzy_fault_only_hi75,0.9470726847648621,0.9533328771591186,0.9546431094408036,0.9584867852926254,0.4556383828291374,0.9951083690085074,0.998567335243553,0.22493545611015492,0.36716417910447763,0.05084745762711865,0.7750645438898451,0.023196151790486372,0.11684271249706939,0.24342416820666749,0.1265814557095981,112,6,14410,4182
42,bearing,centralized,pooled,3,cnn-ae,test2_bearing3,552,118,118,18592,hard_val_p95,0.868866890668869,0.940166562795639,0.9461386680603027,0.9524165946245193,0.2787892641996558,0.9921623222113392,0.9878090659340659,0.309434165232358,0.4712483617300131,0.6016949152542372,0.690565834767642,0.05440940673436665,0.6083886976163515,0.3528000984720271,-0.2555885991443244,47,71,12839,5753
42,bearing,centralized,pooled,3,cnn-ae,test2_bearing3,552,118,118,18592,fuzzy_warning_as_alarm_hi50,0.868866890668869,0.940166562795639,0.9461386680603027,0.9524165946245193,0.2787892641996558,0.9921623222113392,0.9878090659340659,0.309434165232358,0.4712483617300131,0.6016949152542372,0.690565834767642,0.05440940673436665,0.6083886976163515,0.3528000984720271,-0.2555885991443244,47,71,12839,5753
42,bearing,centralized,pooled,3,cnn-ae,test2_bearing3,552,118,118,18592,fuzzy_fault_only_hi75,0.868866890668869,0.940166562795639,0.9461386680603027,0.9524165946245193,0.2787892641996558,0.9921623222113392,0.9923378807699496,0.2856067125645439,0.44355343941861924,0.3474576271186441,0.7143932874354562,0.05440940673436665,0.6083886976163515,0.3528000984720271,-0.2555885991443244,77,41,13282,5310
42,bearing,centralized,adaptive,3,cnn-ae,test2_bearing3,552,118,118,18592,hard_val_p95,0.9319483494111734,0.9507866239549003,0.9529984228172447,0.9573128620509206,0.29294356603168126,0.9944972031789003,0.9970294928920008,0.25274311531841653,0.40326110276764643,0.11864406779661017,0.7472568846815835,0.03677177979690005,0.2765583536924142,0.265692979252798,-0.010865374439616216,104,14,13893,4699
42,bearing,centralized,adaptive,3,cnn-ae,test2_bearing3,552,118,118,18592,fuzzy_warning_as_alarm_hi50,0.9319483494111734,0.9507866239549003,0.9529984228172447,0.9573128620509206,0.29294356603168126,0.9944972031789003,0.9970294928920008,0.25274311531841653,0.40326110276764643,0.11864406779661017,0.7472568846815835,0.03677177979690005,0.2765583536924142,0.265692979252798,-0.010865374439616216,104,14,13893,4699
42,bearing,centralized,adaptive,3,cnn-ae,test2_bearing3,552,118,118,18592,fuzzy_fault_only_hi75,0.9319483494111734,0.9507866239549003,0.9529984228172447,0.9573128620509206,0.29294356603168126,0.9944972031789003,0.9984018264840183,0.23520869191049915,0.380724360090545,0.059322033898305086,0.7647913080895009,0.03677177979690005,0.2765583536924142,0.265692979252798,-0.010865374439616216,111,7,14219,4373
42,bearing,centralized,client_specific,3,cnn-ae,test3_bearing1,3542,759,759,18592,hard_val_p95,0.811077892780304,0.8515794992446899,0.8586797893047333,0.8691025936603546,0.8661916865655733,0.9926254600016466,0.9972476249667052,0.6041308089500861,0.7524367777591693,0.04084321475625823,0.3958691910499139,0.04035967133481474,0.09776446833995125,0.6530819632264835,0.5553174948865323,728,31,7360,11232
42,bearing,centralized,client_specific,3,cnn-ae,test3_bearing1,3542,759,759,18592,fuzzy_warning_as_alarm_hi50,0.811077892780304,0.8515794992446899,0.8586797893047333,0.8691025936603546,0.8661916865655733,0.9926254600016466,0.9972476249667052,0.6041308089500861,0.7524367777591693,0.04084321475625823,0.3958691910499139,0.04035967133481474,0.09776446833995125,0.6530819632264835,0.5553174948865323,728,31,7360,11232
42,bearing,centralized,client_specific,3,cnn-ae,test3_bearing1,3542,759,759,18592,fuzzy_fault_only_hi75,0.811077892780304,0.8515794992446899,0.8586797893047333,0.8691025936603546,0.8661916865655733,0.9926254600016466,0.9980943738656988,0.5915985370051635,0.7428745103336485,0.02766798418972332,0.4084014629948365,0.04035967133481474,0.09776446833995125,0.6530819632264835,0.5553174948865323,738,21,7593,10999
42,bearing,centralized,pooled,3,cnn-ae,test3_bearing1,3542,759,759,18592,hard_val_p95,0.868866890668869,0.940166562795639,0.9461386680603027,0.9524165946245193,0.7870930361763259,0.9835802451565481,1.0,0.309434165232358,0.47262271513657833,0.0,0.690565834767642,0.049248100873339876,0.0005675044386293889,0.3528000984720271,0.3522325940333977,759,0,12839,5753
42,bearing,centralized,pooled,3,cnn-ae,test3_bearing1,3542,759,759,18592,fuzzy_warning_as_alarm_hi50,0.868866890668869,0.940166562795639,0.9461386680603027,0.9524165946245193,0.7870930361763259,0.9835802451565481,1.0,0.309434165232358,0.47262271513657833,0.0,0.690565834767642,0.049248100873339876,0.0005675044386293889,0.3528000984720271,0.3522325940333977,759,0,12839,5753
42,bearing,centralized,pooled,3,cnn-ae,test3_bearing1,3542,759,759,18592,fuzzy_fault_only_hi75,0.868866890668869,0.940166562795639,0.9461386680603027,0.9524165946245193,0.7870930361763259,0.9835802451565481,1.0,0.2856067125645439,0.44431428332357126,0.0,0.7143932874354562,0.049248100873339876,0.0005675044386293889,0.3528000984720271,0.3522325940333977,759,0,13282,5310
42,bearing,centralized,adaptive,3,cnn-ae,test3_bearing1,3542,759,759,18592,hard_val_p95,0.8300341004916201,0.8806382273514743,0.8873684451469112,0.8964316279963177,0.8588953144594188,0.9915075059961055,1.0,0.5674483648881239,0.7240409031638185,0.0,0.43255163511187605,0.0057361376673040155,0.02744615916178239,0.5931975199893119,0.5657513608275295,759,0,8042,10550
42,bearing,centralized,adaptive,3,cnn-ae,test3_bearing1,3542,759,759,18592,fuzzy_warning_as_alarm_hi50,0.8300341004916201,0.8806382273514743,0.8873684451469112,0.8964316279963177,0.8588953144594188,0.9915075059961055,1.0,0.5674483648881239,0.7240409031638185,0.0,0.43255163511187605,0.0057361376673040155,0.02744615916178239,0.5931975199893119,0.5657513608275295,759,0,8042,10550
42,bearing,centralized,adaptive,3,cnn-ae,test3_bearing1,3542,759,759,18592,fuzzy_fault_only_hi75,0.8300341004916201,0.8806382273514743,0.8873684451469112,0.8964316279963177,0.8588953144594188,0.9915075059961055,1.0,0.5651893287435457,0.7221993127147767,0.0,0.4348106712564544,0.0057361376673040155,0.02744615916178239,0.5931975199893119,0.5657513608275295,759,0,8084,10508
42,bearing,centralized,client_specific,3,cnn-ae,test3_bearing3,3542,759,759,18592,hard_val_p95,0.8977347612380981,0.9138265132904053,0.9191334486007691,0.9256672739982604,0.6342901957916364,0.9808995731314587,0.9958614165779828,0.4529905335628227,0.6227217272357574,0.0461133069828722,0.5470094664371773,0.07529326649785541,0.11004724389451036,0.4623771838807611,0.35232993998625073,724,35,10170,8422
42,bearing,centralized,client_specific,3,cnn-ae,test3_bearing3,3542,759,759,18592,fuzzy_warning_as_alarm_hi50,0.8977347612380981,0.9138265132904053,0.9191334486007691,0.9256672739982604,0.6342901957916364,0.9808995731314587,0.9958614165779828,0.4529905335628227,0.6227217272357574,0.0461133069828722,0.5470094664371773,0.07529326649785541,0.11004724389451036,0.4623771838807611,0.35232993998625073,724,35,10170,8422
42,bearing,centralized,client_specific,3,cnn-ae,test3_bearing3,3542,759,759,18592,fuzzy_fault_only_hi75,0.8977347612380981,0.9138265132904053,0.9191334486007691,0.9256672739982604,0.6342901957916364,0.9808995731314587,0.9974339235309212,0.4181368330464716,0.5892518759948457,0.026350461133069828,0.5818631669535284,0.07529326649785541,0.11004724389451036,0.4623771838807611,0.35232993998625073,739,20,10818,7774
42,bearing,centralized,pooled,3,cnn-ae,test3_bearing3,3542,759,759,18592,hard_val_p95,0.868866890668869,0.940166562795639,0.9461386680603027,0.9524165946245193,0.5458359765997928,0.9808640112942957,1.0,0.309434165232358,0.47262271513657833,0.0,0.690565834767642,0.049248100873339876,0.13584602862565598,0.3528000984720271,0.2169540698463711,759,0,12839,5753
42,bearing,centralized,pooled,3,cnn-ae,test3_bearing3,3542,759,759,18592,fuzzy_warning_as_alarm_hi50,0.868866890668869,0.940166562795639,0.9461386680603027,0.9524165946245193,0.5458359765997928,0.9808640112942957,1.0,0.309434165232358,0.47262271513657833,0.0,0.690565834767642,0.049248100873339876,0.13584602862565598,0.3528000984720271,0.2169540698463711,759,0,12839,5753
42,bearing,centralized,pooled,3,cnn-ae,test3_bearing3,3542,759,759,18592,fuzzy_fault_only_hi75,0.868866890668869,0.940166562795639,0.9461386680603027,0.9524165946245193,0.5458359765997928,0.9808640112942957,1.0,0.2856067125645439,0.44431428332357126,0.0,0.7143932874354562,0.049248100873339876,0.13584602862565598,0.3528000984720271,0.2169540698463711,759,0,13282,5310
42,bearing,centralized,adaptive,3,cnn-ae,test3_bearing3,3542,759,759,18592,hard_val_p95,0.8889149666580647,0.9218740007317443,0.9273841606735773,0.9338398031258688,0.5901488506255399,0.9811585609616931,0.9992936855488064,0.38048623063683307,0.5511277316816642,0.006587615283267457,0.6195137693631669,0.050850085266911274,0.10662590514213126,0.4140120860615161,0.30738618091938485,754,5,11518,7074
42,bearing,centralized,adaptive,3,cnn-ae,test3_bearing3,3542,759,759,18592,fuzzy_warning_as_alarm_hi50,0.8889149666580647,0.9218740007317443,0.9273841606735773,0.9338398031258688,0.5901488506255399,0.9811585609616931,0.9992936855488064,0.38048623063683307,0.5511277316816642,0.006587615283267457,0.6195137693631669,0.050850085266911274,0.10662590514213126,0.4140120860615161,0.30738618091938485,754,5,11518,7074
42,bearing,centralized,adaptive,3,cnn-ae,test3_bearing3,3542,759,759,18592,fuzzy_fault_only_hi75,0.8889149666580647,0.9218740007317443,0.9273841606735773,0.9338398031258688,0.5901488506255399,0.9811585609616931,0.9994101165019909,0.3645116179001721,0.5341898868876365,0.005270092226613966,0.6354883820998278,0.050850085266911274,0.10662590514213126,0.4140120860615161,0.30738618091938485,755,4,11815,6777
42,bearing,fedavg,client_specific,1,cnn-ae,test1_bearing1,1207,259,258,18592,hard_val_p95,1.0076754093170166,1.0112820386886596,1.0120970368385316,1.0129780673980713,0.5607880025083724,0.9881274654616504,0.9898089171974522,0.08358433734939759,0.1541513738716397,0.06201550387596899,0.9164156626506024,0.08838196286472148,0.1280705211522813,0.15965668054621748,0.03158615939393619,242,16,17038,1554
42,bearing,fedavg,client_specific,1,cnn-ae,test1_bearing1,1207,259,258,18592,fuzzy_warning_as_alarm_hi50,1.0076754093170166,1.0112820386886596,1.0120970368385316,1.0129780673980713,0.5607880025083724,0.9881274654616504,0.9898089171974522,0.08358433734939759,0.1541513738716397,0.06201550387596899,0.9164156626506024,0.08838196286472148,0.1280705211522813,0.15965668054621748,0.03158615939393619,242,16,17038,1554
42,bearing,fedavg,client_specific,1,cnn-ae,test1_bearing1,1207,259,258,18592,fuzzy_fault_only_hi75,1.0076754093170166,1.0112820386886596,1.0120970368385316,1.0129780673980713,0.5607880025083724,0.9881274654616504,0.9887111947318908,0.05652969018932874,0.10694479776138387,0.046511627906976744,0.9434703098106713,0.08838196286472148,0.1280705211522813,0.15965668054621748,0.03158615939393619,246,12,17541,1051
42,bearing,fedavg,pooled,1,cnn-ae,test1_bearing1,1207,259,258,18592,hard_val_p95,1.0065006613731384,1.0106163024902344,1.0115291893482208,1.0129982388019563,0.5639917435522822,0.9883564852774505,0.9890953150242326,0.13172332185886404,0.23248528574140878,0.10465116279069768,0.868276678141136,0.1470557029177719,0.17259024847076124,0.21185393947848202,0.039263691007720786,231,27,16143,2449
42,bearing,fedavg,pooled,1,cnn-ae,test1_bearing1,1207,259,258,18592,fuzzy_warning_as_alarm_hi50,1.0065006613731384,1.0106163024902344,1.0115291893482208,1.0129982388019563,0.5639917435522822,0.9883564852774505,0.9890953150242326,0.13172332185886404,0.23248528574140878,0.10465116279069768,0.868276678141136,0.1470557029177719,0.17259024847076124,0.21185393947848202,0.039263691007720786,231,27,16143,2449
42,bearing,fedavg,pooled,1,cnn-ae,test1_bearing1,1207,259,258,18592,fuzzy_fault_only_hi75,1.0065006613731384,1.0106163024902344,1.0115291893482208,1.0129982388019563,0.5639917435522822,0.9883564852774505,0.9897585954645208,0.07277323580034424,0.13557793476627086,0.05426356589147287,0.9272267641996558,0.1470557029177719,0.17259024847076124,0.21185393947848202,0.039263691007720786,244,14,17239,1353
42,bearing,fedavg,adaptive,1,cnn-ae,test1_bearing1,1207,259,258,18592,hard_val_p95,1.006905338442784,1.010845635238029,1.0117248014023486,1.0129912901584985,0.5621271422900906,0.9883057509976746,0.9881740775780511,0.11236015490533563,0.2017772626291896,0.09689922480620156,0.8876398450946644,0.126684350132626,0.15730472518507826,0.1935055093569396,0.036200784171861344,233,25,16503,2089
42,bearing,fedavg,adaptive,1,cnn-ae,test1_bearing1,1207,259,258,18592,fuzzy_warning_as_alarm_hi50,1.006905338442784,1.010845635238029,1.0117248014023486,1.0129912901584985,0.5621271422900906,0.9883057509976746,0.9881740775780511,0.11236015490533563,0.2017772626291896,0.09689922480620156,0.8876398450946644,0.126684350132626,0.15730472518507826,0.1935055093569396,0.036200784171861344,233,25,16503,2089
42,bearing,fedavg,adaptive,1,cnn-ae,test1_bearing1,1207,259,258,18592,fuzzy_fault_only_hi75,1.006905338442784,1.010845635238029,1.0117248014023486,1.0129912901584985,0.5621271422900906,0.9883057509976746,0.9888089528377298,0.06653399311531842,0.1246787280149171,0.05426356589147287,0.9334660068846816,0.126684350132626,0.15730472518507826,0.1935055093569396,0.036200784171861344,244,14,17355,1237
42,bearing,fedavg,client_specific,1,cnn-ae,test1_bearing2,1207,259,258,18592,hard_val_p95,1.0073763132095337,1.0117287158966064,1.0128424525260926,1.0141376447677612,0.6082564268702718,0.9894496852625625,0.9899117276166457,0.04222246127366609,0.08099045653856074,0.031007751937984496,0.9577775387263339,0.07564986737400531,0.08563532956432819,0.12821676948520486,0.042581439920876665,250,8,17807,785
42,bearing,fedavg,client_specific,1,cnn-ae,test1_bearing2,1207,259,258,18592,fuzzy_warning_as_alarm_hi50,1.0073763132095337,1.0117287158966064,1.0128424525260926,1.0141376447677612,0.6082564268702718,0.9894496852625625,0.9899117276166457,0.04222246127366609,0.08099045653856074,0.031007751937984496,0.9577775387263339,0.07564986737400531,0.08563532956432819,0.12821676948520486,0.042581439920876665,250,8,17807,785
42,bearing,fedavg,client_specific,1,cnn-ae,test1_bearing2,1207,259,258,18592,fuzzy_fault_only_hi75,1.0073763132095337,1.0117287158966064,1.0128424525260926,1.0141376447677612,0.6082564268702718,0.9894496852625625,0.9922480620155039,0.020654044750430294,0.04046577796511934,0.011627906976744186,0.9793459552495697,0.07564986737400531,0.08563532956432819,0.12821676948520486,0.042581439920876665,255,3,18208,384
42,bearing,fedavg,pooled,1,cnn-ae,test1_bearing2,1207,259,258,18592,hard_val_p95,1.0065006613731384,1.0106163024902344,1.0115291893482208,1.0129982388019563,0.6219954569106992,0.9897229917243995,0.9906957928802589,0.13172332185886404,0.232529434105583,0.08914728682170543,0.868276678141136,0.1470026525198939,0.142810350357935,0.21185393947848202,0.06904358912054703,235,23,16143,2449
42,bearing,fedavg,pooled,1,cnn-ae,test1_bearing2,1207,259,258,18592,fuzzy_warning_as_alarm_hi50,1.0065006613731384,1.0106163024902344,1.0115291893482208,1.0129982388019563,0.6219954569106992,0.9897229917243995,0.9906957928802589,0.13172332185886404,0.232529434105583,0.08914728682170543,0.868276678141136,0.1470026525198939,0.142810350357935,0.21185393947848202,0.06904358912054703,235,23,16143,2449
42,bearing,fedavg,pooled,1,cnn-ae,test1_bearing2,1207,259,258,18592,fuzzy_fault_only_hi75,1.0065006613731384,1.0106163024902344,1.0115291893482208,1.0129982388019563,0.6219954569106992,0.9897229917243995,0.9912087912087912,0.07277323580034424,0.1355915217718094,0.046511627906976744,0.9272267641996558,0.1470026525198939,0.142810350357935,0.21185393947848202,0.06904358912054703,246,12,17239,1353
42,bearing,fedavg,adaptive,1,cnn-ae,test1_bearing2,1207,259,258,18592,hard_val_p95,1.0068419626260687,1.0110498858775931,1.0120410575924308,1.0134423430310142,0.6161770212077545,0.9895869754011847,0.9909474954737477,0.08831755593803786,0.16218084843695985,0.05813953488372093,0.9116824440619621,0.11973474801061008,0.11747905366071852,0.1740199653676641,0.05654091170694557,243,15,16950,1642
42,bearing,fedavg,adaptive,1,cnn-ae,test1_bearing2,1207,259,258,18592,fuzzy_warning_as_alarm_hi50,1.0068419626260687,1.0110498858775931,1.0120410575924308,1.0134423430310142,0.6161770212077545,0.9895869754011847,0.9909474954737477,0.08831755593803786,0.16218084843695985,0.05813953488372093,0.9116824440619621,0.11973474801061008,0.11747905366071852,0.1740199653676641,0.05654091170694557,243,15,16950,1642
42,bearing,fedavg,adaptive,1,cnn-ae,test1_bearing2,1207,259,258,18592,fuzzy_fault_only_hi75,1.0068419626260687,1.0110498858775931,1.0120410575924308,1.0134423430310142,0.6161770212077545,0.9895869754011847,0.9898190045248869,0.047063253012048195,0.08985417950297803,0.03488372093023256,0.9529367469879518,0.11973474801061008,0.11747905366071852,0.1740199653676641,0.05654091170694557,249,9,17717,875
42,bearing,fedavg,client_specific,1,cnn-ae,test1_bearing3,1207,259,258,18592,hard_val_p95,1.0096831321716309,1.0118367195129394,1.0126651525497437,1.0135442090034485,0.43170199485650246,0.9853655592001079,0.9872476089266737,0.04996772805507745,0.09512107715148722,0.046511627906976744,0.9500322719449226,0.058992042440318304,0.10446197346902401,0.08931340050303854,-0.015148572965985471,246,12,17663,929
42,bearing,fedavg,client_specific,1,cnn-ae,test1_bearing3,1207,259,258,18592,fuzzy_warning_as_alarm_hi50,1.0096831321716309,1.0118367195129394,1.0126651525497437,1.0135442090034485,0.43170199485650246,0.9853655592001079,0.9872476089266737,0.04996772805507745,0.09512107715148722,0.046511627906976744,0.9500322719449226,0.058992042440318304,0.10446197346902401,0.08931340050303854,-0.015148572965985471,246,12,17663,929
42,bearing,fedavg,client_specific,1,cnn-ae,test1_bearing3,1207,259,258,18592,fuzzy_fault_only_hi75,1.0096831321716309,1.0118367195129394,1.0126651525497437,1.0135442090034485,0.43170199485650246,0.9853655592001079,0.9899328859060402,0.03173407917383821,0.06149676881384199,0.023255813953488372,0.9682659208261618,0.058992042440318304,0.10446197346902401,0.08931340050303854,-0.015148572965985471,252,6,18002,590
42,bearing,fedavg,pooled,1,cnn-ae,test1_bearing3,1207,259,258,18592,hard_val_p95,1.0065006613731384,1.0106163024902344,1.0115291893482208,1.0129982388019563,0.3781712189288716,0.9835018886192033,0.9855130784708249,0.13172332185886404,0.23238601318973287,0.13953488372093023,0.868276678141136,0.14848806366047745,0.2675325594942142,0.21185393947848202,-0.05567862001573215,222,36,16143,2449
42,bearing,fedavg,pooled,1,cnn-ae,test1_bearing3,1207,259,258,18592,fuzzy_warning_as_alarm_hi50,1.0065006613731384,1.0106163024902344,1.0115291893482208,1.0129982388019563,0.3781712189288716,0.9835018886192033,0.9855130784708249,0.13172332185886404,0.23238601318973287,0.13953488372093023,0.868276678141136,0.14848806366047745,0.2675325594942142,0.21185393947848202,-0.05567862001573215,222,36,16143,2449
42,bearing,fedavg,pooled,1,cnn-ae,test1_bearing3,1207,259,258,18592,fuzzy_fault_only_hi75,1.0065006613731384,1.0106163024902344,1.0115291893482208,1.0129982388019563,0.3781712189288716,0.9835018886192033,0.984,0.07277323580034424,0.13552361396303902,0.08527131782945736,0.9272267641996558,0.14848806366047745,0.2675325594942142,0.21185393947848202,-0.05567862001573215,236,22,17239,1353
42,bearing,fedavg,adaptive,1,cnn-ae,test1_bearing3,1207,259,258,18592,hard_val_p95,1.008578007404921,1.0114129251836577,1.012270685122527,1.0133546188297256,0.3998936985483463,0.9845433988852231,0.9846041055718475,0.0722353700516351,0.13459611144517938,0.08139534883720931,0.9277646299483648,0.08413793103448276,0.16075752488040168,0.12967381608924958,-0.031083708791152104,237,21,17249,1343
42,bearing,fedavg,adaptive,1,cnn-ae,test1_bearing3,1207,259,258,18592,fuzzy_warning_as_alarm_hi50,1.008578007404921,1.0114129251836577,1.012270685122527,1.0133546188297256,0.3998936985483463,0.9845433988852231,0.9846041055718475,0.0722353700516351,0.13459611144517938,0.08139534883720931,0.9277646299483648,0.08413793103448276,0.16075752488040168,0.12967381608924958,-0.031083708791152104,237,21,17249,1343
42,bearing,fedavg,adaptive,1,cnn-ae,test1_bearing3,1207,259,258,18592,fuzzy_fault_only_hi75,1.008578007404921,1.0114129251836577,1.012270685122527,1.0133546188297256,0.3998936985483463,0.9845433988852231,0.988929889298893,0.04324440619621343,0.08286524091728936,0.03488372093023256,0.9567555938037866,0.08413793103448276,0.16075752488040168,0.12967381608924958,-0.031083708791152104,249,9,17788,804
42,bearing,fedavg,client_specific,1,cnn-ae,test1_bearing4,1207,259,258,18592,hard_val_p95,1.009182333946228,1.0117746114730835,1.0123067855834962,1.0137410235404969,0.4831182078813594,0.9856095887455248,0.9826283987915407,0.06997633390705679,0.13064872464350272,0.08914728682170543,0.9300236660929432,0.06737400530503979,0.12170887584886084,0.10961549647305142,-0.012093379375809413,235,23,17291,1301
42,bearing,fedavg,client_specific,1,cnn-ae,test1_bearing4,1207,259,258,18592,fuzzy_warning_as_alarm_hi50,1.009182333946228,1.0117746114730835,1.0123067855834962,1.0137410235404969,0.4831182078813594,0.9856095887455248,0.9826283987915407,0.06997633390705679,0.13064872464350272,0.08914728682170543,0.9300236660929432,0.06737400530503979,0.12170887584886084,0.10961549647305142,-0.012093379375809413,235,23,17291,1301
42,bearing,fedavg,client_specific,1,cnn-ae,test1_bearing4,1207,259,258,18592,fuzzy_fault_only_hi75,1.009182333946228,1.0117746114730835,1.0123067855834962,1.0137410235404969,0.4831182078813594,0.9856095887455248,0.9877112135176651,0.034584767641996556,0.066829496440264,0.031007751937984496,0.9654152323580034,0.06737400530503979,0.12170887584886084,0.10961549647305142,-0.012093379375809413,250,8,17949,643
42,bearing,fedavg,pooled,1,cnn-ae,test1_bearing4,1207,259,258,18592,hard_val_p95,1.0065006613731384,1.0106163024902344,1.0115291893482208,1.0129982388019563,0.4625256632843667,0.9852978175596259,0.9831393014853472,0.13172332185886404,0.23231987857515535,0.16279069767441862,0.868276678141136,0.1476923076923077,0.23897655744943136,0.21185393947848202,-0.027122617970949336,216,42,16143,2449
42,bearing,fedavg,pooled,1,cnn-ae,test1_bearing4,1207,259,258,18592,fuzzy_warning_as_alarm_hi50,1.0065006613731384,1.0106163024902344,1.0115291893482208,1.0129982388019563,0.4625256632843667,0.9852978175596259,0.9831393014853472,0.13172332185886404,0.23231987857515535,0.16279069767441862,0.868276678141136,0.1476923076923077,0.23897655744943136,0.21185393947848202,-0.027122617970949336,216,42,16143,2449
42,bearing,fedavg,pooled,1,cnn-ae,test1_bearing4,1207,259,258,18592,fuzzy_fault_only_hi75,1.0065006613731384,1.0106163024902344,1.0115291893482208,1.0129982388019563,0.4625256632843667,0.9852978175596259,0.9825708061002179,0.07277323580034424,0.13551004056287244,0.09302325581395349,0.9272267641996558,0.1476923076923077,0.23897655744943136,0.21185393947848202,-0.027122617970949336,234,24,17239,1353
42,bearing,fedavg,adaptive,1,cnn-ae,test1_bearing4,1207,259,258,18592,hard_val_p95,1.0081583230620519,1.011332305049257,1.012009856340006,1.0134573872515262,0.4684963900452308,0.9853725435514753,0.9836829836829837,0.09079173838209983,0.16623990545597794,0.10852713178294573,0.9092082616179001,0.09527851458885941,0.1649600790099535,0.1477224466799798,-0.01723763232997369,230,28,16904,1688
42,bearing,fedavg,adaptive,1,cnn-ae,test1_bearing4,1207,259,258,18592,fuzzy_warning_as_alarm_hi50,1.0081583230620519,1.011332305049257,1.012009856340006,1.0134573872515262,0.4684963900452308,0.9853725435514753,0.9836829836829837,0.09079173838209983,0.16623990545597794,0.10852713178294573,0.9092082616179001,0.09527851458885941,0.1649600790099535,0.1477224466799798,-0.01723763232997369,230,28,16904,1688
42,bearing,fedavg,adaptive,1,cnn-ae,test1_bearing4,1207,259,258,18592,fuzzy_fault_only_hi75,1.0081583230620519,1.011332305049257,1.012009856340006,1.0134573872515262,0.4684963900452308,0.9853725435514753,0.9887766554433222,0.047385972461273664,0.0904378175845609,0.03875968992248062,0.9526140275387264,0.09527851458885941,0.1649600790099535,0.1477224466799798,-0.01723763232997369,248,10,17711,881
42,bearing,fedavg,client_specific,1,cnn-ae,test2_bearing1,552,118,118,18592,hard_val_p95,1.002511978149414,1.0049701452255249,1.0057451844215393,1.0069922614097595,0.8710671985763878,0.9988448725308655,0.9987689782519491,0.7854991394148021,0.8793882097910519,0.15254237288135594,0.21450086058519793,0.08118653126670229,0.20089487364772646,0.7935893620446057,0.5926944883968792,100,18,3988,14604
42,bearing,fedavg,client_specific,1,cnn-ae,test2_bearing1,552,118,118,18592,fuzzy_warning_as_alarm_hi50,1.002511978149414,1.0049701452255249,1.0057451844215393,1.0069922614097595,0.8710671985763878,0.9988448725308655,0.9987689782519491,0.7854991394148021,0.8793882097910519,0.15254237288135594,0.21450086058519793,0.08118653126670229,0.20089487364772646,0.7935893620446057,0.5926944883968792,100,18,3988,14604
42,bearing,fedavg,client_specific,1,cnn-ae,test2_bearing1,552,118,118,18592,fuzzy_fault_only_hi75,1.002511978149414,1.0049701452255249,1.0057451844215393,1.0069922614097595,0.8710671985763878,0.9988448725308655,0.9992767250108491,0.7431153184165232,0.8523659695231044,0.0847457627118644,0.25688468158347677,0.08118653126670229,0.20089487364772646,0.7935893620446057,0.5926944883968792,108,10,4776,13816
42,bearing,fedavg,pooled,1,cnn-ae,test2_bearing1,552,118,118,18592,hard_val_p95,1.0065006613731384,1.0106163024902344,1.0115291893482208,1.0129982388019563,0.8491079177484756,0.9982265129917065,1.0,0.13172332185886404,0.23278361294615274,0.0,0.868276678141136,0.14660609299839658,0.005970213056367946,0.21185393947848202,0.20588372642211408,118,0,16143,2449
42,bearing,fedavg,pooled,1,cnn-ae,test2_bearing1,552,118,118,18592,fuzzy_warning_as_alarm_hi50,1.0065006613731384,1.0106163024902344,1.0115291893482208,1.0129982388019563,0.8491079177484756,0.9982265129917065,1.0,0.13172332185886404,0.23278361294615274,0.0,0.868276678141136,0.14660609299839658,0.005970213056367946,0.21185393947848202,0.20588372642211408,118,0,16143,2449
42,bearing,fedavg,pooled,1,cnn-ae,test2_bearing1,552,118,118,18592,fuzzy_fault_only_hi75,1.0065006613731384,1.0106163024902344,1.0115291893482208,1.0129982388019563,0.8491079177484756,0.9982265129917065,1.0,0.07277323580034424,0.1356731010278265,0.0,0.9272267641996558,0.14660609299839658,0.005970213056367946,0.21185393947848202,0.20588372642211408,118,0,17239,1353
42,bearing,fedavg,adaptive,1,cnn-ae,test2_bearing1,552,118,118,18592,hard_val_p95,1.0037693468532645,1.0067500061579342,1.0075684996285403,1.0088855498925513,0.8807982383529273,0.9989351130554625,0.999663356337317,0.6388769363166954,0.7795497801404476,0.03389830508474576,0.36112306368330466,0.1293425975414217,0.07224821163266965,0.6526686473579475,0.5804204357252778,114,4,6714,11878
42,bearing,fedavg,adaptive,1,cnn-ae,test2_bearing1,552,118,118,18592,fuzzy_warning_as_alarm_hi50,1.0037693468532645,1.0067500061579342,1.0075684996285403,1.0088855498925513,0.8807982383529273,0.9989351130554625,0.999663356337317,0.6388769363166954,0.7795497801404476,0.03389830508474576,0.36112306368330466,0.1293425975414217,0.07224821163266965,0.6526686473579475,0.5804204357252778,114,4,6714,11878
42,bearing,fedavg,adaptive,1,cnn-ae,test2_bearing1,552,118,118,18592,fuzzy_fault_only_hi75,1.0037693468532645,1.0067500061579342,1.0075684996285403,1.0088855498925513,0.8807982383529273,0.9989351130554625,0.9998115163509566,0.5706217728055077,0.7265691880971133,0.01694915254237288,0.42937822719449226,0.1293425975414217,0.07224821163266965,0.6526686473579475,0.5804204357252778,116,2,7983,10609
42,bearing,fedavg,client_specific,1,cnn-ae,test2_bearing3,552,118,118,18592,hard_val_p95,1.0086909532546997,1.0108985543251037,1.0111891984939576,1.0123197507858277,0.5441911410776277,0.9954646549810305,0.9984172206394428,0.16964285714285715,0.29000965472851825,0.0423728813559322,0.8303571428571429,0.08984500267236772,0.09380233896483528,0.19651301489710551,0.10271067593227023,113,5,15438,3154
42,bearing,fedavg,client_specific,1,cnn-ae,test2_bearing3,552,118,118,18592,fuzzy_warning_as_alarm_hi50,1.0086909532546997,1.0108985543251037,1.0111891984939576,1.0123197507858277,0.5441911410776277,0.9954646549810305,0.9984172206394428,0.16964285714285715,0.29000965472851825,0.0423728813559322,0.8303571428571429,0.08984500267236772,0.09380233896483528,0.19651301489710551,0.10271067593227023,113,5,15438,3154
42,bearing,fedavg,client_specific,1,cnn-ae,test2_bearing3,552,118,118,18592,fuzzy_fault_only_hi75,1.0086909532546997,1.0108985543251037,1.0111891984939576,1.0123197507858277,0.5441911410776277,0.9954646549810305,0.9995098039215686,0.10967082616179001,0.19765412950756106,0.00847457627118644,0.89032917383821,0.08984500267236772,0.09380233896483528,0.19651301489710551,0.10271067593227023,117,1,16553,2039
42,bearing,fedavg,pooled,1,cnn-ae,test2_bearing3,552,118,118,18592,hard_val_p95,1.0065006613731384,1.0106163024902344,1.0115291893482208,1.0129982388019563,0.5041244730738936,0.9952418641039456,0.9991840065279478,0.13172332185886404,0.23276148838093427,0.01694915254237288,0.868276678141136,0.14714056654195617,0.15313935804608392,0.21185393947848202,0.058714581432398105,116,2,16143,2449
42,bearing,fedavg,pooled,1,cnn-ae,test2_bearing3,552,118,118,18592,fuzzy_warning_as_alarm_hi50,1.0065006613731384,1.0106163024902344,1.0115291893482208,1.0129982388019563,0.5041244730738936,0.9952418641039456,0.9991840065279478,0.13172332185886404,0.23276148838093427,0.01694915254237288,0.868276678141136,0.14714056654195617,0.15313935804608392,0.21185393947848202,0.058714581432398105,116,2,16143,2449
42,bearing,fedavg,pooled,1,cnn-ae,test2_bearing3,552,118,118,18592,fuzzy_fault_only_hi75,1.0065006613731384,1.0106163024902344,1.0115291893482208,1.0129982388019563,0.5041244730738936,0.9952418641039456,1.0,0.07277323580034424,0.1356731010278265,0.0,0.9272267641996558,0.14714056654195617,0.15313935804608392,0.21185393947848202,0.058714581432398105,118,0,17239,1353
42,bearing,fedavg,adaptive,1,cnn-ae,test2_bearing3,552,118,118,18592,hard_val_p95,1.0078865240654302,1.0107948916048037,1.011314067042098,1.0125689392932309,0.5215148578575806,0.9953987055774073,0.9986163957108267,0.1552818416523236,0.26877065586743004,0.03389830508474576,0.8447181583476764,0.1125066809192945,0.11848942767399356,0.20289805108499126,0.0844086234109977,114,4,15705,2887
42,bearing,fedavg,adaptive,1,cnn-ae,test2_bearing3,552,118,118,18592,fuzzy_warning_as_alarm_hi50,1.0078865240654302,1.0107948916048037,1.011314067042098,1.0125689392932309,0.5215148578575806,0.9953987055774073,0.9986163957108267,0.1552818416523236,0.26877065586743004,0.03389830508474576,0.8447181583476764,0.1125066809192945,0.11848942767399356,0.20289805108499126,0.0844086234109977,114,4,15705,2887
42,bearing,fedavg,adaptive,1,cnn-ae,test2_bearing3,552,118,118,18592,fuzzy_fault_only_hi75,1.0078865240654302,1.0107948916048037,1.011314067042098,1.0125689392932309,0.5215148578575806,0.9953987055774073,0.9994337485843715,0.09493330464716007,0.1733962078789665,0.00847457627118644,0.9050666953528399,0.1125066809192945,0.11848942767399356,0.20289805108499126,0.0844086234109977,117,1,16827,1765
42,bearing,fedavg,client_specific,1,cnn-ae,test3_bearing1,3542,759,759,18592,hard_val_p95,1.0029181241989136,1.0063781261444091,1.0070234060287475,1.0085106921195983,0.8976478684359119,0.994592579677532,0.9978973600186901,0.6892211703958692,0.8153214774281806,0.03557312252964427,0.31077882960413084,0.11255232287737067,0.08755474342298908,0.698355049419862,0.610800305996873,732,27,5778,12814
42,bearing,fedavg,client_specific,1,cnn-ae,test3_bearing1,3542,759,759,18592,fuzzy_warning_as_alarm_hi50,1.0029181241989136,1.0063781261444091,1.0070234060287475,1.0085106921195983,0.8976478684359119,0.994592579677532,0.9978973600186901,0.6892211703958692,0.8153214774281806,0.03557312252964427,0.31077882960413084,0.11255232287737067,0.08755474342298908,0.698355049419862,0.610800305996873,732,27,5778,12814
42,bearing,fedavg,client_specific,1,cnn-ae,test3_bearing1,3542,759,759,18592,fuzzy_fault_only_hi75,1.0029181241989136,1.0063781261444091,1.0070234060287475,1.0085106921195983,0.8976478684359119,0.994592579677532,0.999133674088192,0.6203205679862306,0.7654222664675626,0.013175230566534914,0.37967943201376936,0.11255232287737067,0.08755474342298908,0.698355049419862,0.610800305996873,749,10,7059,11533
42,bearing,fedavg,pooled,1,cnn-ae,test3_bearing1,3542,759,759,18592,hard_val_p95,1.0065006613731384,1.0106163024902344,1.0115291893482208,1.0129982388019563,0.8522617431895849,0.989195043558911,1.0,0.13172332185886404,0.23278361294615274,0.0,0.868276678141136,0.14174978037310734,0.004421733420720632,0.21185393947848202,0.2074322060577614,759,0,16143,2449
42,bearing,fedavg,pooled,1,cnn-ae,test3_bearing1,3542,759,759,18592,fuzzy_warning_as_alarm_hi50,1.0065006613731384,1.0106163024902344,1.0115291893482208,1.0129982388019563,0.8522617431895849,0.989195043558911,1.0,0.13172332185886404,0.23278361294615274,0.0,0.868276678141136,0.14174978037310734,0.004421733420720632,0.21185393947848202,0.2074322060577614,759,0,16143,2449
42,bearing,fedavg,pooled,1,cnn-ae,test3_bearing1,3542,759,759,18592,fuzzy_fault_only_hi75,1.0065006613731384,1.0106163024902344,1.0115291893482208,1.0129982388019563,0.8522617431895849,0.989195043558911,1.0,0.07277323580034424,0.1356731010278265,0.0,0.9272267641996558,0.14174978037310734,0.004421733420720632,0.21185393947848202,0.2074322060577614,759,0,17239,1353
42,bearing,fedavg,adaptive,1,cnn-ae,test3_bearing1,3542,759,759,18592,hard_val_p95,1.004208331534101,1.0079044539794817,1.0086461092714032,1.0101268276584645,0.8903479176446042,0.9934900946522476,0.9995835068721366,0.5163511187607573,0.680947652149241,0.005270092226613966,0.4836488812392427,0.17063717637331405,0.03530752453615586,0.5355666890177654,0.5002591644816096,755,4,8992,9600
42,bearing,fedavg,adaptive,1,cnn-ae,test3_bearing1,3542,759,759,18592,fuzzy_warning_as_alarm_hi50,1.004208331534101,1.0079044539794817,1.0086461092714032,1.0101268276584645,0.8903479176446042,0.9934900946522476,0.9995835068721366,0.5163511187607573,0.680947652149241,0.005270092226613966,0.4836488812392427,0.17063717637331405,0.03530752453615586,0.5355666890177654,0.5002591644816096,755,4,8992,9600
42,bearing,fedavg,adaptive,1,cnn-ae,test3_bearing1,3542,759,759,18592,fuzzy_fault_only_hi75,1.004208331534101,1.0079044539794817,1.0086461092714032,1.0101268276584645,0.8903479176446042,0.9934900946522476,0.999742301249839,0.41733003442340794,0.5888513641710621,0.002635046113306983,0.5826699655765921,0.17063717637331405,0.03530752453615586,0.5355666890177654,0.5002591644816096,757,2,10833,7759
42,bearing,fedavg,client_specific,1,cnn-ae,test3_bearing3,3542,759,759,18592,hard_val_p95,1.0069605112075806,1.0091894149780274,1.00986967086792,1.0113238382339478,0.6810021707382892,0.9806808796461064,0.9916486235694402,0.34487951807228917,0.5117726873653125,0.07114624505928854,0.6551204819277109,0.18123094413725388,0.1156557858328878,0.36212256465807774,0.24646677882518994,705,54,12180,6412
42,bearing,fedavg,client_specific,1,cnn-ae,test3_bearing3,3542,759,759,18592,fuzzy_warning_as_alarm_hi50,1.0069605112075806,1.0091894149780274,1.00986967086792,1.0113238382339478,0.6810021707382892,0.9806808796461064,0.9916486235694402,0.34487951807228917,0.5117726873653125,0.07114624505928854,0.6551204819277109,0.18123094413725388,0.1156557858328878,0.36212256465807774,0.24646677882518994,705,54,12180,6412
42,bearing,fedavg,client_specific,1,cnn-ae,test3_bearing3,3542,759,759,18592,fuzzy_fault_only_hi75,1.0069605112075806,1.0091894149780274,1.00986967086792,1.0113238382339478,0.6810021707382892,0.9806808796461064,0.9953250222617988,0.24047977624784853,0.3873678738520187,0.02766798418972332,0.7595202237521514,0.18123094413725388,0.1156557858328878,0.36212256465807774,0.24646677882518994,738,21,14121,4471
42,bearing,fedavg,pooled,1,cnn-ae,test3_bearing3,3542,759,759,18592,hard_val_p95,1.0065006613731384,1.0106163024902344,1.0115291893482208,1.0129982388019563,0.6772889128507253,0.9809789968746259,0.9963384865744508,0.13172332185886404,0.23268408551068884,0.011857707509881422,0.868276678141136,0.1422665495323239,0.07750171521373278,0.21185393947848202,0.13435222426474924,750,9,16143,2449
42,bearing,fedavg,pooled,1,cnn-ae,test3_bearing3,3542,759,759,18592,fuzzy_warning_as_alarm_hi50,1.0065006613731384,1.0106163024902344,1.0115291893482208,1.0129982388019563,0.6772889128507253,0.9809789968746259,0.9963384865744508,0.13172332185886404,0.23268408551068884,0.011857707509881422,0.868276678141136,0.1422665495323239,0.07750171521373278,0.21185393947848202,0.13435222426474924,750,9,16143,2449
42,bearing,fedavg,pooled,1,cnn-ae,test3_bearing3,3542,759,759,18592,fuzzy_fault_only_hi75,1.0065006613731384,1.0106163024902344,1.0115291893482208,1.0129982388019563,0.6772889128507253,0.9809789968746259,0.9955849889624724,0.07277323580034424,0.13563229913287556,0.007905138339920948,0.9272267641996558,0.1422665495323239,0.07750171521373278,0.21185393947848202,0.13435222426474924,753,6,17239,1353
42,bearing,fedavg,adaptive,1,cnn-ae,test3_bearing3,3542,759,759,18592,hard_val_p95,1.0067135834199743,1.0099556176602131,1.0107607905251217,1.0122229491976964,0.6794528126622811,0.9806909077800604,0.9960966089290071,0.21961058519793458,0.3598783658719316,0.021080368906455864,0.7803894148020654,0.17146400702806056,0.08779889348679118,0.27232502527098373,0.18452613178419255,743,16,14509,4083
42,bearing,fedavg,adaptive,1,cnn-ae,test3_bearing3,3542,759,759,18592,fuzzy_warning_as_alarm_hi50,1.0067135834199743,1.0099556176602131,1.0107607905251217,1.0122229491976964,0.6794528126622811,0.9806909077800604,0.9960966089290071,0.21961058519793458,0.3598783658719316,0.021080368906455864,0.7803894148020654,0.17146400702806056,0.08779889348679118,0.27232502527098373,0.18452613178419255,743,16,14509,4083
42,bearing,fedavg,adaptive,1,cnn-ae,test3_bearing3,3542,759,759,18592,fuzzy_fault_only_hi75,1.0067135834199743,1.0099556176602131,1.0107607905251217,1.0122229491976964,0.6794528126622811,0.9806909077800604,0.9964539007092199,0.136026247848537,0.23937529578797917,0.011857707509881422,0.863973752151463,0.17146400702806056,0.08779889348679118,0.27232502527098373,0.18452613178419255,750,9,16063,2529
42,bearing,fedavg,client_specific,2,cnn-ae,test1_bearing1,1207,259,258,18592,hard_val_p95,0.8601773977279663,0.8992464542388916,0.9081678628921509,0.9407265841960906,0.83527580004403,0.9970007733972359,0.9992071043450682,0.6778184165232358,0.8077169593641841,0.03875968992248062,0.3221815834767642,0.08960212201591512,0.11121033297169568,0.6617002606195642,0.5504899276478685,248,10,5990,12602
42,bearing,fedavg,client_specific,2,cnn-ae,test1_bearing1,1207,259,258,18592,fuzzy_warning_as_alarm_hi50,0.8601773977279663,0.8992464542388916,0.9081678628921509,0.9407265841960906,0.83527580004403,0.9970007733972359,0.9992071043450682,0.6778184165232358,0.8077169593641841,0.03875968992248062,0.3221815834767642,0.08960212201591512,0.11121033297169568,0.6617002606195642,0.5504899276478685,248,10,5990,12602
42,bearing,fedavg,client_specific,2,cnn-ae,test1_bearing1,1207,259,258,18592,fuzzy_fault_only_hi75,0.8601773977279663,0.8992464542388916,0.9081678628921509,0.9407265841960906,0.83527580004403,0.9970007733972359,0.9994698710019438,0.608433734939759,0.756402540956202,0.023255813953488372,0.39156626506024095,0.08960212201591512,0.11121033297169568,0.6617002606195642,0.5504899276478685,252,6,7280,11312
42,bearing,fedavg,pooled,2,cnn-ae,test1_bearing1,1207,259,258,18592,hard_val_p95,0.8978168368339539,0.9666764676570893,0.9733282685279846,0.9828256583213806,0.8306803834941093,0.995812985935305,1.0,0.2592512908777969,0.4117546557321032,0.0,0.7407487091222031,0.047214854111405836,0.007212069005937911,0.32628230381153617,0.31907023480559826,258,0,13772,4820
42,bearing,fedavg,pooled,2,cnn-ae,test1_bearing1,1207,259,258,18592,fuzzy_warning_as_alarm_hi50,0.8978168368339539,0.9666764676570893,0.9733282685279846,0.9828256583213806,0.8306803834941093,0.995812985935305,1.0,0.2592512908777969,0.4117546557321032,0.0,0.7407487091222031,0.047214854111405836,0.007212069005937911,0.32628230381153617,0.31907023480559826,258,0,13772,4820
42,bearing,fedavg,pooled,2,cnn-ae,test1_bearing1,1207,259,258,18592,fuzzy_fault_only_hi75,0.8978168368339539,0.9666764676570893,0.9733282685279846,0.9828256583213806,0.8306803834941093,0.995812985935305,1.0,0.24139414802065404,0.3889081455805893,0.0,0.7586058519793459,0.047214854111405836,0.007212069005937911,0.32628230381153617,0.31907023480559826,258,0,14104,4488
42,bearing,fedavg,adaptive,2,cnn-ae,test1_bearing1,1207,259,258,18592,hard_val_p95,0.8771633355887414,0.9296762917996362,0.9375734711424901,0.959725067544228,0.8228864377776889,0.9964331644093003,0.9996569468267581,0.47020223752151463,0.6395727402421626,0.011627906976744186,0.5297977624784854,0.17225464190981432,0.04281082469449409,0.49173111006799247,0.4489202853734984,255,3,9850,8742
42,bearing,fedavg,adaptive,2,cnn-ae,test1_bearing1,1207,259,258,18592,fuzzy_warning_as_alarm_hi50,0.8771633355887414,0.9296762917996362,0.9375734711424901,0.959725067544228,0.8228864377776889,0.9964331644093003,0.9996569468267581,0.47020223752151463,0.6395727402421626,0.011627906976744186,0.5297977624784854,0.17225464190981432,0.04281082469449409,0.49173111006799247,0.4489202853734984,255,3,9850,8742
42,bearing,fedavg,adaptive,2,cnn-ae,test1_bearing1,1207,259,258,18592,fuzzy_fault_only_hi75,0.8771633355887414,0.9296762917996362,0.9375734711424901,0.959725067544228,0.8228864377776889,0.9964331644093003,0.999857163262391,0.37650602409638556,0.5470245770327824,0.003875968992248062,0.6234939759036144,0.17225464190981432,0.04281082469449409,0.49173111006799247,0.4489202853734984,257,1,11592,7000
42,bearing,fedavg,client_specific,2,cnn-ae,test1_bearing2,1207,259,258,18592,hard_val_p95,0.8218969702720642,0.8771146178245545,0.8859515309333801,0.914378672838211,0.9499757751937986,0.9991919168484835,0.9993450734973075,0.7386510327022375,0.849446403166945,0.03488372093023256,0.26134896729776247,0.0706631299734748,0.09107367454216941,0.7707090559443499,0.6796353814021805,249,9,4859,13733
42,bearing,fedavg,client_specific,2,cnn-ae,test1_bearing2,1207,259,258,18592,fuzzy_warning_as_alarm_hi50,0.8218969702720642,0.8771146178245545,0.8859515309333801,0.914378672838211,0.9499757751937986,0.9991919168484835,0.9993450734973075,0.7386510327022375,0.849446403166945,0.03488372093023256,0.26134896729776247,0.0706631299734748,0.09107367454216941,0.7707090559443499,0.6796353814021805,249,9,4859,13733
42,bearing,fedavg,client_specific,2,cnn-ae,test1_bearing2,1207,259,258,18592,fuzzy_fault_only_hi75,0.8218969702720642,0.8771146178245545,0.8859515309333801,0.914378672838211,0.9499757751937986,0.9991919168484835,0.9998462366418083,0.6994944061962134,0.8231273141555112,0.007751937984496124,0.30050559380378655,0.0706631299734748,0.09107367454216941,0.7707090559443499,0.6796353814021805,256,2,5587,13005
42,bearing,fedavg,pooled,2,cnn-ae,test1_bearing2,1207,259,258,18592,hard_val_p95,0.8978168368339539,0.9666764676570893,0.9733282685279846,0.9828256583213806,0.8511660846041975,0.9959604604659784,1.0,0.2592512908777969,0.4117546557321032,0.0,0.7407487091222031,0.047214854111405836,0.0007073054937852281,0.32628230381153617,0.32557499831775094,258,0,13772,4820
42,bearing,fedavg,pooled,2,cnn-ae,test1_bearing2,1207,259,258,18592,fuzzy_warning_as_alarm_hi50,0.8978168368339539,0.9666764676570893,0.9733282685279846,0.9828256583213806,0.8511660846041975,0.9959604604659784,1.0,0.2592512908777969,0.4117546557321032,0.0,0.7407487091222031,0.047214854111405836,0.0007073054937852281,0.32628230381153617,0.32557499831775094,258,0,13772,4820
42,bearing,fedavg,pooled,2,cnn-ae,test1_bearing2,1207,259,258,18592,fuzzy_fault_only_hi75,0.8978168368339539,0.9666764676570893,0.9733282685279846,0.9828256583213806,0.8511660846041975,0.9959604604659784,1.0,0.24139414802065404,0.3889081455805893,0.0,0.7586058519793459,0.047214854111405836,0.0007073054937852281,0.32628230381153617,0.32557499831775094,258,0,14104,4488
42,bearing,fedavg,adaptive,2,cnn-ae,test1_bearing2,1207,259,258,18592,hard_val_p95,0.8492115533642013,0.909337337646408,0.9173880872318831,0.939004649635236,0.9367063353080094,0.9988113958976755,0.9999169917821864,0.6479130808950087,0.7863180913215183,0.003875968992248062,0.3520869191049914,0.09421750663129974,0.030364449047064757,0.6502689857733701,0.6199045367263054,257,1,6546,12046
42,bearing,fedavg,adaptive,2,cnn-ae,test1_bearing2,1207,259,258,18592,fuzzy_warning_as_alarm_hi50,0.8492115533642013,0.909337337646408,0.9173880872318831,0.939004649635236,0.9367063353080094,0.9988113958976755,0.9999169917821864,0.6479130808950087,0.7863180913215183,0.003875968992248062,0.3520869191049914,0.09421750663129974,0.030364449047064757,0.6502689857733701,0.6199045367263054,257,1,6546,12046
42,bearing,fedavg,adaptive,2,cnn-ae,test1_bearing2,1207,259,258,18592,fuzzy_fault_only_hi75,0.8492115533642013,0.909337337646408,0.9173880872318831,0.939004649635236,0.9367063353080094,0.9988113958976755,0.9999066815976111,0.5763231497418244,0.7311996724443838,0.003875968992248062,0.4236768502581756,0.09421750663129974,0.030364449047064757,0.6502689857733701,0.6199045367263054,257,1,7877,10715
42,bearing,fedavg,client_specific,2,cnn-ae,test1_bearing3,1207,259,258,18592,hard_val_p95,0.9673199653625488,0.9814558744430543,0.9842952609062194,0.9874420845508576,0.42884557332319306,0.9889802917688282,0.9979370809695719,0.20815404475043028,0.3444592790387183,0.031007751937984496,0.7918459552495697,0.02753315649867374,0.10626502459970712,0.21668843525173878,0.11042341065203166,250,8,14722,3870
42,bearing,fedavg,client_specific,2,cnn-ae,test1_bearing3,1207,259,258,18592,fuzzy_warning_as_alarm_hi50,0.9673199653625488,0.9814558744430543,0.9842952609062194,0.9874420845508576,0.42884557332319306,0.9889802917688282,0.9979370809695719,0.20815404475043028,0.3444592790387183,0.031007751937984496,0.7918459552495697,0.02753315649867374,0.10626502459970712,0.21668843525173878,0.11042341065203166,250,8,14722,3870
42,bearing,fedavg,client_specific,2,cnn-ae,test1_bearing3,1207,259,258,18592,fuzzy_fault_only_hi75,0.9673199653625488,0.9814558744430543,0.9842952609062194,0.9874420845508576,0.42884557332319306,0.9889802917688282,0.9983628922237381,0.19680507745266781,0.3287954351439996,0.023255813953488372,0.8031949225473322,0.02753315649867374,0.10626502459970712,0.21668843525173878,0.11042341065203166,252,6,14933,3659
42,bearing,fedavg,pooled,2,cnn-ae,test1_bearing3,1207,259,258,18592,hard_val_p95,0.8978168368339539,0.9666764676570893,0.9733282685279846,0.9828256583213806,0.3443450921626706,0.9848592229890911,0.9812703583061889,0.2592512908777969,0.410142954390742,0.35658914728682173,0.7407487091222031,0.05257294429708223,0.4153340596781605,0.32628230381153617,-0.08905175586662434,166,92,13772,4820
42,bearing,fedavg,pooled,2,cnn-ae,test1_bearing3,1207,259,258,18592,fuzzy_warning_as_alarm_hi50,0.8978168368339539,0.9666764676570893,0.9733282685279846,0.9828256583213806,0.3443450921626706,0.9848592229890911,0.9812703583061889,0.2592512908777969,0.410142954390742,0.35658914728682173,0.7407487091222031,0.05257294429708223,0.4153340596781605,0.32628230381153617,-0.08905175586662434,166,92,13772,4820
42,bearing,fedavg,pooled,2,cnn-ae,test1_bearing3,1207,259,258,18592,fuzzy_fault_only_hi75,0.8978168368339539,0.9666764676570893,0.9733282685279846,0.9828256583213806,0.3443450921626706,0.9848592229890911,0.991166077738516,0.24139414802065404,0.38823529411764707,0.15503875968992248,0.7586058519793459,0.05257294429708223,0.4153340596781605,0.32628230381153617,-0.08905175586662434,218,40,14104,4488
42,bearing,fedavg,adaptive,2,cnn-ae,test1_bearing3,1207,259,258,18592,hard_val_p95,0.9490613980763455,0.9775733039895431,0.9814142169517319,0.9862293430424229,0.41113717744733086,0.9878583498843445,0.9950378071833649,0.22649526678141135,0.3689975464423414,0.08139534883720931,0.7735047332185886,0.03140583554376658,0.18547619957505104,0.24332235885635853,0.057846159281307485,237,21,14381,4211
42,bearing,fedavg,adaptive,2,cnn-ae,test1_bearing3,1207,259,258,18592,fuzzy_warning_as_alarm_hi50,0.9490613980763455,0.9775733039895431,0.9814142169517319,0.9862293430424229,0.41113717744733086,0.9878583498843445,0.9950378071833649,0.22649526678141135,0.3689975464423414,0.08139534883720931,0.7735047332185886,0.03140583554376658,0.18547619957505104,0.24332235885635853,0.057846159281307485,237,21,14381,4211
42,bearing,fedavg,adaptive,2,cnn-ae,test1_bearing3,1207,259,258,18592,fuzzy_fault_only_hi75,0.9490613980763455,0.9775733039895431,0.9814142169517319,0.9862293430424229,0.41113717744733086,0.9878583498843445,0.9972137791286727,0.2117577452667814,0.34933451641526175,0.04263565891472868,0.7882422547332186,0.03140583554376658,0.18547619957505104,0.24332235885635853,0.057846159281307485,247,11,14655,3937
42,bearing,fedavg,client_specific,2,cnn-ae,test1_bearing4,1207,259,258,18592,hard_val_p95,0.9615602493286133,0.9772150754928589,0.97968288064003,0.9838593864440918,0.4852303733205246,0.9894170369474053,0.9965776865160849,0.23493975903614459,0.3802393906420022,0.05813953488372093,0.7650602409638554,0.02053050397877984,0.11050787888999823,0.2427500431896694,0.13224216429967117,243,15,14224,4368
42,bearing,fedavg,client_specific,2,cnn-ae,test1_bearing4,1207,259,258,18592,fuzzy_warning_as_alarm_hi50,0.9615602493286133,0.9772150754928589,0.97968288064003,0.9838593864440918,0.4852303733205246,0.9894170369474053,0.9965776865160849,0.23493975903614459,0.3802393906420022,0.05813953488372093,0.7650602409638554,0.02053050397877984,0.11050787888999823,0.2427500431896694,0.13224216429967117,243,15,14224,4368
42,bearing,fedavg,client_specific,2,cnn-ae,test1_bearing4,1207,259,258,18592,fuzzy_fault_only_hi75,0.9615602493286133,0.9772150754928589,0.97968288064003,0.9838593864440918,0.4852303733205246,0.9894170369474053,0.9978499761108457,0.22466652323580033,0.366757397488805,0.03488372093023256,0.7753334767641996,0.02053050397877984,0.11050787888999823,0.2427500431896694,0.13224216429967117,249,9,14415,4177
42,bearing,fedavg,pooled,2,cnn-ae,test1_bearing4,1207,259,258,18592,hard_val_p95,0.8978168368339539,0.9666764676570893,0.9733282685279846,0.9828256583213806,0.44458064817409165,0.9879443835171726,0.990953947368421,0.2592512908777969,0.41098226466575716,0.17054263565891473,0.7407487091222031,0.0506631299734748,0.2729689138364923,0.32628230381153617,0.05331338997504387,214,44,13772,4820
42,bearing,fedavg,pooled,2,cnn-ae,test1_bearing4,1207,259,258,18592,fuzzy_warning_as_alarm_hi50,0.8978168368339539,0.9666764676570893,0.9733282685279846,0.9828256583213806,0.44458064817409165,0.9879443835171726,0.990953947368421,0.2592512908777969,0.41098226466575716,0.17054263565891473,0.7407487091222031,0.0506631299734748,0.2729689138364923,0.32628230381153617,0.05331338997504387,214,44,13772,4820
42,bearing,fedavg,pooled,2,cnn-ae,test1_bearing4,1207,259,258,18592,fuzzy_fault_only_hi75,0.8978168368339539,0.9666764676570893,0.9733282685279846,0.9828256583213806,0.44458064817409165,0.9879443835171726,0.9951219512195122,0.24139414802065404,0.38853778893602287,0.08527131782945736,0.7586058519793459,0.0506631299734748,0.2729689138364923,0.32628230381153617,0.05331338997504387,236,22,14104,4488
42,bearing,fedavg,adaptive,2,cnn-ae,test1_bearing4,1207,259,258,18592,hard_val_p95,0.9441318522905605,0.9743336633688138,0.9779454351758288,0.983576749800603,0.4538696730443368,0.9888407364023095,0.994921616250828,0.24236230636833048,0.3897755287401064,0.08914728682170543,0.7576376936316696,0.02546419098143236,0.16870144255402816,0.2609808762977783,0.09227943374375011,235,23,14086,4506
42,bearing,fedavg,adaptive,2,cnn-ae,test1_bearing4,1207,259,258,18592,fuzzy_warning_as_alarm_hi50,0.9441318522905605,0.9743336633688138,0.9779454351758288,0.983576749800603,0.4538696730443368,0.9888407364023095,0.994921616250828,0.24236230636833048,0.3897755287401064,0.08914728682170543,0.7576376936316696,0.02546419098143236,0.16870144255402816,0.2609808762977783,0.09227943374375011,235,23,14086,4506
42,bearing,fedavg,adaptive,2,cnn-ae,test1_bearing4,1207,259,258,18592,fuzzy_fault_only_hi75,0.9441318522905605,0.9743336633688138,0.9779454351758288,0.983576749800603,0.4538696730443368,0.9888407364023095,0.9967350746268657,0.22988382099827884,0.3736013986013986,0.05426356589147287,0.7701161790017211,0.02546419098143236,0.16870144255402816,0.2609808762977783,0.09227943374375011,244,14,14318,4274
42,bearing,fedavg,client_specific,2,cnn-ae,test2_bearing1,552,118,118,18592,hard_val_p95,0.8496903777122498,0.8643163502216339,0.8663513153791428,0.8739671111106873,0.9108517149712652,0.9990956118691354,0.999234693877551,0.8427280550774526,0.9143323996265172,0.1016949152542373,0.15727194492254734,0.03794762159273116,0.14115510109593174,0.8486771135195095,0.7075220124235777,106,12,2924,15668
42,bearing,fedavg,client_specific,2,cnn-ae,test2_bearing1,552,118,118,18592,fuzzy_warning_as_alarm_hi50,0.8496903777122498,0.8643163502216339,0.8663513153791428,0.8739671111106873,0.9108517149712652,0.9990956118691354,0.999234693877551,0.8427280550774526,0.9143323996265172,0.1016949152542373,0.15727194492254734,0.03794762159273116,0.14115510109593174,0.8486771135195095,0.7075220124235777,106,12,2924,15668
42,bearing,fedavg,client_specific,2,cnn-ae,test2_bearing1,552,118,118,18592,fuzzy_fault_only_hi75,0.8496903777122498,0.8643163502216339,0.8663513153791428,0.8739671111106873,0.9108517149712652,0.9990956118691354,0.9994082451180222,0.8175559380378657,0.8993816750983699,0.07627118644067797,0.18244406196213425,0.03794762159273116,0.14115510109593174,0.8486771135195095,0.7075220124235777,109,9,3392,15200
42,bearing,fedavg,pooled,2,cnn-ae,test2_bearing1,552,118,118,18592,hard_val_p95,0.8978168368339539,0.9666764676570893,0.9733282685279846,0.9828256583213806,0.8529206110154905,0.998144803003723,1.0,0.2592512908777969,0.4117546557321032,0.0,0.7407487091222031,0.04756814537680385,0.0,0.32628230381153617,0.32628230381153617,118,0,13772,4820
42,bearing,fedavg,pooled,2,cnn-ae,test2_bearing1,552,118,118,18592,fuzzy_warning_as_alarm_hi50,0.8978168368339539,0.9666764676570893,0.9733282685279846,0.9828256583213806,0.8529206110154905,0.998144803003723,1.0,0.2592512908777969,0.4117546557321032,0.0,0.7407487091222031,0.04756814537680385,0.0,0.32628230381153617,0.32628230381153617,118,0,13772,4820
42,bearing,fedavg,pooled,2,cnn-ae,test2_bearing1,552,118,118,18592,fuzzy_fault_only_hi75,0.8978168368339539,0.9666764676570893,0.9733282685279846,0.9828256583213806,0.8529206110154905,0.998144803003723,1.0,0.24139414802065404,0.3889081455805893,0.0,0.7586058519793459,0.04756814537680385,0.0,0.32628230381153617,0.32628230381153617,118,0,14104,4488
42,bearing,fedavg,adaptive,2,cnn-ae,test2_bearing1,552,118,118,18592,hard_val_p95,0.8625960982854614,0.891765514310819,0.8950385425366851,0.9031589115868911,0.9157870890341027,0.9990967529810537,0.9999246590823476,0.713855421686747,0.8330142789894869,0.00847457627118644,0.286144578313253,0.01892036344200962,0.01968266044300141,0.7293966852022263,0.709714024759225,117,1,5320,13272
42,bearing,fedavg,adaptive,2,cnn-ae,test2_bearing1,552,118,118,18592,fuzzy_warning_as_alarm_hi50,0.8625960982854614,0.891765514310819,0.8950385425366851,0.9031589115868911,0.9157870890341027,0.9990967529810537,0.9999246590823476,0.713855421686747,0.8330142789894869,0.00847457627118644,0.286144578313253,0.01892036344200962,0.01968266044300141,0.7293966852022263,0.709714024759225,117,1,5320,13272
42,bearing,fedavg,adaptive,2,cnn-ae,test2_bearing1,552,118,118,18592,fuzzy_fault_only_hi75,0.8625960982854614,0.891765514310819,0.8950385425366851,0.9031589115868911,0.9157870890341027,0.9990967529810537,1.0,0.7027216006884681,0.8254098619578608,0.0,0.2972783993115318,0.01892036344200962,0.01968266044300141,0.7293966852022263,0.709714024759225,118,0,5527,13065
42,bearing,fedavg,client_specific,2,cnn-ae,test2_bearing3,552,118,118,18592,hard_val_p95,0.9643625617027283,0.9707577764987946,0.9720657855272293,0.9747439056634903,0.477408043189708,0.9951119192115512,0.997557003257329,0.2635542168674699,0.4169503063308373,0.1016949152542373,0.7364457831325302,0.010368786745056119,0.1362354202451527,0.2681862718362402,0.13195085159108752,106,12,13692,4900
42,bearing,fedavg,client_specific,2,cnn-ae,test2_bearing3,552,118,118,18592,fuzzy_warning_as_alarm_hi50,0.9643625617027283,0.9707577764987946,0.9720657855272293,0.9747439056634903,0.477408043189708,0.9951119192115512,0.997557003257329,0.2635542168674699,0.4169503063308373,0.1016949152542373,0.7364457831325302,0.010368786745056119,0.1362354202451527,0.2681862718362402,0.13195085159108752,106,12,13692,4900
42,bearing,fedavg,client_specific,2,cnn-ae,test2_bearing3,552,118,118,18592,fuzzy_fault_only_hi75,0.9643625617027283,0.9707577764987946,0.9720657855272293,0.9747439056634903,0.477408043189708,0.9951119192115512,0.9983412813601493,0.2589823580034423,0.41127482383087766,0.06779661016949153,0.7410176419965576,0.010368786745056119,0.1362354202451527,0.2681862718362402,0.13195085159108752,110,8,13777,4815
42,bearing,fedavg,pooled,2,cnn-ae,test2_bearing3,552,118,118,18592,hard_val_p95,0.8978168368339539,0.9666764676570893,0.9733282685279846,0.9828256583213806,0.30645493596662676,0.9928875685909649,0.9983429991714996,0.2592512908777969,0.4116140051238258,0.06779661016949153,0.7407487091222031,0.04911811865312667,0.2775195237675748,0.32628230381153617,0.04876278004396134,110,8,13772,4820
42,bearing,fedavg,pooled,2,cnn-ae,test2_bearing3,552,118,118,18592,fuzzy_warning_as_alarm_hi50,0.8978168368339539,0.9666764676570893,0.9733282685279846,0.9828256583213806,0.30645493596662676,0.9928875685909649,0.9983429991714996,0.2592512908777969,0.4116140051238258,0.06779661016949153,0.7407487091222031,0.04911811865312667,0.2775195237675748,0.32628230381153617,0.04876278004396134,110,8,13772,4820
42,bearing,fedavg,pooled,2,cnn-ae,test2_bearing3,552,118,118,18592,fuzzy_fault_only_hi75,0.8978168368339539,0.9666764676570893,0.9733282685279846,0.9828256583213806,0.30645493596662676,0.9928875685909649,0.9997772332368011,0.24139414802065404,0.3888912958710628,0.00847457627118644,0.7586058519793459,0.04911811865312667,0.2775195237675748,0.32628230381153617,0.04876278004396134,117,1,14104,4488
42,bearing,fedavg,adaptive,2,cnn-ae,test2_bearing3,552,118,118,18592,hard_val_p95,0.9512488211496962,0.969953499058396,0.9723145749807542,0.9763365249907024,0.308499053720937,0.9947069331034448,0.9975475168608215,0.26253227194492257,0.41566957632531404,0.1016949152542373,0.7374677280550774,0.017316942811330838,0.23628029235270212,0.2765714787325094,0.0402911863798073,106,12,13711,4881
42,bearing,fedavg,adaptive,2,cnn-ae,test2_bearing3,552,118,118,18592,fuzzy_warning_as_alarm_hi50,0.9512488211496962,0.969953499058396,0.9723145749807542,0.9763365249907024,0.308499053720937,0.9947069331034448,0.9975475168608215,0.26253227194492257,0.41566957632531404,0.1016949152542373,0.7374677280550774,0.017316942811330838,0.23628029235270212,0.2765714787325094,0.0402911863798073,106,12,13711,4881
42,bearing,fedavg,adaptive,2,cnn-ae,test2_bearing3,552,118,118,18592,fuzzy_fault_only_hi75,0.9512488211496962,0.969953499058396,0.9723145749807542,0.9763365249907024,0.308499053720937,0.9947069331034448,0.9987394957983193,0.25570137693631667,0.40715998629667693,0.05084745762711865,0.7442986230636833,0.017316942811330838,0.23628029235270212,0.2765714787325094,0.0402911863798073,112,6,13838,4754
42,bearing,fedavg,client_specific,2,cnn-ae,test3_bearing1,3542,759,759,18592,hard_val_p95,0.8412367701530457,0.8727972745895386,0.8804391622543335,0.8868385088443755,0.9271447024688251,0.9960775881361452,0.9977425044091711,0.7607035283993115,0.8632465590380566,0.04216073781291173,0.23929647160068848,0.04785282414345512,0.10213444640593969,0.793023408635817,0.6908889622298773,727,32,4449,14143
42,bearing,fedavg,client_specific,2,cnn-ae,test3_bearing1,3542,759,759,18592,fuzzy_warning_as_alarm_hi50,0.8412367701530457,0.8727972745895386,0.8804391622543335,0.8868385088443755,0.9271447024688251,0.9960775881361452,0.9977425044091711,0.7607035283993115,0.8632465590380566,0.04216073781291173,0.23929647160068848,0.04785282414345512,0.10213444640593969,0.793023408635817,0.6908889622298773,727,32,4449,14143
42,bearing,fedavg,client_specific,2,cnn-ae,test3_bearing1,3542,759,759,18592,fuzzy_fault_only_hi75,0.8412367701530457,0.8727972745895386,0.8804391622543335,0.8868385088443755,0.9271447024688251,0.9960775881361452,0.9984876854385712,0.7457508605851979,0.8538087320647824,0.02766798418972332,0.25424913941480204,0.04785282414345512,0.10213444640593969,0.793023408635817,0.6908889622298773,738,21,4727,13865
42,bearing,fedavg,pooled,2,cnn-ae,test3_bearing1,3542,759,759,18592,hard_val_p95,0.8978168368339539,0.9666764676570893,0.9733282685279846,0.9828256583213806,0.8520034755056363,0.988453892326887,1.0,0.2592512908777969,0.4117546557321032,0.0,0.7407487091222031,0.04599245517027544,0.000305016323919014,0.32628230381153617,0.3259772874876172,759,0,13772,4820
42,bearing,fedavg,pooled,2,cnn-ae,test3_bearing1,3542,759,759,18592,fuzzy_warning_as_alarm_hi50,0.8978168368339539,0.9666764676570893,0.9733282685279846,0.9828256583213806,0.8520034755056363,0.988453892326887,1.0,0.2592512908777969,0.4117546557321032,0.0,0.7407487091222031,0.04599245517027544,0.000305016323919014,0.32628230381153617,0.3259772874876172,759,0,13772,4820
42,bearing,fedavg,pooled,2,cnn-ae,test3_bearing1,3542,759,759,18592,fuzzy_fault_only_hi75,0.8978168368339539,0.9666764676570893,0.9733282685279846,0.9828256583213806,0.8520034755056363,0.988453892326887,1.0,0.24139414802065404,0.3889081455805893,0.0,0.7586058519793459,0.04599245517027544,0.000305016323919014,0.32628230381153617,0.3259772874876172,759,0,14104,4488
42,bearing,fedavg,adaptive,2,cnn-ae,test3_bearing1,3542,759,759,18592,hard_val_p95,0.8587180763819813,0.9018027356787703,0.9091387203736201,0.9164952563967134,0.9147667391757884,0.9949348954809818,0.9999203250736993,0.6750215146299484,0.8059596056898821,0.0013175230566534915,0.32497848537005164,0.028525657588755103,0.02389843947428673,0.6994512053370919,0.6755527658628052,758,1,6042,12550
42,bearing,fedavg,adaptive,2,cnn-ae,test3_bearing1,3542,759,759,18592,fuzzy_warning_as_alarm_hi50,0.8587180763819813,0.9018027356787703,0.9091387203736201,0.9164952563967134,0.9147667391757884,0.9949348954809818,0.9999203250736993,0.6750215146299484,0.8059596056898821,0.0013175230566534915,0.32497848537005164,0.028525657588755103,0.02389843947428673,0.6994512053370919,0.6755527658628052,758,1,6042,12550
42,bearing,fedavg,adaptive,2,cnn-ae,test3_bearing1,3542,759,759,18592,fuzzy_fault_only_hi75,0.8587180763819813,0.9018027356787703,0.9091387203736201,0.9164952563967134,0.9147667391757884,0.9949348954809818,1.0,0.6637263339070568,0.7978792189318505,0.0,0.3362736660929432,0.028525657588755103,0.02389843947428673,0.6994512053370919,0.6755527658628052,759,0,6252,12340
42,bearing,fedavg,client_specific,2,cnn-ae,test3_bearing3,3542,759,759,18592,hard_val_p95,0.9191442131996155,0.9328249931335449,0.9361116647720337,0.9453838312625884,0.680028555781568,0.9828018501322683,0.9949550339986839,0.4879518072289157,0.6547816672681342,0.06060606060606061,0.5120481927710844,0.08604206500956023,0.1170182596085653,0.4927552131495503,0.375736953540985,713,46,9520,9072
42,bearing,fedavg,client_specific,2,cnn-ae,test3_bearing3,3542,759,759,18592,fuzzy_warning_as_alarm_hi50,0.9191442131996155,0.9328249931335449,0.9361116647720337,0.9453838312625884,0.680028555781568,0.9828018501322683,0.9949550339986839,0.4879518072289157,0.6547816672681342,0.06060606060606061,0.5120481927710844,0.08604206500956023,0.1170182596085653,0.4927552131495503,0.375736953540985,713,46,9520,9072
42,bearing,fedavg,client_specific,2,cnn-ae,test3_bearing3,3542,759,759,18592,fuzzy_fault_only_hi75,0.9191442131996155,0.9328249931335449,0.9361116647720337,0.9453838312625884,0.680028555781568,0.9828018501322683,0.9986423105406073,0.4351871772805508,0.6062036412677007,0.014492753623188406,0.5648128227194492,0.08604206500956023,0.1170182596085653,0.4927552131495503,0.375736953540985,748,11,10501,8091
42,bearing,fedavg,pooled,2,cnn-ae,test3_bearing3,3542,759,759,18592,hard_val_p95,0.8978168368339539,0.9666764676570893,0.9733282685279846,0.9828256583213806,0.6180492721875644,0.9827001029256486,1.0,0.2592512908777969,0.4117546557321032,0.0,0.7407487091222031,0.04599245517027544,0.11005279141529922,0.32628230381153617,0.21622951239623694,759,0,13772,4820
42,bearing,fedavg,pooled,2,cnn-ae,test3_bearing3,3542,759,759,18592,fuzzy_warning_as_alarm_hi50,0.8978168368339539,0.9666764676570893,0.9733282685279846,0.9828256583213806,0.6180492721875644,0.9827001029256486,1.0,0.2592512908777969,0.4117546557321032,0.0,0.7407487091222031,0.04599245517027544,0.11005279141529922,0.32628230381153617,0.21622951239623694,759,0,13772,4820
42,bearing,fedavg,pooled,2,cnn-ae,test3_bearing3,3542,759,759,18592,fuzzy_fault_only_hi75,0.8978168368339539,0.9666764676570893,0.9733282685279846,0.9828256583213806,0.6180492721875644,0.9827001029256486,1.0,0.24139414802065404,0.3889081455805893,0.0,0.7586058519793459,0.04599245517027544,0.11005279141529922,0.32628230381153617,0.21622951239623694,759,0,14104,4488
42,bearing,fedavg,adaptive,2,cnn-ae,test3_bearing3,3542,759,759,18592,hard_val_p95,0.9123972014828914,0.9435340597961688,0.9478853052467413,0.9572287221450864,0.6498127957907294,0.9831493304760089,0.9992944828559334,0.38091652323580033,0.5515791113361113,0.006587615283267457,0.6190834767641996,0.043873701617487465,0.09503289762210522,0.421661931792449,0.3266290341703438,754,5,11510,7082
42,bearing,fedavg,adaptive,2,cnn-ae,test3_bearing3,3542,759,759,18592,fuzzy_warning_as_alarm_hi50,0.9123972014828914,0.9435340597961688,0.9478853052467413,0.9572287221450864,0.6498127957907294,0.9831493304760089,0.9992944828559334,0.38091652323580033,0.5515791113361113,0.006587615283267457,0.6190834767641996,0.043873701617487465,0.09503289762210522,0.421661931792449,0.3266290341703438,754,5,11510,7082
42,bearing,fedavg,adaptive,2,cnn-ae,test3_bearing3,3542,759,759,18592,fuzzy_fault_only_hi75,0.9123972014828914,0.9435340597961688,0.9478853052467413,0.9572287221450864,0.6498127957907294,0.9831493304760089,0.9998507685420086,0.3603700516351119,0.5297908512236588,0.0013175230566534915,0.6396299483648882,0.043873701617487465,0.09503289762210522,0.421661931792449,0.3266290341703438,758,1,11892,6700
42,bearing,fedavg,client_specific,3,cnn-ae,test1_bearing1,1207,259,258,18592,hard_val_p95,0.8136364221572876,0.8468422770500184,0.8585407137870789,0.8952358162403105,0.9328760223618728,0.9988255270773889,0.9991138025256628,0.7276785714285714,0.8420626769987241,0.046511627906976744,0.27232142857142855,0.15251989389920426,0.10305524149485946,0.744533057197643,0.6414778157027835,246,12,5063,13529
42,bearing,fedavg,client_specific,3,cnn-ae,test1_bearing1,1207,259,258,18592,fuzzy_warning_as_alarm_hi50,0.8136364221572876,0.8468422770500184,0.8585407137870789,0.8952358162403105,0.9328760223618728,0.9988255270773889,0.9991138025256628,0.7276785714285714,0.8420626769987241,0.046511627906976744,0.27232142857142855,0.15251989389920426,0.10305524149485946,0.744533057197643,0.6414778157027835,246,12,5063,13529
42,bearing,fedavg,client_specific,3,cnn-ae,test1_bearing1,1207,259,258,18592,fuzzy_fault_only_hi75,0.8136364221572876,0.8468422770500184,0.8585407137870789,0.8952358162403105,0.9328760223618728,0.9988255270773889,0.9994171523730225,0.6456002581755593,0.7844585321220835,0.027131782945736434,0.3543997418244406,0.15251989389920426,0.10305524149485946,0.744533057197643,0.6414778157027835,251,7,6589,12003
42,bearing,fedavg,pooled,3,cnn-ae,test1_bearing1,1207,259,258,18592,hard_val_p95,0.8790671527385712,0.957201623916626,0.9623585939407349,0.9697414934635162,0.8145688026191144,0.9950610565621569,1.0,0.28861876075731496,0.44795058018198514,0.0,0.711381239242685,0.033421750663129975,0.0015311903486377337,0.34194474515138074,0.340413554802743,258,0,13226,5366
42,bearing,fedavg,pooled,3,cnn-ae,test1_bearing1,1207,259,258,18592,fuzzy_warning_as_alarm_hi50,0.8790671527385712,0.957201623916626,0.9623585939407349,0.9697414934635162,0.8145688026191144,0.9950610565621569,1.0,0.28861876075731496,0.44795058018198514,0.0,0.711381239242685,0.033421750663129975,0.0015311903486377337,0.34194474515138074,0.340413554802743,258,0,13226,5366
42,bearing,fedavg,pooled,3,cnn-ae,test1_bearing1,1207,259,258,18592,fuzzy_fault_only_hi75,0.8790671527385712,0.957201623916626,0.9623585939407349,0.9697414934635162,0.8145688026191144,0.9950610565621569,1.0,0.27275172117039587,0.42860161433461524,0.0,0.7272482788296041,0.033421750663129975,0.0015311903486377337,0.34194474515138074,0.340413554802743,258,0,13521,5071
42,bearing,fedavg,adaptive,3,cnn-ae,test1_bearing1,1207,259,258,18592,hard_val_p95,0.8352924800940521,0.8833686674536491,0.8929020300601203,0.9198954715464542,0.9194969245753778,0.9983130952808201,0.999822883457315,0.607250430292599,0.7555882746620265,0.007751937984496124,0.39274956970740105,0.04636604774535809,0.025779260934445086,0.6325734314022675,0.6067941704678225,256,2,7302,11290
42,bearing,fedavg,adaptive,3,cnn-ae,test1_bearing1,1207,259,258,18592,fuzzy_warning_as_alarm_hi50,0.8352924800940521,0.8833686674536491,0.8929020300601203,0.9198954715464542,0.9194969245753778,0.9983130952808201,0.999822883457315,0.607250430292599,0.7555882746620265,0.007751937984496124,0.39274956970740105,0.04636604774535809,0.025779260934445086,0.6325734314022675,0.6067941704678225,256,2,7302,11290
42,bearing,fedavg,adaptive,3,cnn-ae,test1_bearing1,1207,259,258,18592,fuzzy_fault_only_hi75,0.8352924800940521,0.8833686674536491,0.8929020300601203,0.9198954715464542,0.9194969245753778,0.9983130952808201,0.9999073988332253,0.5807874354561101,0.7347827566261781,0.003875968992248062,0.41921256454388983,0.04636604774535809,0.025779260934445086,0.6325734314022675,0.6067941704678225,257,1,7794,10798
42,bearing,fedavg,client_specific,3,cnn-ae,test1_bearing2,1207,259,258,18592,hard_val_p95,0.7593786716461182,0.806610894203186,0.8217103242874145,0.8468313574790954,0.9936555816288408,0.999878082897248,0.9994970943227537,0.9620804647160068,0.9804319228239421,0.03488372093023256,0.03791953528399312,0.07029177718832891,0.09029491149163052,0.9452645746959117,0.8549696632042812,249,9,705,17887
42,bearing,fedavg,client_specific,3,cnn-ae,test1_bearing2,1207,259,258,18592,fuzzy_warning_as_alarm_hi50,0.7593786716461182,0.806610894203186,0.8217103242874145,0.8468313574790954,0.9936555816288408,0.999878082897248,0.9994970943227537,0.9620804647160068,0.9804319228239421,0.03488372093023256,0.03791953528399312,0.07029177718832891,0.09029491149163052,0.9452645746959117,0.8549696632042812,249,9,705,17887
42,bearing,fedavg,client_specific,3,cnn-ae,test1_bearing2,1207,259,258,18592,fuzzy_fault_only_hi75,0.7593786716461182,0.806610894203186,0.8217103242874145,0.8468313574790954,0.9936555816288408,0.999878082897248,0.999882311404025,0.9139414802065404,0.9549822964087,0.007751937984496124,0.08605851979345955,0.07029177718832891,0.09029491149163052,0.9452645746959117,0.8549696632042812,256,2,1600,16992
42,bearing,fedavg,pooled,3,cnn-ae,test1_bearing2,1207,259,258,18592,hard_val_p95,0.8790671527385712,0.957201623916626,0.9623585939407349,0.9697414934635162,0.820164586919105,0.9950771844482895,1.0,0.28861876075731496,0.44795058018198514,0.0,0.711381239242685,0.033421750663129975,0.0,0.34194474515138074,0.34194474515138074,258,0,13226,5366
42,bearing,fedavg,pooled,3,cnn-ae,test1_bearing2,1207,259,258,18592,fuzzy_warning_as_alarm_hi50,0.8790671527385712,0.957201623916626,0.9623585939407349,0.9697414934635162,0.820164586919105,0.9950771844482895,1.0,0.28861876075731496,0.44795058018198514,0.0,0.711381239242685,0.033421750663129975,0.0,0.34194474515138074,0.34194474515138074,258,0,13226,5366
42,bearing,fedavg,pooled,3,cnn-ae,test1_bearing2,1207,259,258,18592,fuzzy_fault_only_hi75,0.8790671527385712,0.957201623916626,0.9623585939407349,0.9697414934635162,0.820164586919105,0.9950771844482895,1.0,0.27275172117039587,0.42860161433461524,0.0,0.7272482788296041,0.033421750663129975,0.0,0.34194474515138074,0.34194474515138074,258,0,13521,5071
42,bearing,fedavg,adaptive,3,cnn-ae,test1_bearing2,1207,259,258,18592,hard_val_p95,0.7933840797734542,0.8493961244722814,0.8616707429368107,0.8817520891901787,0.9936886249316201,0.9998914441416814,0.9999241332220621,0.7089070567986231,0.8296352248764675,0.003875968992248062,0.29109294320137696,0.11936339522546419,0.018471429656820137,0.7521675810824822,0.733696151425662,257,1,5412,13180
42,bearing,fedavg,adaptive,3,cnn-ae,test1_bearing2,1207,259,258,18592,fuzzy_warning_as_alarm_hi50,0.7933840797734542,0.8493961244722814,0.8616707429368107,0.8817520891901787,0.9936886249316201,0.9998914441416814,0.9999241332220621,0.7089070567986231,0.8296352248764675,0.003875968992248062,0.29109294320137696,0.11936339522546419,0.018471429656820137,0.7521675810824822,0.733696151425662,257,1,5412,13180
42,bearing,fedavg,adaptive,3,cnn-ae,test1_bearing2,1207,259,258,18592,fuzzy_fault_only_hi75,0.7933840797734542,0.8493961244722814,0.8616707429368107,0.8817520891901787,0.9936886249316201,0.9998914441416814,1.0,0.6624892426850258,0.7969846970138147,0.0,0.3375107573149742,0.11936339522546419,0.018471429656820137,0.7521675810824822,0.733696151425662,258,0,6275,12317
42,bearing,fedavg,client_specific,3,cnn-ae,test1_bearing3,1207,259,258,18592,hard_val_p95,0.9546761512756348,0.968894624710083,0.9714305460453033,0.9772121918201446,0.44725924045017273,0.9896521431911169,0.9972905847821179,0.2375753012048193,0.38373658833239216,0.046511627906976744,0.7624246987951807,0.031511936339522546,0.11382947645371193,0.24411406183264953,0.1302845853789376,246,12,14175,4417
42,bearing,fedavg,client_specific,3,cnn-ae,test1_bearing3,1207,259,258,18592,fuzzy_warning_as_alarm_hi50,0.9546761512756348,0.968894624710083,0.9714305460453033,0.9772121918201446,0.44725924045017273,0.9896521431911169,0.9972905847821179,0.2375753012048193,0.38373658833239216,0.046511627906976744,0.7624246987951807,0.031511936339522546,0.11382947645371193,0.24411406183264953,0.1302845853789376,246,12,14175,4417
42,bearing,fedavg,client_specific,3,cnn-ae,test1_bearing3,1207,259,258,18592,fuzzy_fault_only_hi75,0.9546761512756348,0.968894624710083,0.9714305460453033,0.9772121918201446,0.44725924045017273,0.9896521431911169,0.9985429820301117,0.22117039586919104,0.3621312197269925,0.023255813953488372,0.7788296041308089,0.031511936339522546,0.11382947645371193,0.24411406183264953,0.1302845853789376,252,6,14480,4112
42,bearing,fedavg,pooled,3,cnn-ae,test1_bearing3,1207,259,258,18592,hard_val_p95,0.8790671527385712,0.957201623916626,0.9623585939407349,0.9697414934635162,0.3558696997291491,0.9858141970963201,0.9856722997795738,0.28861876075731496,0.44649692128473956,0.3023255813953488,0.711381239242685,0.03798408488063661,0.39720801126868366,0.34194474515138074,-0.05526326611730292,180,78,13226,5366
42,bearing,fedavg,pooled,3,cnn-ae,test1_bearing3,1207,259,258,18592,fuzzy_warning_as_alarm_hi50,0.8790671527385712,0.957201623916626,0.9623585939407349,0.9697414934635162,0.3558696997291491,0.9858141970963201,0.9856722997795738,0.28861876075731496,0.44649692128473956,0.3023255813953488,0.711381239242685,0.03798408488063661,0.39720801126868366,0.34194474515138074,-0.05526326611730292,180,78,13226,5366
42,bearing,fedavg,pooled,3,cnn-ae,test1_bearing3,1207,259,258,18592,fuzzy_fault_only_hi75,0.8790671527385712,0.957201623916626,0.9623585939407349,0.9697414934635162,0.3558696997291491,0.9858141970963201,0.992562145233901,0.27275172117039587,0.427914433990127,0.14728682170542637,0.7272482788296041,0.03798408488063661,0.39720801126868366,0.34194474515138074,-0.05526326611730292,220,38,13521,5071
42,bearing,fedavg,adaptive,3,cnn-ae,test1_bearing3,1207,259,258,18592,hard_val_p95,0.9346503657830402,0.9657976186633792,0.9690277504738725,0.9752335040228663,0.4353480158174225,0.9887020019280969,0.9945205479452055,0.2538188468158348,0.4044221622316493,0.10077519379844961,0.7461811531841652,0.04015915119363395,0.1870197366829346,0.26717342221628027,0.08015368553334568,232,26,13873,4719
42,bearing,fedavg,adaptive,3,cnn-ae,test1_bearing3,1207,259,258,18592,fuzzy_warning_as_alarm_hi50,0.9346503657830402,0.9657976186633792,0.9690277504738725,0.9752335040228663,0.4353480158174225,0.9887020019280969,0.9945205479452055,0.2538188468158348,0.4044221622316493,0.10077519379844961,0.7461811531841652,0.04015915119363395,0.1870197366829346,0.26717342221628027,0.08015368553334568,232,26,13873,4719
42,bearing,fedavg,adaptive,3,cnn-ae,test1_bearing3,1207,259,258,18592,fuzzy_fault_only_hi75,0.9346503657830402,0.9657976186633792,0.9690277504738725,0.9752335040228663,0.4353480158174225,0.9887020019280969,0.9979305587491377,0.23343373493975902,0.37836188483501154,0.03488372093023256,0.766566265060241,0.04015915119363395,0.1870197366829346,0.26717342221628027,0.08015368553334568,249,9,14252,4340
42,bearing,fedavg,client_specific,3,cnn-ae,test1_bearing4,1207,259,258,18592,hard_val_p95,0.9493621587753296,0.963772177696228,0.9662496626377106,0.9725732135772706,0.5213057379017731,0.9902279225992254,0.9974287974683544,0.2712456970740103,0.42650541271989173,0.050387596899224806,0.7287543029259896,0.03129973474801061,0.08985866792342105,0.2724567777357123,0.18259810981229124,245,13,13549,5043
42,bearing,fedavg,client_specific,3,cnn-ae,test1_bearing4,1207,259,258,18592,fuzzy_warning_as_alarm_hi50,0.9493621587753296,0.963772177696228,0.9662496626377106,0.9725732135772706,0.5213057379017731,0.9902279225992254,0.9974287974683544,0.2712456970740103,0.42650541271989173,0.050387596899224806,0.7287543029259896,0.03129973474801061,0.08985866792342105,0.2724567777357123,0.18259810981229124,245,13,13549,5043
42,bearing,fedavg,client_specific,3,cnn-ae,test1_bearing4,1207,259,258,18592,fuzzy_fault_only_hi75,0.9493621587753296,0.963772177696228,0.9662496626377106,0.9725732135772706,0.5213057379017731,0.9902279225992254,0.9991421831438988,0.25059165232358005,0.4006880240808428,0.015503875968992248,0.74940834767642,0.03129973474801061,0.08985866792342105,0.2724567777357123,0.18259810981229124,254,4,13933,4659
42,bearing,fedavg,pooled,3,cnn-ae,test1_bearing4,1207,259,258,18592,hard_val_p95,0.8790671527385712,0.957201623916626,0.9623585939407349,0.9697414934635162,0.4357702821251785,0.9888513026553836,0.9948090470893586,0.28861876075731496,0.4474276661385808,0.10852713178294573,0.711381239242685,0.03570291777188329,0.23658030372215821,0.34194474515138074,0.10536444142922252,230,28,13226,5366
42,bearing,fedavg,pooled,3,cnn-ae,test1_bearing4,1207,259,258,18592,fuzzy_warning_as_alarm_hi50,0.8790671527385712,0.957201623916626,0.9623585939407349,0.9697414934635162,0.4357702821251785,0.9888513026553836,0.9948090470893586,0.28861876075731496,0.4474276661385808,0.10852713178294573,0.711381239242685,0.03570291777188329,0.23658030372215821,0.34194474515138074,0.10536444142922252,230,28,13226,5366
42,bearing,fedavg,pooled,3,cnn-ae,test1_bearing4,1207,259,258,18592,fuzzy_fault_only_hi75,0.8790671527385712,0.957201623916626,0.9623585939407349,0.9697414934635162,0.4357702821251785,0.9888513026553836,0.9972468043264503,0.27275172117039587,0.42834818600329433,0.05426356589147287,0.7272482788296041,0.03570291777188329,0.23658030372215821,0.34194474515138074,0.10536444142922252,244,14,13521,5071
42,bearing,fedavg,adaptive,3,cnn-ae,test1_bearing4,1207,259,258,18592,hard_val_p95,0.9308619507787406,0.9620429423148149,0.96522561293231,0.9718279627544001,0.4809620541968539,0.9896297739309361,0.9970907680372382,0.2765167814113597,0.43296277581270004,0.05813953488372093,0.7234832185886403,0.03251989389920425,0.14289505342977565,0.288022631621421,0.14512757819164535,243,15,13451,5141
42,bearing,fedavg,adaptive,3,cnn-ae,test1_bearing4,1207,259,258,18592,fuzzy_warning_as_alarm_hi50,0.9308619507787406,0.9620429423148149,0.96522561293231,0.9718279627544001,0.4809620541968539,0.9896297739309361,0.9970907680372382,0.2765167814113597,0.43296277581270004,0.05813953488372093,0.7234832185886403,0.03251989389920425,0.14289505342977565,0.288022631621421,0.14512757819164535,243,15,13451,5141
42,bearing,fedavg,adaptive,3,cnn-ae,test1_bearing4,1207,259,258,18592,fuzzy_fault_only_hi75,0.9308619507787406,0.9620429423148149,0.96522561293231,0.9718279627544001,0.4809620541968539,0.9896297739309361,0.9991638795986622,0.25709982788296043,0.40896646132785763,0.015503875968992248,0.7429001721170396,0.03251989389920425,0.14289505342977565,0.288022631621421,0.14512757819164535,254,4,13812,4780
42,bearing,fedavg,client_specific,3,cnn-ae,test2_bearing1,552,118,118,18592,hard_val_p95,0.8300459980964661,0.845154732465744,0.8488463222980499,0.8518720358610153,0.9098094861285335,0.9991300413621882,0.9994640225110545,0.8023881239242685,0.8901485768840623,0.06779661016949153,0.1976118760757315,0.037199358631747725,0.1097903860213486,0.8216297922965001,0.7118394062751515,110,8,3674,14918
42,bearing,fedavg,client_specific,3,cnn-ae,test2_bearing1,552,118,118,18592,fuzzy_warning_as_alarm_hi50,0.8300459980964661,0.845154732465744,0.8488463222980499,0.8518720358610153,0.9098094861285335,0.9991300413621882,0.9994640225110545,0.8023881239242685,0.8901485768840623,0.06779661016949153,0.1976118760757315,0.037199358631747725,0.1097903860213486,0.8216297922965001,0.7118394062751515,110,8,3674,14918
42,bearing,fedavg,client_specific,3,cnn-ae,test2_bearing1,552,118,118,18592,fuzzy_fault_only_hi75,0.8300459980964661,0.845154732465744,0.8488463222980499,0.8518720358610153,0.9098094861285335,0.9991300413621882,0.9995241332426921,0.7908240103270223,0.883010029427662,0.059322033898305086,0.20917598967297762,0.037199358631747725,0.1097903860213486,0.8216297922965001,0.7118394062751515,111,7,3889,14703
42,bearing,fedavg,pooled,3,cnn-ae,test2_bearing1,552,118,118,18592,hard_val_p95,0.8790671527385712,0.957201623916626,0.9623585939407349,0.9697414934635162,0.820164586919105,0.9977316324165104,1.0,0.28861876075731496,0.44795058018198514,0.0,0.711381239242685,0.03367183324425441,0.0,0.34194474515138074,0.34194474515138074,118,0,13226,5366
42,bearing,fedavg,pooled,3,cnn-ae,test2_bearing1,552,118,118,18592,fuzzy_warning_as_alarm_hi50,0.8790671527385712,0.957201623916626,0.9623585939407349,0.9697414934635162,0.820164586919105,0.9977316324165104,1.0,0.28861876075731496,0.44795058018198514,0.0,0.711381239242685,0.03367183324425441,0.0,0.34194474515138074,0.34194474515138074,118,0,13226,5366
42,bearing,fedavg,pooled,3,cnn-ae,test2_bearing1,552,118,118,18592,fuzzy_fault_only_hi75,0.8790671527385712,0.957201623916626,0.9623585939407349,0.9697414934635162,0.820164586919105,0.9977316324165104,1.0,0.27275172117039587,0.42860161433461524,0.0,0.7272482788296041,0.03367183324425441,0.0,0.34194474515138074,0.34194474515138074,118,0,13521,5071
42,bearing,fedavg,adaptive,3,cnn-ae,test2_bearing1,552,118,118,18592,hard_val_p95,0.8425043915249338,0.8736306887406078,0.8776946949936416,0.881827757767875,0.9109159853700516,0.9990410567297221,1.0,0.6432874354561101,0.7829274679235402,0.0,0.35671256454388983,0.014965259219668627,0.009622595084482597,0.670106359809822,0.6604837647253394,118,0,6632,11960
42,bearing,fedavg,adaptive,3,cnn-ae,test2_bearing1,552,118,118,18592,fuzzy_warning_as_alarm_hi50,0.8425043915249338,0.8736306887406078,0.8776946949936416,0.881827757767875,0.9109159853700516,0.9990410567297221,1.0,0.6432874354561101,0.7829274679235402,0.0,0.35671256454388983,0.014965259219668627,0.009622595084482597,0.670106359809822,0.6604837647253394,118,0,6632,11960
42,bearing,fedavg,adaptive,3,cnn-ae,test2_bearing1,552,118,118,18592,fuzzy_fault_only_hi75,0.8425043915249338,0.8736306887406078,0.8776946949936416,0.881827757767875,0.9109159853700516,0.9990410567297221,1.0,0.6387155765920827,0.7795319526044573,0.0,0.3612844234079174,0.014965259219668627,0.009622595084482597,0.670106359809822,0.6604837647253394,118,0,6717,11875
42,bearing,fedavg,client_specific,3,cnn-ae,test2_bearing3,552,118,118,18592,hard_val_p95,0.9602577090263367,0.9656041145324707,0.9679472088813782,0.9703271788358688,0.47870621408150765,0.9951809242607569,0.9989694971145919,0.26070352839931155,0.4134959904453165,0.0423728813559322,0.7392964716006885,0.019187600213789416,0.10387100043043944,0.2641773412346044,0.16030634080416495,113,5,13745,4847
42,bearing,fedavg,client_specific,3,cnn-ae,test2_bearing3,552,118,118,18592,fuzzy_warning_as_alarm_hi50,0.9602577090263367,0.9656041145324707,0.9679472088813782,0.9703271788358688,0.47870621408150765,0.9951809242607569,0.9989694971145919,0.26070352839931155,0.4134959904453165,0.0423728813559322,0.7392964716006885,0.019187600213789416,0.10387100043043944,0.2641773412346044,0.16030634080416495,113,5,13745,4847
42,bearing,fedavg,client_specific,3,cnn-ae,test2_bearing3,552,118,118,18592,fuzzy_fault_only_hi75,0.9602577090263367,0.9656041145324707,0.9679472088813782,0.9703271788358688,0.47870621408150765,0.9951809242607569,0.9989379779099405,0.2529582616179002,0.4036909871244635,0.0423728813559322,0.7470417383820999,0.019187600213789416,0.10387100043043944,0.2641773412346044,0.16030634080416495,113,5,13889,4703
42,bearing,fedavg,pooled,3,cnn-ae,test2_bearing3,552,118,118,18592,hard_val_p95,0.8790671527385712,0.957201623916626,0.9623585939407349,0.9697414934635162,0.29344131975845267,0.9927071366204404,0.9929681717246485,0.28861876075731496,0.4472412068678113,0.3220338983050847,0.711381239242685,0.037252805986103685,0.4190084380188783,0.34194474515138074,-0.07706369286749759,80,38,13226,5366
42,bearing,fedavg,pooled,3,cnn-ae,test2_bearing3,552,118,118,18592,fuzzy_warning_as_alarm_hi50,0.8790671527385712,0.957201623916626,0.9623585939407349,0.9697414934635162,0.29344131975845267,0.9927071366204404,0.9929681717246485,0.28861876075731496,0.4472412068678113,0.3220338983050847,0.711381239242685,0.037252805986103685,0.4190084380188783,0.34194474515138074,-0.07706369286749759,80,38,13226,5366
42,bearing,fedavg,pooled,3,cnn-ae,test2_bearing3,552,118,118,18592,fuzzy_fault_only_hi75,0.8790671527385712,0.957201623916626,0.9623585939407349,0.9697414934635162,0.29344131975845267,0.9927071366204404,0.9978354978354979,0.27275172117039587,0.42840246684126043,0.09322033898305085,0.7272482788296041,0.037252805986103685,0.4190084380188783,0.34194474515138074,-0.07706369286749759,107,11,13521,5071
42,bearing,fedavg,adaptive,3,cnn-ae,test2_bearing3,552,118,118,18592,hard_val_p95,0.9453403248749556,0.9640602997579952,0.9669203959150001,0.9702195691077096,0.2988135957875083,0.994692180950289,0.9981942215088283,0.2675882099827883,0.42203936206311504,0.07627118644067797,0.7324117900172117,0.024692677712453235,0.24357801713390745,0.276399923301124,0.03282190616721656,109,9,13617,4975
42,bearing,fedavg,adaptive,3,cnn-ae,test2_bearing3,552,118,118,18592,fuzzy_warning_as_alarm_hi50,0.9453403248749556,0.9640602997579952,0.9669203959150001,0.9702195691077096,0.2988135957875083,0.994692180950289,0.9981942215088283,0.2675882099827883,0.42203936206311504,0.07627118644067797,0.7324117900172117,0.024692677712453235,0.24357801713390745,0.276399923301124,0.03282190616721656,109,9,13617,4975
42,bearing,fedavg,adaptive,3,cnn-ae,test2_bearing3,552,118,118,18592,fuzzy_fault_only_hi75,0.9453403248749556,0.9640602997579952,0.9669203959150001,0.9702195691077096,0.2988135957875083,0.994692180950289,0.9989535370447886,0.25672332185886404,0.40847240051347883,0.0423728813559322,0.743276678141136,0.024692677712453235,0.24357801713390745,0.276399923301124,0.03282190616721656,113,5,13819,4773
42,bearing,fedavg,client_specific,3,cnn-ae,test3_bearing1,3542,759,759,18592,hard_val_p95,0.8206620812416077,0.8572242021560669,0.8646931648254395,0.8736021363735199,0.9107483009395005,0.9952337924714962,0.9975989466346527,0.6927710843373494,0.8176999015966734,0.04084321475625823,0.3072289156626506,0.05653454601829363,0.0999976622487981,0.7328495921789029,0.6328519299301048,728,31,5712,12880
42,bearing,fedavg,client_specific,3,cnn-ae,test3_bearing1,3542,759,759,18592,fuzzy_warning_as_alarm_hi50,0.8206620812416077,0.8572242021560669,0.8646931648254395,0.8736021363735199,0.9107483009395005,0.9952337924714962,0.9975989466346527,0.6927710843373494,0.8176999015966734,0.04084321475625823,0.3072289156626506,0.05653454601829363,0.0999976622487981,0.7328495921789029,0.6328519299301048,728,31,5712,12880
42,bearing,fedavg,client_specific,3,cnn-ae,test3_bearing1,3542,759,759,18592,fuzzy_fault_only_hi75,0.8206620812416077,0.8572242021560669,0.8646931648254395,0.8736021363735199,0.9107483009395005,0.9952337924714962,0.9984823068935218,0.6723321858864028,0.8035742984796375,0.025032938076416336,0.32766781411359724,0.05653454601829363,0.0999976622487981,0.7328495921789029,0.6328519299301048,740,19,6092,12500
42,bearing,fedavg,pooled,3,cnn-ae,test3_bearing1,3542,759,759,18592,hard_val_p95,0.8790671527385712,0.957201623916626,0.9623585939407349,0.9697414934635162,0.8186365237913824,0.9858858080961407,1.0,0.28861876075731496,0.44795058018198514,0.0,0.711381239242685,0.032556457030644415,0.0002418182832612805,0.34194474515138074,0.3417029268681194,759,0,13226,5366
42,bearing,fedavg,pooled,3,cnn-ae,test3_bearing1,3542,759,759,18592,fuzzy_warning_as_alarm_hi50,0.8790671527385712,0.957201623916626,0.9623585939407349,0.9697414934635162,0.8186365237913824,0.9858858080961407,1.0,0.28861876075731496,0.44795058018198514,0.0,0.711381239242685,0.032556457030644415,0.0002418182832612805,0.34194474515138074,0.3417029268681194,759,0,13226,5366
42,bearing,fedavg,pooled,3,cnn-ae,test3_bearing1,3542,759,759,18592,fuzzy_fault_only_hi75,0.8790671527385712,0.957201623916626,0.9623585939407349,0.9697414934635162,0.8186365237913824,0.9858858080961407,1.0,0.27275172117039587,0.42860161433461524,0.0,0.7272482788296041,0.032556457030644415,0.0002418182832612805,0.34194474515138074,0.3417029268681194,759,0,13521,5071
42,bearing,fedavg,adaptive,3,cnn-ae,test3_bearing1,3542,759,759,18592,hard_val_p95,0.8390592011243385,0.8887162723916281,0.8954569762853031,0.9038852476256872,0.8972597759757267,0.9939308449888211,1.0,0.6020331325301205,0.7515863689776733,0.0,0.3979668674698795,0.021032504780114723,0.025214681027625304,0.6331325444220437,0.6079178633944184,759,0,7399,11193
42,bearing,fedavg,adaptive,3,cnn-ae,test3_bearing1,3542,759,759,18592,fuzzy_warning_as_alarm_hi50,0.8390592011243385,0.8887162723916281,0.8954569762853031,0.9038852476256872,0.8972597759757267,0.9939308449888211,1.0,0.6020331325301205,0.7515863689776733,0.0,0.3979668674698795,0.021032504780114723,0.025214681027625304,0.6331325444220437,0.6079178633944184,759,0,7399,11193
42,bearing,fedavg,adaptive,3,cnn-ae,test3_bearing1,3542,759,759,18592,fuzzy_fault_only_hi75,0.8390592011243385,0.8887162723916281,0.8954569762853031,0.9038852476256872,0.8972597759757267,0.9939308449888211,1.0,0.5932121342512908,0.7446743864150434,0.0,0.4067878657487091,0.021032504780114723,0.025214681027625304,0.6331325444220437,0.6079178633944184,759,0,7563,11029
42,bearing,fedavg,client_specific,3,cnn-ae,test3_bearing3,3542,759,759,18592,hard_val_p95,0.9091850519180298,0.924334979057312,0.928605604171753,0.9355948889255523,0.6387183403291313,0.9810361213072638,0.995420922860162,0.4560025817555938,0.6254749345235899,0.05138339920948617,0.5439974182444062,0.07239935920624258,0.11536634756868511,0.46417068976274817,0.3488043421940631,720,39,10114,8478
42,bearing,fedavg,client_specific,3,cnn-ae,test3_bearing3,3542,759,759,18592,fuzzy_warning_as_alarm_hi50,0.9091850519180298,0.924334979057312,0.928605604171753,0.9355948889255523,0.6387183403291313,0.9810361213072638,0.995420922860162,0.4560025817555938,0.6254749345235899,0.05138339920948617,0.5439974182444062,0.07239935920624258,0.11536634756868511,0.46417068976274817,0.3488043421940631,720,39,10114,8478
42,bearing,fedavg,client_specific,3,cnn-ae,test3_bearing3,3542,759,759,18592,fuzzy_fault_only_hi75,0.9091850519180298,0.924334979057312,0.928605604171753,0.9355948889255523,0.6387183403291313,0.9810361213072638,0.9979489808998846,0.41872848537005164,0.5899291478801197,0.021080368906455864,0.5812715146299484,0.07239935920624258,0.11536634756868511,0.46417068976274817,0.3488043421940631,743,16,10807,7785
42,bearing,fedavg,pooled,3,cnn-ae,test3_bearing3,3542,759,759,18592,hard_val_p95,0.8790671527385712,0.957201623916626,0.9623585939407349,0.9697414934635162,0.5582361560867978,0.9803012583342672,1.0,0.28861876075731496,0.44795058018198514,0.0,0.711381239242685,0.032556457030644415,0.13289053868467465,0.34194474515138074,0.20905420646670608,759,0,13226,5366
42,bearing,fedavg,pooled,3,cnn-ae,test3_bearing3,3542,759,759,18592,fuzzy_warning_as_alarm_hi50,0.8790671527385712,0.957201623916626,0.9623585939407349,0.9697414934635162,0.5582361560867978,0.9803012583342672,1.0,0.28861876075731496,0.44795058018198514,0.0,0.711381239242685,0.032556457030644415,0.13289053868467465,0.34194474515138074,0.20905420646670608,759,0,13226,5366
42,bearing,fedavg,pooled,3,cnn-ae,test3_bearing3,3542,759,759,18592,fuzzy_fault_only_hi75,0.8790671527385712,0.957201623916626,0.9623585939407349,0.9697414934635162,0.5582361560867978,0.9803012583342672,1.0,0.27275172117039587,0.42860161433461524,0.0,0.7272482788296041,0.032556457030644415,0.13289053868467465,0.34194474515138074,0.20905420646670608,759,0,13521,5071
42,bearing,fedavg,adaptive,3,cnn-ae,test3_bearing3,3542,759,759,18592,hard_val_p95,0.9001649861768002,0.9341782717636921,0.9387143499665762,0.9458215191409249,0.5957541699831511,0.9812316784820779,0.9995654063450674,0.3711273666092943,0.5412826044322416,0.003952569169960474,0.6288726333907056,0.03891271768900832,0.10416611425377799,0.4077258362422071,0.3035597219884291,756,3,11692,6900
42,bearing,fedavg,adaptive,3,cnn-ae,test3_bearing3,3542,759,759,18592,fuzzy_warning_as_alarm_hi50,0.9001649861768002,0.9341782717636921,0.9387143499665762,0.9458215191409249,0.5957541699831511,0.9812316784820779,0.9995654063450674,0.3711273666092943,0.5412826044322416,0.003952569169960474,0.6288726333907056,0.03891271768900832,0.10416611425377799,0.4077258362422071,0.3035597219884291,756,3,11692,6900
42,bearing,fedavg,adaptive,3,cnn-ae,test3_bearing3,3542,759,759,18592,fuzzy_fault_only_hi75,0.9001649861768002,0.9341782717636921,0.9387143499665762,0.9458215191409249,0.5957541699831511,0.9812316784820779,0.9998488969477184,0.3559057659208262,0.5249504165013883,0.0013175230566534915,0.6440942340791739,0.03891271768900832,0.10416611425377799,0.4077258362422071,0.3035597219884291,758,1,11975,6617
42,bearing,fedavg-personalized,client_specific,3,cnn-ae,test1_bearing1,1207,259,258,18592,hard_val_p95,0.7869154214859009,0.8167311906814575,0.8239531517028809,0.8412366604804993,0.9518435035824362,0.9990723155917123,0.9988834038551951,0.914210413080895,0.9546731071669288,0.07364341085271318,0.08578958691910499,0.018885941644562334,0.09965025229220502,0.9110952623338853,0.8114450100416802,239,19,1595,16997
42,bearing,fedavg-personalized,client_specific,3,cnn-ae,test1_bearing1,1207,259,258,18592,fuzzy_warning_as_alarm_hi50,0.7869154214859009,0.8167311906814575,0.8239531517028809,0.8412366604804993,0.9518435035824362,0.9990723155917123,0.9988834038551951,0.914210413080895,0.9546731071669288,0.07364341085271318,0.08578958691910499,0.018885941644562334,0.09965025229220502,0.9110952623338853,0.8114450100416802,239,19,1595,16997
42,bearing,fedavg-personalized,client_specific,3,cnn-ae,test1_bearing1,1207,259,258,18592,fuzzy_fault_only_hi75,0.7869154214859009,0.8167311906814575,0.8239531517028809,0.8412366604804993,0.9518435035824362,0.9990723155917123,0.9995219885277247,0.8997418244406197,0.9470108695652174,0.031007751937984496,0.10025817555938038,0.018885941644562334,0.09965025229220502,0.9110952623338853,0.8114450100416802,250,8,1864,16728
42,bearing,fedavg-personalized,client_specific,3,cnn-ae,test1_bearing2,1207,259,258,18592,hard_val_p95,0.7216167449951172,0.7542730450630188,0.7596002399921418,0.7728405880928039,0.9976630984069167,0.999940223672076,0.9995146416437469,0.9968803786574871,0.998195772182577,0.03488372093023256,0.0031196213425129086,0.006949602122015915,0.09621119998309653,0.9953324688822155,0.8991212688991189,249,9,58,18534
42,bearing,fedavg-personalized,client_specific,3,cnn-ae,test1_bearing2,1207,259,258,18592,fuzzy_warning_as_alarm_hi50,0.7216167449951172,0.7542730450630188,0.7596002399921418,0.7728405880928039,0.9976630984069167,0.999940223672076,0.9995146416437469,0.9968803786574871,0.998195772182577,0.03488372093023256,0.0031196213425129086,0.006949602122015915,0.09621119998309653,0.9953324688822155,0.8991212688991189,249,9,58,18534
42,bearing,fedavg-personalized,client_specific,3,cnn-ae,test1_bearing2,1207,259,258,18592,fuzzy_fault_only_hi75,0.7216167449951172,0.7542730450630188,0.7596002399921418,0.7728405880928039,0.9976630984069167,0.999940223672076,0.9998916282850177,0.9925236660929432,0.9961940238075958,0.007751937984496124,0.0074763339070567985,0.006949602122015915,0.09621119998309653,0.9953324688822155,0.8991212688991189,256,2,139,18453
42,bearing,fedavg-personalized,client_specific,3,cnn-ae,test1_bearing3,1207,259,258,18592,hard_val_p95,0.9512876272201538,0.9622183442115784,0.9644407451152801,0.968072646856308,0.48164137029846965,0.9900518795624873,0.9980476376415462,0.2749569707401033,0.4311377245508982,0.03875968992248062,0.7250430292598967,0.025358090185676394,0.10685122956930079,0.27941913668376706,0.17256790711446626,248,10,13480,5112
42,bearing,fedavg-personalized,client_specific,3,cnn-ae,test1_bearing3,1207,259,258,18592,fuzzy_warning_as_alarm_hi50,0.9512876272201538,0.9622183442115784,0.9644407451152801,0.968072646856308,0.48164137029846965,0.9900518795624873,0.9980476376415462,0.2749569707401033,0.4311377245508982,0.03875968992248062,0.7250430292598967,0.025358090185676394,0.10685122956930079,0.27941913668376706,0.17256790711446626,248,10,13480,5112
42,bearing,fedavg-personalized,client_specific,3,cnn-ae,test1_bearing3,1207,259,258,18592,fuzzy_fault_only_hi75,0.9512876272201538,0.9622183442115784,0.9644407451152801,0.968072646856308,0.48164137029846965,0.9900518795624873,0.9989756197500512,0.262263339070568,0.41545605589400586,0.01937984496124031,0.737736660929432,0.025358090185676394,0.10685122956930079,0.27941913668376706,0.17256790711446626,253,5,13716,4876
42,bearing,fedavg-personalized,client_specific,3,cnn-ae,test1_bearing4,1207,259,258,18592,hard_val_p95,0.942551851272583,0.954936969280243,0.9563816130161286,0.9623349428176879,0.5587657940733032,0.9910488720425372,0.9983451927850405,0.32449440619621345,0.48979094783844124,0.03875968992248062,0.6755055938037866,0.01750663129973475,0.08900467124816304,0.33029824524149537,0.24129357399333234,248,10,12559,6033
42,bearing,fedavg-personalized,client_specific,3,cnn-ae,test1_bearing4,1207,259,258,18592,fuzzy_warning_as_alarm_hi50,0.942551851272583,0.954936969280243,0.9563816130161286,0.9623349428176879,0.5587657940733032,0.9910488720425372,0.9983451927850405,0.32449440619621345,0.48979094783844124,0.03875968992248062,0.6755055938037866,0.01750663129973475,0.08900467124816304,0.33029824524149537,0.24129357399333234,248,10,12559,6033
42,bearing,fedavg-personalized,client_specific,3,cnn-ae,test1_bearing4,1207,259,258,18592,fuzzy_fault_only_hi75,0.942551851272583,0.954936969280243,0.9563816130161286,0.9623349428176879,0.5587657940733032,0.9910488720425372,0.9989697802197802,0.3129302925989673,0.4765727391874181,0.023255813953488372,0.6870697074010327,0.01750663129973475,0.08900467124816304,0.33029824524149537,0.24129357399333234,252,6,12774,5818
42,bearing,fedavg-personalized,client_specific,3,cnn-ae,test2_bearing1,552,118,118,18592,hard_val_p95,0.8317057192325592,0.8464747965335846,0.8534942954778671,0.8567578393220902,0.9483696742174508,0.9995726427939625,0.9998062641265741,0.832723752151463,0.9086480617425243,0.025423728813559324,0.167276247848537,0.05633351149118119,0.08317216852420195,0.8552444757059533,0.7720723071817513,115,3,3110,15482
42,bearing,fedavg-personalized,client_specific,3,cnn-ae,test2_bearing1,552,118,118,18592,fuzzy_warning_as_alarm_hi50,0.8317057192325592,0.8464747965335846,0.8534942954778671,0.8567578393220902,0.9483696742174508,0.9995726427939625,0.9998062641265741,0.832723752151463,0.9086480617425243,0.025423728813559324,0.167276247848537,0.05633351149118119,0.08317216852420195,0.8552444757059533,0.7720723071817513,115,3,3110,15482
42,bearing,fedavg-personalized,client_specific,3,cnn-ae,test2_bearing1,552,118,118,18592,fuzzy_fault_only_hi75,0.8317057192325592,0.8464747965335846,0.8534942954778671,0.8567578393220902,0.9483696742174508,0.9995726427939625,0.9999344090253182,0.8199763339070568,0.9010579821502452,0.00847457627118644,0.1800236660929432,0.05633351149118119,0.08317216852420195,0.8552444757059533,0.7720723071817513,117,1,3347,15245
42,bearing,fedavg-personalized,client_specific,3,cnn-ae,test2_bearing3,552,118,118,18592,hard_val_p95,0.960629016160965,0.9662523388862609,0.9681166619062423,0.9725855904817581,0.4730367444353686,0.9953590129772487,0.9986290638464551,0.2742577452667814,0.43033167355895013,0.059322033898305086,0.7257422547332186,0.019454836985569213,0.10126742717185629,0.27558237720023615,0.17431495002837988,111,7,13493,5099
42,bearing,fedavg-personalized,client_specific,3,cnn-ae,test2_bearing3,552,118,118,18592,fuzzy_warning_as_alarm_hi50,0.960629016160965,0.9662523388862609,0.9681166619062423,0.9725855904817581,0.4730367444353686,0.9953590129772487,0.9986290638464551,0.2742577452667814,0.43033167355895013,0.059322033898305086,0.7257422547332186,0.019454836985569213,0.10126742717185629,0.27558237720023615,0.17431495002837988,111,7,13493,5099
42,bearing,fedavg-personalized,client_specific,3,cnn-ae,test2_bearing3,552,118,118,18592,fuzzy_fault_only_hi75,0.960629016160965,0.9662523388862609,0.9681166619062423,0.9725855904817581,0.4730367444353686,0.9953590129772487,0.9995915032679739,0.2632314974182444,0.4167234332425068,0.01694915254237288,0.7367685025817556,0.019454836985569213,0.10126742717185629,0.27558237720023615,0.17431495002837988,116,2,13698,4894
42,bearing,fedavg-personalized,client_specific,3,cnn-ae,test3_bearing1,3542,759,759,18592,hard_val_p95,0.8174693584442139,0.8579347491264343,0.8665476858615875,0.8749222505092621,0.9390433345465431,0.9968111146843786,0.9982018269438251,0.7464500860585198,0.854162178796738,0.03293807641633729,0.2535499139414802,0.04278848638313265,0.09527594147313954,0.7867931594857266,0.691517218012587,734,25,4714,13878
42,bearing,fedavg-personalized,client_specific,3,cnn-ae,test3_bearing1,3542,759,759,18592,fuzzy_warning_as_alarm_hi50,0.8174693584442139,0.8579347491264343,0.8665476858615875,0.8749222505092621,0.9390433345465431,0.9968111146843786,0.9982018269438251,0.7464500860585198,0.854162178796738,0.03293807641633729,0.2535499139414802,0.04278848638313265,0.09527594147313954,0.7867931594857266,0.691517218012587,734,25,4714,13878
42,bearing,fedavg-personalized,client_specific,3,cnn-ae,test3_bearing1,3542,759,759,18592,fuzzy_fault_only_hi75,0.8174693584442139,0.8579347491264343,0.8665476858615875,0.8749222505092621,0.9390433345465431,0.9968111146843786,0.9986857476635514,0.7356927710843374,0.8472497522299306,0.023715415019762844,0.26430722891566266,0.04278848638313265,0.09527594147313954,0.7867931594857266,0.691517218012587,741,18,4914,13678
42,bearing,fedavg-personalized,client_specific,3,cnn-ae,test3_bearing3,3542,759,759,18592,hard_val_p95,0.8672280311584473,0.9031701803207397,0.9088695764541626,0.9220400917530059,0.7278331281081413,0.9846530805333871,0.9960375391032326,0.5137693631669535,0.6778794975516287,0.05006587615283267,0.48623063683304646,0.06030696088057465,0.10827415407659546,0.5280486676281867,0.41977451355159123,721,38,9040,9552
42,bearing,fedavg-personalized,client_specific,3,cnn-ae,test3_bearing3,3542,759,759,18592,fuzzy_warning_as_alarm_hi50,0.8672280311584473,0.9031701803207397,0.9088695764541626,0.9220400917530059,0.7278331281081413,0.9846530805333871,0.9960375391032326,0.5137693631669535,0.6778794975516287,0.05006587615283267,0.48623063683304646,0.06030696088057465,0.10827415407659546,0.5280486676281867,0.41977451355159123,721,38,9040,9552
42,bearing,fedavg-personalized,client_specific,3,cnn-ae,test3_bearing3,3542,759,759,18592,fuzzy_fault_only_hi75,0.8672280311584473,0.9031701803207397,0.9088695764541626,0.9220400917530059,0.7278331281081413,0.9846530805333871,0.9982090888739646,0.4796686746987952,0.6479691927632057,0.021080368906455864,0.5203313253012049,0.06030696088057465,0.10827415407659546,0.5280486676281867,0.41977451355159123,743,16,9674,8918
42,bearing,fedprox,client_specific,1,cnn-ae,test1_bearing1,1207,259,258,18592,hard_val_p95,1.0051336288452148,1.00860595703125,1.0092302322387696,1.0105384469032288,0.594014450659782,0.9899196628398369,0.9942900647126,0.1404905335628227,0.2461944483717423,0.05813953488372093,0.8595094664371773,0.12716180371352784,0.11704444564926857,0.19676985995309965,0.07972541430383108,243,15,15980,2612
42,bearing,fedprox,client_specific,1,cnn-ae,test1_bearing1,1207,259,258,18592,fuzzy_warning_as_alarm_hi50,1.0051336288452148,1.00860595703125,1.0092302322387696,1.0105384469032288,0.594014450659782,0.9899196628398369,0.9942900647126,0.1404905335628227,0.2461944483717423,0.05813953488372093,0.8595094664371773,0.12716180371352784,0.11704444564926857,0.19676985995309965,0.07972541430383108,243,15,15980,2612
42,bearing,fedprox,client_specific,1,cnn-ae,test1_bearing1,1207,259,258,18592,fuzzy_fault_only_hi75,1.0051336288452148,1.00860595703125,1.0092302322387696,1.0105384469032288,0.594014450659782,0.9899196628398369,0.9931224209078404,0.07766781411359724,0.14406864212311682,0.03875968992248062,0.9223321858864028,0.12716180371352784,0.11704444564926857,0.19676985995309965,0.07972541430383108,248,10,17148,1444
42,bearing,fedprox,pooled,1,cnn-ae,test1_bearing1,1207,259,258,18592,hard_val_p95,1.0036284923553467,1.00809588432312,1.0090182960033416,1.0104711294174193,0.5941799798863228,0.9900984768691516,0.9935191186001296,0.16490963855421686,0.2828674231940216,0.07751937984496124,0.8350903614457831,0.1743766578249337,0.15466440261132242,0.23783641057369606,0.08317200796237365,238,20,15526,3066
42,bearing,fedprox,pooled,1,cnn-ae,test1_bearing1,1207,259,258,18592,fuzzy_warning_as_alarm_hi50,1.0036284923553467,1.00809588432312,1.0090182960033416,1.0104711294174193,0.5941799798863228,0.9900984768691516,0.9935191186001296,0.16490963855421686,0.2828674231940216,0.07751937984496124,0.8350903614457831,0.1743766578249337,0.15466440261132242,0.23783641057369606,0.08317200796237365,238,20,15526,3066
42,bearing,fedprox,pooled,1,cnn-ae,test1_bearing1,1207,259,258,18592,fuzzy_fault_only_hi75,1.0036284923553467,1.00809588432312,1.0090182960033416,1.0104711294174193,0.5941799798863228,0.9900984768691516,0.9940405244338498,0.08971600688468158,0.16457819437592502,0.03875968992248062,0.9102839931153184,0.1743766578249337,0.15466440261132242,0.23783641057369606,0.08317200796237365,248,10,16924,1668
42,bearing,fedprox,adaptive,1,cnn-ae,test1_bearing1,1207,259,258,18592,hard_val_p95,1.0042184114271022,1.008295800822742,1.0091013617107487,1.0104975136483572,0.5917548933274627,0.9900249179320051,0.993801652892562,0.15522805507745266,0.26851507257164126,0.06976744186046512,0.8447719449225474,0.15676392572944298,0.140975660437255,0.22220995353972592,0.0812342931024709,240,18,15706,2886
42,bearing,fedprox,adaptive,1,cnn-ae,test1_bearing1,1207,259,258,18592,fuzzy_warning_as_alarm_hi50,1.0042184114271022,1.008295800822742,1.0091013617107487,1.0104975136483572,0.5917548933274627,0.9900249179320051,0.993801652892562,0.15522805507745266,0.26851507257164126,0.06976744186046512,0.8447719449225474,0.15676392572944298,0.140975660437255,0.22220995353972592,0.0812342931024709,240,18,15706,2886
42,bearing,fedprox,adaptive,1,cnn-ae,test1_bearing1,1207,259,258,18592,fuzzy_fault_only_hi75,1.0042184114271022,1.008295800822742,1.0091013617107487,1.0104975136483572,0.5917548933274627,0.9900249179320051,0.9936988027725268,0.08482142857142858,0.156301105109272,0.03875968992248062,0.9151785714285714,0.15676392572944298,0.140975660437255,0.22220995353972592,0.0812342931024709,248,10,17015,1577
42,bearing,fedprox,client_specific,1,cnn-ae,test1_bearing2,1207,259,258,18592,hard_val_p95,1.0044426918029785,1.0087101697921752,1.009295606613159,1.0112243938446044,0.6498010313679969,0.9921049626382099,0.9975816203143894,0.13312177280550774,0.23489773643999431,0.023255813953488372,0.8668782271944923,0.14148541114058355,0.0847230709688618,0.19332423819974814,0.10860116723088635,252,6,16117,2475
42,bearing,fedprox,client_specific,1,cnn-ae,test1_bearing2,1207,259,258,18592,fuzzy_warning_as_alarm_hi50,1.0044426918029785,1.0087101697921752,1.009295606613159,1.0112243938446044,0.6498010313679969,0.9921049626382099,0.9975816203143894,0.13312177280550774,0.23489773643999431,0.023255813953488372,0.8668782271944923,0.14148541114058355,0.0847230709688618,0.19332423819974814,0.10860116723088635,252,6,16117,2475
42,bearing,fedprox,client_specific,1,cnn-ae,test1_bearing2,1207,259,258,18592,fuzzy_fault_only_hi75,1.0044426918029785,1.0087101697921752,1.009295606613159,1.0112243938446044,0.6498010313679969,0.9921049626382099,0.9958071278825996,0.05109724612736661,0.0972065895835465,0.015503875968992248,0.9489027538726333,0.14148541114058355,0.0847230709688618,0.19332423819974814,0.10860116723088635,254,4,17642,950
42,bearing,fedprox,pooled,1,cnn-ae,test1_bearing2,1207,259,258,18592,hard_val_p95,1.0036284923553467,1.00809588432312,1.0090182960033416,1.0104711294174193,0.6569796628373961,0.9921735892710117,0.9973975276512687,0.16490963855421686,0.2830240930490169,0.031007751937984496,0.8350903614457831,0.1742705570291777,0.1092849583139705,0.23783641057369606,0.12855145225972556,250,8,15526,3066
42,bearing,fedprox,pooled,1,cnn-ae,test1_bearing2,1207,259,258,18592,fuzzy_warning_as_alarm_hi50,1.0036284923553467,1.00809588432312,1.0090182960033416,1.0104711294174193,0.6569796628373961,0.9921735892710117,0.9973975276512687,0.16490963855421686,0.2830240930490169,0.031007751937984496,0.8350903614457831,0.1742705570291777,0.1092849583139705,0.23783641057369606,0.12855145225972556,250,8,15526,3066
42,bearing,fedprox,pooled,1,cnn-ae,test1_bearing2,1207,259,258,18592,fuzzy_fault_only_hi75,1.0036284923553467,1.00809588432312,1.0090182960033416,1.0104711294174193,0.6569796628373961,0.9921735892710117,0.9976076555023924,0.08971600688468158,0.1646269245953415,0.015503875968992248,0.9102839931153184,0.1742705570291777,0.1092849583139705,0.23783641057369606,0.12855145225972556,254,4,16924,1668
42,bearing,fedprox,adaptive,1,cnn-ae,test1_bearing2,1207,259,258,18592,hard_val_p95,1.0039135038474636,1.0083109156875238,1.0091153689145476,1.0107348105326242,0.6543560037492161,0.9921927090010967,0.9972086531751571,0.15372203098106713,0.2663808369838755,0.031007751937984496,0.8462779690189329,0.1660477453580902,0.10055706398444401,0.22159295000891502,0.121035886024471,250,8,15734,2858
42,bearing,fedprox,adaptive,1,cnn-ae,test1_bearing2,1207,259,258,18592,fuzzy_warning_as_alarm_hi50,1.0039135038474636,1.0083109156875238,1.0091153689145476,1.0107348105326242,0.6543560037492161,0.9921927090010967,0.9972086531751571,0.15372203098106713,0.2663808369838755,0.031007751937984496,0.8462779690189329,0.1660477453580902,0.10055706398444401,0.22159295000891502,0.121035886024471,250,8,15734,2858
42,bearing,fedprox,adaptive,1,cnn-ae,test1_bearing2,1207,259,258,18592,fuzzy_fault_only_hi75,1.0039135038474636,1.0083109156875238,1.0091153689145476,1.0107348105326242,0.6543560037492161,0.9921927090010967,0.9971077368040492,0.07417168674698796,0.13807259073842304,0.015503875968992248,0.9258283132530121,0.1660477453580902,0.10055706398444401,0.22159295000891502,0.121035886024471,254,4,17213,1379
42,bearing,fedprox,client_specific,1,cnn-ae,test1_bearing3,1207,259,258,18592,hard_val_p95,1.0075640678405762,1.009917950630188,1.0102452993392945,1.0110333395004272,0.43887155765920827,0.9851160805548528,0.9846625766871165,0.05179647160068847,0.09841594276954523,0.05813953488372093,0.9482035283993115,0.03920424403183024,0.10889402992948313,0.08769269858520327,-0.02120133134427986,243,15,17629,963
42,bearing,fedprox,client_specific,1,cnn-ae,test1_bearing3,1207,259,258,18592,fuzzy_warning_as_alarm_hi50,1.0075640678405762,1.009917950630188,1.0102452993392945,1.0110333395004272,0.43887155765920827,0.9851160805548528,0.9846625766871165,0.05179647160068847,0.09841594276954523,0.05813953488372093,0.9482035283993115,0.03920424403183024,0.10889402992948313,0.08769269858520327,-0.02120133134427986,243,15,17629,963
42,bearing,fedprox,client_specific,1,cnn-ae,test1_bearing3,1207,259,258,18592,fuzzy_fault_only_hi75,1.0075640678405762,1.009917950630188,1.0102452993392945,1.0110333395004272,0.43887155765920827,0.9851160805548528,0.9838969404186796,0.03286359724612737,0.06360276895851767,0.03875968992248062,0.9671364027538726,0.03920424403183024,0.10889402992948313,0.08769269858520327,-0.02120133134427986,248,10,17981,611
42,bearing,fedprox,pooled,1,cnn-ae,test1_bearing3,1207,259,258,18592,hard_val_p95,1.0036284923553467,1.00809588432312,1.0090182960033416,1.0104711294174193,0.3727906851659128,0.9832863521329476,0.9845857418111753,0.16490963855421686,0.28250253386160507,0.18604651162790697,0.8350903614457831,0.1763395225464191,0.3070145293783333,0.23783641057369606,-0.06917811880463723,210,48,15526,3066
42,bearing,fedprox,pooled,1,cnn-ae,test1_bearing3,1207,259,258,18592,fuzzy_warning_as_alarm_hi50,1.0036284923553467,1.00809588432312,1.0090182960033416,1.0104711294174193,0.3727906851659128,0.9832863521329476,0.9845857418111753,0.16490963855421686,0.28250253386160507,0.18604651162790697,0.8350903614457831,0.1763395225464191,0.3070145293783333,0.23783641057369606,-0.06917811880463723,210,48,15526,3066
42,bearing,fedprox,pooled,1,cnn-ae,test1_bearing3,1207,259,258,18592,fuzzy_fault_only_hi75,1.0036284923553467,1.00809588432312,1.0090182960033416,1.0104711294174193,0.3727906851659128,0.9832863521329476,0.9829110194460813,0.08971600688468158,0.16442407215732663,0.1124031007751938,0.9102839931153184,0.1763395225464191,0.3070145293783333,0.23783641057369606,-0.06917811880463723,229,29,16924,1668
42,bearing,fedprox,adaptive,1,cnn-ae,test1_bearing3,1207,259,258,18592,hard_val_p95,1.0062833099905508,1.0093249939622746,1.0098459945462783,1.0108503789702892,0.39994748512321715,0.9842102498870426,0.9849476439790575,0.08094879518072289,0.1496023856858847,0.08914728682170543,0.9190512048192772,0.07745358090185676,0.1776143874647121,0.13514477356827048,-0.042469613896441605,235,23,17087,1505
42,bearing,fedprox,adaptive,1,cnn-ae,test1_bearing3,1207,259,258,18592,fuzzy_warning_as_alarm_hi50,1.0062833099905508,1.0093249939622746,1.0098459945462783,1.0108503789702892,0.39994748512321715,0.9842102498870426,0.9849476439790575,0.08094879518072289,0.1496023856858847,0.08914728682170543,0.9190512048192772,0.07745358090185676,0.1776143874647121,0.13514477356827048,-0.042469613896441605,235,23,17087,1505
42,bearing,fedprox,adaptive,1,cnn-ae,test1_bearing3,1207,259,258,18592,fuzzy_fault_only_hi75,1.0062833099905508,1.0093249939622746,1.0098459945462783,1.0108503789702892,0.39994748512321715,0.9842102498870426,0.9861431870669746,0.04593373493975904,0.08777880563264467,0.046511627906976744,0.954066265060241,0.07745358090185676,0.1776143874647121,0.13514477356827048,-0.042469613896441605,246,12,17738,854
42,bearing,fedprox,client_specific,1,cnn-ae,test1_bearing4,1207,259,258,18592,hard_val_p95,1.0070570707321167,1.0095279932022094,1.0101558804512023,1.0114920377731322,0.4883775133757622,0.9861507015456379,0.9842592592592593,0.05717512908777969,0.10807238714924766,0.06589147286821706,0.9428248709122203,0.07395225464190981,0.10507589402248055,0.10037451352953367,-0.004701380492946883,241,17,17529,1063
42,bearing,fedprox,client_specific,1,cnn-ae,test1_bearing4,1207,259,258,18592,fuzzy_warning_as_alarm_hi50,1.0070570707321167,1.0095279932022094,1.0101558804512023,1.0114920377731322,0.4883775133757622,0.9861507015456379,0.9842592592592593,0.05717512908777969,0.10807238714924766,0.06589147286821706,0.9428248709122203,0.07395225464190981,0.10507589402248055,0.10037451352953367,-0.004701380492946883,241,17,17529,1063
42,bearing,fedprox,client_specific,1,cnn-ae,test1_bearing4,1207,259,258,18592,fuzzy_fault_only_hi75,1.0070570707321167,1.0095279932022094,1.0101558804512023,1.0114920377731322,0.4883775133757622,0.9861507015456379,0.9875518672199171,0.025602409638554216,0.049910873440285206,0.023255813953488372,0.9743975903614458,0.07395225464190981,0.10507589402248055,0.10037451352953367,-0.004701380492946883,252,6,18116,476
42,bearing,fedprox,pooled,1,cnn-ae,test1_bearing4,1207,259,258,18592,hard_val_p95,1.0036284923553467,1.00809588432312,1.0090182960033416,1.0104711294174193,0.44656449719142355,0.9854589675064171,0.9864864864864865,0.16490963855421686,0.28258064516129033,0.16279069767441862,0.8350903614457831,0.17564986737400531,0.2610125148497404,0.23783641057369606,-0.023176104276044357,216,42,15526,3066
42,bearing,fedprox,pooled,1,cnn-ae,test1_bearing4,1207,259,258,18592,fuzzy_warning_as_alarm_hi50,1.0036284923553467,1.00809588432312,1.0090182960033416,1.0104711294174193,0.44656449719142355,0.9854589675064171,0.9864864864864865,0.16490963855421686,0.28258064516129033,0.16279069767441862,0.8350903614457831,0.17564986737400531,0.2610125148497404,0.23783641057369606,-0.023176104276044357,216,42,15526,3066
42,bearing,fedprox,pooled,1,cnn-ae,test1_bearing4,1207,259,258,18592,fuzzy_fault_only_hi75,1.0036284923553467,1.00809588432312,1.0090182960033416,1.0104711294174193,0.44656449719142355,0.9854589675064171,0.9863985807214666,0.08971600688468158,0.16447271113740572,0.08914728682170543,0.9102839931153184,0.17564986737400531,0.2610125148497404,0.23783641057369606,-0.023176104276044357,235,23,16924,1668
42,bearing,fedprox,adaptive,1,cnn-ae,test1_bearing4,1207,259,258,18592,hard_val_p95,1.005865645778831,1.0090303378865457,1.00976057185717,1.0111372739158275,0.46946048312852734,0.9859056174619827,0.9861861861861861,0.08831755593803786,0.16211679913116453,0.08914728682170543,0.9116824440619621,0.10843501326259947,0.15560343284864506,0.1462514090924344,-0.009352023756210665,235,23,16950,1642
42,bearing,fedprox,adaptive,1,cnn-ae,test1_bearing4,1207,259,258,18592,fuzzy_warning_as_alarm_hi50,1.005865645778831,1.0090303378865457,1.00976057185717,1.0111372739158275,0.46946048312852734,0.9859056174619827,0.9861861861861861,0.08831755593803786,0.16211679913116453,0.08914728682170543,0.9116824440619621,0.10843501326259947,0.15560343284864506,0.1462514090924344,-0.009352023756210665,235,23,16950,1642
42,bearing,fedprox,adaptive,1,cnn-ae,test1_bearing4,1207,259,258,18592,fuzzy_fault_only_hi75,1.005865645778831,1.0090303378865457,1.00976057185717,1.0111372739158275,0.46946048312852734,0.9859056174619827,0.9870466321243523,0.04098537005163511,0.07870274736624665,0.03875968992248062,0.9590146299483648,0.10843501326259947,0.15560343284864506,0.1462514090924344,-0.009352023756210665,248,10,17830,762
42,bearing,fedprox,client_specific,1,cnn-ae,test2_bearing1,552,118,118,18592,hard_val_p95,0.9996998310089111,1.0026492476463318,1.0035190284252167,1.004609179496765,0.901640080296975,0.9992230198017125,0.9994966563601064,0.7476333907056799,0.8554109357210992,0.059322033898305086,0.25236660929432014,0.07787279529663281,0.11116359615484932,0.7634064035252187,0.6522428073703694,111,7,4692,13900
42,bearing,fedprox,client_specific,1,cnn-ae,test2_bearing1,552,118,118,18592,fuzzy_warning_as_alarm_hi50,0.9996998310089111,1.0026492476463318,1.0035190284252167,1.004609179496765,0.901640080296975,0.9992230198017125,0.9994966563601064,0.7476333907056799,0.8554109357210992,0.059322033898305086,0.25236660929432014,0.07787279529663281,0.11116359615484932,0.7634064035252187,0.6522428073703694,111,7,4692,13900
42,bearing,fedprox,client_specific,1,cnn-ae,test2_bearing1,552,118,118,18592,fuzzy_fault_only_hi75,0.9996998310089111,1.0026492476463318,1.0035190284252167,1.004609179496765,0.901640080296975,0.9992230198017125,0.9996221567293887,0.7114888123924269,0.8312961508248232,0.0423728813559322,0.28851118760757316,0.07787279529663281,0.11116359615484932,0.7634064035252187,0.6522428073703694,113,5,5364,13228
42,bearing,fedprox,pooled,1,cnn-ae,test2_bearing1,552,118,118,18592,hard_val_p95,1.0036284923553467,1.00809588432312,1.0090182960033416,1.0104711294174193,0.8600391274541265,0.9983399820323292,1.0,0.16490963855421686,0.28312863606981253,0.0,0.8350903614457831,0.17450561197220738,0.0026683418847253354,0.23783641057369606,0.23516806868897072,118,0,15526,3066
42,bearing,fedprox,pooled,1,cnn-ae,test2_bearing1,552,118,118,18592,fuzzy_warning_as_alarm_hi50,1.0036284923553467,1.00809588432312,1.0090182960033416,1.0104711294174193,0.8600391274541265,0.9983399820323292,1.0,0.16490963855421686,0.28312863606981253,0.0,0.8350903614457831,0.17450561197220738,0.0026683418847253354,0.23783641057369606,0.23516806868897072,118,0,15526,3066
42,bearing,fedprox,pooled,1,cnn-ae,test2_bearing1,552,118,118,18592,fuzzy_fault_only_hi75,1.0036284923553467,1.00809588432312,1.0090182960033416,1.0104711294174193,0.8600391274541265,0.9983399820323292,1.0,0.08971600688468158,0.16465942744323792,0.0,0.9102839931153184,0.17450561197220738,0.0026683418847253354,0.23783641057369606,0.23516806868897072,118,0,16924,1668
42,bearing,fedprox,adaptive,1,cnn-ae,test2_bearing1,552,118,118,18592,hard_val_p95,1.0011338464550177,1.0046373449739192,1.0055263367559433,1.0067488718726803,0.896181882493655,0.9990351488642151,1.0,0.5929969879518072,0.7445048451902624,0.0,0.4070030120481928,0.12287546766435062,0.03130221078704889,0.6168183290285701,0.5855161182415213,118,0,7567,11025
42,bearing,fedprox,adaptive,1,cnn-ae,test2_bearing1,552,118,118,18592,fuzzy_warning_as_alarm_hi50,1.0011338464550177,1.0046373449739192,1.0055263367559433,1.0067488718726803,0.896181882493655,0.9990351488642151,1.0,0.5929969879518072,0.7445048451902624,0.0,0.4070030120481928,0.12287546766435062,0.03130221078704889,0.6168183290285701,0.5855161182415213,118,0,7567,11025
42,bearing,fedprox,adaptive,1,cnn-ae,test2_bearing1,552,118,118,18592,fuzzy_fault_only_hi75,1.0011338464550177,1.0046373449739192,1.0055263367559433,1.0067488718726803,0.896181882493655,0.9990351488642151,1.0,0.5330249569707401,0.6953897972072135,0.0,0.4669750430292599,0.12287546766435062,0.03130221078704889,0.6168183290285701,0.5855161182415213,118,0,8682,9910
42,bearing,fedprox,client_specific,1,cnn-ae,test2_bearing3,552,118,118,18592,hard_val_p95,1.0063904523849487,1.0084149956703186,1.0087673604488372,1.0096187138557433,0.5638581110154905,0.9955720133179788,0.9980769230769231,0.19540662650602408,0.32682619647355166,0.059322033898305086,0.8045933734939759,0.09150187065740246,0.09916559591923506,0.22381937651168787,0.12465378059245281,111,7,14959,3633
42,bearing,fedprox,client_specific,1,cnn-ae,test2_bearing3,552,118,118,18592,fuzzy_warning_as_alarm_hi50,1.0063904523849487,1.0084149956703186,1.0087673604488372,1.0096187138557433,0.5638581110154905,0.9955720133179788,0.9980769230769231,0.19540662650602408,0.32682619647355166,0.059322033898305086,0.8045933734939759,0.09150187065740246,0.09916559591923506,0.22381937651168787,0.12465378059245281,111,7,14959,3633
42,bearing,fedprox,client_specific,1,cnn-ae,test2_bearing3,552,118,118,18592,fuzzy_fault_only_hi75,1.0063904523849487,1.0084149956703186,1.0087673604488372,1.0096187138557433,0.5638581110154905,0.9955720133179788,0.9988830975428146,0.14430938037865748,0.2521853557665194,0.025423728813559324,0.8556906196213425,0.09150187065740246,0.09916559591923506,0.22381937651168787,0.12465378059245281,115,3,15909,2683
42,bearing,fedprox,pooled,1,cnn-ae,test2_bearing3,552,118,118,18592,hard_val_p95,1.0036284923553467,1.00809588432312,1.0090182960033416,1.0104711294174193,0.5136556364683917,0.9953627022493776,0.9986970684039088,0.16490963855421686,0.2830763549072108,0.03389830508474576,0.8350903614457831,0.17493319080705505,0.1699912841546379,0.23783641057369606,0.06784512641905815,114,4,15526,3066
42,bearing,fedprox,pooled,1,cnn-ae,test2_bearing3,552,118,118,18592,fuzzy_warning_as_alarm_hi50,1.0036284923553467,1.00809588432312,1.0090182960033416,1.0104711294174193,0.5136556364683917,0.9953627022493776,0.9986970684039088,0.16490963855421686,0.2830763549072108,0.03389830508474576,0.8350903614457831,0.17493319080705505,0.1699912841546379,0.23783641057369606,0.06784512641905815,114,4,15526,3066
42,bearing,fedprox,pooled,1,cnn-ae,test2_bearing3,552,118,118,18592,fuzzy_fault_only_hi75,1.0036284923553467,1.00809588432312,1.0090182960033416,1.0104711294174193,0.5136556364683917,0.9953627022493776,0.9988023952095808,0.08971600688468158,0.16464317441516138,0.01694915254237288,0.9102839931153184,0.17493319080705505,0.1699912841546379,0.23783641057369606,0.06784512641905815,116,2,16924,1668
42,bearing,fedprox,adaptive,1,cnn-ae,test2_bearing3,552,118,118,18592,hard_val_p95,1.005474695865868,1.008309190990534,1.008850560736837,1.009901341083945,0.5502047536392544,0.9955220265755766,0.9982593559617058,0.18507960413080896,0.31226462180679704,0.05084745762711865,0.8149203958691911,0.12207375734901123,0.12526820193240296,0.22941297357135404,0.10414477163895108,112,6,15151,3441
42,bearing,fedprox,adaptive,1,cnn-ae,test2_bearing3,552,118,118,18592,fuzzy_warning_as_alarm_hi50,1.005474695865868,1.008309190990534,1.008850560736837,1.009901341083945,0.5502047536392544,0.9955220265755766,0.9982593559617058,0.18507960413080896,0.31226462180679704,0.05084745762711865,0.8149203958691911,0.12207375734901123,0.12526820193240296,0.22941297357135404,0.10414477163895108,112,6,15151,3441
42,bearing,fedprox,adaptive,1,cnn-ae,test2_bearing3,552,118,118,18592,fuzzy_fault_only_hi75,1.005474695865868,1.008309190990534,1.008850560736837,1.009901341083945,0.5502047536392544,0.9955220265755766,0.9987018606663782,0.1241394148020654,0.22082954599818208,0.025423728813559324,0.8758605851979346,0.12207375734901123,0.12526820193240296,0.22941297357135404,0.10414477163895108,115,3,16284,2308
42,bearing,fedprox,client_specific,1,cnn-ae,test3_bearing1,3542,759,759,18592,hard_val_p95,0.9996975064277649,1.0032758712768555,1.0039217591285705,1.005204336643219,0.8995494258229985,0.9946468159798812,0.9975442774222355,0.7210090361445783,0.8370277864502029,0.043478260869565216,0.2789909638554217,0.07999586584672627,0.09579121444104839,0.7355266592610574,0.639735444820009,726,33,5187,13405
42,bearing,fedprox,client_specific,1,cnn-ae,test3_bearing1,3542,759,759,18592,fuzzy_warning_as_alarm_hi50,0.9996975064277649,1.0032758712768555,1.0039217591285705,1.005204336643219,0.8995494258229985,0.9946468159798812,0.9975442774222355,0.7210090361445783,0.8370277864502029,0.043478260869565216,0.2789909638554217,0.07999586584672627,0.09579121444104839,0.7355266592610574,0.639735444820009,726,33,5187,13405
42,bearing,fedprox,client_specific,1,cnn-ae,test3_bearing1,3542,759,759,18592,fuzzy_fault_only_hi75,0.9996975064277649,1.0032758712768555,1.0039217591285705,1.005204336643219,0.8995494258229985,0.9946468159798812,0.9984084036288398,0.6748063683304647,0.805314846909301,0.026350461133069828,0.3251936316695353,0.07999586584672627,0.09579121444104839,0.7355266592610574,0.639735444820009,739,20,6046,12546
42,bearing,fedprox,pooled,1,cnn-ae,test3_bearing1,3542,759,759,18592,hard_val_p95,1.0036284923553467,1.00809588432312,1.0090182960033416,1.0104711294174193,0.8590504734919349,0.989566219797782,1.0,0.16490963855421686,0.28312863606981253,0.0,0.8350903614457831,0.1687251304842127,0.003863831840759592,0.23783641057369606,0.23397257873293648,759,0,15526,3066
42,bearing,fedprox,pooled,1,cnn-ae,test3_bearing1,3542,759,759,18592,fuzzy_warning_as_alarm_hi50,1.0036284923553467,1.00809588432312,1.0090182960033416,1.0104711294174193,0.8590504734919349,0.989566219797782,1.0,0.16490963855421686,0.28312863606981253,0.0,0.8350903614457831,0.1687251304842127,0.003863831840759592,0.23783641057369606,0.23397257873293648,759,0,15526,3066
42,bearing,fedprox,pooled,1,cnn-ae,test3_bearing1,3542,759,759,18592,fuzzy_fault_only_hi75,1.0036284923553467,1.00809588432312,1.0090182960033416,1.0104711294174193,0.8590504734919349,0.989566219797782,1.0,0.08971600688468158,0.16465942744323792,0.0,0.9102839931153184,0.1687251304842127,0.003863831840759592,0.23783641057369606,0.23397257873293648,759,0,16924,1668
42,bearing,fedprox,adaptive,1,cnn-ae,test3_bearing1,3542,759,759,18592,hard_val_p95,1.0011627850501772,1.005072535575978,1.0058214979392692,1.0071675384971261,0.8941990789243932,0.9937554514343726,0.9999049158505278,0.5656196213425129,0.7225256793431585,0.0013175230566534915,0.4343803786574871,0.12619502868068833,0.032961885760661114,0.5873262272623045,0.5543643415016435,758,1,8076,10516
42,bearing,fedprox,adaptive,1,cnn-ae,test3_bearing1,3542,759,759,18592,fuzzy_warning_as_alarm_hi50,1.0011627850501772,1.005072535575978,1.0058214979392692,1.0071675384971261,0.8941990789243932,0.9937554514343726,0.9999049158505278,0.5656196213425129,0.7225256793431585,0.0013175230566534915,0.4343803786574871,0.12619502868068833,0.032961885760661114,0.5873262272623045,0.5543643415016435,758,1,8076,10516
42,bearing,fedprox,adaptive,1,cnn-ae,test3_bearing1,3542,759,759,18592,fuzzy_fault_only_hi75,1.0011627850501772,1.005072535575978,1.0058214979392692,1.0071675384971261,0.8941990789243932,0.9937554514343726,1.0,0.49354561101549055,0.6609046384327283,0.0,0.5064543889845095,0.12619502868068833,0.032961885760661114,0.5873262272623045,0.5543643415016435,759,0,9416,9176
42,bearing,fedprox,client_specific,1,cnn-ae,test3_bearing3,3542,759,759,18592,hard_val_p95,1.0039156675338745,1.0064121246337892,1.0069486618041992,1.0083892965316772,0.7045929341306502,0.9834038419110793,0.9917864476386037,0.44164156626506024,0.6111421234788433,0.08959156785243742,0.5583584337349398,0.14872616402253114,0.1280269550646991,0.4445771743361583,0.3165502192714592,691,68,10381,8211
42,bearing,fedprox,client_specific,1,cnn-ae,test3_bearing3,3542,759,759,18592,fuzzy_warning_as_alarm_hi50,1.0039156675338745,1.0064121246337892,1.0069486618041992,1.0083892965316772,0.7045929341306502,0.9834038419110793,0.9917864476386037,0.44164156626506024,0.6111421234788433,0.08959156785243742,0.5583584337349398,0.14872616402253114,0.1280269550646991,0.4445771743361583,0.3165502192714592,691,68,10381,8211
42,bearing,fedprox,client_specific,1,cnn-ae,test3_bearing3,3542,759,759,18592,fuzzy_fault_only_hi75,1.0039156675338745,1.0064121246337892,1.0069486618041992,1.0083892965316772,0.7045929341306502,0.9834038419110793,0.9964051266020632,0.3428894148020654,0.5102040816326531,0.030303030303030304,0.6571105851979346,0.14872616402253114,0.1280269550646991,0.4445771743361583,0.3165502192714592,736,23,12217,6375
42,bearing,fedprox,pooled,1,cnn-ae,test3_bearing3,3542,759,759,18592,hard_val_p95,1.0036284923553467,1.00809588432312,1.0090182960033416,1.0104711294174193,0.7019066880168897,0.9835940720972474,0.9990224828934506,0.16490963855421686,0.28308942338765525,0.003952569169960474,0.8350903614457831,0.1690868688956643,0.06956299845527489,0.23783641057369606,0.16827341211842117,756,3,15526,3066
42,bearing,fedprox,pooled,1,cnn-ae,test3_bearing3,3542,759,759,18592,fuzzy_warning_as_alarm_hi50,1.0036284923553467,1.00809588432312,1.0090182960033416,1.0104711294174193,0.7019066880168897,0.9835940720972474,0.9990224828934506,0.16490963855421686,0.28308942338765525,0.003952569169960474,0.8350903614457831,0.1690868688956643,0.06956299845527489,0.23783641057369606,0.16827341211842117,756,3,15526,3066
42,bearing,fedprox,pooled,1,cnn-ae,test3_bearing3,3542,759,759,18592,fuzzy_fault_only_hi75,1.0036284923553467,1.00809588432312,1.0090182960033416,1.0104711294174193,0.7019066880168897,0.9835940720972474,0.9994008388256441,0.08971600688468158,0.1646513005281082,0.0013175230566534915,0.9102839931153184,0.1690868688956643,0.06956299845527489,0.23783641057369606,0.16827341211842117,758,1,16924,1668
42,bearing,fedprox,adaptive,1,cnn-ae,test3_bearing3,3542,759,759,18592,hard_val_p95,1.0037588812255538,1.0073313909406574,1.008078600357111,1.0095258950858055,0.7041575392479007,0.9835900798152916,0.9971910112359551,0.28641351118760755,0.44501086411499247,0.019762845849802372,0.7135864888123924,0.1782853599297194,0.08287847736199062,0.3254391263548822,0.2425606489928916,744,15,13267,5325
42,bearing,fedprox,adaptive,1,cnn-ae,test3_bearing3,3542,759,759,18592,fuzzy_warning_as_alarm_hi50,1.0037588812255538,1.0073313909406574,1.008078600357111,1.0095258950858055,0.7041575392479007,0.9835900798152916,0.9971910112359551,0.28641351118760755,0.44501086411499247,0.019762845849802372,0.7135864888123924,0.1782853599297194,0.08287847736199062,0.3254391263548822,0.2425606489928916,744,15,13267,5325
42,bearing,fedprox,adaptive,1,cnn-ae,test3_bearing3,3542,759,759,18592,fuzzy_fault_only_hi75,1.0037588812255538,1.0073313909406574,1.008078600357111,1.0095258950858055,0.7041575392479007,0.9835900798152916,0.9991534988713319,0.19045826161790017,0.3199313335742682,0.003952569169960474,0.8095417383820999,0.1782853599297194,0.08287847736199062,0.3254391263548822,0.2425606489928916,756,3,15051,3541
42,bearing,fedprox,client_specific,2,cnn-ae,test1_bearing1,1207,259,258,18592,hard_val_p95,0.880950927734375,0.9239336967468261,0.9336837947368621,0.9525505328178405,0.7951880195199402,0.9961268773906555,0.9987358916478555,0.5949333046471601,0.7456770148650015,0.05426356589147287,0.40506669535283996,0.1853580901856764,0.1153365773527393,0.5889723420796565,0.47363576472691726,244,14,7531,11061
42,bearing,fedprox,client_specific,2,cnn-ae,test1_bearing1,1207,259,258,18592,fuzzy_warning_as_alarm_hi50,0.880950927734375,0.9239336967468261,0.9336837947368621,0.9525505328178405,0.7951880195199402,0.9961268773906555,0.9987358916478555,0.5949333046471601,0.7456770148650015,0.05426356589147287,0.40506669535283996,0.1853580901856764,0.1153365773527393,0.5889723420796565,0.47363576472691726,244,14,7531,11061
42,bearing,fedprox,client_specific,2,cnn-ae,test1_bearing1,1207,259,258,18592,fuzzy_fault_only_hi75,0.880950927734375,0.9239336967468261,0.9336837947368621,0.9525505328178405,0.7951880195199402,0.9961268773906555,0.9993335554815062,0.48391781411359724,0.6520746512049285,0.023255813953488372,0.5160821858864028,0.1853580901856764,0.1153365773527393,0.5889723420796565,0.47363576472691726,252,6,9595,8997
42,bearing,fedprox,pooled,2,cnn-ae,test1_bearing1,1207,259,258,18592,hard_val_p95,0.9064607322216034,0.9714849889278412,0.9799122095108032,0.9881751954555511,0.8085201061721972,0.9958756562944329,0.99978489997849,0.25,0.3999827890366163,0.003875968992248062,0.75,0.04827586206896552,0.024411319496207028,0.323315775956621,0.29890445646041397,257,1,13944,4648
42,bearing,fedprox,pooled,2,cnn-ae,test1_bearing1,1207,259,258,18592,fuzzy_warning_as_alarm_hi50,0.9064607322216034,0.9714849889278412,0.9799122095108032,0.9881751954555511,0.8085201061721972,0.9958756562944329,0.99978489997849,0.25,0.3999827890366163,0.003875968992248062,0.75,0.04827586206896552,0.024411319496207028,0.323315775956621,0.29890445646041397,257,1,13944,4648
42,bearing,fedprox,pooled,2,cnn-ae,test1_bearing1,1207,259,258,18592,fuzzy_fault_only_hi75,0.9064607322216034,0.9714849889278412,0.9799122095108032,0.9881751954555511,0.8085201061721972,0.9958756562944329,1.0,0.23434810671256454,0.37971153427164583,0.0,0.7656518932874354,0.04827586206896552,0.024411319496207028,0.323315775956621,0.29890445646041397,258,0,14235,4357
42,bearing,fedprox,adaptive,2,cnn-ae,test1_bearing1,1207,259,258,18592,hard_val_p95,0.8955670764793233,0.9511787804902226,0.960170919987758,0.9729621109764293,0.800218419358497,0.9960056983041876,0.9997035280166024,0.362736660929432,0.5323229931328439,0.007751937984496124,0.637263339070568,0.08355437665782493,0.05038393241278966,0.4194588742262272,0.36907494181343753,256,2,11848,6744
42,bearing,fedprox,adaptive,2,cnn-ae,test1_bearing1,1207,259,258,18592,fuzzy_warning_as_alarm_hi50,0.8955670764793233,0.9511787804902226,0.960170919987758,0.9729621109764293,0.800218419358497,0.9960056983041876,0.9997035280166024,0.362736660929432,0.5323229931328439,0.007751937984496124,0.637263339070568,0.08355437665782493,0.05038393241278966,0.4194588742262272,0.36907494181343753,256,2,11848,6744
42,bearing,fedprox,adaptive,2,cnn-ae,test1_bearing1,1207,259,258,18592,fuzzy_fault_only_hi75,0.8955670764793233,0.9511787804902226,0.960170919987758,0.9729621109764293,0.800218419358497,0.9960056983041876,0.9996671105193076,0.3230421686746988,0.48829268292682926,0.007751937984496124,0.6769578313253012,0.08355437665782493,0.05038393241278966,0.4194588742262272,0.36907494181343753,256,2,12586,6006
42,bearing,fedprox,client_specific,2,cnn-ae,test1_bearing2,1207,259,258,18592,hard_val_p95,0.8507594466209412,0.9077360391616821,0.9168648540973663,0.9387441325187683,0.8911884039480179,0.9980730688254046,0.9993190587879246,0.7104130808950087,0.8304567889590996,0.03488372093023256,0.2895869191049914,0.07527851458885941,0.10055389490779616,0.712521045782066,0.6119671508742698,249,9,5384,13208
42,bearing,fedprox,client_specific,2,cnn-ae,test1_bearing2,1207,259,258,18592,fuzzy_warning_as_alarm_hi50,0.8507594466209412,0.9077360391616821,0.9168648540973663,0.9387441325187683,0.8911884039480179,0.9980730688254046,0.9993190587879246,0.7104130808950087,0.8304567889590996,0.03488372093023256,0.2895869191049914,0.07527851458885941,0.10055389490779616,0.712521045782066,0.6119671508742698,249,9,5384,13208
42,bearing,fedprox,client_specific,2,cnn-ae,test1_bearing2,1207,259,258,18592,fuzzy_fault_only_hi75,0.8507594466209412,0.9077360391616821,0.9168648540973663,0.9387441325187683,0.8911884039480179,0.9980730688254046,0.999671052631579,0.6538296041308089,0.790582726326743,0.015503875968992248,0.34617039586919107,0.07527851458885941,0.10055389490779616,0.712521045782066,0.6119671508742698,254,4,6436,12156
42,bearing,fedprox,pooled,2,cnn-ae,test1_bearing2,1207,259,258,18592,hard_val_p95,0.9064607322216034,0.9714849889278412,0.9799122095108032,0.9881751954555511,0.8502643255747242,0.9962338290152556,1.0,0.25,0.4,0.0,0.75,0.04822281167108753,0.0059553078839248005,0.323315775956621,0.3173604680726962,258,0,13944,4648
42,bearing,fedprox,pooled,2,cnn-ae,test1_bearing2,1207,259,258,18592,fuzzy_warning_as_alarm_hi50,0.9064607322216034,0.9714849889278412,0.9799122095108032,0.9881751954555511,0.8502643255747242,0.9962338290152556,1.0,0.25,0.4,0.0,0.75,0.04822281167108753,0.0059553078839248005,0.323315775956621,0.3173604680726962,258,0,13944,4648
42,bearing,fedprox,pooled,2,cnn-ae,test1_bearing2,1207,259,258,18592,fuzzy_fault_only_hi75,0.9064607322216034,0.9714849889278412,0.9799122095108032,0.9881751954555511,0.8502643255747242,0.9962338290152556,1.0,0.23434810671256454,0.37971153427164583,0.0,0.7656518932874354,0.04822281167108753,0.0059553078839248005,0.323315775956621,0.3173604680726962,258,0,14235,4357
42,bearing,fedprox,adaptive,2,cnn-ae,test1_bearing2,1207,259,258,18592,hard_val_p95,0.8722304692177758,0.9323091729088393,0.941167546183462,0.9577981894917119,0.8667052971020294,0.9973050978132421,0.9996804090763822,0.5047332185886403,0.6707888058901319,0.011627906976744186,0.4952667814113597,0.1706631299734748,0.047793103834974905,0.5395817198936614,0.4917886160586865,255,3,9208,9384
42,bearing,fedprox,adaptive,2,cnn-ae,test1_bearing2,1207,259,258,18592,fuzzy_warning_as_alarm_hi50,0.8722304692177758,0.9323091729088393,0.941167546183462,0.9577981894917119,0.8667052971020294,0.9973050978132421,0.9996804090763822,0.5047332185886403,0.6707888058901319,0.011627906976744186,0.4952667814113597,0.1706631299734748,0.047793103834974905,0.5395817198936614,0.4917886160586865,255,3,9208,9384
42,bearing,fedprox,adaptive,2,cnn-ae,test1_bearing2,1207,259,258,18592,fuzzy_fault_only_hi75,0.8722304692177758,0.9323091729088393,0.941167546183462,0.9577981894917119,0.8667052971020294,0.9973050978132421,0.9998737533139755,0.4259896729776248,0.5974427639271301,0.003875968992248062,0.5740103270223752,0.1706631299734748,0.047793103834974905,0.5395817198936614,0.4917886160586865,257,1,10672,7920
42,bearing,fedprox,client_specific,2,cnn-ae,test1_bearing3,1207,259,258,18592,hard_val_p95,0.9721998572349548,0.9872039556503296,0.9897223651409149,0.9928746259212494,0.4145257316641983,0.9887868891976515,0.9970318402590393,0.19874139414802067,0.3314198582832541,0.04263565891472868,0.8012586058519794,0.029177718832891247,0.11873716334436814,0.20733591411536245,0.08859875077099431,247,11,14897,3695
42,bearing,fedprox,client_specific,2,cnn-ae,test1_bearing3,1207,259,258,18592,fuzzy_warning_as_alarm_hi50,0.9721998572349548,0.9872039556503296,0.9897223651409149,0.9928746259212494,0.4145257316641983,0.9887868891976515,0.9970318402590393,0.19874139414802067,0.3314198582832541,0.04263565891472868,0.8012586058519794,0.029177718832891247,0.11873716334436814,0.20733591411536245,0.08859875077099431,247,11,14897,3695
42,bearing,fedprox,client_specific,2,cnn-ae,test1_bearing3,1207,259,258,18592,fuzzy_fault_only_hi75,0.9721998572349548,0.9872039556503296,0.9897223651409149,0.9928746259212494,0.4145257316641983,0.9887868891976515,0.9982603653232821,0.18518717728055079,0.31241776688897965,0.023255813953488372,0.8148128227194492,0.029177718832891247,0.11873716334436814,0.20733591411536245,0.08859875077099431,252,6,15149,3443
42,bearing,fedprox,pooled,2,cnn-ae,test1_bearing3,1207,259,258,18592,hard_val_p95,0.9064607322216034,0.9714849889278412,0.9799122095108032,0.9881751954555511,0.3494589862773353,0.9844632743544292,0.9812117373865316,0.25,0.3984740023147156,0.3449612403100775,0.75,0.053527851458885944,0.4148598121461369,0.323315775956621,-0.0915440361895159,169,89,13944,4648
42,bearing,fedprox,pooled,2,cnn-ae,test1_bearing3,1207,259,258,18592,fuzzy_warning_as_alarm_hi50,0.9064607322216034,0.9714849889278412,0.9799122095108032,0.9881751954555511,0.3494589862773353,0.9844632743544292,0.9812117373865316,0.25,0.3984740023147156,0.3449612403100775,0.75,0.053527851458885944,0.4148598121461369,0.323315775956621,-0.0915440361895159,169,89,13944,4648
42,bearing,fedprox,pooled,2,cnn-ae,test1_bearing3,1207,259,258,18592,fuzzy_fault_only_hi75,0.9064607322216034,0.9714849889278412,0.9799122095108032,0.9881751954555511,0.3494589862773353,0.9844632743544292,0.989777373920945,0.23434810671256454,0.3789684265460555,0.1744186046511628,0.7656518932874354,0.053527851458885944,0.4148598121461369,0.323315775956621,-0.0915440361895159,213,45,14235,4357
42,bearing,fedprox,adaptive,2,cnn-ae,test1_bearing3,1207,259,258,18592,hard_val_p95,0.9543915081169085,0.9829457783911681,0.987064850664902,0.9916015773619304,0.40867904758569157,0.9873587103168107,0.993849938499385,0.21729776247848537,0.3566226773182681,0.09689922480620156,0.7827022375215146,0.03649867374005305,0.19680254978080405,0.23753839675017646,0.04073584696937241,233,25,14552,4040
42,bearing,fedprox,adaptive,2,cnn-ae,test1_bearing3,1207,259,258,18592,fuzzy_warning_as_alarm_hi50,0.9543915081169085,0.9829457783911681,0.987064850664902,0.9916015773619304,0.40867904758569157,0.9873587103168107,0.993849938499385,0.21729776247848537,0.3566226773182681,0.09689922480620156,0.7827022375215146,0.03649867374005305,0.19680254978080405,0.23753839675017646,0.04073584696937241,233,25,14552,4040
42,bearing,fedprox,adaptive,2,cnn-ae,test1_bearing3,1207,259,258,18592,fuzzy_fault_only_hi75,0.9543915081169085,0.9829457783911681,0.987064850664902,0.9916015773619304,0.40867904758569157,0.9873587103168107,0.9960191082802548,0.20186101549053356,0.3356887298747764,0.05813953488372093,0.7981389845094664,0.03649867374005305,0.19680254978080405,0.23753839675017646,0.04073584696937241,243,15,14839,3753
42,bearing,fedprox,client_specific,2,cnn-ae,test1_bearing4,1207,259,258,18592,hard_val_p95,0.9699525237083435,0.9846681118011474,0.9871964037418366,0.9893884253501892,0.47898758655886003,0.9891450936653017,0.99727385377943,0.21643717728055079,0.35568126574446457,0.04263565891472868,0.7835628227194492,0.020583554376657823,0.09567832865456423,0.22626334118127087,0.13058501252670662,247,11,14568,4024
42,bearing,fedprox,client_specific,2,cnn-ae,test1_bearing4,1207,259,258,18592,fuzzy_warning_as_alarm_hi50,0.9699525237083435,0.9846681118011474,0.9871964037418366,0.9893884253501892,0.47898758655886003,0.9891450936653017,0.99727385377943,0.21643717728055079,0.35568126574446457,0.04263565891472868,0.7835628227194492,0.020583554376657823,0.09567832865456423,0.22626334118127087,0.13058501252670662,247,11,14568,4024
42,bearing,fedprox,client_specific,2,cnn-ae,test1_bearing4,1207,259,258,18592,fuzzy_fault_only_hi75,0.9699525237083435,0.9846681118011474,0.9871964037418366,0.9893884253501892,0.47898758655886003,0.9891450936653017,0.9976893453145058,0.2090146299483649,0.3456219148841553,0.03488372093023256,0.7909853700516352,0.020583554376657823,0.09567832865456423,0.22626334118127087,0.13058501252670662,249,9,14706,3886
42,bearing,fedprox,pooled,2,cnn-ae,test1_bearing4,1207,259,258,18592,hard_val_p95,0.9064607322216034,0.9714849889278412,0.9799122095108032,0.9881751954555511,0.4576520367183018,0.9875676212121232,0.9899893503727369,0.25,0.3991926826126165,0.1821705426356589,0.75,0.05209549071618037,0.27624521411596026,0.323315775956621,0.04707056184066072,211,47,13944,4648
42,bearing,fedprox,pooled,2,cnn-ae,test1_bearing4,1207,259,258,18592,fuzzy_warning_as_alarm_hi50,0.9064607322216034,0.9714849889278412,0.9799122095108032,0.9881751954555511,0.4576520367183018,0.9875676212121232,0.9899893503727369,0.25,0.3991926826126165,0.1821705426356589,0.75,0.05209549071618037,0.27624521411596026,0.323315775956621,0.04707056184066072,211,47,13944,4648
42,bearing,fedprox,pooled,2,cnn-ae,test1_bearing4,1207,259,258,18592,fuzzy_fault_only_hi75,0.9064607322216034,0.9714849889278412,0.9799122095108032,0.9881751954555511,0.4576520367183018,0.9875676212121232,0.9945217986761014,0.23434810671256454,0.37931484786488484,0.09302325581395349,0.7656518932874354,0.05209549071618037,0.27624521411596026,0.323315775956621,0.04707056184066072,234,24,14235,4357
42,bearing,fedprox,adaptive,2,cnn-ae,test1_bearing4,1207,259,258,18592,hard_val_p95,0.9530012236923336,0.9811484273546942,0.985251639562188,0.989064512235583,0.44905546188074563,0.988266781153872,0.9964772193518083,0.22821643717728055,0.3713785557986871,0.05813953488372093,0.7717835628227194,0.02843501326259947,0.15947734657459883,0.24971751099171668,0.09024016441711785,243,15,14349,4243
42,bearing,fedprox,adaptive,2,cnn-ae,test1_bearing4,1207,259,258,18592,fuzzy_warning_as_alarm_hi50,0.9530012236923336,0.9811484273546942,0.985251639562188,0.989064512235583,0.44905546188074563,0.988266781153872,0.9964772193518083,0.22821643717728055,0.3713785557986871,0.05813953488372093,0.7717835628227194,0.02843501326259947,0.15947734657459883,0.24971751099171668,0.09024016441711785,243,15,14349,4243
42,bearing,fedprox,adaptive,2,cnn-ae,test1_bearing4,1207,259,258,18592,fuzzy_fault_only_hi75,0.9530012236923336,0.9811484273546942,0.985251639562188,0.989064512235583,0.44905546188074563,0.988266781153872,0.997275204359673,0.2165447504302926,0.35582659419329177,0.04263565891472868,0.7834552495697074,0.02843501326259947,0.15947734657459883,0.24971751099171668,0.09024016441711785,247,11,14566,4026
42,bearing,fedprox,client_specific,2,cnn-ae,test2_bearing1,552,118,118,18592,hard_val_p95,0.8584577739238739,0.8801666259765625,0.8842019200325012,0.8881822150945663,0.8898934114180693,0.9988964548556499,0.9993886700176606,0.7913618760757315,0.883292309539533,0.07627118644067797,0.2086381239242685,0.023035809727418494,0.13043019577750914,0.8106500212622995,0.6802198254847903,109,9,3879,14713
42,bearing,fedprox,client_specific,2,cnn-ae,test2_bearing1,552,118,118,18592,fuzzy_warning_as_alarm_hi50,0.8584577739238739,0.8801666259765625,0.8842019200325012,0.8881822150945663,0.8898934114180693,0.9988964548556499,0.9993886700176606,0.7913618760757315,0.883292309539533,0.07627118644067797,0.2086381239242685,0.023035809727418494,0.13043019577750914,0.8106500212622995,0.6802198254847903,109,9,3879,14713
42,bearing,fedprox,client_specific,2,cnn-ae,test2_bearing1,552,118,118,18592,fuzzy_fault_only_hi75,0.8584577739238739,0.8801666259765625,0.8842019200325012,0.8881822150945663,0.8898934114180693,0.9988964548556499,0.9994516416478169,0.7842620481927711,0.8788764654470932,0.06779661016949153,0.2157379518072289,0.023035809727418494,0.13043019577750914,0.8106500212622995,0.6802198254847903,110,8,4011,14581
42,bearing,fedprox,pooled,2,cnn-ae,test2_bearing1,552,118,118,18592,hard_val_p95,0.9064607322216034,0.9714849889278412,0.9799122095108032,0.9881751954555511,0.8617343161994224,0.9983163890135722,1.0,0.25,0.4,0.0,0.75,0.04858364510956708,0.0020379402692822205,0.323315775956621,0.32127783568733875,118,0,13944,4648
42,bearing,fedprox,pooled,2,cnn-ae,test2_bearing1,552,118,118,18592,fuzzy_warning_as_alarm_hi50,0.9064607322216034,0.9714849889278412,0.9799122095108032,0.9881751954555511,0.8617343161994224,0.9983163890135722,1.0,0.25,0.4,0.0,0.75,0.04858364510956708,0.0020379402692822205,0.323315775956621,0.32127783568733875,118,0,13944,4648
42,bearing,fedprox,pooled,2,cnn-ae,test2_bearing1,552,118,118,18592,fuzzy_fault_only_hi75,0.9064607322216034,0.9714849889278412,0.9799122095108032,0.9881751954555511,0.8617343161994224,0.9983163890135722,1.0,0.23434810671256454,0.37971153427164583,0.0,0.7656518932874354,0.04858364510956708,0.0020379402692822205,0.323315775956621,0.32127783568733875,118,0,14235,4357
42,bearing,fedprox,adaptive,2,cnn-ae,test2_bearing1,552,118,118,18592,hard_val_p95,0.8721706462411407,0.9062532901276747,0.9115432136862025,0.9167469332064917,0.8950644436097901,0.9989125477957236,0.9997028010996359,0.7236983648881239,0.8395993884746186,0.03389830508474576,0.27630163511187605,0.015873864243719935,0.043071534654800916,0.73793817745072,0.694866642795919,114,4,5137,13455
42,bearing,fedprox,adaptive,2,cnn-ae,test2_bearing1,552,118,118,18592,fuzzy_warning_as_alarm_hi50,0.8721706462411407,0.9062532901276747,0.9115432136862025,0.9167469332064917,0.8950644436097901,0.9989125477957236,0.9997028010996359,0.7236983648881239,0.8395993884746186,0.03389830508474576,0.27630163511187605,0.015873864243719935,0.043071534654800916,0.73793817745072,0.694866642795919,114,4,5137,13455
42,bearing,fedprox,adaptive,2,cnn-ae,test2_bearing1,552,118,118,18592,fuzzy_fault_only_hi75,0.8721706462411407,0.9062532901276747,0.9115432136862025,0.9167469332064917,0.8950644436097901,0.9989125477957236,0.9998500637229177,0.7173515490533563,0.8353637530926059,0.01694915254237288,0.2826484509466437,0.015873864243719935,0.043071534654800916,0.73793817745072,0.694866642795919,116,2,5255,13337
42,bearing,fedprox,client_specific,2,cnn-ae,test2_bearing3,552,118,118,18592,hard_val_p95,0.9658163189888,0.9744762063026429,0.9772747308015823,0.9803086400032044,0.4787857543977362,0.9952820663393802,0.99834265589393,0.259197504302926,0.41154618045176994,0.06779661016949153,0.740802495697074,0.01549973276322822,0.11574832088491606,0.2676339612886735,0.15188564040375746,110,8,13773,4819
42,bearing,fedprox,client_specific,2,cnn-ae,test2_bearing3,552,118,118,18592,fuzzy_warning_as_alarm_hi50,0.9658163189888,0.9744762063026429,0.9772747308015823,0.9803086400032044,0.4787857543977362,0.9952820663393802,0.99834265589393,0.259197504302926,0.41154618045176994,0.06779661016949153,0.740802495697074,0.01549973276322822,0.11574832088491606,0.2676339612886735,0.15188564040375746,110,8,13773,4819
42,bearing,fedprox,client_specific,2,cnn-ae,test2_bearing3,552,118,118,18592,fuzzy_fault_only_hi75,0.9658163189888,0.9744762063026429,0.9772747308015823,0.9803086400032044,0.4787857543977362,0.9952820663393802,0.9991541552125185,0.25414156626506024,0.40521418464045283,0.03389830508474576,0.7458584337349398,0.01549973276322822,0.11574832088491606,0.2676339612886735,0.15188564040375746,114,4,13867,4725
42,bearing,fedprox,pooled,2,cnn-ae,test2_bearing3,552,118,118,18592,hard_val_p95,0.9064607322216034,0.9714849889278412,0.9799122095108032,0.9881751954555511,0.323986396554742,0.9931423417305125,0.9993549774242099,0.25,0.39994837155272556,0.025423728813559324,0.75,0.049919828968466064,0.25018607503908813,0.323315775956621,0.07312970091753285,115,3,13944,4648
42,bearing,fedprox,pooled,2,cnn-ae,test2_bearing3,552,118,118,18592,fuzzy_warning_as_alarm_hi50,0.9064607322216034,0.9714849889278412,0.9799122095108032,0.9881751954555511,0.323986396554742,0.9931423417305125,0.9993549774242099,0.25,0.39994837155272556,0.025423728813559324,0.75,0.049919828968466064,0.25018607503908813,0.323315775956621,0.07312970091753285,115,3,13944,4648
42,bearing,fedprox,pooled,2,cnn-ae,test2_bearing3,552,118,118,18592,fuzzy_fault_only_hi75,0.9064607322216034,0.9714849889278412,0.9799122095108032,0.9881751954555511,0.323986396554742,0.9931423417305125,1.0,0.23434810671256454,0.37971153427164583,0.0,0.7656518932874354,0.049919828968466064,0.25018607503908813,0.323315775956621,0.07312970091753285,118,0,14235,4357
42,bearing,fedprox,adaptive,2,cnn-ae,test2_bearing3,552,118,118,18592,hard_val_p95,0.9534206391978082,0.9738515275692201,0.9778255355920951,0.9819514727634604,0.3264304949823507,0.9947194795237915,0.9983336804832327,0.2577990533562823,0.4097807036292908,0.06779661016949153,0.7422009466437177,0.022234099412079104,0.20287097816174945,0.2772576599176317,0.07438668175588223,110,8,13799,4793
42,bearing,fedprox,adaptive,2,cnn-ae,test2_bearing3,552,118,118,18592,fuzzy_warning_as_alarm_hi50,0.9534206391978082,0.9738515275692201,0.9778255355920951,0.9819514727634604,0.3264304949823507,0.9947194795237915,0.9983336804832327,0.2577990533562823,0.4097807036292908,0.06779661016949153,0.7422009466437177,0.022234099412079104,0.20287097816174945,0.2772576599176317,0.07438668175588223,110,8,13799,4793
42,bearing,fedprox,adaptive,2,cnn-ae,test2_bearing3,552,118,118,18592,fuzzy_fault_only_hi75,0.9534206391978082,0.9738515275692201,0.9778255355920951,0.9819514727634604,0.3264304949823507,0.9947194795237915,0.9993549774242099,0.25,0.39994837155272556,0.025423728813559324,0.75,0.022234099412079104,0.20287097816174945,0.2772576599176317,0.07438668175588223,115,3,13944,4648
42,bearing,fedprox,client_specific,2,cnn-ae,test3_bearing1,3542,759,759,18592,hard_val_p95,0.8517490029335022,0.8815573215484619,0.8877233445644379,0.8949056649208069,0.9209665808916071,0.9957304864479349,0.9977275857319928,0.7793136833046471,0.8750981457993597,0.043478260869565216,0.22068631669535285,0.030282672730091467,0.09981666974468474,0.8041101541823219,0.7042934844376372,726,33,4103,14489
42,bearing,fedprox,client_specific,2,cnn-ae,test3_bearing1,3542,759,759,18592,fuzzy_warning_as_alarm_hi50,0.8517490029335022,0.8815573215484619,0.8877233445644379,0.8949056649208069,0.9209665808916071,0.9957304864479349,0.9977275857319928,0.7793136833046471,0.8750981457993597,0.043478260869565216,0.22068631669535285,0.030282672730091467,0.09981666974468474,0.8041101541823219,0.7042934844376372,726,33,4103,14489
42,bearing,fedprox,client_specific,2,cnn-ae,test3_bearing1,3542,759,759,18592,fuzzy_fault_only_hi75,0.8517490029335022,0.8815573215484619,0.8877233445644379,0.8949056649208069,0.9209665808916071,0.9957304864479349,0.9983926200293521,0.768395008605852,0.868423452174706,0.030303030303030304,0.23160499139414803,0.030282672730091467,0.09981666974468474,0.8041101541823219,0.7042934844376372,736,23,4306,14286
42,bearing,fedprox,pooled,2,cnn-ae,test3_bearing1,3542,759,759,18592,hard_val_p95,0.9064607322216034,0.9714849889278412,0.9799122095108032,0.9881751954555511,0.8655509247605896,0.9895576924092213,1.0,0.25,0.4,0.0,0.75,0.04697431657278694,0.0006514368557904616,0.323315775956621,0.32266433910083053,759,0,13944,4648
42,bearing,fedprox,pooled,2,cnn-ae,test3_bearing1,3542,759,759,18592,fuzzy_warning_as_alarm_hi50,0.9064607322216034,0.9714849889278412,0.9799122095108032,0.9881751954555511,0.8655509247605896,0.9895576924092213,1.0,0.25,0.4,0.0,0.75,0.04697431657278694,0.0006514368557904616,0.323315775956621,0.32266433910083053,759,0,13944,4648
42,bearing,fedprox,pooled,2,cnn-ae,test3_bearing1,3542,759,759,18592,fuzzy_fault_only_hi75,0.9064607322216034,0.9714849889278412,0.9799122095108032,0.9881751954555511,0.8655509247605896,0.9895576924092213,1.0,0.23434810671256454,0.37971153427164583,0.0,0.7656518932874354,0.04697431657278694,0.0006514368557904616,0.323315775956621,0.32266433910083053,759,0,14235,4357
42,bearing,fedprox,adaptive,2,cnn-ae,test3_bearing1,3542,759,759,18592,hard_val_p95,0.8686101806827644,0.9092714224184193,0.9161343061368306,0.92364966832555,0.9082166823703623,0.9942529992729255,0.9996980676328503,0.7123493975903614,0.8319095477386935,0.005270092226613966,0.2876506024096386,0.02532168880161232,0.024170898535317297,0.7276858749826041,0.7035149764472868,755,4,5348,13244
42,bearing,fedprox,adaptive,2,cnn-ae,test3_bearing1,3542,759,759,18592,fuzzy_warning_as_alarm_hi50,0.8686101806827644,0.9092714224184193,0.9161343061368306,0.92364966832555,0.9082166823703623,0.9942529992729255,0.9996980676328503,0.7123493975903614,0.8319095477386935,0.005270092226613966,0.2876506024096386,0.02532168880161232,0.024170898535317297,0.7276858749826041,0.7035149764472868,755,4,5348,13244
42,bearing,fedprox,adaptive,2,cnn-ae,test3_bearing1,3542,759,759,18592,fuzzy_fault_only_hi75,0.8686101806827644,0.9092714224184193,0.9161343061368306,0.92364966832555,0.9082166823703623,0.9942529992729255,0.999692756740149,0.7000322719449226,0.8234475340862358,0.005270092226613966,0.29996772805507743,0.02532168880161232,0.024170898535317297,0.7276858749826041,0.7035149764472868,755,4,5577,13015
42,bearing,fedprox,client_specific,2,cnn-ae,test3_bearing3,3542,759,759,18592,hard_val_p95,0.9233577251434326,0.9370880365371704,0.9402356386184693,0.9531301009654999,0.715548529521814,0.9847626145171731,0.9947177628171932,0.516566265060241,0.6800014160795836,0.06719367588932806,0.48343373493975905,0.09885794015813136,0.10967576730978183,0.5163700796348208,0.406694312325039,708,51,8988,9604
42,bearing,fedprox,client_specific,2,cnn-ae,test3_bearing3,3542,759,759,18592,fuzzy_warning_as_alarm_hi50,0.9233577251434326,0.9370880365371704,0.9402356386184693,0.9531301009654999,0.715548529521814,0.9847626145171731,0.9947177628171932,0.516566265060241,0.6800014160795836,0.06719367588932806,0.48343373493975905,0.09885794015813136,0.10967576730978183,0.5163700796348208,0.406694312325039,708,51,8988,9604
42,bearing,fedprox,client_specific,2,cnn-ae,test3_bearing3,3542,759,759,18592,fuzzy_fault_only_hi75,0.9233577251434326,0.9370880365371704,0.9402356386184693,0.9531301009654999,0.715548529521814,0.9847626145171731,0.9986838956688203,0.4489565404475043,0.619443413729128,0.014492753623188406,0.5510434595524957,0.09885794015813136,0.10967576730978183,0.5163700796348208,0.406694312325039,748,11,10245,8347
42,bearing,fedprox,pooled,2,cnn-ae,test3_bearing3,3542,759,759,18592,hard_val_p95,0.9064607322216034,0.9714849889278412,0.9799122095108032,0.9881751954555511,0.6652657354431843,0.9847969707663786,1.0,0.25,0.4,0.0,0.75,0.04697431657278694,0.09208798808488038,0.323315775956621,0.2312277878717406,759,0,13944,4648
42,bearing,fedprox,pooled,2,cnn-ae,test3_bearing3,3542,759,759,18592,fuzzy_warning_as_alarm_hi50,0.9064607322216034,0.9714849889278412,0.9799122095108032,0.9881751954555511,0.6652657354431843,0.9847969707663786,1.0,0.25,0.4,0.0,0.75,0.04697431657278694,0.09208798808488038,0.323315775956621,0.2312277878717406,759,0,13944,4648
42,bearing,fedprox,pooled,2,cnn-ae,test3_bearing3,3542,759,759,18592,fuzzy_fault_only_hi75,0.9064607322216034,0.9714849889278412,0.9799122095108032,0.9881751954555511,0.6652657354431843,0.9847969707663786,1.0,0.23434810671256454,0.37971153427164583,0.0,0.7656518932874354,0.04697431657278694,0.09208798808488038,0.323315775956621,0.2312277878717406,759,0,14235,4357
42,bearing,fedprox,adaptive,2,cnn-ae,test3_bearing3,3542,759,759,18592,hard_val_p95,0.917898390370365,0.9482015215899657,0.9530549422750839,0.964452997522307,0.6929164994251427,0.9849572221534991,0.9997332977730364,0.40323795180722893,0.5746809244567093,0.002635046113306983,0.5967620481927711,0.05746473050488347,0.08318933037409076,0.44015776289978437,0.3569684325256936,757,2,11095,7497
42,bearing,fedprox,adaptive,2,cnn-ae,test3_bearing3,3542,759,759,18592,fuzzy_warning_as_alarm_hi50,0.917898390370365,0.9482015215899657,0.9530549422750839,0.964452997522307,0.6929164994251427,0.9849572221534991,0.9997332977730364,0.40323795180722893,0.5746809244567093,0.002635046113306983,0.5967620481927711,0.05746473050488347,0.08318933037409076,0.44015776289978437,0.3569684325256936,757,2,11095,7497
42,bearing,fedprox,adaptive,2,cnn-ae,test3_bearing3,3542,759,759,18592,fuzzy_fault_only_hi75,0.917898390370365,0.9482015215899657,0.9530549422750839,0.964452997522307,0.6929164994251427,0.9849572221534991,0.9998552612534376,0.3715576592082616,0.5417826751892083,0.0013175230566534915,0.6284423407917383,0.05746473050488347,0.08318933037409076,0.44015776289978437,0.3569684325256936,758,1,11684,6908
42,bearing,fedprox,client_specific,3,cnn-ae,test1_bearing1,1207,259,258,18592,hard_val_p95,0.8157576322555542,0.8484414577484131,0.8618762373924256,0.8955810689926147,0.930120294300124,0.9987896280723804,0.9990332416152302,0.7225688468158348,0.838602952651456,0.050387596899224806,0.2774311531841652,0.15050397877984084,0.10667207918949786,0.7439559413659118,0.637283862176414,245,13,5158,13434
42,bearing,fedprox,client_specific,3,cnn-ae,test1_bearing1,1207,259,258,18592,fuzzy_warning_as_alarm_hi50,0.8157576322555542,0.8484414577484131,0.8618762373924256,0.8955810689926147,0.930120294300124,0.9987896280723804,0.9990332416152302,0.7225688468158348,0.838602952651456,0.050387596899224806,0.2774311531841652,0.15050397877984084,0.10667207918949786,0.7439559413659118,0.637283862176414,245,13,5158,13434
42,bearing,fedprox,client_specific,3,cnn-ae,test1_bearing1,1207,259,258,18592,fuzzy_fault_only_hi75,0.8157576322555542,0.8484414577484131,0.8618762373924256,0.8955810689926147,0.930120294300124,0.9987896280723804,0.9994189907038512,0.6476441480206541,0.7859660574412533,0.027131782945736434,0.35235585197934594,0.15050397877984084,0.10667207918949786,0.7439559413659118,0.637283862176414,251,7,6551,12041
42,bearing,fedprox,pooled,3,cnn-ae,test1_bearing1,1207,259,258,18592,hard_val_p95,0.8796927034854889,0.956713980436325,0.962755823135376,0.9703819745779038,0.8182881025764185,0.9951239959090423,1.0,0.2838855421686747,0.4422287390029325,0.0,0.7161144578313253,0.037241379310344824,0.0015836169598776578,0.3372956014172852,0.3357119844574076,258,0,13314,5278
42,bearing,fedprox,pooled,3,cnn-ae,test1_bearing1,1207,259,258,18592,fuzzy_warning_as_alarm_hi50,0.8796927034854889,0.956713980436325,0.962755823135376,0.9703819745779038,0.8182881025764185,0.9951239959090423,1.0,0.2838855421686747,0.4422287390029325,0.0,0.7161144578313253,0.037241379310344824,0.0015836169598776578,0.3372956014172852,0.3357119844574076,258,0,13314,5278
42,bearing,fedprox,pooled,3,cnn-ae,test1_bearing1,1207,259,258,18592,fuzzy_fault_only_hi75,0.8796927034854889,0.956713980436325,0.962755823135376,0.9703819745779038,0.8182881025764185,0.9951239959090423,1.0,0.2674268502581756,0.4219996604990664,0.0,0.7325731497418244,0.037241379310344824,0.0015836169598776578,0.3372956014172852,0.3357119844574076,258,0,13620,4972
42,bearing,fedprox,adaptive,3,cnn-ae,test1_bearing1,1207,259,258,18592,hard_val_p95,0.8371840286978047,0.8847265505822124,0.8956837542290759,0.9206489046339607,0.9140916865134958,0.9982168712973196,0.9998223643307577,0.6054754733218589,0.7542125891929918,0.007751937984496124,0.39452452667814114,0.05002652519893899,0.02890440188155405,0.6293498969047152,0.6004454950231611,256,2,7335,11257
42,bearing,fedprox,adaptive,3,cnn-ae,test1_bearing1,1207,259,258,18592,fuzzy_warning_as_alarm_hi50,0.8371840286978047,0.8847265505822124,0.8956837542290759,0.9206489046339607,0.9140916865134958,0.9982168712973196,0.9998223643307577,0.6054754733218589,0.7542125891929918,0.007751937984496124,0.39452452667814114,0.05002652519893899,0.02890440188155405,0.6293498969047152,0.6004454950231611,256,2,7335,11257
42,bearing,fedprox,adaptive,3,cnn-ae,test1_bearing1,1207,259,258,18592,fuzzy_fault_only_hi75,0.8371840286978047,0.8847265505822124,0.8956837542290759,0.9206489046339607,0.9140916865134958,0.9982168712973196,0.999906846762925,0.5773450946643718,0.7320216865004944,0.003875968992248062,0.4226549053356282,0.05002652519893899,0.02890440188155405,0.6293498969047152,0.6004454950231611,257,1,7858,10734
42,bearing,fedprox,client_specific,3,cnn-ae,test1_bearing2,1207,259,258,18592,hard_val_p95,0.763965368270874,0.8106053948402405,0.8229869544506073,0.8507553958892822,0.99332160452441,0.9998722493718414,0.999443300116907,0.9656303786574871,0.9822459307892217,0.03875968992248062,0.03436962134251291,0.07485411140583555,0.09416847993248763,0.9430593313047044,0.8488908513722168,248,10,639,17953
42,bearing,fedprox,client_specific,3,cnn-ae,test1_bearing2,1207,259,258,18592,fuzzy_warning_as_alarm_hi50,0.763965368270874,0.8106053948402405,0.8229869544506073,0.8507553958892822,0.99332160452441,0.9998722493718414,0.999443300116907,0.9656303786574871,0.9822459307892217,0.03875968992248062,0.03436962134251291,0.07485411140583555,0.09416847993248763,0.9430593313047044,0.8488908513722168,248,10,639,17953
42,bearing,fedprox,client_specific,3,cnn-ae,test1_bearing2,1207,259,258,18592,fuzzy_fault_only_hi75,0.763965368270874,0.8106053948402405,0.8229869544506073,0.8507553958892822,0.99332160452441,0.9998722493718414,0.9998225691980128,0.9092620481927711,0.9523943661971831,0.011627906976744186,0.09073795180722892,0.07485411140583555,0.09416847993248763,0.9430593313047044,0.8488908513722168,255,3,1687,16905
42,bearing,fedprox,pooled,3,cnn-ae,test1_bearing2,1207,259,258,18592,hard_val_p95,0.8796927034854889,0.956713980436325,0.962755823135376,0.9703819745779038,0.8227194492254732,0.9951471212626177,1.0,0.2838855421686747,0.4422287390029325,0.0,0.7161144578313253,0.037241379310344824,0.0,0.3372956014172852,0.3372956014172852,258,0,13314,5278
42,bearing,fedprox,pooled,3,cnn-ae,test1_bearing2,1207,259,258,18592,fuzzy_warning_as_alarm_hi50,0.8796927034854889,0.956713980436325,0.962755823135376,0.9703819745779038,0.8227194492254732,0.9951471212626177,1.0,0.2838855421686747,0.4422287390029325,0.0,0.7161144578313253,0.037241379310344824,0.0,0.3372956014172852,0.3372956014172852,258,0,13314,5278
42,bearing,fedprox,pooled,3,cnn-ae,test1_bearing2,1207,259,258,18592,fuzzy_fault_only_hi75,0.8796927034854889,0.956713980436325,0.962755823135376,0.9703819745779038,0.8227194492254732,0.9951471212626177,1.0,0.2674268502581756,0.4219996604990664,0.0,0.7325731497418244,0.037241379310344824,0.0,0.3372956014172852,0.3372956014172852,258,0,13620,4972
42,bearing,fedprox,adaptive,3,cnn-ae,test1_bearing2,1207,259,258,18592,hard_val_p95,0.7965938974269817,0.8517997093575376,0.8623938292269069,0.8844832900237889,0.9934862998505651,0.9998897978776983,0.9999252950844165,0.7199333046471601,0.8371380323972731,0.003875968992248062,0.28006669535283996,0.11798408488063661,0.01882982918717073,0.7565406157103766,0.7377107865232059,257,1,5207,13385
42,bearing,fedprox,adaptive,3,cnn-ae,test1_bearing2,1207,259,258,18592,fuzzy_warning_as_alarm_hi50,0.7965938974269817,0.8517997093575376,0.8623938292269069,0.8844832900237889,0.9934862998505651,0.9998897978776983,0.9999252950844165,0.7199333046471601,0.8371380323972731,0.003875968992248062,0.28006669535283996,0.11798408488063661,0.01882982918717073,0.7565406157103766,0.7377107865232059,257,1,5207,13385
42,bearing,fedprox,adaptive,3,cnn-ae,test1_bearing2,1207,259,258,18592,fuzzy_fault_only_hi75,0.7965938974269817,0.8517997093575376,0.8623938292269069,0.8844832900237889,0.9934862998505651,0.9998897978776983,1.0,0.6657702237521514,0.7993542137552471,0.0,0.33422977624784855,0.11798408488063661,0.01882982918717073,0.7565406157103766,0.7377107865232059,258,0,6214,12378
42,bearing,fedprox,client_specific,3,cnn-ae,test1_bearing3,1207,259,258,18592,hard_val_p95,0.9555749297142029,0.9702511548995971,0.9716099739074707,0.9760681819915772,0.44096527305234234,0.9894562374345637,0.9968354430379747,0.2371987951807229,0.38321167883211676,0.05426356589147287,0.7628012048192772,0.019681697612732096,0.12083668553696635,0.2437509621061442,0.12291427656917785,244,14,14182,4410
42,bearing,fedprox,client_specific,3,cnn-ae,test1_bearing3,1207,259,258,18592,fuzzy_warning_as_alarm_hi50,0.9555749297142029,0.9702511548995971,0.9716099739074707,0.9760681819915772,0.44096527305234234,0.9894562374345637,0.9968354430379747,0.2371987951807229,0.38321167883211676,0.05426356589147287,0.7628012048192772,0.019681697612732096,0.12083668553696635,0.2437509621061442,0.12291427656917785,244,14,14182,4410
42,bearing,fedprox,client_specific,3,cnn-ae,test1_bearing3,1207,259,258,18592,fuzzy_fault_only_hi75,0.9555749297142029,0.9702511548995971,0.9716099739074707,0.9760681819915772,0.44096527305234234,0.9894562374345637,0.997610513739546,0.22455895008605853,0.36659788383017955,0.03875968992248062,0.7754410499139415,0.019681697612732096,0.12083668553696635,0.2437509621061442,0.12291427656917785,248,10,14417,4175
42,bearing,fedprox,pooled,3,cnn-ae,test1_bearing3,1207,259,258,18592,hard_val_p95,0.8796927034854889,0.956713980436325,0.962755823135376,0.9703819745779038,0.3407041788416123,0.9853503803633683,0.9839671886651753,0.2838855421686747,0.4406411754883954,0.3333333333333333,0.7161144578313253,0.04249336870026525,0.4074651926241886,0.3372956014172852,-0.07016959120690341,172,86,13314,5278
42,bearing,fedprox,pooled,3,cnn-ae,test1_bearing3,1207,259,258,18592,fuzzy_warning_as_alarm_hi50,0.8796927034854889,0.956713980436325,0.962755823135376,0.9703819745779038,0.3407041788416123,0.9853503803633683,0.9839671886651753,0.2838855421686747,0.4406411754883954,0.3333333333333333,0.7161144578313253,0.04249336870026525,0.4074651926241886,0.3372956014172852,-0.07016959120690341,172,86,13314,5278
42,bearing,fedprox,pooled,3,cnn-ae,test1_bearing3,1207,259,258,18592,fuzzy_fault_only_hi75,0.8796927034854889,0.956713980436325,0.962755823135376,0.9703819745779038,0.3407041788416123,0.9853503803633683,0.9924151696606787,0.2674268502581756,0.42132022709939837,0.14728682170542637,0.7325731497418244,0.04249336870026525,0.4074651926241886,0.3372956014172852,-0.07016959120690341,220,38,13620,4972
42,bearing,fedprox,adaptive,3,cnn-ae,test1_bearing3,1207,259,258,18592,hard_val_p95,0.9354600797626882,0.9666627225798143,0.9692629168549804,0.9745608829229588,0.4220609597859878,0.9886010122557093,0.9950980392156863,0.25112951807228917,0.40104792990895033,0.08914728682170543,0.7488704819277109,0.03183023872679045,0.19224622329441463,0.26469196170449694,0.07244573841008231,235,23,13923,4669
42,bearing,fedprox,adaptive,3,cnn-ae,test1_bearing3,1207,259,258,18592,fuzzy_warning_as_alarm_hi50,0.9354600797626882,0.9666627225798143,0.9692629168549804,0.9745608829229588,0.4220609597859878,0.9886010122557093,0.9950980392156863,0.25112951807228917,0.40104792990895033,0.08914728682170543,0.7488704819277109,0.03183023872679045,0.19224622329441463,0.26469196170449694,0.07244573841008231,235,23,13923,4669
42,bearing,fedprox,adaptive,3,cnn-ae,test1_bearing3,1207,259,258,18592,fuzzy_fault_only_hi75,0.9354600797626882,0.9666627225798143,0.9692629168549804,0.9745608829229588,0.4220609597859878,0.9886010122557093,0.9968072976054732,0.23510111876075732,0.38046742394568484,0.05426356589147287,0.7648988812392427,0.03183023872679045,0.19224622329441463,0.26469196170449694,0.07244573841008231,244,14,14221,4371
42,bearing,fedprox,client_specific,3,cnn-ae,test1_bearing4,1207,259,258,18592,hard_val_p95,0.9492672085762024,0.964544141292572,0.9668732464313508,0.9706564903259277,0.5040648474295855,0.989966903361239,0.9975786924939467,0.26592082616179,0.4199082724647528,0.046511627906976744,0.73407917383821,0.021326259946949602,0.09919854740517389,0.27182732125090897,0.17262877384573508,246,12,13648,4944
42,bearing,fedprox,client_specific,3,cnn-ae,test1_bearing4,1207,259,258,18592,fuzzy_warning_as_alarm_hi50,0.9492672085762024,0.964544141292572,0.9668732464313508,0.9706564903259277,0.5040648474295855,0.989966903361239,0.9975786924939467,0.26592082616179,0.4199082724647528,0.046511627906976744,0.73407917383821,0.021326259946949602,0.09919854740517389,0.27182732125090897,0.17262877384573508,246,12,13648,4944
42,bearing,fedprox,client_specific,3,cnn-ae,test1_bearing4,1207,259,258,18592,fuzzy_fault_only_hi75,0.9492672085762024,0.964544141292572,0.9668732464313508,0.9706564903259277,0.5040648474295855,0.989966903361239,0.9985232067510549,0.25457185886402756,0.40570889765129436,0.027131782945736434,0.7454281411359724,0.021326259946949602,0.09919854740517389,0.27182732125090897,0.17262877384573508,251,7,13859,4733
42,bearing,fedprox,pooled,3,cnn-ae,test1_bearing4,1207,259,258,18592,hard_val_p95,0.8796927034854889,0.956713980436325,0.962755823135376,0.9703819745779038,0.42788627516711364,0.988508120558367,0.994535519125683,0.2838855421686747,0.44169212100924726,0.1124031007751938,0.7161144578313253,0.039946949602122014,0.2470695825512912,0.3372956014172852,0.09022601886599402,229,29,13314,5278
42,bearing,fedprox,pooled,3,cnn-ae,test1_bearing4,1207,259,258,18592,fuzzy_warning_as_alarm_hi50,0.8796927034854889,0.956713980436325,0.962755823135376,0.9703819745779038,0.42788627516711364,0.988508120558367,0.994535519125683,0.2838855421686747,0.44169212100924726,0.1124031007751938,0.7161144578313253,0.039946949602122014,0.2470695825512912,0.3372956014172852,0.09022601886599402,229,29,13314,5278
42,bearing,fedprox,pooled,3,cnn-ae,test1_bearing4,1207,259,258,18592,fuzzy_fault_only_hi75,0.8796927034854889,0.956713980436325,0.962755823135376,0.9703819745779038,0.42788627516711364,0.988508120558367,0.9971921379863619,0.2674268502581756,0.4217490881330053,0.05426356589147287,0.7325731497418244,0.039946949602122014,0.2470695825512912,0.3372956014172852,0.09022601886599402,244,14,13620,4972
42,bearing,fedprox,adaptive,3,cnn-ae,test1_bearing4,1207,259,258,18592,hard_val_p95,0.9304576364572253,0.9624272455254123,0.9657600948490431,0.9705822745804686,0.46846459759302994,0.9894647712803513,0.9964447955757456,0.27135327022375216,0.42654829845698583,0.06976744186046512,0.7286467297762479,0.026525198938992044,0.15367721927280964,0.2847024917364786,0.13102527246366896,240,18,13547,5045
42,bearing,fedprox,adaptive,3,cnn-ae,test1_bearing4,1207,259,258,18592,fuzzy_warning_as_alarm_hi50,0.9304576364572253,0.9624272455254123,0.9657600948490431,0.9705822745804686,0.46846459759302994,0.9894647712803513,0.9964447955757456,0.27135327022375216,0.42654829845698583,0.06976744186046512,0.7286467297762479,0.026525198938992044,0.15367721927280964,0.2847024917364786,0.13102527246366896,240,18,13547,5045
42,bearing,fedprox,adaptive,3,cnn-ae,test1_bearing4,1207,259,258,18592,fuzzy_fault_only_hi75,0.9304576364572253,0.9624272455254123,0.9657600948490431,0.9705822745804686,0.46846459759302994,0.9894647712803513,0.9981296758104738,0.2583369191049914,0.4104426593744659,0.03488372093023256,0.7416630808950087,0.026525198938992044,0.15367721927280964,0.2847024917364786,0.13102527246366896,249,9,13789,4803
42,bearing,fedprox,client_specific,3,cnn-ae,test2_bearing1,552,118,118,18592,hard_val_p95,0.832602322101593,0.8483317971229554,0.8522841930389404,0.8556037759780883,0.9109686323988447,0.9991925185571894,0.9994578109115554,0.7931906196213425,0.8844573724772843,0.06779661016949153,0.20680938037865748,0.03874933190807055,0.11682203218724665,0.8121778518774392,0.6953558196901926,110,8,3845,14747
42,bearing,fedprox,client_specific,3,cnn-ae,test2_bearing1,552,118,118,18592,fuzzy_warning_as_alarm_hi50,0.832602322101593,0.8483317971229554,0.8522841930389404,0.8556037759780883,0.9109686323988447,0.9991925185571894,0.9994578109115554,0.7931906196213425,0.8844573724772843,0.06779661016949153,0.20680938037865748,0.03874933190807055,0.11682203218724665,0.8121778518774392,0.6953558196901926,110,8,3845,14747
42,bearing,fedprox,client_specific,3,cnn-ae,test2_bearing1,552,118,118,18592,fuzzy_fault_only_hi75,0.832602322101593,0.8483317971229554,0.8522841930389404,0.8556037759780883,0.9109686323988447,0.9991925185571894,0.999448466046191,0.7797439759036144,0.8760310602169381,0.06779661016949153,0.22025602409638553,0.03874933190807055,0.11682203218724665,0.8121778518774392,0.6953558196901926,110,8,4095,14497
42,bearing,fedprox,pooled,3,cnn-ae,test2_bearing1,552,118,118,18592,hard_val_p95,0.8796927034854889,0.956713980436325,0.962755823135376,0.9703819745779038,0.8227194492254732,0.9977638583654309,1.0,0.2838855421686747,0.4422287390029325,0.0,0.7161144578313253,0.03752004275788348,0.0,0.3372956014172852,0.3372956014172852,118,0,13314,5278
42,bearing,fedprox,pooled,3,cnn-ae,test2_bearing1,552,118,118,18592,fuzzy_warning_as_alarm_hi50,0.8796927034854889,0.956713980436325,0.962755823135376,0.9703819745779038,0.8227194492254732,0.9977638583654309,1.0,0.2838855421686747,0.4422287390029325,0.0,0.7161144578313253,0.03752004275788348,0.0,0.3372956014172852,0.3372956014172852,118,0,13314,5278
42,bearing,fedprox,pooled,3,cnn-ae,test2_bearing1,552,118,118,18592,fuzzy_fault_only_hi75,0.8796927034854889,0.956713980436325,0.962755823135376,0.9703819745779038,0.8227194492254732,0.9977638583654309,1.0,0.2674268502581756,0.4219996604990664,0.0,0.7325731497418244,0.03752004275788348,0.0,0.3372956014172852,0.3372956014172852,118,0,13620,4972
42,bearing,fedprox,adaptive,3,cnn-ae,test2_bearing1,552,118,118,18592,hard_val_p95,0.8449702357315144,0.8767975143851324,0.8812986868577695,0.8857493557156513,0.9061510874004493,0.9990007659081545,1.0,0.64092082616179,0.7811721515668022,0.0,0.35907917383821,0.017423837520042756,0.012054110809246218,0.6671775118288378,0.6551234010195915,118,0,6676,11916
42,bearing,fedprox,adaptive,3,cnn-ae,test2_bearing1,552,118,118,18592,fuzzy_warning_as_alarm_hi50,0.8449702357315144,0.8767975143851324,0.8812986868577695,0.8857493557156513,0.9061510874004493,0.9990007659081545,1.0,0.64092082616179,0.7811721515668022,0.0,0.35907917383821,0.017423837520042756,0.012054110809246218,0.6671775118288378,0.6551234010195915,118,0,6676,11916
42,bearing,fedprox,adaptive,3,cnn-ae,test2_bearing1,552,118,118,18592,fuzzy_fault_only_hi75,0.8449702357315144,0.8767975143851324,0.8812986868577695,0.8857493557156513,0.9061510874004493,0.9990007659081545,1.0,0.6352732358003442,0.7769627997237115,0.0,0.3647267641996558,0.017423837520042756,0.012054110809246218,0.6671775118288378,0.6551234010195915,118,0,6781,11811
42,bearing,fedprox,client_specific,3,cnn-ae,test2_bearing3,552,118,118,18592,hard_val_p95,0.9587464332580566,0.9646185278892517,0.9671167939901352,0.9690886962413788,0.4672426084483211,0.9951399896683906,0.9989858012170385,0.2648988812392427,0.41875690842615426,0.0423728813559322,0.7351011187607573,0.015339390700160343,0.10993018351244031,0.2684695660153518,0.1585393825029115,113,5,13667,4925
42,bearing,fedprox,client_specific,3,cnn-ae,test2_bearing3,552,118,118,18592,fuzzy_warning_as_alarm_hi50,0.9587464332580566,0.9646185278892517,0.9671167939901352,0.9690886962413788,0.4672426084483211,0.9951399896683906,0.9989858012170385,0.2648988812392427,0.41875690842615426,0.0423728813559322,0.7351011187607573,0.015339390700160343,0.10993018351244031,0.2684695660153518,0.1585393825029115,113,5,13667,4925
42,bearing,fedprox,client_specific,3,cnn-ae,test2_bearing3,552,118,118,18592,fuzzy_fault_only_hi75,0.9587464332580566,0.9646185278892517,0.9671167939901352,0.9690886962413788,0.4672426084483211,0.9951399896683906,0.9989620095495122,0.2588209982788296,0.411123926694861,0.0423728813559322,0.7411790017211703,0.015339390700160343,0.10993018351244031,0.2684695660153518,0.1585393825029115,113,5,13780,4812
42,bearing,fedprox,pooled,3,cnn-ae,test2_bearing3,552,118,118,18592,hard_val_p95,0.8796927034854889,0.956713980436325,0.962755823135376,0.9703819745779038,0.2964971265206103,0.9927822156085944,0.9956611960007545,0.2838855421686747,0.4418030385468547,0.19491525423728814,0.7161144578313253,0.04083377872795296,0.3741435676588388,0.3372956014172852,-0.03684796624155362,95,23,13314,5278
42,bearing,fedprox,pooled,3,cnn-ae,test2_bearing3,552,118,118,18592,fuzzy_warning_as_alarm_hi50,0.8796927034854889,0.956713980436325,0.962755823135376,0.9703819745779038,0.2964971265206103,0.9927822156085944,0.9956611960007545,0.2838855421686747,0.4418030385468547,0.19491525423728814,0.7161144578313253,0.04083377872795296,0.3741435676588388,0.3372956014172852,-0.03684796624155362,95,23,13314,5278
42,bearing,fedprox,pooled,3,cnn-ae,test2_bearing3,552,118,118,18592,fuzzy_fault_only_hi75,0.8796927034854889,0.956713980436325,0.962755823135376,0.9703819745779038,0.2964971265206103,0.9927822156085944,0.9985940951998393,0.2674268502581756,0.42187433710915956,0.059322033898305086,0.7325731497418244,0.04083377872795296,0.3741435676588388,0.3372956014172852,-0.03684796624155362,111,7,13620,4972
42,bearing,fedprox,adaptive,3,cnn-ae,test2_bearing3,552,118,118,18592,hard_val_p95,0.9437329718448276,0.9631173385270929,0.9662885817370194,0.9693343087438862,0.29829692559584586,0.9947395176295124,0.9982035928143712,0.268986660929432,0.4237776459622066,0.07627118644067797,0.731013339070568,0.020791020844468197,0.2414539615114651,0.27877064570732396,0.037316684195858874,109,9,13591,5001
42,bearing,fedprox,adaptive,3,cnn-ae,test2_bearing3,552,118,118,18592,fuzzy_warning_as_alarm_hi50,0.9437329718448276,0.9631173385270929,0.9662885817370194,0.9693343087438862,0.29829692559584586,0.9947395176295124,0.9982035928143712,0.268986660929432,0.4237776459622066,0.07627118644067797,0.731013339070568,0.020791020844468197,0.2414539615114651,0.27877064570732396,0.037316684195858874,109,9,13591,5001
42,bearing,fedprox,adaptive,3,cnn-ae,test2_bearing3,552,118,118,18592,fuzzy_fault_only_hi75,0.9437329718448276,0.9631173385270929,0.9662885817370194,0.9693343087438862,0.29829692559584586,0.9947395176295124,0.9989701338825953,0.2608648881239243,0.41369898067983113,0.0423728813559322,0.7391351118760757,0.020791020844468197,0.2414539615114651,0.27877064570732396,0.037316684195858874,113,5,13742,4850
42,bearing,fedprox,client_specific,3,cnn-ae,test3_bearing1,3542,759,759,18592,hard_val_p95,0.8232007622718811,0.8598300814628601,0.8673089921474457,0.8754430282115936,0.909052039609596,0.9951085660345285,0.9977550704443412,0.6932551635111877,0.8180894953982862,0.03820816864295125,0.3067448364888124,0.05519094620433052,0.09892639952533527,0.7331202105987351,0.6341938110733998,730,29,5703,12889
42,bearing,fedprox,client_specific,3,cnn-ae,test3_bearing1,3542,759,759,18592,fuzzy_warning_as_alarm_hi50,0.8232007622718811,0.8598300814628601,0.8673089921474457,0.8754430282115936,0.909052039609596,0.9951085660345285,0.9977550704443412,0.6932551635111877,0.8180894953982862,0.03820816864295125,0.3067448364888124,0.05519094620433052,0.09892639952533527,0.7331202105987351,0.6341938110733998,730,29,5703,12889
42,bearing,fedprox,client_specific,3,cnn-ae,test3_bearing1,3542,759,759,18592,fuzzy_fault_only_hi75,0.8232007622718811,0.8598300814628601,0.8673089921474457,0.8754430282115936,0.909052039609596,0.9951085660345285,0.9984847276497328,0.673407917383821,0.804342937907552,0.025032938076416336,0.326592082616179,0.05519094620433052,0.09892639952533527,0.7331202105987351,0.6341938110733998,740,19,6072,12520
42,bearing,fedprox,pooled,3,cnn-ae,test3_bearing1,3542,759,759,18592,hard_val_p95,0.8796927034854889,0.956713980436325,0.962755823135376,0.9703819745779038,0.8204287364024135,0.9860809534868376,1.0,0.2838855421686747,0.4422287390029325,0.0,0.7161144578313253,0.036277194977003775,0.0003906943933837522,0.3372956014172852,0.33690490702390147,759,0,13314,5278
42,bearing,fedprox,pooled,3,cnn-ae,test3_bearing1,3542,759,759,18592,fuzzy_warning_as_alarm_hi50,0.8796927034854889,0.956713980436325,0.962755823135376,0.9703819745779038,0.8204287364024135,0.9860809534868376,1.0,0.2838855421686747,0.4422287390029325,0.0,0.7161144578313253,0.036277194977003775,0.0003906943933837522,0.3372956014172852,0.33690490702390147,759,0,13314,5278
42,bearing,fedprox,pooled,3,cnn-ae,test3_bearing1,3542,759,759,18592,fuzzy_fault_only_hi75,0.8796927034854889,0.956713980436325,0.962755823135376,0.9703819745779038,0.8204287364024135,0.9860809534868376,1.0,0.2674268502581756,0.4219996604990664,0.0,0.7325731497418244,0.036277194977003775,0.0003906943933837522,0.3372956014172852,0.33690490702390147,759,0,13620,4972
42,bearing,fedprox,adaptive,3,cnn-ae,test3_bearing1,3542,759,759,18592,hard_val_p95,0.8412463291704428,0.8907782989034393,0.8977981581567298,0.9057699575244692,0.8964256234423863,0.9938663760788314,1.0,0.6004195352839932,0.7503276760208368,0.0,0.3995804647160069,0.02206604309854788,0.025416330235036394,0.6321844104382149,0.6067680802031785,759,0,7429,11163
42,bearing,fedprox,adaptive,3,cnn-ae,test3_bearing1,3542,759,759,18592,fuzzy_warning_as_alarm_hi50,0.8412463291704428,0.8907782989034393,0.8977981581567298,0.9057699575244692,0.8964256234423863,0.9938663760788314,1.0,0.6004195352839932,0.7503276760208368,0.0,0.3995804647160069,0.02206604309854788,0.025416330235036394,0.6321844104382149,0.6067680802031785,759,0,7429,11163
42,bearing,fedprox,adaptive,3,cnn-ae,test3_bearing1,3542,759,759,18592,fuzzy_fault_only_hi75,0.8412463291704428,0.8907782989034393,0.8977981581567298,0.9057699575244692,0.8964256234423863,0.9938663760788314,1.0,0.5919750430292599,0.743698898574228,0.0,0.4080249569707401,0.02206604309854788,0.025416330235036394,0.6321844104382149,0.6067680802031785,759,0,7586,11006
42,bearing,fedprox,client_specific,3,cnn-ae,test3_bearing3,3542,759,759,18592,hard_val_p95,0.907192587852478,0.9211928844451904,0.9251076102256774,0.9311492478847503,0.6461014512595837,0.9813882603008042,0.9952743199631167,0.46444707401032703,0.6333431128062198,0.05401844532279315,0.535552925989673,0.06971215957831636,0.11181050080359425,0.472251644454506,0.36044114365091173,718,41,9957,8635
42,bearing,fedprox,client_specific,3,cnn-ae,test3_bearing3,3542,759,759,18592,fuzzy_warning_as_alarm_hi50,0.907192587852478,0.9211928844451904,0.9251076102256774,0.9311492478847503,0.6461014512595837,0.9813882603008042,0.9952743199631167,0.46444707401032703,0.6333431128062198,0.05401844532279315,0.535552925989673,0.06971215957831636,0.11181050080359425,0.472251644454506,0.36044114365091173,718,41,9957,8635
42,bearing,fedprox,client_specific,3,cnn-ae,test3_bearing3,3542,759,759,18592,fuzzy_fault_only_hi75,0.907192587852478,0.9211928844451904,0.9251076102256774,0.9311492478847503,0.6461014512595837,0.9813882603008042,0.9978712747307789,0.4286252151462995,0.5996688990894725,0.022397891963109356,0.5713747848537005,0.06971215957831636,0.11181050080359425,0.472251644454506,0.36044114365091173,742,17,10623,7969
42,bearing,fedprox,pooled,3,cnn-ae,test3_bearing3,3542,759,759,18592,hard_val_p95,0.8796927034854889,0.956713980436325,0.962755823135376,0.9703819745779038,0.5658715466042601,0.9807068078502431,1.0,0.2838855421686747,0.4422287390029325,0.0,0.7161144578313253,0.036277194977003775,0.12403746261513551,0.3372956014172852,0.2132581388021497,759,0,13314,5278
42,bearing,fedprox,pooled,3,cnn-ae,test3_bearing3,3542,759,759,18592,fuzzy_warning_as_alarm_hi50,0.8796927034854889,0.956713980436325,0.962755823135376,0.9703819745779038,0.5658715466042601,0.9807068078502431,1.0,0.2838855421686747,0.4422287390029325,0.0,0.7161144578313253,0.036277194977003775,0.12403746261513551,0.3372956014172852,0.2132581388021497,759,0,13314,5278
42,bearing,fedprox,pooled,3,cnn-ae,test3_bearing3,3542,759,759,18592,fuzzy_fault_only_hi75,0.8796927034854889,0.956713980436325,0.962755823135376,0.9703819745779038,0.5658715466042601,0.9807068078502431,1.0,0.2674268502581756,0.4219996604990664,0.0,0.7325731497418244,0.036277194977003775,0.12403746261513551,0.3372956014172852,0.2132581388021497,759,0,13620,4972
42,bearing,fedprox,adaptive,3,cnn-ae,test3_bearing3,3542,759,759,18592,hard_val_p95,0.8989651459129551,0.9318201202180831,0.9363712388907188,0.9428869329124212,0.60354822735323,0.9815988677793506,0.9997060984570169,0.3659100688468158,0.5357325668386029,0.002635046113306983,0.6340899311531841,0.03121285721668131,0.09770865781531321,0.4060317087186596,0.30832305090334644,757,2,11789,6803
42,bearing,fedprox,adaptive,3,cnn-ae,test3_bearing3,3542,759,759,18592,fuzzy_warning_as_alarm_hi50,0.8989651459129551,0.9318201202180831,0.9363712388907188,0.9428869329124212,0.60354822735323,0.9815988677793506,0.9997060984570169,0.3659100688468158,0.5357325668386029,0.002635046113306983,0.6340899311531841,0.03121285721668131,0.09770865781531321,0.4060317087186596,0.30832305090334644,757,2,11789,6803
42,bearing,fedprox,adaptive,3,cnn-ae,test3_bearing3,3542,759,759,18592,fuzzy_fault_only_hi75,0.8989651459129551,0.9318201202180831,0.9363712388907188,0.9428869329124212,0.60354822735323,0.9815988677793506,1.0,0.35622848537005164,0.5253222288320444,0.0,0.6437715146299484,0.03121285721668131,0.09770865781531321,0.4060317087186596,0.30832305090334644,759,0,11969,6623
42,bearing,fedprox-personalized,client_specific,3,cnn-ae,test1_bearing1,1207,259,258,18592,hard_val_p95,0.784428596496582,0.8143541932106018,0.8223391234874725,0.8450127768516541,0.950651234506131,0.9990468617232069,0.9987656497972139,0.9139414802065404,0.9544726864204466,0.08139534883720931,0.08605851979345955,0.02843501326259947,0.106999712423634,0.9072241407938136,0.8002244283701796,237,21,1600,16992
42,bearing,fedprox-personalized,client_specific,3,cnn-ae,test1_bearing1,1207,259,258,18592,fuzzy_warning_as_alarm_hi50,0.784428596496582,0.8143541932106018,0.8223391234874725,0.8450127768516541,0.950651234506131,0.9990468617232069,0.9987656497972139,0.9139414802065404,0.9544726864204466,0.08139534883720931,0.08605851979345955,0.02843501326259947,0.106999712423634,0.9072241407938136,0.8002244283701796,237,21,1600,16992
42,bearing,fedprox-personalized,client_specific,3,cnn-ae,test1_bearing1,1207,259,258,18592,fuzzy_fault_only_hi75,0.784428596496582,0.8143541932106018,0.8223391234874725,0.8450127768516541,0.950651234506131,0.9990468617232069,0.9994573736886531,0.8916200516351118,0.9424640400250156,0.03488372093023256,0.10837994836488812,0.02843501326259947,0.106999712423634,0.9072241407938136,0.8002244283701796,249,9,2015,16577
42,bearing,fedprox-personalized,client_specific,3,cnn-ae,test1_bearing2,1207,259,258,18592,hard_val_p95,0.7234545350074768,0.755004370212555,0.7593501210212708,0.7741358315944671,0.9994859004122805,0.9999928556689845,0.9992458115606314,0.9976871772805508,0.998465886152604,0.05426356589147287,0.0023128227194492254,0.007055702917771883,0.10748009397126913,0.9955732352320822,0.8880931412608131,244,14,43,18549
42,bearing,fedprox-personalized,client_specific,3,cnn-ae,test1_bearing2,1207,259,258,18592,fuzzy_warning_as_alarm_hi50,0.7234545350074768,0.755004370212555,0.7593501210212708,0.7741358315944671,0.9994859004122805,0.9999928556689845,0.9992458115606314,0.9976871772805508,0.998465886152604,0.05426356589147287,0.0023128227194492254,0.007055702917771883,0.10748009397126913,0.9955732352320822,0.8880931412608131,244,14,43,18549
42,bearing,fedprox-personalized,client_specific,3,cnn-ae,test1_bearing2,1207,259,258,18592,fuzzy_fault_only_hi75,0.7234545350074768,0.755004370212555,0.7593501210212708,0.7741358315944671,0.9994859004122805,0.9999928556689845,0.9997833856817936,0.9930077452667814,0.9963840466296077,0.015503875968992248,0.006992254733218589,0.007055702917771883,0.10748009397126913,0.9955732352320822,0.8880931412608131,254,4,130,18462
42,bearing,fedprox-personalized,client_specific,3,cnn-ae,test1_bearing3,1207,259,258,18592,hard_val_p95,0.9492841958999634,0.961376404762268,0.9646640062332154,0.9662950801849365,0.4649640922493963,0.9899126613244164,0.9985844287158746,0.26559810671256456,0.41959468071546924,0.027131782945736434,0.7344018932874354,0.022705570291777187,0.10805012386912849,0.2759494463392017,0.16789932247007322,251,7,13654,4938
42,bearing,fedprox-personalized,client_specific,3,cnn-ae,test1_bearing3,1207,259,258,18592,fuzzy_warning_as_alarm_hi50,0.9492841958999634,0.961376404762268,0.9646640062332154,0.9662950801849365,0.4649640922493963,0.9899126613244164,0.9985844287158746,0.26559810671256456,0.41959468071546924,0.027131782945736434,0.7344018932874354,0.022705570291777187,0.10805012386912849,0.2759494463392017,0.16789932247007322,251,7,13654,4938
42,bearing,fedprox-personalized,client_specific,3,cnn-ae,test1_bearing3,1207,259,258,18592,fuzzy_fault_only_hi75,0.9492841958999634,0.961376404762268,0.9646640062332154,0.9662950801849365,0.4649640922493963,0.9899126613244164,0.9989690721649485,0.2605959552495697,0.41336063475812646,0.01937984496124031,0.7394040447504303,0.022705570291777187,0.10805012386912849,0.2759494463392017,0.16789932247007322,253,5,13747,4845
42,bearing,fedprox-personalized,client_specific,3,cnn-ae,test1_bearing4,1207,259,258,18592,hard_val_p95,0.9420453310012817,0.9545436859130859,0.9558942973613739,0.960702657699585,0.5572474699462301,0.9909688089821869,0.9981733643307871,0.32331110154905335,0.4884212236938328,0.04263565891472868,0.6766888984509466,0.014960212201591511,0.09195867450618933,0.330274549390673,0.2383158748844837,247,11,12581,6011
42,bearing,fedprox-personalized,client_specific,3,cnn-ae,test1_bearing4,1207,259,258,18592,fuzzy_warning_as_alarm_hi50,0.9420453310012817,0.9545436859130859,0.9558942973613739,0.960702657699585,0.5572474699462301,0.9909688089821869,0.9981733643307871,0.32331110154905335,0.4884212236938328,0.04263565891472868,0.6766888984509466,0.014960212201591511,0.09195867450618933,0.330274549390673,0.2383158748844837,247,11,12581,6011
42,bearing,fedprox-personalized,client_specific,3,cnn-ae,test1_bearing4,1207,259,258,18592,fuzzy_fault_only_hi75,0.9420453310012817,0.9545436859130859,0.9558942973613739,0.960702657699585,0.5572474699462301,0.9909688089821869,0.9993157714676703,0.31422117039586916,0.4781078648007202,0.015503875968992248,0.6857788296041308,0.014960212201591511,0.09195867450618933,0.330274549390673,0.2383158748844837,254,4,12750,5842
42,bearing,fedprox-personalized,client_specific,3,cnn-ae,test2_bearing1,552,118,118,18592,hard_val_p95,0.8307172656059265,0.8458497762680054,0.853350755572319,0.8563956928253174,0.9519517233583245,0.9996164381029444,0.9999361389616195,0.8421901893287436,0.9143090712679922,0.00847457627118644,0.15780981067125646,0.05558524853019776,0.08894369137503044,0.8650566525729131,0.7761129611978826,117,1,2934,15658
42,bearing,fedprox-personalized,client_specific,3,cnn-ae,test2_bearing1,552,118,118,18592,fuzzy_warning_as_alarm_hi50,0.8307172656059265,0.8458497762680054,0.853350755572319,0.8563956928253174,0.9519517233583245,0.9996164381029444,0.9999361389616195,0.8421901893287436,0.9143090712679922,0.00847457627118644,0.15780981067125646,0.05558524853019776,0.08894369137503044,0.8650566525729131,0.7761129611978826,117,1,2934,15658
42,bearing,fedprox-personalized,client_specific,3,cnn-ae,test2_bearing1,552,118,118,18592,fuzzy_fault_only_hi75,0.8307172656059265,0.8458497762680054,0.853350755572319,0.8563956928253174,0.9519517233583245,0.9996164381029444,0.9999352541275494,0.8306798623063684,0.9074830331697858,0.00847457627118644,0.16932013769363166,0.05558524853019776,0.08894369137503044,0.8650566525729131,0.7761129611978826,117,1,3148,15444
42,bearing,fedprox-personalized,client_specific,3,cnn-ae,test2_bearing3,552,118,118,18592,hard_val_p95,0.9417411684989929,0.9574270486831665,0.9626880258321762,0.9653187030553818,0.48989336583622634,0.9955190928368933,0.9988984762254453,0.2926527538726334,0.4526810599442572,0.05084745762711865,0.7073472461273667,0.028006413682522716,0.135328612580983,0.30622617694111653,0.17089756436013354,112,6,13151,5441
42,bearing,fedprox-personalized,client_specific,3,cnn-ae,test2_bearing3,552,118,118,18592,fuzzy_warning_as_alarm_hi50,0.9417411684989929,0.9574270486831665,0.9626880258321762,0.9653187030553818,0.48989336583622634,0.9955190928368933,0.9988984762254453,0.2926527538726334,0.4526810599442572,0.05084745762711865,0.7073472461273667,0.028006413682522716,0.135328612580983,0.30622617694111653,0.17089756436013354,112,6,13151,5441
42,bearing,fedprox-personalized,client_specific,3,cnn-ae,test2_bearing3,552,118,118,18592,fuzzy_fault_only_hi75,0.9417411684989929,0.9574270486831665,0.9626880258321762,0.9653187030553818,0.48989336583622634,0.9955190928368933,0.999247554552295,0.2857142857142857,0.44437008532708716,0.03389830508474576,0.7142857142857143,0.028006413682522716,0.135328612580983,0.30622617694111653,0.17089756436013354,114,4,13280,5312
42,bearing,fedprox-personalized,client_specific,3,cnn-ae,test3_bearing1,3542,759,759,18592,hard_val_p95,0.817883312702179,0.8586451292037964,0.8667310178279877,0.8747576725482941,0.9386185339891469,0.9967958670135455,0.9980604841606207,0.7473106712564543,0.8546735152093009,0.03557312252964427,0.2526893287435456,0.041754948064699496,0.09484033207576116,0.7868829027052323,0.6920425706294712,732,27,4698,13894
42,bearing,fedprox-personalized,client_specific,3,cnn-ae,test3_bearing1,3542,759,759,18592,fuzzy_warning_as_alarm_hi50,0.817883312702179,0.8586451292037964,0.8667310178279877,0.8747576725482941,0.9386185339891469,0.9967958670135455,0.9980604841606207,0.7473106712564543,0.8546735152093009,0.03557312252964427,0.2526893287435456,0.041754948064699496,0.09484033207576116,0.7868829027052323,0.6920425706294712,732,27,4698,13894
42,bearing,fedprox-personalized,client_specific,3,cnn-ae,test3_bearing1,3542,759,759,18592,fuzzy_fault_only_hi75,0.817883312702179,0.8586451292037964,0.8667310178279877,0.8747576725482941,0.9386185339891469,0.9967958670135455,0.998978102189781,0.7361230636833046,0.8476402824228911,0.01844532279314888,0.26387693631669534,0.041754948064699496,0.09484033207576116,0.7868829027052323,0.6920425706294712,745,14,4906,13686
42,bearing,fedprox-personalized,client_specific,3,cnn-ae,test3_bearing3,3542,759,759,18592,hard_val_p95,0.8570160269737244,0.895208728313446,0.9021365463733674,0.914541264772415,0.7475783285598635,0.9858309792428104,0.9954407294832827,0.5284530981067126,0.6903942098236244,0.05928853754940711,0.47154690189328746,0.05932509947806315,0.1100131844051704,0.5467631536700951,0.4367499692649247,714,45,8767,9825
42,bearing,fedprox-personalized,client_specific,3,cnn-ae,test3_bearing3,3542,759,759,18592,fuzzy_warning_as_alarm_hi50,0.8570160269737244,0.895208728313446,0.9021365463733674,0.914541264772415,0.7475783285598635,0.9858309792428104,0.9954407294832827,0.5284530981067126,0.6903942098236244,0.05928853754940711,0.47154690189328746,0.05932509947806315,0.1100131844051704,0.5467631536700951,0.4367499692649247,714,45,8767,9825
42,bearing,fedprox-personalized,client_specific,3,cnn-ae,test3_bearing3,3542,759,759,18592,fuzzy_fault_only_hi75,0.8570160269737244,0.895208728313446,0.9021365463733674,0.914541264772415,0.7475783285598635,0.9858309792428104,0.9973013816925734,0.496934165232358,0.6633400344629523,0.03293807641633729,0.503065834767642,0.05932509947806315,0.1100131844051704,0.5467631536700951,0.4367499692649247,734,25,9353,9239
42,bearing,fedbn,client_specific,1,cnn-ae,test1_bearing1,1207,259,258,18592,hard_val_p95,0.9583240151405334,0.9742159605026245,0.9820777535438537,0.9972982740402221,0.9537162353733872,0.99904885221689,0.9993227851997784,0.8730636833046471,0.9319362709918185,0.04263565891472868,0.12693631669535285,0.09771883289124668,0.09544611047210547,0.8667341770354778,0.7712880665633723,247,11,2360,16232
42,bearing,fedbn,client_specific,1,cnn-ae,test1_bearing1,1207,259,258,18592,fuzzy_warning_as_alarm_hi50,0.9583240151405334,0.9742159605026245,0.9820777535438537,0.9972982740402221,0.9537162353733872,0.99904885221689,0.9993227851997784,0.8730636833046471,0.9319362709918185,0.04263565891472868,0.12693631669535285,0.09771883289124668,0.09544611047210547,0.8667341770354778,0.7712880665633723,247,11,2360,16232
42,bearing,fedbn,client_specific,1,cnn-ae,test1_bearing1,1207,259,258,18592,fuzzy_fault_only_hi75,0.9583240151405334,0.9742159605026245,0.9820777535438537,0.9972982740402221,0.9537162353733872,0.99904885221689,0.9994711792702274,0.8132530120481928,0.896797153024911,0.031007751937984496,0.18674698795180722,0.09771883289124668,0.09544611047210547,0.8667341770354778,0.7712880665633723,250,8,3472,15120
42,bearing,fedbn,pooled,1,cnn-ae,test1_bearing1,1207,259,258,18592,hard_val_p95,0.9375909566879272,1.030191671848297,1.034948033094406,1.040222933292389,0.9600460604877984,0.999376767524955,1.0,0.022429001721170395,0.04387395444263244,0.0,0.9775709982788297,0.041591511936339524,0.08204683972378861,0.22031797929131147,0.13827113956752285,258,0,18175,417
42,bearing,fedbn,pooled,1,cnn-ae,test1_bearing1,1207,259,258,18592,fuzzy_warning_as_alarm_hi50,0.9375909566879272,1.030191671848297,1.034948033094406,1.040222933292389,0.9600460604877984,0.999376767524955,1.0,0.022429001721170395,0.04387395444263244,0.0,0.9775709982788297,0.041591511936339524,0.08204683972378861,0.22031797929131147,0.13827113956752285,258,0,18175,417
42,bearing,fedbn,pooled,1,cnn-ae,test1_bearing1,1207,259,258,18592,fuzzy_fault_only_hi75,0.9375909566879272,1.030191671848297,1.034948033094406,1.040222933292389,0.9600460604877984,0.999376767524955,1.0,0.01355421686746988,0.02674591381872214,0.0,0.9864457831325302,0.041591511936339524,0.08204683972378861,0.22031797929131147,0.13827113956752285,258,0,18340,252
42,bearing,fedbn,adaptive,1,cnn-ae,test1_bearing1,1207,259,258,18592,hard_val_p95,0.9517720457887877,0.9919051570105768,0.9987855852429394,1.0108631348395691,0.9590645597339523,0.9992880406342508,0.9997811177586459,0.7370374354561101,0.8485355130348629,0.011627906976744186,0.26296256454388983,0.11771883289124668,0.07669529646428433,0.7530945907183029,0.6763992942540186,255,3,4889,13703
42,bearing,fedbn,adaptive,1,cnn-ae,test1_bearing1,1207,259,258,18592,fuzzy_warning_as_alarm_hi50,0.9517720457887877,0.9919051570105768,0.9987855852429394,1.0108631348395691,0.9590645597339523,0.9992880406342508,0.9997811177586459,0.7370374354561101,0.8485355130348629,0.011627906976744186,0.26296256454388983,0.11771883289124668,0.07669529646428433,0.7530945907183029,0.6763992942540186,255,3,4889,13703
42,bearing,fedbn,adaptive,1,cnn-ae,test1_bearing1,1207,259,258,18592,fuzzy_fault_only_hi75,0.9517720457887877,0.9919051570105768,0.9987855852429394,1.0108631348395691,0.9590645597339523,0.9992880406342508,0.9998395121168352,0.6701807228915663,0.8024731113544149,0.007751937984496124,0.32981927710843373,0.11771883289124668,0.07669529646428433,0.7530945907183029,0.6763992942540186,256,2,6132,12460
42,bearing,fedbn,client_specific,1,cnn-ae,test1_bearing2,1207,259,258,18592,hard_val_p95,0.8973559141159058,0.9282237648963928,0.9387732326984406,0.9532573521137236,0.9930111851058719,0.9998714444741981,0.9996090695856138,0.9627259036144579,0.9808208668968162,0.027131782945736434,0.03727409638554217,0.03193633952254642,0.08415415179974792,0.9622101582417009,0.8780560064419529,251,7,693,17899
42,bearing,fedbn,client_specific,1,cnn-ae,test1_bearing2,1207,259,258,18592,fuzzy_warning_as_alarm_hi50,0.8973559141159058,0.9282237648963928,0.9387732326984406,0.9532573521137236,0.9930111851058719,0.9998714444741981,0.9996090695856138,0.9627259036144579,0.9808208668968162,0.027131782945736434,0.03727409638554217,0.03193633952254642,0.08415415179974792,0.9622101582417009,0.8780560064419529,251,7,693,17899
42,bearing,fedbn,client_specific,1,cnn-ae,test1_bearing2,1207,259,258,18592,fuzzy_fault_only_hi75,0.8973559141159058,0.9282237648963928,0.9387732326984406,0.9532573521137236,0.9930111851058719,0.9998714444741981,0.9998861696072852,0.9449225473321858,0.971627675460428,0.007751937984496124,0.055077452667814115,0.03193633952254642,0.08415415179974792,0.9622101582417009,0.8780560064419529,256,2,1024,17568
42,bearing,fedbn,pooled,1,cnn-ae,test1_bearing2,1207,259,258,18592,hard_val_p95,0.9375909566879272,1.030191671848297,1.034948033094406,1.040222933292389,0.9812248370558647,0.9995125677792234,1.0,0.011187607573149742,0.022127659574468085,0.0,0.9888123924268503,0.013740053050397877,0.0011330821739513027,0.1910167048837825,0.1898836227098312,258,0,18384,208
42,bearing,fedbn,pooled,1,cnn-ae,test1_bearing2,1207,259,258,18592,fuzzy_warning_as_alarm_hi50,0.9375909566879272,1.030191671848297,1.034948033094406,1.040222933292389,0.9812248370558647,0.9995125677792234,1.0,0.011187607573149742,0.022127659574468085,0.0,0.9888123924268503,0.013740053050397877,0.0011330821739513027,0.1910167048837825,0.1898836227098312,258,0,18384,208
42,bearing,fedbn,pooled,1,cnn-ae,test1_bearing2,1207,259,258,18592,fuzzy_fault_only_hi75,0.9375909566879272,1.030191671848297,1.034948033094406,1.040222933292389,0.9812248370558647,0.9995125677792234,1.0,0.007583907056798623,0.015053648641434901,0.0,0.9924160929432013,0.013740053050397877,0.0011330821739513027,0.1910167048837825,0.1898836227098312,258,0,18451,141
42,bearing,fedbn,adaptive,1,cnn-ae,test1_bearing2,1207,259,258,18592,hard_val_p95,0.9113239536876011,0.963623050402246,0.9721613772574051,0.9834484144719821,0.9933445367850138,0.9998847875991672,0.999934322868777,0.8189006024096386,0.900408066710036,0.003875968992248062,0.18109939759036145,0.07421750663129974,0.023617016873206297,0.8425714538971462,0.8189544370239399,257,1,3367,15225
42,bearing,fedbn,adaptive,1,cnn-ae,test1_bearing2,1207,259,258,18592,fuzzy_warning_as_alarm_hi50,0.9113239536876011,0.963623050402246,0.9721613772574051,0.9834484144719821,0.9933445367850138,0.9998847875991672,0.999934322868777,0.8189006024096386,0.900408066710036,0.003875968992248062,0.18109939759036145,0.07421750663129974,0.023617016873206297,0.8425714538971462,0.8189544370239399,257,1,3367,15225
42,bearing,fedbn,adaptive,1,cnn-ae,test1_bearing2,1207,259,258,18592,fuzzy_fault_only_hi75,0.9113239536876011,0.963623050402246,0.9721613772574051,0.9834484144719821,0.9933445367850138,0.9998847875991672,0.9999317406143344,0.7879195352839932,0.8813549124601407,0.003875968992248062,0.2120804647160069,0.07421750663129974,0.023617016873206297,0.8425714538971462,0.8189544370239399,257,1,3943,14649
42,bearing,fedbn,client_specific,1,cnn-ae,test1_bearing3,1207,259,258,18592,hard_val_p95,1.0350286960601807,1.0404755115509032,1.0416858792304993,1.0441882085800172,0.5830694038612925,0.9899405108046937,0.9958115183246073,0.10230206540447505,0.1855428738659643,0.031007751937984496,0.8976979345955249,0.0940053050397878,0.08756810708250222,0.15980172487213914,0.07223361778963693,250,8,16690,1902
42,bearing,fedbn,client_specific,1,cnn-ae,test1_bearing3,1207,259,258,18592,fuzzy_warning_as_alarm_hi50,1.0350286960601807,1.0404755115509032,1.0416858792304993,1.0441882085800172,0.5830694038612925,0.9899405108046937,0.9958115183246073,0.10230206540447505,0.1855428738659643,0.031007751937984496,0.8976979345955249,0.0940053050397878,0.08756810708250222,0.15980172487213914,0.07223361778963693,250,8,16690,1902
42,bearing,fedbn,client_specific,1,cnn-ae,test1_bearing3,1207,259,258,18592,fuzzy_fault_only_hi75,1.0350286960601807,1.0404755115509032,1.0416858792304993,1.0441882085800172,0.5830694038612925,0.9899405108046937,0.9964539007092199,0.06045611015490534,0.11399594320486815,0.015503875968992248,0.9395438898450946,0.0940053050397878,0.08756810708250222,0.15980172487213914,0.07223361778963693,254,4,17468,1124
42,bearing,fedbn,pooled,1,cnn-ae,test1_bearing3,1207,259,258,18592,hard_val_p95,0.9375909566879272,1.030191671848297,1.034948033094406,1.040222933292389,0.5851703116452521,0.9902865628224973,0.9887367873852019,0.6138123924268503,0.7574168713081569,0.5038759689922481,0.38618760757314974,0.536604774535809,0.5496276005314275,0.6290306052491466,0.0794030047177191,128,130,7180,11412
42,bearing,fedbn,pooled,1,cnn-ae,test1_bearing3,1207,259,258,18592,fuzzy_warning_as_alarm_hi50,0.9375909566879272,1.030191671848297,1.034948033094406,1.040222933292389,0.5851703116452521,0.9902865628224973,0.9887367873852019,0.6138123924268503,0.7574168713081569,0.5038759689922481,0.38618760757314974,0.536604774535809,0.5496276005314275,0.6290306052491466,0.0794030047177191,128,130,7180,11412
42,bearing,fedbn,pooled,1,cnn-ae,test1_bearing3,1207,259,258,18592,fuzzy_fault_only_hi75,0.9375909566879272,1.030191671848297,1.034948033094406,1.040222933292389,0.5851703116452521,0.9902865628224973,0.9905273575569066,0.376828743545611,0.5459575297097214,0.2596899224806202,0.623171256454389,0.536604774535809,0.5496276005314275,0.6290306052491466,0.0794030047177191,191,67,11586,7006
42,bearing,fedbn,adaptive,1,cnn-ae,test1_bearing3,1207,259,258,18592,hard_val_p95,1.0181422023657318,1.0386932658275154,1.0405181736061249,1.0435010046632116,0.5861991362459806,0.9904555843695084,0.9950787401574803,0.16313468158347677,0.2803142329020333,0.05813953488372093,0.8368653184165232,0.18419098143236073,0.24538711064704521,0.31807302742224236,0.07268591677519715,243,15,15559,3033
42,bearing,fedbn,adaptive,1,cnn-ae,test1_bearing3,1207,259,258,18592,fuzzy_warning_as_alarm_hi50,1.0181422023657318,1.0386932658275154,1.0405181736061249,1.0435010046632116,0.5861991362459806,0.9904555843695084,0.9950787401574803,0.16313468158347677,0.2803142329020333,0.05813953488372093,0.8368653184165232,0.18419098143236073,0.24538711064704521,0.31807302742224236,0.07268591677519715,243,15,15559,3033
42,bearing,fedbn,adaptive,1,cnn-ae,test1_bearing3,1207,259,258,18592,fuzzy_fault_only_hi75,1.0181422023657318,1.0386932658275154,1.0405181736061249,1.0435010046632116,0.5861991362459806,0.9904555843695084,0.9958432304038005,0.0902000860585198,0.16541724205957783,0.027131782945736434,0.9097999139414802,0.18419098143236073,0.24538711064704521,0.31807302742224236,0.07268591677519715,251,7,16915,1677
42,bearing,fedbn,client_specific,1,cnn-ae,test1_bearing4,1207,259,258,18592,hard_val_p95,1.027230143547058,1.0316566467285155,1.0334413170814514,1.0363095498085022,0.5946365403474363,0.989833708652288,0.9927470534904805,0.11779259896729777,0.21059717280507742,0.06201550387596899,0.8822074010327022,0.12557029177718834,0.10040750437414392,0.1711437713337372,0.07073626695959329,242,16,16402,2190
42,bearing,fedbn,client_specific,1,cnn-ae,test1_bearing4,1207,259,258,18592,fuzzy_warning_as_alarm_hi50,1.027230143547058,1.0316566467285155,1.0334413170814514,1.0363095498085022,0.5946365403474363,0.989833708652288,0.9927470534904805,0.11779259896729777,0.21059717280507742,0.06201550387596899,0.8822074010327022,0.12557029177718834,0.10040750437414392,0.1711437713337372,0.07073626695959329,242,16,16402,2190
42,bearing,fedbn,client_specific,1,cnn-ae,test1_bearing4,1207,259,258,18592,fuzzy_fault_only_hi75,1.027230143547058,1.0316566467285155,1.0334413170814514,1.0363095498085022,0.5946365403474363,0.989833708652288,0.9944620253164557,0.06760972461273666,0.1266116035455278,0.027131782945736434,0.9323902753872634,0.12557029177718834,0.10040750437414392,0.1711437713337372,0.07073626695959329,251,7,17335,1257
42,bearing,fedbn,pooled,1,cnn-ae,test1_bearing4,1207,259,258,18592,hard_val_p95,0.9375909566879272,1.030191671848297,1.034948033094406,1.040222933292389,0.6064716715700009,0.9906831226111934,0.9942903752039152,0.065565834767642,0.12301947724291049,0.027131782945736434,0.934434165232358,0.29336870026525197,0.2600307926630306,0.2886977188890063,0.02866692622597572,251,7,17373,1219
42,bearing,fedbn,pooled,1,cnn-ae,test1_bearing4,1207,259,258,18592,fuzzy_warning_as_alarm_hi50,0.9375909566879272,1.030191671848297,1.034948033094406,1.040222933292389,0.6064716715700009,0.9906831226111934,0.9942903752039152,0.065565834767642,0.12301947724291049,0.027131782945736434,0.934434165232358,0.29336870026525197,0.2600307926630306,0.2886977188890063,0.02866692622597572,251,7,17373,1219
42,bearing,fedbn,pooled,1,cnn-ae,test1_bearing4,1207,259,258,18592,fuzzy_fault_only_hi75,0.9375909566879272,1.030191671848297,1.034948033094406,1.040222933292389,0.6064716715700009,0.9906831226111934,1.0,0.016673838209982788,0.03280076182414559,0.0,0.9833261617900172,0.29336870026525197,0.2600307926630306,0.2886977188890063,0.02866692622597572,258,0,18282,310
42,bearing,fedbn,adaptive,1,cnn-ae,test1_bearing4,1207,259,258,18592,hard_val_p95,1.0114601414877156,1.0313989172946885,1.0337063899302767,1.0369980217565675,0.6064716715700009,0.9906831226111934,0.9925187032418953,0.10703528399311532,0.19323202408117687,0.05813953488372093,0.8929647160068847,0.1687002652519894,0.23285536843647864,0.2788609911098868,0.046005622673408186,243,15,16602,1990
42,bearing,fedbn,adaptive,1,cnn-ae,test1_bearing4,1207,259,258,18592,fuzzy_warning_as_alarm_hi50,1.0114601414877156,1.0313989172946885,1.0337063899302767,1.0369980217565675,0.6064716715700009,0.9906831226111934,0.9925187032418953,0.10703528399311532,0.19323202408117687,0.05813953488372093,0.8929647160068847,0.1687002652519894,0.23285536843647864,0.2788609911098868,0.046005622673408186,243,15,16602,1990
42,bearing,fedbn,adaptive,1,cnn-ae,test1_bearing4,1207,259,258,18592,fuzzy_fault_only_hi75,1.0114601414877156,1.0313989172946885,1.0337063899302767,1.0369980217565675,0.6064716715700009,0.9906831226111934,0.9960513326752222,0.05427065404475043,0.10293292527416475,0.015503875968992248,0.9457293459552496,0.1687002652519894,0.23285536843647864,0.2788609911098868,0.046005622673408186,254,4,17583,1009
42,bearing,fedbn,client_specific,1,cnn-ae,test2_bearing1,552,118,118,18592,hard_val_p95,1.0196044445037842,1.0239221096038817,1.024665081501007,1.0257938182353974,0.4947724463228216,0.9927581582947254,0.9880073800738007,0.05760542168674699,0.10886359016060175,0.11016949152542373,0.942394578313253,0.048209513629075364,0.15202074418841569,0.11818252612740711,-0.033838218061008576,105,13,17521,1071
42,bearing,fedbn,client_specific,1,cnn-ae,test2_bearing1,552,118,118,18592,fuzzy_warning_as_alarm_hi50,1.0196044445037842,1.0239221096038817,1.024665081501007,1.0257938182353974,0.4947724463228216,0.9927581582947254,0.9880073800738007,0.05760542168674699,0.10886359016060175,0.11016949152542373,0.942394578313253,0.048209513629075364,0.15202074418841569,0.11818252612740711,-0.033838218061008576,105,13,17521,1071
42,bearing,fedbn,client_specific,1,cnn-ae,test2_bearing1,552,118,118,18592,fuzzy_fault_only_hi75,1.0196044445037842,1.0239221096038817,1.024665081501007,1.0257938182353974,0.4947724463228216,0.9927581582947254,0.9891891891891892,0.03937177280550774,0.07572936064556177,0.06779661016949153,0.9606282271944923,0.048209513629075364,0.15202074418841569,0.11818252612740711,-0.033838218061008576,110,8,17860,732
42,bearing,fedbn,pooled,1,cnn-ae,test2_bearing1,552,118,118,18592,hard_val_p95,0.9375909566879272,1.030191671848297,1.034948033094406,1.040222933292389,0.52074429679979,0.9928307037400234,0.0,0.0,0.0,0.0,1.0,0.00021378941742383753,0.22889748447793704,0.22922064998224448,0.0003231655043074433,118,0,18592,0
42,bearing,fedbn,pooled,1,cnn-ae,test2_bearing1,552,118,118,18592,fuzzy_warning_as_alarm_hi50,0.9375909566879272,1.030191671848297,1.034948033094406,1.040222933292389,0.52074429679979,0.9928307037400234,0.0,0.0,0.0,0.0,1.0,0.00021378941742383753,0.22889748447793704,0.22922064998224448,0.0003231655043074433,118,0,18592,0
42,bearing,fedbn,pooled,1,cnn-ae,test2_bearing1,552,118,118,18592,fuzzy_fault_only_hi75,0.9375909566879272,1.030191671848297,1.034948033094406,1.040222933292389,0.52074429679979,0.9928307037400234,0.0,0.0,0.0,0.0,1.0,0.00021378941742383753,0.22889748447793704,0.22922064998224448,0.0003231655043074433,118,0,18592,0
42,bearing,fedbn,adaptive,1,cnn-ae,test2_bearing1,552,118,118,18592,hard_val_p95,1.0048314934256422,1.0250514352646325,1.026517332208467,1.0283929103666383,0.5207556922605677,0.9928623145790025,0.9816176470588235,0.014361015490533563,0.028307888040712468,0.0423728813559322,0.9856389845094664,0.03527525387493319,0.22998983969582668,0.21376503263022825,-0.016224807065598423,113,5,18325,267
42,bearing,fedbn,adaptive,1,cnn-ae,test2_bearing1,552,118,118,18592,fuzzy_warning_as_alarm_hi50,1.0048314934256422,1.0250514352646325,1.026517332208467,1.0283929103666383,0.5207556922605677,0.9928623145790025,0.9816176470588235,0.014361015490533563,0.028307888040712468,0.0423728813559322,0.9856389845094664,0.03527525387493319,0.22998983969582668,0.21376503263022825,-0.016224807065598423,113,5,18325,267
42,bearing,fedbn,adaptive,1,cnn-ae,test2_bearing1,552,118,118,18592,fuzzy_fault_only_hi75,1.0048314934256422,1.0250514352646325,1.026517332208467,1.0283929103666383,0.5207556922605677,0.9928623145790025,0.968,0.0065081755593803785,0.012929422450178982,0.03389830508474576,0.9934918244406197,0.03527525387493319,0.22998983969582668,0.21376503263022825,-0.016224807065598423,114,4,18471,121
42,bearing,fedbn,client_specific,1,cnn-ae,test2_bearing3,552,118,118,18592,hard_val_p95,1.020510733127594,1.0243253827095031,1.0251136541366577,1.0258194839954375,0.5326696465036903,0.99438172748499,0.9957356076759062,0.025118330464716006,0.04900057709459105,0.01694915254237288,0.974881669535284,0.02506680919294495,0.05810366010426544,0.07570807523919548,0.017604415134930045,116,2,18125,467
42,bearing,fedbn,client_specific,1,cnn-ae,test2_bearing3,552,118,118,18592,fuzzy_warning_as_alarm_hi50,1.020510733127594,1.0243253827095031,1.0251136541366577,1.0258194839954375,0.5326696465036903,0.99438172748499,0.9957356076759062,0.025118330464716006,0.04900057709459105,0.01694915254237288,0.974881669535284,0.02506680919294495,0.05810366010426544,0.07570807523919548,0.017604415134930045,116,2,18125,467
42,bearing,fedbn,client_specific,1,cnn-ae,test2_bearing3,552,118,118,18592,fuzzy_fault_only_hi75,1.020510733127594,1.0243253827095031,1.0251136541366577,1.0258194839954375,0.5326696465036903,0.99438172748499,0.9971014492753624,0.018502581755593803,0.036330992237418806,0.00847457627118644,0.9814974182444062,0.02506680919294495,0.05810366010426544,0.07570807523919548,0.017604415134930045,117,1,18248,344
42,bearing,fedbn,pooled,1,cnn-ae,test2_bearing3,552,118,118,18592,hard_val_p95,0.9375909566879272,1.030191671848297,1.034948033094406,1.040222933292389,0.5283457528661863,0.9944871741409265,0.0,0.0,0.0,0.0,1.0,5.344735435595938e-05,0.2291373211457788,0.22952758418628805,0.00039026304050923666,118,0,18592,0
42,bearing,fedbn,pooled,1,cnn-ae,test2_bearing3,552,118,118,18592,fuzzy_warning_as_alarm_hi50,0.9375909566879272,1.030191671848297,1.034948033094406,1.040222933292389,0.5283457528661863,0.9944871741409265,0.0,0.0,0.0,0.0,1.0,5.344735435595938e-05,0.2291373211457788,0.22952758418628805,0.00039026304050923666,118,0,18592,0
42,bearing,fedbn,pooled,1,cnn-ae,test2_bearing3,552,118,118,18592,fuzzy_fault_only_hi75,0.9375909566879272,1.030191671848297,1.034948033094406,1.040222933292389,0.5283457528661863,0.9944871741409265,0.0,0.0,0.0,0.0,1.0,5.344735435595938e-05,0.2291373211457788,0.22952758418628805,0.00039026304050923666,118,0,18592,0
42,bearing,fedbn,adaptive,1,cnn-ae,test2_bearing3,552,118,118,18592,hard_val_p95,1.0066941140507235,1.0253028610133004,1.0267523207340727,1.0282194780725296,0.5283457528661863,0.9944871741409262,1.0,0.0048407917383821,0.009634942725618241,0.0,0.9951592082616179,0.01721004810261892,0.1991023845303894,0.20364874391581952,0.004546359385430132,118,0,18502,90
42,bearing,fedbn,adaptive,1,cnn-ae,test2_bearing3,552,118,118,18592,fuzzy_warning_as_alarm_hi50,1.0066941140507235,1.0253028610133004,1.0267523207340727,1.0282194780725296,0.5283457528661863,0.9944871741409262,1.0,0.0048407917383821,0.009634942725618241,0.0,0.9951592082616179,0.01721004810261892,0.1991023845303894,0.20364874391581952,0.004546359385430132,118,0,18502,90
42,bearing,fedbn,adaptive,1,cnn-ae,test2_bearing3,552,118,118,18592,fuzzy_fault_only_hi75,1.0066941140507235,1.0253028610133004,1.0267523207340727,1.0282194780725296,0.5283457528661863,0.9944871741409262,1.0,0.0023128227194492254,0.004614971827206869,0.0,0.9976871772805508,0.01721004810261892,0.1991023845303894,0.20364874391581952,0.004546359385430132,118,0,18549,43
42,bearing,fedbn,client_specific,1,cnn-ae,test3_bearing1,3542,759,759,18592,hard_val_p95,0.8572651147842407,0.8945960283279419,0.9045998692512512,0.9240794634819031,0.9377146856766422,0.9966909826070371,0.9973703241075538,0.8159961273666093,0.8976126379315446,0.052700922266139656,0.1840038726333907,0.03663893338845538,0.10640858150175483,0.8361479182203968,0.729739336718642,719,40,3421,15171
42,bearing,fedbn,client_specific,1,cnn-ae,test3_bearing1,3542,759,759,18592,fuzzy_warning_as_alarm_hi50,0.8572651147842407,0.8945960283279419,0.9045998692512512,0.9240794634819031,0.9377146856766422,0.9966909826070371,0.9973703241075538,0.8159961273666093,0.8976126379315446,0.052700922266139656,0.1840038726333907,0.03663893338845538,0.10640858150175483,0.8361479182203968,0.729739336718642,719,40,3421,15171
42,bearing,fedbn,client_specific,1,cnn-ae,test3_bearing1,3542,759,759,18592,fuzzy_fault_only_hi75,0.8572651147842407,0.8945960283279419,0.9045998692512512,0.9240794634819031,0.9377146856766422,0.9966909826070371,0.998592210229939,0.8012048192771084,0.889074576979319,0.02766798418972332,0.19879518072289157,0.03663893338845538,0.10640858150175483,0.8361479182203968,0.729739336718642,738,21,3696,14896
42,bearing,fedbn,pooled,1,cnn-ae,test3_bearing1,3542,759,759,18592,hard_val_p95,0.9375909566879272,1.030191671848297,1.034948033094406,1.040222933292389,0.8754618984123961,0.9903041852108979,0.0,0.0,0.0,0.0,1.0,0.0002067076636866312,0.0003056688269694081,0.1202393926444636,0.11993372381749419,759,0,18592,0
42,bearing,fedbn,pooled,1,cnn-ae,test3_bearing1,3542,759,759,18592,fuzzy_warning_as_alarm_hi50,0.9375909566879272,1.030191671848297,1.034948033094406,1.040222933292389,0.8754618984123961,0.9903041852108979,0.0,0.0,0.0,0.0,1.0,0.0002067076636866312,0.0003056688269694081,0.1202393926444636,0.11993372381749419,759,0,18592,0
42,bearing,fedbn,pooled,1,cnn-ae,test3_bearing1,3542,759,759,18592,fuzzy_fault_only_hi75,0.9375909566879272,1.030191671848297,1.034948033094406,1.040222933292389,0.8754618984123961,0.9903041852108979,0.0,0.0,0.0,0.0,1.0,0.0002067076636866312,0.0003056688269694081,0.1202393926444636,0.11993372381749419,759,0,18592,0
42,bearing,fedbn,adaptive,1,cnn-ae,test3_bearing1,3542,759,759,18592,hard_val_p95,0.8803799048888763,0.9336154119384377,0.9421092233563948,0.9575012348952973,0.9237501601550187,0.9953576678816736,0.9996300133195205,0.7266028399311532,0.8415249486077369,0.006587615283267457,0.2733971600688468,0.09927135548550463,0.026066994483249332,0.7250514331230237,0.6989844386397743,754,5,5083,13509
42,bearing,fedbn,adaptive,1,cnn-ae,test3_bearing1,3542,759,759,18592,fuzzy_warning_as_alarm_hi50,0.8803799048888763,0.9336154119384377,0.9421092233563948,0.9575012348952973,0.9237501601550187,0.9953576678816736,0.9996300133195205,0.7266028399311532,0.8415249486077369,0.006587615283267457,0.2733971600688468,0.09927135548550463,0.026066994483249332,0.7250514331230237,0.6989844386397743,754,5,5083,13509
42,bearing,fedbn,adaptive,1,cnn-ae,test3_bearing1,3542,759,759,18592,fuzzy_fault_only_hi75,0.8803799048888763,0.9336154119384377,0.9421092233563948,0.9575012348952973,0.9237501601550187,0.9953576678816736,0.999918943016941,0.6635111876075731,0.7976979533770895,0.0013175230566534915,0.33648881239242684,0.09927135548550463,0.026066994483249332,0.7250514331230237,0.6989844386397743,758,1,6256,12336
42,bearing,fedbn,client_specific,1,cnn-ae,test3_bearing3,3542,759,759,18592,hard_val_p95,0.9381053447723389,0.9552258849143982,0.9592709481716156,0.9707770085334778,0.7813945292746367,0.9883704290236788,0.9954553399755287,0.6126290877796902,0.758473729772924,0.06851119894598155,0.38737091222030984,0.06030696088057465,0.1163253113583829,0.6253715597123429,0.5090462483539601,707,52,7202,11390
42,bearing,fedbn,client_specific,1,cnn-ae,test3_bearing3,3542,759,759,18592,fuzzy_warning_as_alarm_hi50,0.9381053447723389,0.9552258849143982,0.9592709481716156,0.9707770085334778,0.7813945292746367,0.9883704290236788,0.9954553399755287,0.6126290877796902,0.758473729772924,0.06851119894598155,0.38737091222030984,0.06030696088057465,0.1163253113583829,0.6253715597123429,0.5090462483539601,707,52,7202,11390
42,bearing,fedbn,client_specific,1,cnn-ae,test3_bearing3,3542,759,759,18592,fuzzy_fault_only_hi75,0.9381053447723389,0.9552258849143982,0.9592709481716156,0.9707770085334778,0.7813945292746367,0.9883704290236788,0.9980524900306037,0.5788511187607573,0.732731914893617,0.02766798418972332,0.4211488812392427,0.06030696088057465,0.1163253113583829,0.6253715597123429,0.5090462483539601,738,21,7830,10762
42,bearing,fedbn,pooled,1,cnn-ae,test3_bearing3,3542,759,759,18592,hard_val_p95,0.9375909566879272,1.030191671848297,1.034948033094406,1.040222933292389,0.7828080390449432,0.9887575433525483,1.0,0.00010757314974182444,0.00021512315800795956,0.0,0.9998924268502581,0.000516769159216578,0.026936206156377266,0.1267263376560342,0.09979013149965693,759,0,18590,2
42,bearing,fedbn,pooled,1,cnn-ae,test3_bearing3,3542,759,759,18592,fuzzy_warning_as_alarm_hi50,0.9375909566879272,1.030191671848297,1.034948033094406,1.040222933292389,0.7828080390449432,0.9887575433525483,1.0,0.00010757314974182444,0.00021512315800795956,0.0,0.9998924268502581,0.000516769159216578,0.026936206156377266,0.1267263376560342,0.09979013149965693,759,0,18590,2
42,bearing,fedbn,pooled,1,cnn-ae,test3_bearing3,3542,759,759,18592,fuzzy_fault_only_hi75,0.9375909566879272,1.030191671848297,1.034948033094406,1.040222933292389,0.7828080390449432,0.9887575433525483,0.0,0.0,0.0,0.0,1.0,0.000516769159216578,0.026936206156377266,0.1267263376560342,0.09979013149965693,759,0,18592,0
42,bearing,fedbn,adaptive,1,cnn-ae,test3_bearing3,3542,759,759,18592,hard_val_p95,0.9379244410926544,0.9815903889100452,0.9858856065301691,0.9952002479293653,0.783186883615773,0.98873918281131,0.999890158172232,0.4896191910499139,0.6573512420566147,0.0013175230566534915,0.5103808089500861,0.03901607152085164,0.047241292072241176,0.521049921788036,0.47380862971579485,758,1,9489,9103
42,bearing,fedbn,adaptive,1,cnn-ae,test3_bearing3,3542,759,759,18592,fuzzy_warning_as_alarm_hi50,0.9379244410926544,0.9815903889100452,0.9858856065301691,0.9952002479293653,0.783186883615773,0.98873918281131,0.999890158172232,0.4896191910499139,0.6573512420566147,0.0013175230566534915,0.5103808089500861,0.03901607152085164,0.047241292072241176,0.521049921788036,0.47380862971579485,758,1,9489,9103
42,bearing,fedbn,adaptive,1,cnn-ae,test3_bearing3,3542,759,759,18592,fuzzy_fault_only_hi75,0.9379244410926544,0.9815903889100452,0.9858856065301691,0.9952002479293653,0.783186883615773,0.98873918281131,0.9998851630684428,0.4683197074010327,0.6378754578754579,0.0013175230566534915,0.5316802925989673,0.03901607152085164,0.047241292072241176,0.521049921788036,0.47380862971579485,758,1,9885,8707
42,bearing,fedbn,client_specific,2,cnn-ae,test1_bearing1,1207,259,258,18592,hard_val_p95,0.8329224586486816,0.8670647978782654,0.8745187222957611,0.895040954351425,0.9494262348396909,0.9990061691577194,0.9990900818926297,0.8858648881239243,0.9390768879892807,0.05813953488372093,0.11413511187607574,0.06705570291777188,0.11023311445125981,0.8803544708088268,0.770121356357567,243,15,2122,16470
42,bearing,fedbn,client_specific,2,cnn-ae,test1_bearing1,1207,259,258,18592,fuzzy_warning_as_alarm_hi50,0.8329224586486816,0.8670647978782654,0.8745187222957611,0.895040954351425,0.9494262348396909,0.9990061691577194,0.9990900818926297,0.8858648881239243,0.9390768879892807,0.05813953488372093,0.11413511187607574,0.06705570291777188,0.11023311445125981,0.8803544708088268,0.770121356357567,243,15,2122,16470
42,bearing,fedbn,client_specific,2,cnn-ae,test1_bearing1,1207,259,258,18592,fuzzy_fault_only_hi75,0.8329224586486816,0.8670647978782654,0.8745187222957611,0.895040954351425,0.9494262348396909,0.9990061691577194,0.9994255441373587,0.8421901893287436,0.9140955661286085,0.03488372093023256,0.15780981067125646,0.06705570291777188,0.11023311445125981,0.8803544708088268,0.770121356357567,249,9,2934,15658
42,bearing,fedbn,pooled,2,cnn-ae,test1_bearing1,1207,259,258,18592,hard_val_p95,0.8906453251838684,0.9775520086288452,0.9855583667755127,0.996451889872551,0.901559310331025,0.9973803658776147,1.0,0.2742577452667814,0.43045882402600144,0.0,0.7257422547332186,0.11687002652519894,0.001404389020076112,0.3450731079493853,0.34366871892930917,258,0,13493,5099
42,bearing,fedbn,pooled,2,cnn-ae,test1_bearing1,1207,259,258,18592,fuzzy_warning_as_alarm_hi50,0.8906453251838684,0.9775520086288452,0.9855583667755127,0.996451889872551,0.901559310331025,0.9973803658776147,1.0,0.2742577452667814,0.43045882402600144,0.0,0.7257422547332186,0.11687002652519894,0.001404389020076112,0.3450731079493853,0.34366871892930917,258,0,13493,5099
42,bearing,fedbn,pooled,2,cnn-ae,test1_bearing1,1207,259,258,18592,fuzzy_fault_only_hi75,0.8906453251838684,0.9775520086288452,0.9855583667755127,0.996451889872551,0.901559310331025,0.9973803658776147,1.0,0.224881669535284,0.36718921529881876,0.0,0.775118330464716,0.11687002652519894,0.001404389020076112,0.3450731079493853,0.34366871892930917,258,0,14411,4181
42,bearing,fedbn,adaptive,2,cnn-ae,test1_bearing1,1207,259,258,18592,hard_val_p95,0.8512552450777267,0.9021555437024794,0.9097849211108091,0.9272490745310624,0.9521757086485477,0.9990026812348296,0.9999234596249522,0.7026678141135972,0.8253466847774584,0.003875968992248062,0.29733218588640276,0.07474801061007957,0.028037854354075593,0.730019971171543,0.7019821168174675,257,1,5528,13064
42,bearing,fedbn,adaptive,2,cnn-ae,test1_bearing1,1207,259,258,18592,fuzzy_warning_as_alarm_hi50,0.8512552450777267,0.9021555437024794,0.9097849211108091,0.9272490745310624,0.9521757086485477,0.9990026812348296,0.9999234596249522,0.7026678141135972,0.8253466847774584,0.003875968992248062,0.29733218588640276,0.07474801061007957,0.028037854354075593,0.730019971171543,0.7019821168174675,257,1,5528,13064
42,bearing,fedbn,adaptive,2,cnn-ae,test1_bearing1,1207,259,258,18592,fuzzy_fault_only_hi75,0.8512552450777267,0.9021555437024794,0.9097849211108091,0.9272490745310624,0.9521757086485477,0.9990026812348296,0.9999188311688312,0.6625968158347676,0.7970367494824017,0.003875968992248062,0.33740318416523235,0.07474801061007957,0.028037854354075593,0.730019971171543,0.7019821168174675,257,1,6273,12319
42,bearing,fedbn,client_specific,2,cnn-ae,test1_bearing2,1207,259,258,18592,hard_val_p95,0.7723374366760254,0.8218211174011231,0.835343462228775,0.856140809059143,0.9931966237041188,0.9998759971533754,0.9997207015975869,0.962618330464716,0.9808187647284485,0.01937984496124031,0.03738166953528399,0.026578249336870027,0.08605670645160672,0.9652313150603451,0.8791746086087384,253,5,695,17897
42,bearing,fedbn,client_specific,2,cnn-ae,test1_bearing2,1207,259,258,18592,fuzzy_warning_as_alarm_hi50,0.7723374366760254,0.8218211174011231,0.835343462228775,0.856140809059143,0.9931966237041188,0.9998759971533754,0.9997207015975869,0.962618330464716,0.9808187647284485,0.01937984496124031,0.03738166953528399,0.026578249336870027,0.08605670645160672,0.9652313150603451,0.8791746086087384,253,5,695,17897
42,bearing,fedbn,client_specific,2,cnn-ae,test1_bearing2,1207,259,258,18592,fuzzy_fault_only_hi75,0.7723374366760254,0.8218211174011231,0.835343462228775,0.856140809059143,0.9931966237041188,0.9998759971533754,0.9998301726577979,0.9499784853700516,0.9742670380891966,0.011627906976744186,0.05002151462994837,0.026578249336870027,0.08605670645160672,0.9652313150603451,0.8791746086087384,255,3,930,17662
42,bearing,fedbn,pooled,2,cnn-ae,test1_bearing2,1207,259,258,18592,hard_val_p95,0.8906453251838684,0.9775520086288452,0.9855583667755127,0.996451889872551,0.9069223321858864,0.9974520914274757,1.0,0.29781626506024095,0.45894981143022917,0.0,0.702183734939759,0.12546419098143236,0.0,0.36570475808467245,0.36570475808467245,258,0,13055,5537
42,bearing,fedbn,pooled,2,cnn-ae,test1_bearing2,1207,259,258,18592,fuzzy_warning_as_alarm_hi50,0.8906453251838684,0.9775520086288452,0.9855583667755127,0.996451889872551,0.9069223321858864,0.9974520914274757,1.0,0.29781626506024095,0.45894981143022917,0.0,0.702183734939759,0.12546419098143236,0.0,0.36570475808467245,0.36570475808467245,258,0,13055,5537
42,bearing,fedbn,pooled,2,cnn-ae,test1_bearing2,1207,259,258,18592,fuzzy_fault_only_hi75,0.8906453251838684,0.9775520086288452,0.9855583667755127,0.996451889872551,0.9069223321858864,0.9974520914274757,1.0,0.2442448364888124,0.39259931699304024,0.0,0.7557551635111877,0.12546419098143236,0.0,0.36570475808467245,0.36570475808467245,258,0,14051,4541
42,bearing,fedbn,adaptive,2,cnn-ae,test1_bearing2,1207,259,258,18592,hard_val_p95,0.8038460492313251,0.8632964947109001,0.8753497820700822,0.8935094709322009,0.9928431541781746,0.9998626346484882,1.0,0.8820460413080895,0.9373267411620131,0.0,0.1179539586919105,0.06954907161803714,0.017531038930745924,0.8870511371949575,0.8695200982642116,258,0,2193,16399
42,bearing,fedbn,adaptive,2,cnn-ae,test1_bearing2,1207,259,258,18592,fuzzy_warning_as_alarm_hi50,0.8038460492313251,0.8632964947109001,0.8753497820700822,0.8935094709322009,0.9928431541781746,0.9998626346484882,1.0,0.8820460413080895,0.9373267411620131,0.0,0.1179539586919105,0.06954907161803714,0.017531038930745924,0.8870511371949575,0.8695200982642116,258,0,2193,16399
42,bearing,fedbn,adaptive,2,cnn-ae,test1_bearing2,1207,259,258,18592,fuzzy_fault_only_hi75,0.8038460492313251,0.8632964947109001,0.8753497820700822,0.8935094709322009,0.9928431541781746,0.9998626346484882,1.0,0.8452560240963856,0.9161395633544175,0.0,0.15474397590361447,0.06954907161803714,0.017531038930745924,0.8870511371949575,0.8695200982642116,258,0,2877,15715
42,bearing,fedbn,client_specific,2,cnn-ae,test1_bearing3,1207,259,258,18592,hard_val_p95,0.9859802722930908,0.9967252135276794,0.9989479422569275,1.0014592385292054,0.6951387360071516,0.9940147864125786,0.9985797288573273,0.4159853700516351,0.5873106276341269,0.04263565891472868,0.5840146299483648,0.10440318302387268,0.10180922833185745,0.4447203501716901,0.34291112183983263,247,11,10858,7734
42,bearing,fedbn,client_specific,2,cnn-ae,test1_bearing3,1207,259,258,18592,fuzzy_warning_as_alarm_hi50,0.9859802722930908,0.9967252135276794,0.9989479422569275,1.0014592385292054,0.6951387360071516,0.9940147864125786,0.9985797288573273,0.4159853700516351,0.5873106276341269,0.04263565891472868,0.5840146299483648,0.10440318302387268,0.10180922833185745,0.4447203501716901,0.34291112183983263,247,11,10858,7734
42,bearing,fedbn,client_specific,2,cnn-ae,test1_bearing3,1207,259,258,18592,fuzzy_fault_only_hi75,0.9859802722930908,0.9967252135276794,0.9989479422569275,1.0014592385292054,0.6951387360071516,0.9940147864125786,0.9987022350396539,0.37252581755593805,0.5426411250832452,0.03488372093023256,0.627474182444062,0.10440318302387268,0.10180922833185745,0.4447203501716901,0.34291112183983263,249,9,11666,6926
42,bearing,fedbn,pooled,2,cnn-ae,test1_bearing3,1207,259,258,18592,hard_val_p95,0.8906453251838684,0.9775520086288452,0.9855583667755127,0.996451889872551,0.6324487109567839,0.9927484518444258,0.9892954146029718,0.6660929432013769,0.7961427193828351,0.5193798449612403,0.33390705679862304,0.13416445623342174,0.5458354305788391,0.7015676181218591,0.15573218754301998,124,134,6208,12384
42,bearing,fedbn,pooled,2,cnn-ae,test1_bearing3,1207,259,258,18592,fuzzy_warning_as_alarm_hi50,0.8906453251838684,0.9775520086288452,0.9855583667755127,0.996451889872551,0.6324487109567839,0.9927484518444258,0.9892954146029718,0.6660929432013769,0.7961427193828351,0.5193798449612403,0.33390705679862304,0.13416445623342174,0.5458354305788391,0.7015676181218591,0.15573218754301998,124,134,6208,12384
42,bearing,fedbn,pooled,2,cnn-ae,test1_bearing3,1207,259,258,18592,fuzzy_fault_only_hi75,0.8906453251838684,0.9775520086288452,0.9855583667755127,0.996451889872551,0.6324487109567839,0.9927484518444258,0.993669193045029,0.5993975903614458,0.7477438185661086,0.2751937984496124,0.4006024096385542,0.13416445623342174,0.5458354305788391,0.7015676181218591,0.15573218754301998,187,71,7448,11144
42,bearing,fedbn,adaptive,2,cnn-ae,test1_bearing3,1207,259,258,18592,hard_val_p95,0.9660428155350355,0.992715509267332,0.9961477720122891,1.0004120485916037,0.649042182017105,0.9937327893387223,0.9970034246575342,0.5010757314974182,0.6669530355097365,0.10852713178294573,0.49892426850258176,0.12774535809018567,0.23871101278789542,0.5306514625291308,0.29194044974123534,230,28,9276,9316
42,bearing,fedbn,adaptive,2,cnn-ae,test1_bearing3,1207,259,258,18592,fuzzy_warning_as_alarm_hi50,0.9660428155350355,0.992715509267332,0.9961477720122891,1.0004120485916037,0.649042182017105,0.9937327893387223,0.9970034246575342,0.5010757314974182,0.6669530355097365,0.10852713178294573,0.49892426850258176,0.12774535809018567,0.23871101278789542,0.5306514625291308,0.29194044974123534,230,28,9276,9316
42,bearing,fedbn,adaptive,2,cnn-ae,test1_bearing3,1207,259,258,18592,fuzzy_fault_only_hi75,0.9660428155350355,0.992715509267332,0.9961477720122891,1.0004120485916037,0.649042182017105,0.9937327893387223,0.9984039287906691,0.4373924268502582,0.6082956203014549,0.050387596899224806,0.5626075731497419,0.12774535809018567,0.23871101278789542,0.5306514625291308,0.29194044974123534,245,13,10460,8132
42,bearing,fedbn,client_specific,2,cnn-ae,test1_bearing4,1207,259,258,18592,hard_val_p95,0.9637161493301392,0.9759851336479187,0.9782778203487397,0.9830267465114594,0.6691335524823546,0.9932231165737175,0.9982625961777116,0.4326592082616179,0.6036772983114447,0.05426356589147287,0.5673407917383821,0.05384615384615385,0.09985164947190873,0.4449048575257924,0.3450532080538837,244,14,10548,8044
42,bearing,fedbn,client_specific,2,cnn-ae,test1_bearing4,1207,259,258,18592,fuzzy_warning_as_alarm_hi50,0.9637161493301392,0.9759851336479187,0.9782778203487397,0.9830267465114594,0.6691335524823546,0.9932231165737175,0.9982625961777116,0.4326592082616179,0.6036772983114447,0.05426356589147287,0.5673407917383821,0.05384615384615385,0.09985164947190873,0.4449048575257924,0.3450532080538837,244,14,10548,8044
42,bearing,fedbn,client_specific,2,cnn-ae,test1_bearing4,1207,259,258,18592,fuzzy_fault_only_hi75,0.9637161493301392,0.9759851336479187,0.9782778203487397,0.9830267465114594,0.6691335524823546,0.9932231165737175,0.9987979163884065,0.40221600688468157,0.5734882472487443,0.03488372093023256,0.5977839931153184,0.05384615384615385,0.09985164947190873,0.4449048575257924,0.3450532080538837,249,9,11114,7478
42,bearing,fedbn,pooled,2,cnn-ae,test1_bearing4,1207,259,258,18592,hard_val_p95,0.8906453251838684,0.9775520086288452,0.9855583667755127,0.996451889872551,0.6329409206593818,0.9934311524699035,0.9995284501729016,0.34202882960413084,0.5096577702973472,0.011627906976744186,0.6579711703958692,0.16122015915119364,0.2010509459717143,0.42292472501586087,0.22187377904414657,255,3,12233,6359
42,bearing,fedbn,pooled,2,cnn-ae,test1_bearing4,1207,259,258,18592,fuzzy_warning_as_alarm_hi50,0.8906453251838684,0.9775520086288452,0.9855583667755127,0.996451889872551,0.6329409206593818,0.9934311524699035,0.9995284501729016,0.34202882960413084,0.5096577702973472,0.011627906976744186,0.6579711703958692,0.16122015915119364,0.2010509459717143,0.42292472501586087,0.22187377904414657,255,3,12233,6359
42,bearing,fedbn,pooled,2,cnn-ae,test1_bearing4,1207,259,258,18592,fuzzy_fault_only_hi75,0.8906453251838684,0.9775520086288452,0.9855583667755127,0.996451889872551,0.6329409206593818,0.9934311524699035,1.0,0.2715146299483649,0.42707275803722505,0.0,0.7284853700516352,0.16122015915119364,0.2010509459717143,0.42292472501586087,0.22187377904414657,258,0,13544,5048
42,bearing,fedbn,adaptive,2,cnn-ae,test1_bearing4,1207,259,258,18592,hard_val_p95,0.9451730316556071,0.9763827581101041,0.9801253981022942,0.9864336331320873,0.6546994664705332,0.9934991375255227,0.9985556722689075,0.40904690189328746,0.5803571428571429,0.04263565891472868,0.5909530981067126,0.08090185676392574,0.13891058351548433,0.444999411338802,0.3060888278233177,247,11,10987,7605
42,bearing,fedbn,adaptive,2,cnn-ae,test1_bearing4,1207,259,258,18592,fuzzy_warning_as_alarm_hi50,0.9451730316556071,0.9763827581101041,0.9801253981022942,0.9864336331320873,0.6546994664705332,0.9934991375255227,0.9985556722689075,0.40904690189328746,0.5803571428571429,0.04263565891472868,0.5909530981067126,0.08090185676392574,0.13891058351548433,0.444999411338802,0.3060888278233177,247,11,10987,7605
42,bearing,fedbn,adaptive,2,cnn-ae,test1_bearing4,1207,259,258,18592,fuzzy_fault_only_hi75,0.9451730316556071,0.9763827581101041,0.9801253981022942,0.9864336331320873,0.6546994664705332,0.9934991375255227,0.999418012512731,0.36945998278829606,0.539485568427253,0.015503875968992248,0.6305400172117039,0.08090185676392574,0.13891058351548433,0.444999411338802,0.3060888278233177,254,4,11723,6869
42,bearing,fedbn,client_specific,2,cnn-ae,test2_bearing1,552,118,118,18592,hard_val_p95,0.8762671649456024,0.8890027642250061,0.8974279195070266,0.9131903743743897,0.9618969977974854,0.9997077998852135,0.9995763481208013,0.8883390705679862,0.9406806208173145,0.059322033898305086,0.11166092943201376,0.05948690539818279,0.10798045638597402,0.8905358297271798,0.7825553733412058,111,7,2076,16516
42,bearing,fedbn,client_specific,2,cnn-ae,test2_bearing1,552,118,118,18592,fuzzy_warning_as_alarm_hi50,0.8762671649456024,0.8890027642250061,0.8974279195070266,0.9131903743743897,0.9618969977974854,0.9997077998852135,0.9995763481208013,0.8883390705679862,0.9406806208173145,0.059322033898305086,0.11166092943201376,0.05948690539818279,0.10798045638597402,0.8905358297271798,0.7825553733412058,111,7,2076,16516
42,bearing,fedbn,client_specific,2,cnn-ae,test2_bearing1,552,118,118,18592,fuzzy_fault_only_hi75,0.8762671649456024,0.8890027642250061,0.8974279195070266,0.9131903743743897,0.9618969977974854,0.9997077998852135,0.9997485699918285,0.8554754733218589,0.9220022608040347,0.03389830508474576,0.14452452667814114,0.05948690539818279,0.10798045638597402,0.8905358297271798,0.7825553733412058,114,4,2687,15905
42,bearing,fedbn,pooled,2,cnn-ae,test2_bearing1,552,118,118,18592,hard_val_p95,0.8906453251838684,0.9775520086288452,0.9855583667755127,0.996451889872551,0.9486666399253187,0.9994497815621626,1.0,0.4764414802065404,0.645391621129326,0.0,0.5235585197934596,0.06798503474078033,0.0055212368701315845,0.5410104568587387,0.5354892199886071,118,0,9734,8858
42,bearing,fedbn,pooled,2,cnn-ae,test2_bearing1,552,118,118,18592,fuzzy_warning_as_alarm_hi50,0.8906453251838684,0.9775520086288452,0.9855583667755127,0.996451889872551,0.9486666399253187,0.9994497815621626,1.0,0.4764414802065404,0.645391621129326,0.0,0.5235585197934596,0.06798503474078033,0.0055212368701315845,0.5410104568587387,0.5354892199886071,118,0,9734,8858
42,bearing,fedbn,pooled,2,cnn-ae,test2_bearing1,552,118,118,18592,fuzzy_fault_only_hi75,0.8906453251838684,0.9775520086288452,0.9855583667755127,0.996451889872551,0.9486666399253187,0.9994497815621626,1.0,0.44868760757314974,0.6194401128684933,0.0,0.5513123924268503,0.06798503474078033,0.0055212368701315845,0.5410104568587387,0.5354892199886071,118,0,10250,8342
42,bearing,fedbn,adaptive,2,cnn-ae,test2_bearing1,552,118,118,18592,hard_val_p95,0.8806591076632895,0.9160509541652676,0.9243481839687623,0.9386233783607079,0.9602585584468625,0.9996600100273855,1.0,0.8103485370051635,0.8952403589042723,0.0,0.18965146299483648,0.02346338856226617,0.02787609110415684,0.8260503806308691,0.7981742895267123,118,0,3526,15066
42,bearing,fedbn,adaptive,2,cnn-ae,test2_bearing1,552,118,118,18592,fuzzy_warning_as_alarm_hi50,0.8806591076632895,0.9160509541652676,0.9243481839687623,0.9386233783607079,0.9602585584468625,0.9996600100273855,1.0,0.8103485370051635,0.8952403589042723,0.0,0.18965146299483648,0.02346338856226617,0.02787609110415684,0.8260503806308691,0.7981742895267123,118,0,3526,15066
42,bearing,fedbn,adaptive,2,cnn-ae,test2_bearing1,552,118,118,18592,fuzzy_fault_only_hi75,0.8806591076632895,0.9160509541652676,0.9243481839687623,0.9386233783607079,0.9602585584468625,0.9996600100273855,1.0,0.7987306368330465,0.8881047784223431,0.0,0.20126936316695354,0.02346338856226617,0.02787609110415684,0.8260503806308691,0.7981742895267123,118,0,3742,14850
42,bearing,fedbn,client_specific,2,cnn-ae,test2_bearing3,552,118,118,18592,hard_val_p95,0.9783520996570587,0.982567948102951,0.9834855973720551,0.9864722228050232,0.6631996357099097,0.9967403657947218,0.9988394175986495,0.509197504302926,0.6745279657997862,0.09322033898305085,0.490802495697074,0.015125601282736505,0.1305236469835918,0.510839728383948,0.38031608140035617,107,11,9125,9467
42,bearing,fedbn,client_specific,2,cnn-ae,test2_bearing3,552,118,118,18592,fuzzy_warning_as_alarm_hi50,0.9783520996570587,0.982567948102951,0.9834855973720551,0.9864722228050232,0.6631996357099097,0.9967403657947218,0.9988394175986495,0.509197504302926,0.6745279657997862,0.09322033898305085,0.490802495697074,0.015125601282736505,0.1305236469835918,0.510839728383948,0.38031608140035617,107,11,9125,9467
42,bearing,fedbn,client_specific,2,cnn-ae,test2_bearing3,552,118,118,18592,fuzzy_fault_only_hi75,0.9783520996570587,0.982567948102951,0.9834855973720551,0.9864722228050232,0.6631996357099097,0.9967403657947218,0.9990324661363148,0.49983864027538727,0.6663081666308167,0.07627118644067797,0.5001613597246127,0.015125601282736505,0.1305236469835918,0.510839728383948,0.38031608140035617,109,9,9299,9293
42,bearing,fedbn,pooled,2,cnn-ae,test2_bearing3,552,118,118,18592,hard_val_p95,0.8906453251838684,0.9775520086288452,0.9855583667755127,0.996451889872551,0.5477342177426413,0.9961999964406959,0.999350789872322,0.4967728055077453,0.6636487748796436,0.05084745762711865,0.5032271944922547,0.08385889898450027,0.29154016624192636,0.5751840222118229,0.2836438559698965,112,6,9356,9236
42,bearing,fedbn,pooled,2,cnn-ae,test2_bearing3,552,118,118,18592,fuzzy_warning_as_alarm_hi50,0.8906453251838684,0.9775520086288452,0.9855583667755127,0.996451889872551,0.5477342177426413,0.9961999964406959,0.999350789872322,0.4967728055077453,0.6636487748796436,0.05084745762711865,0.5032271944922547,0.08385889898450027,0.29154016624192636,0.5751840222118229,0.2836438559698965,112,6,9356,9236
42,bearing,fedbn,pooled,2,cnn-ae,test2_bearing3,552,118,118,18592,fuzzy_fault_only_hi75,0.8906453251838684,0.9775520086288452,0.9855583667755127,0.996451889872551,0.5477342177426413,0.9961999964406959,0.9998840579710145,0.463855421686747,0.6337215710769004,0.00847457627118644,0.536144578313253,0.08385889898450027,0.29154016624192636,0.5751840222118229,0.2836438559698965,117,1,9968,8624
42,bearing,fedbn,adaptive,2,cnn-ae,test2_bearing3,552,118,118,18592,hard_val_p95,0.9626173732835157,0.9816680810675326,0.9838574552997323,0.9882625899864614,0.5400541329968787,0.9964319423882452,0.998833633761001,0.5066695352839932,0.6723048924098062,0.09322033898305085,0.4933304647160069,0.028006413682522716,0.259337373187424,0.524625840166243,0.265288466978819,107,11,9172,9420
42,bearing,fedbn,adaptive,2,cnn-ae,test2_bearing3,552,118,118,18592,fuzzy_warning_as_alarm_hi50,0.9626173732835157,0.9816680810675326,0.9838574552997323,0.9882625899864614,0.5400541329968787,0.9964319423882452,0.998833633761001,0.5066695352839932,0.6723048924098062,0.09322033898305085,0.4933304647160069,0.028006413682522716,0.259337373187424,0.524625840166243,0.265288466978819,107,11,9172,9420
42,bearing,fedbn,adaptive,2,cnn-ae,test2_bearing3,552,118,118,18592,fuzzy_fault_only_hi75,0.9626173732835157,0.9816680810675326,0.9838574552997323,0.9882625899864614,0.5400541329968787,0.9964319423882452,0.9993465475931169,0.49354561101549055,0.6607618636134515,0.05084745762711865,0.5064543889845095,0.028006413682522716,0.259337373187424,0.524625840166243,0.265288466978819,112,6,9416,9176
42,bearing,fedbn,client_specific,2,cnn-ae,test3_bearing1,3542,759,759,18592,hard_val_p95,0.8213869333267212,0.861803925037384,0.870270961523056,0.8788916373252869,0.9433661027509248,0.9970446589131605,0.9981726173741917,0.7638769363166954,0.8654478976234004,0.034255599472990776,0.23612306368330466,0.03958451759598987,0.09593856523137449,0.8012343474708818,0.7052957822395074,733,26,4390,14202
42,bearing,fedbn,client_specific,2,cnn-ae,test3_bearing1,3542,759,759,18592,fuzzy_warning_as_alarm_hi50,0.8213869333267212,0.861803925037384,0.870270961523056,0.8788916373252869,0.9433661027509248,0.9970446589131605,0.9981726173741917,0.7638769363166954,0.8654478976234004,0.034255599472990776,0.23612306368330466,0.03958451759598987,0.09593856523137449,0.8012343474708818,0.7052957822395074,733,26,4390,14202
42,bearing,fedbn,client_specific,2,cnn-ae,test3_bearing1,3542,759,759,18592,fuzzy_fault_only_hi75,0.8213869333267212,0.861803925037384,0.870270961523056,0.8788916373252869,0.9433661027509248,0.9970446589131605,0.9987159366528748,0.7530120481927711,0.8586323213738117,0.023715415019762844,0.2469879518072289,0.03958451759598987,0.09593856523137449,0.8012343474708818,0.7052957822395074,741,18,4592,14000
42,bearing,fedbn,pooled,2,cnn-ae,test3_bearing1,3542,759,759,18592,hard_val_p95,0.8906453251838684,0.9775520086288452,0.9855583667755127,0.996451889872551,0.8609299209826318,0.989119582932463,1.0,0.22396729776247848,0.36596941465986993,0.0,0.7760327022375215,0.06795514443698,4.445231326570124e-05,0.29045838846517613,0.2904139361519104,759,0,14428,4164
42,bearing,fedbn,pooled,2,cnn-ae,test3_bearing1,3542,759,759,18592,fuzzy_warning_as_alarm_hi50,0.8906453251838684,0.9775520086288452,0.9855583667755127,0.996451889872551,0.8609299209826318,0.989119582932463,1.0,0.22396729776247848,0.36596941465986993,0.0,0.7760327022375215,0.06795514443698,4.445231326570124e-05,0.29045838846517613,0.2904139361519104,759,0,14428,4164
42,bearing,fedbn,pooled,2,cnn-ae,test3_bearing1,3542,759,759,18592,fuzzy_fault_only_hi75,0.8906453251838684,0.9775520086288452,0.9855583667755127,0.996451889872551,0.8609299209826318,0.989119582932463,1.0,0.18819922547332185,0.31678058938029063,0.0,0.8118007745266781,0.06795514443698,4.445231326570124e-05,0.29045838846517613,0.2904139361519104,759,0,15093,3499
42,bearing,fedbn,adaptive,2,cnn-ae,test3_bearing1,3542,759,759,18592,hard_val_p95,0.8422884484371582,0.89673558101896,0.9050635892222022,0.9143701884310018,0.9312935324017697,0.9960650675317675,1.0,0.6946536144578314,0.8198178182626084,0.0,0.3053463855421687,0.02527001188569066,0.023295581991736532,0.7179003780231477,0.6946047960314111,759,0,5677,12915
42,bearing,fedbn,adaptive,2,cnn-ae,test3_bearing1,3542,759,759,18592,fuzzy_warning_as_alarm_hi50,0.8422884484371582,0.89673558101896,0.9050635892222022,0.9143701884310018,0.9312935324017697,0.9960650675317675,1.0,0.6946536144578314,0.8198178182626084,0.0,0.3053463855421687,0.02527001188569066,0.023295581991736532,0.7179003780231477,0.6946047960314111,759,0,5677,12915
42,bearing,fedbn,adaptive,2,cnn-ae,test3_bearing1,3542,759,759,18592,fuzzy_fault_only_hi75,0.8422884484371582,0.89673558101896,0.9050635892222022,0.9143701884310018,0.9312935324017697,0.9960650675317675,1.0,0.6835735800344234,0.812050733203412,0.0,0.3164264199655766,0.02527001188569066,0.023295581991736532,0.7179003780231477,0.6946047960314111,759,0,5883,12709
42,bearing,fedbn,client_specific,2,cnn-ae,test3_bearing3,3542,759,759,18592,hard_val_p95,0.9150593876838684,0.9315423965454102,0.9365164458751678,0.9454690194129943,0.7809700121774507,0.988366540113792,0.9963318777292577,0.6135972461273667,0.7594700752280141,0.05533596837944664,0.3864027538726334,0.07606842023668027,0.11251658423432383,0.62730763926602,0.5147910550316961,717,42,7184,11408
42,bearing,fedbn,client_specific,2,cnn-ae,test3_bearing3,3542,759,759,18592,fuzzy_warning_as_alarm_hi50,0.9150593876838684,0.9315423965454102,0.9365164458751678,0.9454690194129943,0.7809700121774507,0.988366540113792,0.9963318777292577,0.6135972461273667,0.7594700752280141,0.05533596837944664,0.3864027538726334,0.07606842023668027,0.11251658423432383,0.62730763926602,0.5147910550316961,717,42,7184,11408
42,bearing,fedbn,client_specific,2,cnn-ae,test3_bearing3,3542,759,759,18592,fuzzy_fault_only_hi75,0.9150593876838684,0.9315423965454102,0.9365164458751678,0.9454690194129943,0.7809700121774507,0.988366540113792,0.998138495904691,0.5768072289156626,0.7311153531497137,0.026350461133069828,0.42319277108433734,0.07606842023668027,0.11251658423432383,0.62730763926602,0.5147910550316961,739,20,7868,10724
42,bearing,fedbn,pooled,2,cnn-ae,test3_bearing3,3542,759,759,18592,hard_val_p95,0.8906453251838684,0.9775520086288452,0.9855583667755127,0.996451889872551,0.7379459962946081,0.9887700620043492,1.0,0.30437822719449226,0.4667024040245763,0.0,0.6956217728055077,0.09157149501317761,0.1022263209661629,0.3763209636460026,0.2740946426798397,759,0,12933,5659
42,bearing,fedbn,pooled,2,cnn-ae,test3_bearing3,3542,759,759,18592,fuzzy_warning_as_alarm_hi50,0.8906453251838684,0.9775520086288452,0.9855583667755127,0.996451889872551,0.7379459962946081,0.9887700620043492,1.0,0.30437822719449226,0.4667024040245763,0.0,0.6956217728055077,0.09157149501317761,0.1022263209661629,0.3763209636460026,0.2740946426798397,759,0,12933,5659
42,bearing,fedbn,pooled,2,cnn-ae,test3_bearing3,3542,759,759,18592,fuzzy_fault_only_hi75,0.8906453251838684,0.9775520086288452,0.9855583667755127,0.996451889872551,0.7379459962946081,0.9887700620043492,1.0,0.2620481927710843,0.4152744630071599,0.0,0.7379518072289156,0.09157149501317761,0.1022263209661629,0.3763209636460026,0.2740946426798397,759,0,13720,4872
42,bearing,fedbn,adaptive,2,cnn-ae,test3_bearing3,3542,759,759,18592,hard_val_p95,0.9075157034215131,0.9457588747161725,0.9516698750470478,0.9612221812448465,0.7630683660673185,0.9888696333309177,0.9997971808133049,0.5302818416523236,0.6930024953431976,0.002635046113306983,0.46971815834767644,0.03276316469433104,0.08619379520321685,0.5659529443756715,0.4797591491724546,757,2,8733,9859
42,bearing,fedbn,adaptive,2,cnn-ae,test3_bearing3,3542,759,759,18592,fuzzy_warning_as_alarm_hi50,0.9075157034215131,0.9457588747161725,0.9516698750470478,0.9612221812448465,0.7630683660673185,0.9888696333309177,0.9997971808133049,0.5302818416523236,0.6930024953431976,0.002635046113306983,0.46971815834767644,0.03276316469433104,0.08619379520321685,0.5659529443756715,0.4797591491724546,757,2,8733,9859
42,bearing,fedbn,adaptive,2,cnn-ae,test3_bearing3,3542,759,759,18592,fuzzy_fault_only_hi75,0.9075157034215131,0.9457588747161725,0.9516698750470478,0.9612221812448465,0.7630683660673185,0.9888696333309177,1.0,0.5148450946643718,0.6797329924726602,0.0,0.4851549053356282,0.03276316469433104,0.08619379520321685,0.5659529443756715,0.4797591491724546,759,0,9020,9572
42,bearing,fedbn,client_specific,3,cnn-ae,test1_bearing1,1207,259,258,18592,hard_val_p95,0.7900688052177429,0.8178341388702393,0.8281788110733033,0.8487339985370634,0.9558314237014505,0.9991791803017496,0.9991175951526561,0.9135111876075731,0.9543985839116631,0.05813953488372093,0.08648881239242685,0.03453580901856764,0.09786098868575722,0.906396848721408,0.8085358600356508,243,15,1608,16984
42,bearing,fedbn,client_specific,3,cnn-ae,test1_bearing1,1207,259,258,18592,fuzzy_warning_as_alarm_hi50,0.7900688052177429,0.8178341388702393,0.8281788110733033,0.8487339985370634,0.9558314237014505,0.9991791803017496,0.9991175951526561,0.9135111876075731,0.9543985839116631,0.05813953488372093,0.08648881239242685,0.03453580901856764,0.09786098868575722,0.906396848721408,0.8085358600356508,243,15,1608,16984
42,bearing,fedbn,client_specific,3,cnn-ae,test1_bearing1,1207,259,258,18592,fuzzy_fault_only_hi75,0.7900688052177429,0.8178341388702393,0.8281788110733033,0.8487339985370634,0.9558314237014505,0.9991791803017496,0.9995761429003935,0.8879087779690189,0.9404392286438602,0.027131782945736434,0.11209122203098107,0.03453580901856764,0.09786098868575722,0.906396848721408,0.8085358600356508,251,7,2084,16508
42,bearing,fedbn,pooled,3,cnn-ae,test1_bearing1,1207,259,258,18592,hard_val_p95,0.8795851469039917,0.9553867101669311,0.9622743099927902,0.9684860634803772,0.8165339931153184,0.9949778005542443,1.0,0.3310025817555938,0.49737331285864383,0.0,0.6689974182444062,0.04763925729442971,0.0,0.3818855428898262,0.3818855428898262,258,0,12438,6154
42,bearing,fedbn,pooled,3,cnn-ae,test1_bearing1,1207,259,258,18592,fuzzy_warning_as_alarm_hi50,0.8795851469039917,0.9553867101669311,0.9622743099927902,0.9684860634803772,0.8165339931153184,0.9949778005542443,1.0,0.3310025817555938,0.49737331285864383,0.0,0.6689974182444062,0.04763925729442971,0.0,0.3818855428898262,0.3818855428898262,258,0,12438,6154
42,bearing,fedbn,pooled,3,cnn-ae,test1_bearing1,1207,259,258,18592,fuzzy_fault_only_hi75,0.8795851469039917,0.9553867101669311,0.9622743099927902,0.9684860634803772,0.8165339931153184,0.9949778005542443,1.0,0.31615748709122204,0.48042501021659173,0.0,0.683842512908778,0.04763925729442971,0.0,0.3818855428898262,0.3818855428898262,258,0,12714,5878
42,bearing,fedbn,adaptive,3,cnn-ae,test1_bearing1,1207,259,258,18592,hard_val_p95,0.8131605081469437,0.8533173037728423,0.862770186981457,0.879625331412591,0.9543536479806267,0.9989455237870932,0.9999267506592441,0.7342405335628227,0.8467311747922094,0.003875968992248062,0.2657594664371773,0.11188328912466844,0.017070696385679835,0.7523603313161645,0.7352896349304847,257,1,4941,13651
42,bearing,fedbn,adaptive,3,cnn-ae,test1_bearing1,1207,259,258,18592,fuzzy_warning_as_alarm_hi50,0.8131605081469437,0.8533173037728423,0.862770186981457,0.879625331412591,0.9543536479806267,0.9989455237870932,0.9999267506592441,0.7342405335628227,0.8467311747922094,0.003875968992248062,0.2657594664371773,0.11188328912466844,0.017070696385679835,0.7523603313161645,0.7352896349304847,257,1,4941,13651
42,bearing,fedbn,adaptive,3,cnn-ae,test1_bearing1,1207,259,258,18592,fuzzy_fault_only_hi75,0.8131605081469437,0.8533173037728423,0.862770186981457,0.879625331412591,0.9543536479806267,0.9989455237870932,1.0,0.6786790017211703,0.8085869913489266,0.0,0.3213209982788296,0.11188328912466844,0.017070696385679835,0.7523603313161645,0.7352896349304847,258,0,5974,12618
42,bearing,fedbn,client_specific,3,cnn-ae,test1_bearing2,1207,259,258,18592,hard_val_p95,0.7275961637496948,0.7602116823196411,0.7666216909885406,0.7791678655147553,0.9975322802839265,0.999938384269841,0.9995141175835448,0.9958046471600689,0.9976559342583861,0.03488372093023256,0.0041953528399311536,0.008010610079575597,0.09769186551396439,0.9941733761719882,0.8964815106580238,249,9,78,18514
42,bearing,fedbn,client_specific,3,cnn-ae,test1_bearing2,1207,259,258,18592,fuzzy_warning_as_alarm_hi50,0.7275961637496948,0.7602116823196411,0.7666216909885406,0.7791678655147553,0.9975322802839265,0.999938384269841,0.9995141175835448,0.9958046471600689,0.9976559342583861,0.03488372093023256,0.0041953528399311536,0.008010610079575597,0.09769186551396439,0.9941733761719882,0.8964815106580238,249,9,78,18514
42,bearing,fedbn,client_specific,3,cnn-ae,test1_bearing2,1207,259,258,18592,fuzzy_fault_only_hi75,0.7275961637496948,0.7602116823196411,0.7666216909885406,0.7791678655147553,0.9975322802839265,0.999938384269841,0.9998371423918354,0.9906411359724613,0.9952178964147732,0.011627906976744186,0.009358864027538726,0.008010610079575597,0.09769186551396439,0.9941733761719882,0.8964815106580238,255,3,174,18418
42,bearing,fedbn,pooled,3,cnn-ae,test1_bearing2,1207,259,258,18592,hard_val_p95,0.8795851469039917,0.9553867101669311,0.9622743099927902,0.9684860634803772,0.8197074010327022,0.9950646694394099,1.0,0.34520223752151463,0.513234706117553,0.0,0.6547977624784854,0.05427055702917772,0.0,0.3947309431418477,0.3947309431418477,258,0,12174,6418
42,bearing,fedbn,pooled,3,cnn-ae,test1_bearing2,1207,259,258,18592,fuzzy_warning_as_alarm_hi50,0.8795851469039917,0.9553867101669311,0.9622743099927902,0.9684860634803772,0.8197074010327022,0.9950646694394099,1.0,0.34520223752151463,0.513234706117553,0.0,0.6547977624784854,0.05427055702917772,0.0,0.3947309431418477,0.3947309431418477,258,0,12174,6418
42,bearing,fedbn,pooled,3,cnn-ae,test1_bearing2,1207,259,258,18592,fuzzy_fault_only_hi75,0.8795851469039917,0.9553867101669311,0.9622743099927902,0.9684860634803772,0.8197074010327022,0.9950646694394099,1.0,0.3292276247848537,0.4953668109901671,0.0,0.6707723752151463,0.05427055702917772,0.0,0.3947309431418477,0.3947309431418477,258,0,12471,6121
42,bearing,fedbn,adaptive,3,cnn-ae,test1_bearing2,1207,259,258,18592,hard_val_p95,0.762312824559105,0.804792711152256,0.8113118091107714,0.8224111028035327,0.9982469329143818,0.9999581223140809,1.0,0.9304001721170396,0.9639453886876568,0.0,0.06959982788296042,0.010928381962864721,0.003688365971185049,0.9399067594231395,0.9362183934519545,258,0,1294,17298
42,bearing,fedbn,adaptive,3,cnn-ae,test1_bearing2,1207,259,258,18592,fuzzy_warning_as_alarm_hi50,0.762312824559105,0.804792711152256,0.8113118091107714,0.8224111028035327,0.9982469329143818,0.9999581223140809,1.0,0.9304001721170396,0.9639453886876568,0.0,0.06959982788296042,0.010928381962864721,0.003688365971185049,0.9399067594231395,0.9362183934519545,258,0,1294,17298
42,bearing,fedbn,adaptive,3,cnn-ae,test1_bearing2,1207,259,258,18592,fuzzy_fault_only_hi75,0.762312824559105,0.804792711152256,0.8113118091107714,0.8224111028035327,0.9982469329143818,0.9999581223140809,1.0,0.9253980206540448,0.9612537363466213,0.0,0.07460197934595525,0.010928381962864721,0.003688365971185049,0.9399067594231395,0.9362183934519545,258,0,1387,17205
42,bearing,fedbn,client_specific,3,cnn-ae,test1_bearing3,1207,259,258,18592,hard_val_p95,0.9530636072158813,0.9650286197662353,0.9665732145309448,0.9711634171009064,0.4805891964869444,0.9900181136416816,0.9971308339709258,0.2803894148020654,0.4376994122586062,0.05813953488372093,0.7196105851979346,0.0236604774535809,0.11860547666718038,0.2836182353867601,0.16501275871957974,243,15,13379,5213
42,bearing,fedbn,client_specific,3,cnn-ae,test1_bearing3,1207,259,258,18592,fuzzy_warning_as_alarm_hi50,0.9530636072158813,0.9650286197662353,0.9665732145309448,0.9711634171009064,0.4805891964869444,0.9900181136416816,0.9971308339709258,0.2803894148020654,0.4376994122586062,0.05813953488372093,0.7196105851979346,0.0236604774535809,0.11860547666718038,0.2836182353867601,0.16501275871957974,243,15,13379,5213
42,bearing,fedbn,client_specific,3,cnn-ae,test1_bearing3,1207,259,258,18592,fuzzy_fault_only_hi75,0.9530636072158813,0.9650286197662353,0.9665732145309448,0.9711634171009064,0.4805891964869444,0.9900181136416816,0.9989845653939886,0.2645761617900172,0.41835346147303965,0.01937984496124031,0.7354238382099828,0.0236604774535809,0.11860547666718038,0.2836182353867601,0.16501275871957974,253,5,13673,4919
42,bearing,fedbn,pooled,3,cnn-ae,test1_bearing3,1207,259,258,18592,hard_val_p95,0.8795851469039917,0.9553867101669311,0.9622743099927902,0.9684860634803772,0.3974959222271145,0.9874344926525414,0.9931168372749736,0.30265705679862304,0.46392942534421633,0.1511627906976744,0.6973429432013769,0.05087533156498674,0.33869570525029385,0.36363020496027426,0.024934499709980407,219,39,12965,5627
42,bearing,fedbn,pooled,3,cnn-ae,test1_bearing3,1207,259,258,18592,fuzzy_warning_as_alarm_hi50,0.8795851469039917,0.9553867101669311,0.9622743099927902,0.9684860634803772,0.3974959222271145,0.9874344926525414,0.9931168372749736,0.30265705679862304,0.46392942534421633,0.1511627906976744,0.6973429432013769,0.05087533156498674,0.33869570525029385,0.36363020496027426,0.024934499709980407,219,39,12965,5627
42,bearing,fedbn,pooled,3,cnn-ae,test1_bearing3,1207,259,258,18592,fuzzy_fault_only_hi75,0.8795851469039917,0.9553867101669311,0.9622743099927902,0.9684860634803772,0.3974959222271145,0.9874344926525414,0.9955198805301475,0.28684380378657487,0.4453630631759155,0.09302325581395349,0.7131561962134251,0.05087533156498674,0.33869570525029385,0.36363020496027426,0.024934499709980407,234,24,13259,5333
42,bearing,fedbn,adaptive,3,cnn-ae,test1_bearing3,1207,259,258,18592,hard_val_p95,0.9342740033512298,0.9625630310603654,0.9654739166825547,0.9704787754559698,0.45958731103817263,0.9890389787553568,0.9955115017766972,0.28630593803786575,0.4447136471865993,0.09302325581395349,0.7136940619621343,0.03076923076923077,0.18769756517434213,0.3124351104605145,0.12473754528617234,234,24,13269,5323
42,bearing,fedbn,adaptive,3,cnn-ae,test1_bearing3,1207,259,258,18592,fuzzy_warning_as_alarm_hi50,0.9342740033512298,0.9625630310603654,0.9654739166825547,0.9704787754559698,0.45958731103817263,0.9890389787553568,0.9955115017766972,0.28630593803786575,0.4447136471865993,0.09302325581395349,0.7136940619621343,0.03076923076923077,0.18769756517434213,0.3124351104605145,0.12473754528617234,234,24,13269,5323
42,bearing,fedbn,adaptive,3,cnn-ae,test1_bearing3,1207,259,258,18592,fuzzy_fault_only_hi75,0.9342740033512298,0.9625630310603654,0.9654739166825547,0.9704787754559698,0.45958731103817263,0.9890389787553568,0.9982167624331286,0.2709767641996558,0.42624476500698,0.03488372093023256,0.7290232358003442,0.03076923076923077,0.18769756517434213,0.3124351104605145,0.12473754528617234,249,9,13554,5038
42,bearing,fedbn,client_specific,3,cnn-ae,test1_bearing4,1207,259,258,18592,hard_val_p95,0.945464015007019,0.9579086065292358,0.95967618227005,0.964435840845108,0.5643432325648107,0.9909719714587419,0.9976541554959786,0.32024526678141135,0.48485342019543975,0.05426356589147287,0.6797547332185886,0.018620689655172412,0.10112985804943753,0.3305010911650597,0.2293712331156222,244,14,12638,5954
42,bearing,fedbn,client_specific,3,cnn-ae,test1_bearing4,1207,259,258,18592,fuzzy_warning_as_alarm_hi50,0.945464015007019,0.9579086065292358,0.95967618227005,0.964435840845108,0.5643432325648107,0.9909719714587419,0.9976541554959786,0.32024526678141135,0.48485342019543975,0.05426356589147287,0.6797547332185886,0.018620689655172412,0.10112985804943753,0.3305010911650597,0.2293712331156222,244,14,12638,5954
42,bearing,fedbn,client_specific,3,cnn-ae,test1_bearing4,1207,259,258,18592,fuzzy_fault_only_hi75,0.945464015007019,0.9579086065292358,0.95967618227005,0.964435840845108,0.5643432325648107,0.9909719714587419,0.9986113521957993,0.309434165232358,0.4724674578080729,0.031007751937984496,0.690565834767642,0.018620689655172412,0.10112985804943753,0.3305010911650597,0.2293712331156222,250,8,12839,5753
42,bearing,fedbn,pooled,3,cnn-ae,test1_bearing4,1207,259,258,18592,hard_val_p95,0.8795851469039917,0.9553867101669311,0.9622743099927902,0.9684860634803772,0.4732007348330197,0.9902919207157469,0.9986077271145144,0.3086273666092943,0.47152600871065825,0.031007751937984496,0.6913726333907056,0.047480106100795755,0.19869795709677,0.3660835653016923,0.1673856082049223,250,8,12854,5738
42,bearing,fedbn,pooled,3,cnn-ae,test1_bearing4,1207,259,258,18592,fuzzy_warning_as_alarm_hi50,0.8795851469039917,0.9553867101669311,0.9622743099927902,0.9684860634803772,0.4732007348330197,0.9902919207157469,0.9986077271145144,0.3086273666092943,0.47152600871065825,0.031007751937984496,0.6913726333907056,0.047480106100795755,0.19869795709677,0.3660835653016923,0.1673856082049223,250,8,12854,5738
42,bearing,fedbn,pooled,3,cnn-ae,test1_bearing4,1207,259,258,18592,fuzzy_fault_only_hi75,0.8795851469039917,0.9553867101669311,0.9622743099927902,0.9684860634803772,0.4732007348330197,0.9902919207157469,0.9998171177761521,0.2940512048192771,0.4544472152950956,0.003875968992248062,0.7059487951807228,0.047480106100795755,0.19869795709677,0.3660835653016923,0.1673856082049223,257,1,13125,5467
42,bearing,fedbn,adaptive,3,cnn-ae,test1_bearing4,1207,259,258,18592,hard_val_p95,0.9279919041644484,0.9572397599924867,0.9603652465612561,0.9655100235209525,0.5496819086979147,0.9909847888672295,0.9979681679647816,0.3170180722891566,0.481182137317332,0.046511627906976744,0.6829819277108434,0.026153846153846153,0.14023028523543207,0.3500981458618483,0.2098678606264162,246,12,12698,5894
42,bearing,fedbn,adaptive,3,cnn-ae,test1_bearing4,1207,259,258,18592,fuzzy_warning_as_alarm_hi50,0.9279919041644484,0.9572397599924867,0.9603652465612561,0.9655100235209525,0.5496819086979147,0.9909847888672295,0.9979681679647816,0.3170180722891566,0.481182137317332,0.046511627906976744,0.6829819277108434,0.026153846153846153,0.14023028523543207,0.3500981458618483,0.2098678606264162,246,12,12698,5894
42,bearing,fedbn,adaptive,3,cnn-ae,test1_bearing4,1207,259,258,18592,fuzzy_fault_only_hi75,0.9279919041644484,0.9572397599924867,0.9603652465612561,0.9655100235209525,0.5496819086979147,0.9909847888672295,0.9987693389592124,0.3055615318416523,0.4679571663920923,0.027131782945736434,0.6944384681583476,0.026153846153846153,0.14023028523543207,0.3500981458618483,0.2098678606264162,251,7,12911,5681
42,bearing,fedbn,client_specific,3,cnn-ae,test2_bearing1,552,118,118,18592,hard_val_p95,0.8403162062168121,0.8565233588218689,0.8596136331558227,0.8680701994895935,0.9399340704221242,0.9993950541918023,0.9992826827664535,0.8991501721170396,0.9465756915149628,0.1016949152542373,0.10084982788296042,0.03698556921432389,0.1479021810567106,0.9033671902905563,0.7554650092338457,106,12,1875,16717
42,bearing,fedbn,client_specific,3,cnn-ae,test2_bearing1,552,118,118,18592,fuzzy_warning_as_alarm_hi50,0.8403162062168121,0.8565233588218689,0.8596136331558227,0.8680701994895935,0.9399340704221242,0.9993950541918023,0.9992826827664535,0.8991501721170396,0.9465756915149628,0.1016949152542373,0.10084982788296042,0.03698556921432389,0.1479021810567106,0.9033671902905563,0.7554650092338457,106,12,1875,16717
42,bearing,fedbn,client_specific,3,cnn-ae,test2_bearing1,552,118,118,18592,fuzzy_fault_only_hi75,0.8403162062168121,0.8565233588218689,0.8596136331558227,0.8680701994895935,0.9399340704221242,0.9993950541918023,0.9995092626671574,0.8763984509466437,0.9339141399667564,0.06779661016949153,0.12360154905335628,0.03698556921432389,0.1479021810567106,0.9033671902905563,0.7554650092338457,110,8,2298,16294
42,bearing,fedbn,pooled,3,cnn-ae,test2_bearing1,552,118,118,18592,hard_val_p95,0.8795851469039917,0.9553867101669311,0.9622743099927902,0.9684860634803772,0.9041197325622101,0.9988217966489644,1.0,0.4695030120481928,0.6389956443761209,0.0,0.5304969879518072,0.048156066274719404,0.0007469919817763731,0.5269231146861123,0.5261761227043359,118,0,9863,8729
42,bearing,fedbn,pooled,3,cnn-ae,test2_bearing1,552,118,118,18592,fuzzy_warning_as_alarm_hi50,0.8795851469039917,0.9553867101669311,0.9622743099927902,0.9684860634803772,0.9041197325622101,0.9988217966489644,1.0,0.4695030120481928,0.6389956443761209,0.0,0.5304969879518072,0.048156066274719404,0.0007469919817763731,0.5269231146861123,0.5261761227043359,118,0,9863,8729
42,bearing,fedbn,pooled,3,cnn-ae,test2_bearing1,552,118,118,18592,fuzzy_fault_only_hi75,0.8795851469039917,0.9553867101669311,0.9622743099927902,0.9684860634803772,0.9041197325622101,0.9988217966489644,1.0,0.4493868330464716,0.6201061342635544,0.0,0.5506131669535284,0.048156066274719404,0.0007469919817763731,0.5269231146861123,0.5261761227043359,118,0,10237,8355
42,bearing,fedbn,adaptive,3,cnn-ae,test2_bearing1,552,118,118,18592,hard_val_p95,0.8511623066804016,0.8838294644129923,0.8879685618895474,0.8958051098264479,0.9514690116397795,0.9995507203959029,1.0,0.7981389845094664,0.8877389249498968,0.0,0.20186101549053356,0.010529128808123999,0.02572065312750023,0.8153668798121976,0.7896462266846973,118,0,3753,14839
42,bearing,fedbn,adaptive,3,cnn-ae,test2_bearing1,552,118,118,18592,fuzzy_warning_as_alarm_hi50,0.8511623066804016,0.8838294644129923,0.8879685618895474,0.8958051098264479,0.9514690116397795,0.9995507203959029,1.0,0.7981389845094664,0.8877389249498968,0.0,0.20186101549053356,0.010529128808123999,0.02572065312750023,0.8153668798121976,0.7896462266846973,118,0,3753,14839
42,bearing,fedbn,adaptive,3,cnn-ae,test2_bearing1,552,118,118,18592,fuzzy_fault_only_hi75,0.8511623066804016,0.8838294644129923,0.8879685618895474,0.8958051098264479,0.9514690116397795,0.9995507203959029,1.0,0.7928679001721171,0.8844688446884469,0.0,0.20713209982788297,0.010529128808123999,0.02572065312750023,0.8153668798121976,0.7896462266846973,118,0,3851,14741
42,bearing,fedbn,client_specific,3,cnn-ae,test2_bearing3,552,118,118,18592,hard_val_p95,0.9640780091285706,0.9693635940551758,0.9708953738212586,0.974847321510315,0.5588739643805245,0.9961860091279926,0.9990069513406157,0.37876506024096385,0.5492765492765492,0.059322033898305086,0.6212349397590361,0.02928915018706574,0.10965362019780815,0.38146638028957947,0.2718127600917713,111,7,11550,7042
42,bearing,fedbn,client_specific,3,cnn-ae,test2_bearing3,552,118,118,18592,fuzzy_warning_as_alarm_hi50,0.9640780091285706,0.9693635940551758,0.9708953738212586,0.974847321510315,0.5588739643805245,0.9961860091279926,0.9990069513406157,0.37876506024096385,0.5492765492765492,0.059322033898305086,0.6212349397590361,0.02928915018706574,0.10965362019780815,0.38146638028957947,0.2718127600917713,111,7,11550,7042
42,bearing,fedbn,client_specific,3,cnn-ae,test2_bearing3,552,118,118,18592,fuzzy_fault_only_hi75,0.9640780091285706,0.9693635940551758,0.9708953738212586,0.974847321510315,0.5588739643805245,0.9961860091279926,0.9994054696789536,0.3616609294320138,0.5311216429699842,0.03389830508474576,0.6383390705679862,0.02928915018706574,0.10965362019780815,0.38146638028957947,0.2718127600917713,114,4,11868,6724
42,bearing,fedbn,pooled,3,cnn-ae,test2_bearing3,552,118,118,18592,hard_val_p95,0.8795851469039917,0.9553867101669311,0.9622743099927902,0.9684860634803772,0.4036183322879897,0.9937107267116524,0.9919659735349716,0.451592082616179,0.6206386753400355,0.576271186440678,0.548407917383821,0.05863174772848744,0.6333163328384326,0.5190563617997421,-0.11425997103869046,50,68,10196,8396
42,bearing,fedbn,pooled,3,cnn-ae,test2_bearing3,552,118,118,18592,fuzzy_warning_as_alarm_hi50,0.8795851469039917,0.9553867101669311,0.9622743099927902,0.9684860634803772,0.4036183322879897,0.9937107267116524,0.9919659735349716,0.451592082616179,0.6206386753400355,0.576271186440678,0.548407917383821,0.05863174772848744,0.6333163328384326,0.5190563617997421,-0.11425997103869046,50,68,10196,8396
42,bearing,fedbn,pooled,3,cnn-ae,test2_bearing3,552,118,118,18592,fuzzy_fault_only_hi75,0.8795851469039917,0.9553867101669311,0.9622743099927902,0.9684860634803772,0.4036183322879897,0.9937107267116524,0.9946477470749315,0.4298085197934596,0.6002403665590025,0.3644067796610169,0.5701914802065404,0.05863174772848744,0.6333163328384326,0.5190563617997421,-0.11425997103869046,75,43,10601,7991
42,bearing,fedbn,adaptive,3,cnn-ae,test2_bearing3,552,118,118,18592,hard_val_p95,0.9488142945394868,0.9668386569078475,0.9693379705771566,0.9736981542973685,0.4316197143294729,0.9955844159250532,0.9985007496251874,0.39404044750430295,0.5650815688996876,0.09322033898305085,0.6059595524956971,0.04265098877605559,0.27426587437491695,0.40800659654977905,0.1337407221748621,107,11,11266,7326
42,bearing,fedbn,adaptive,3,cnn-ae,test2_bearing3,552,118,118,18592,fuzzy_warning_as_alarm_hi50,0.9488142945394868,0.9668386569078475,0.9693379705771566,0.9736981542973685,0.4316197143294729,0.9955844159250532,0.9985007496251874,0.39404044750430295,0.5650815688996876,0.09322033898305085,0.6059595524956971,0.04265098877605559,0.27426587437491695,0.40800659654977905,0.1337407221748621,107,11,11266,7326
42,bearing,fedbn,adaptive,3,cnn-ae,test2_bearing3,552,118,118,18592,fuzzy_fault_only_hi75,0.9488142945394868,0.9668386569078475,0.9693379705771566,0.9736981542973685,0.4316197143294729,0.9955844159250532,0.998992950654582,0.37349397590361444,0.5437106056453823,0.059322033898305086,0.6265060240963856,0.04265098877605559,0.27426587437491695,0.40800659654977905,0.1337407221748621,111,7,11648,6944
42,bearing,fedbn,client_specific,3,cnn-ae,test3_bearing1,3542,759,759,18592,hard_val_p95,0.8179041147232056,0.8592952489852905,0.867570549249649,0.875750720500946,0.9397288476322002,0.9968510833614616,0.9982049256839233,0.7477409638554217,0.855007841569544,0.03293807641633729,0.2522590361445783,0.03953284068006822,0.09394750889521523,0.7873046267814079,0.6933571178861927,734,25,4690,13902
42,bearing,fedbn,client_specific,3,cnn-ae,test3_bearing1,3542,759,759,18592,fuzzy_warning_as_alarm_hi50,0.8179041147232056,0.8592952489852905,0.867570549249649,0.875750720500946,0.9397288476322002,0.9968510833614616,0.9982049256839233,0.7477409638554217,0.855007841569544,0.03293807641633729,0.2522590361445783,0.03953284068006822,0.09394750889521523,0.7873046267814079,0.6933571178861927,734,25,4690,13902
42,bearing,fedbn,client_specific,3,cnn-ae,test3_bearing1,3542,759,759,18592,fuzzy_fault_only_hi75,0.8179041147232056,0.8592952489852905,0.867570549249649,0.875750720500946,0.9397288476322002,0.9968510833614616,0.9988330537524616,0.7366071428571429,0.8479088629539052,0.021080368906455864,0.26339285714285715,0.03953284068006822,0.09394750889521523,0.7873046267814079,0.6933571178861927,743,16,4897,13695
42,bearing,fedbn,pooled,3,cnn-ae,test3_bearing1,3542,759,759,18592,hard_val_p95,0.8795851469039917,0.9553867101669311,0.9622743099927902,0.9684860634803772,0.8584418844208,0.9889988446777356,1.0,0.32460197934595525,0.4901124781743615,0.0,0.6753980206540448,0.04397705544933078,0.0002723445617894569,0.3904673672224243,0.3901950226606348,759,0,12557,6035
42,bearing,fedbn,pooled,3,cnn-ae,test3_bearing1,3542,759,759,18592,fuzzy_warning_as_alarm_hi50,0.8795851469039917,0.9553867101669311,0.9622743099927902,0.9684860634803772,0.8584418844208,0.9889988446777356,1.0,0.32460197934595525,0.4901124781743615,0.0,0.6753980206540448,0.04397705544933078,0.0002723445617894569,0.3904673672224243,0.3901950226606348,759,0,12557,6035
42,bearing,fedbn,pooled,3,cnn-ae,test3_bearing1,3542,759,759,18592,fuzzy_fault_only_hi75,0.8795851469039917,0.9553867101669311,0.9622743099927902,0.9684860634803772,0.8584418844208,0.9889988446777356,1.0,0.3093265920826162,0.47249722712894876,0.0,0.6906734079173839,0.04397705544933078,0.0002723445617894569,0.3904673672224243,0.3901950226606348,759,0,12841,5751
42,bearing,fedbn,adaptive,3,cnn-ae,test3_bearing1,3542,759,759,18592,hard_val_p95,0.8376465042209896,0.8900514634484151,0.8978825992493321,0.9054327345104464,0.9287708428292503,0.9959688367715116,1.0,0.6834660068846816,0.8119748234767884,0.0,0.31653399311531843,0.021704304687096273,0.02603175117104657,0.7103078885010327,0.684276137329986,759,0,5885,12707
42,bearing,fedbn,adaptive,3,cnn-ae,test3_bearing1,3542,759,759,18592,fuzzy_warning_as_alarm_hi50,0.8376465042209896,0.8900514634484151,0.8978825992493321,0.9054327345104464,0.9287708428292503,0.9959688367715116,1.0,0.6834660068846816,0.8119748234767884,0.0,0.31653399311531843,0.021704304687096273,0.02603175117104657,0.7103078885010327,0.684276137329986,759,0,5885,12707
42,bearing,fedbn,adaptive,3,cnn-ae,test3_bearing1,3542,759,759,18592,fuzzy_fault_only_hi75,0.8376465042209896,0.8900514634484151,0.8978825992493321,0.9054327345104464,0.9287708428292503,0.9959688367715116,1.0,0.6754518072289156,0.8062921348314607,0.0,0.3245481927710843,0.021704304687096273,0.02603175117104657,0.7103078885010327,0.684276137329986,759,0,6034,12558
42,bearing,fedbn,client_specific,3,cnn-ae,test3_bearing3,3542,759,759,18592,hard_val_p95,0.9087066054344177,0.9241449356079101,0.9276782393455505,0.9362728106975554,0.7008537042013339,0.9842079383758601,0.9953670338721301,0.5200086058519794,0.683130189012542,0.05928853754940711,0.47999139414802067,0.08542194201850034,0.11588392282089996,0.5260371497937558,0.41015322697285583,714,45,8924,9668
42,bearing,fedbn,client_specific,3,cnn-ae,test3_bearing3,3542,759,759,18592,fuzzy_warning_as_alarm_hi50,0.9087066054344177,0.9241449356079101,0.9276782393455505,0.9362728106975554,0.7008537042013339,0.9842079383758601,0.9953670338721301,0.5200086058519794,0.683130189012542,0.05928853754940711,0.47999139414802067,0.08542194201850034,0.11588392282089996,0.5260371497937558,0.41015322697285583,714,45,8924,9668
42,bearing,fedbn,client_specific,3,cnn-ae,test3_bearing3,3542,759,759,18592,fuzzy_fault_only_hi75,0.9087066054344177,0.9241449356079101,0.9276782393455505,0.9362728106975554,0.7008537042013339,0.9842079383758601,0.9977166343189862,0.4700408777969019,0.6390259953932215,0.026350461133069828,0.5299591222030982,0.08542194201850034,0.11588392282089996,0.5260371497937558,0.41015322697285583,739,20,9853,8739
42,bearing,fedbn,pooled,3,cnn-ae,test3_bearing3,3542,759,759,18592,hard_val_p95,0.8795851469039917,0.9553867101669311,0.9622743099927902,0.9684860634803772,0.6416789759262913,0.9840622355059613,1.0,0.30513123924268504,0.4675870595507933,0.0,0.694868760757315,0.04826623947082838,0.13008435223897874,0.37513589031036837,0.24505153807138963,759,0,12919,5673
42,bearing,fedbn,pooled,3,cnn-ae,test3_bearing3,3542,759,759,18592,fuzzy_warning_as_alarm_hi50,0.8795851469039917,0.9553867101669311,0.9622743099927902,0.9684860634803772,0.6416789759262913,0.9840622355059613,1.0,0.30513123924268504,0.4675870595507933,0.0,0.694868760757315,0.04826623947082838,0.13008435223897874,0.37513589031036837,0.24505153807138963,759,0,12919,5673
42,bearing,fedbn,pooled,3,cnn-ae,test3_bearing3,3542,759,759,18592,fuzzy_fault_only_hi75,0.8795851469039917,0.9553867101669311,0.9622743099927902,0.9684860634803772,0.6416789759262913,0.9840622355059613,1.0,0.28834982788296043,0.4476266020957709,0.0,0.7116501721170396,0.04826623947082838,0.13008435223897874,0.37513589031036837,0.24505153807138963,759,0,13231,5361
42,bearing,fedbn,adaptive,3,cnn-ae,test3_bearing3,3542,759,759,18592,hard_val_p95,0.9000270282896348,0.9334564675884125,0.9379895108011111,0.9458738893083939,0.6716863926626891,0.9845739133990988,0.9998719590268886,0.42001936316695354,0.5915460949928035,0.0013175230566534915,0.5799806368330465,0.05131517751020619,0.1025830652402273,0.46117754436349256,0.35859447912326525,758,1,10783,7809
42,bearing,fedbn,adaptive,3,cnn-ae,test3_bearing3,3542,759,759,18592,fuzzy_warning_as_alarm_hi50,0.9000270282896348,0.9334564675884125,0.9379895108011111,0.9458738893083939,0.6716863926626891,0.9845739133990988,0.9998719590268886,0.42001936316695354,0.5915460949928035,0.0013175230566534915,0.5799806368330465,0.05131517751020619,0.1025830652402273,0.46117754436349256,0.35859447912326525,758,1,10783,7809
42,bearing,fedbn,adaptive,3,cnn-ae,test3_bearing3,3542,759,759,18592,fuzzy_fault_only_hi75,0.9000270282896348,0.9334564675884125,0.9379895108011111,0.9458738893083939,0.6716863926626891,0.9845739133990988,1.0,0.3979130808950086,0.5692958830319353,0.0,0.6020869191049913,0.05131517751020619,0.1025830652402273,0.46117754436349256,0.35859447912326525,759,0,11194,7398
42,bearing,fedbn-personalized,client_specific,3,cnn-ae,test1_bearing1,1207,259,258,18592,hard_val_p95,0.7875308394432068,0.8152507781982422,0.826926076412201,0.8425952196121216,0.948851260523823,0.9989956476633636,0.9989979369289714,0.9115748709122203,0.9532862727451697,0.06589147286821706,0.08842512908777969,0.021379310344827585,0.09862273482822671,0.9091458761042207,0.810523141275994,241,17,1644,16948
42,bearing,fedbn-personalized,client_specific,3,cnn-ae,test1_bearing1,1207,259,258,18592,fuzzy_warning_as_alarm_hi50,0.7875308394432068,0.8152507781982422,0.826926076412201,0.8425952196121216,0.948851260523823,0.9989956476633636,0.9989979369289714,0.9115748709122203,0.9532862727451697,0.06589147286821706,0.08842512908777969,0.021379310344827585,0.09862273482822671,0.9091458761042207,0.810523141275994,241,17,1644,16948
42,bearing,fedbn-personalized,client_specific,3,cnn-ae,test1_bearing1,1207,259,258,18592,fuzzy_fault_only_hi75,0.7875308394432068,0.8152507781982422,0.826926076412201,0.8425952196121216,0.948851260523823,0.9989956476633636,0.9994008747229045,0.8972138554216867,0.9455545163393135,0.03875968992248062,0.10278614457831325,0.021379310344827585,0.09862273482822671,0.9091458761042207,0.810523141275994,248,10,1911,16681
42,bearing,fedbn-personalized,client_specific,3,cnn-ae,test1_bearing2,1207,259,258,18592,hard_val_p95,0.7222000360488892,0.753279185295105,0.7595356523990631,0.7694379448890686,0.9957129181176534,0.9998861119266356,0.9994610907523173,0.997525817555938,0.9984925164208033,0.03875968992248062,0.0024741824440619622,0.005941644562334218,0.10488954172793792,0.9963861176795392,0.8914965759516013,248,10,46,18546
42,bearing,fedbn-personalized,client_specific,3,cnn-ae,test1_bearing2,1207,259,258,18592,fuzzy_warning_as_alarm_hi50,0.7222000360488892,0.753279185295105,0.7595356523990631,0.7694379448890686,0.9957129181176534,0.9998861119266356,0.9994610907523173,0.997525817555938,0.9984925164208033,0.03875968992248062,0.0024741824440619622,0.005941644562334218,0.10488954172793792,0.9963861176795392,0.8914965759516013,248,10,46,18546
42,bearing,fedbn-personalized,client_specific,3,cnn-ae,test1_bearing2,1207,259,258,18592,fuzzy_fault_only_hi75,0.7222000360488892,0.753279185295105,0.7595356523990631,0.7694379448890686,0.9957129181176534,0.9998861119266356,0.999621335064373,0.9939221170395869,0.996763579481094,0.027131782945736434,0.006077882960413081,0.005941644562334218,0.10488954172793792,0.9963861176795392,0.8914965759516013,251,7,113,18479
42,bearing,fedbn-personalized,client_specific,3,cnn-ae,test1_bearing3,1207,259,258,18592,hard_val_p95,0.9514980316162109,0.9616220831871033,0.9643109023571015,0.9684812557697297,0.4805547980960386,0.9901319109760423,0.9976744186046511,0.2768932874354561,0.43347928595486696,0.046511627906976744,0.7231067125645438,0.027586206896551724,0.10920958226036476,0.2811262894104008,0.17191670715003604,246,12,13444,5148
42,bearing,fedbn-personalized,client_specific,3,cnn-ae,test1_bearing3,1207,259,258,18592,fuzzy_warning_as_alarm_hi50,0.9514980316162109,0.9616220831871033,0.9643109023571015,0.9684812557697297,0.4805547980960386,0.9901319109760423,0.9976744186046511,0.2768932874354561,0.43347928595486696,0.046511627906976744,0.7231067125645438,0.027586206896551724,0.10920958226036476,0.2811262894104008,0.17191670715003604,246,12,13444,5148
42,bearing,fedbn-personalized,client_specific,3,cnn-ae,test1_bearing3,1207,259,258,18592,fuzzy_fault_only_hi75,0.9514980316162109,0.9616220831871033,0.9643109023571015,0.9684812557697297,0.4805547980960386,0.9901319109760423,0.9987780040733197,0.26376936316695354,0.4173261850055314,0.023255813953488372,0.7362306368330465,0.027586206896551724,0.10920958226036476,0.2811262894104008,0.17191670715003604,252,6,13688,4904
42,bearing,fedbn-personalized,client_specific,3,cnn-ae,test1_bearing4,1207,259,258,18592,hard_val_p95,0.9433244466781616,0.9556267261505127,0.9579498827457428,0.9618035864830017,0.5584393220723425,0.9910809349192709,0.9984989993328885,0.32202022375215145,0.4869855213925492,0.03488372093023256,0.6779797762478486,0.016976127320954906,0.08817338966910758,0.33076357957592534,0.24259018990681774,249,9,12605,5987
42,bearing,fedbn-personalized,client_specific,3,cnn-ae,test1_bearing4,1207,259,258,18592,fuzzy_warning_as_alarm_hi50,0.9433244466781616,0.9556267261505127,0.9579498827457428,0.9618035864830017,0.5584393220723425,0.9910809349192709,0.9984989993328885,0.32202022375215145,0.4869855213925492,0.03488372093023256,0.6779797762478486,0.016976127320954906,0.08817338966910758,0.33076357957592534,0.24259018990681774,249,9,12605,5987
42,bearing,fedbn-personalized,client_specific,3,cnn-ae,test1_bearing4,1207,259,258,18592,fuzzy_fault_only_hi75,0.9433244466781616,0.9556267261505127,0.9579498827457428,0.9618035864830017,0.5584393220723425,0.9910809349192709,0.9988007538118897,0.31357573149741824,0.4773015678087519,0.027131782945736434,0.6864242685025818,0.016976127320954906,0.08817338966910758,0.33076357957592534,0.24259018990681774,251,7,12762,5830
42,bearing,fedbn-personalized,client_specific,3,cnn-ae,test2_bearing1,552,118,118,18592,hard_val_p95,0.83553346991539,0.8490341484546662,0.8564272463321686,0.8608141207695007,0.9475011121969719,0.9995669261225132,0.9997434746360546,0.8384789156626506,0.9120374433230949,0.03389830508474576,0.1615210843373494,0.060074826296098345,0.09057649801197862,0.8572862806269644,0.7667097826149858,114,4,3003,15589
42,bearing,fedbn-personalized,client_specific,3,cnn-ae,test2_bearing1,552,118,118,18592,fuzzy_warning_as_alarm_hi50,0.83553346991539,0.8490341484546662,0.8564272463321686,0.8608141207695007,0.9475011121969719,0.9995669261225132,0.9997434746360546,0.8384789156626506,0.9120374433230949,0.03389830508474576,0.1615210843373494,0.060074826296098345,0.09057649801197862,0.8572862806269644,0.7667097826149858,114,4,3003,15589
42,bearing,fedbn-personalized,client_specific,3,cnn-ae,test2_bearing1,552,118,118,18592,fuzzy_fault_only_hi75,0.83553346991539,0.8490341484546662,0.8564272463321686,0.8608141207695007,0.9475011121969719,0.9995669261225132,0.9998690928131955,0.8216437177280551,0.9020372010628875,0.01694915254237288,0.17835628227194492,0.060074826296098345,0.09057649801197862,0.8572862806269644,0.7667097826149858,116,2,3316,15276
42,bearing,fedbn-personalized,client_specific,3,cnn-ae,test2_bearing3,552,118,118,18592,hard_val_p95,0.963892936706543,0.9695647239685059,0.9714542865753174,0.9757997250556946,0.4793760392660229,0.9954357456538665,0.9988246816846229,0.2742577452667814,0.43034983331223364,0.05084745762711865,0.7257422547332186,0.021859967931587388,0.09724266686069268,0.27566839037629487,0.1784257235156022,112,6,13493,5099
42,bearing,fedbn-personalized,client_specific,3,cnn-ae,test2_bearing3,552,118,118,18592,fuzzy_warning_as_alarm_hi50,0.963892936706543,0.9695647239685059,0.9714542865753174,0.9757997250556946,0.4793760392660229,0.9954357456538665,0.9988246816846229,0.2742577452667814,0.43034983331223364,0.05084745762711865,0.7257422547332186,0.021859967931587388,0.09724266686069268,0.27566839037629487,0.1784257235156022,112,6,13493,5099
42,bearing,fedbn-personalized,client_specific,3,cnn-ae,test2_bearing3,552,118,118,18592,fuzzy_fault_only_hi75,0.963892936706543,0.9695647239685059,0.9714542865753174,0.9757997250556946,0.4793760392660229,0.9954357456538665,0.9991796554552912,0.2620481927710843,0.4152036816089995,0.03389830508474576,0.7379518072289156,0.021859967931587388,0.09724266686069268,0.27566839037629487,0.1784257235156022,114,4,13720,4872
42,bearing,fedbn-personalized,client_specific,3,cnn-ae,test3_bearing1,3542,759,759,18592,hard_val_p95,0.816698431968689,0.856794786453247,0.8654752969741821,0.874882425069809,0.9390914519172114,0.9968125922062387,0.9980585316746962,0.7465576592082617,0.8541801286193421,0.03557312252964427,0.2534423407917384,0.04501059376776394,0.09502652585460154,0.7865052797450637,0.6914787538904621,732,27,4712,13880
42,bearing,fedbn-personalized,client_specific,3,cnn-ae,test3_bearing1,3542,759,759,18592,fuzzy_warning_as_alarm_hi50,0.816698431968689,0.856794786453247,0.8654752969741821,0.874882425069809,0.9390914519172114,0.9968125922062387,0.9980585316746962,0.7465576592082617,0.8541801286193421,0.03557312252964427,0.2534423407917384,0.04501059376776394,0.09502652585460154,0.7865052797450637,0.6914787538904621,732,27,4712,13880
42,bearing,fedbn-personalized,client_specific,3,cnn-ae,test3_bearing1,3542,759,759,18592,fuzzy_fault_only_hi75,0.816698431968689,0.856794786453247,0.8654752969741821,0.874882425069809,0.9390914519172114,0.9968125922062387,0.9987571282351221,0.7347783993115319,0.8466687325689495,0.022397891963109356,0.2652216006884682,0.04501059376776394,0.09502652585460154,0.7865052797450637,0.6914787538904621,742,17,4931,13661
42,bearing,fedbn-personalized,client_specific,3,cnn-ae,test3_bearing3,3542,759,759,18592,hard_val_p95,0.8823226690292358,0.9075179815292358,0.9128797173500061,0.9241132616996764,0.724157464130945,0.9847419654145669,0.9959897172236504,0.5209767641996558,0.6841120175159798,0.05138339920948617,0.4790232358003442,0.06511291406128883,0.10415109007937638,0.5325628836915385,0.4284117936121621,720,39,8906,9686
42,bearing,fedbn-personalized,client_specific,3,cnn-ae,test3_bearing3,3542,759,759,18592,fuzzy_warning_as_alarm_hi50,0.8823226690292358,0.9075179815292358,0.9128797173500061,0.9241132616996764,0.724157464130945,0.9847419654145669,0.9959897172236504,0.5209767641996558,0.6841120175159798,0.05138339920948617,0.4790232358003442,0.06511291406128883,0.10415109007937638,0.5325628836915385,0.4284117936121621,720,39,8906,9686
42,bearing,fedbn-personalized,client_specific,3,cnn-ae,test3_bearing3,3542,759,759,18592,fuzzy_fault_only_hi75,0.8823226690292358,0.9075179815292358,0.9128797173500061,0.9241132616996764,0.724157464130945,0.9847419654145669,0.9976800707026071,0.48574655765920827,0.6533786716828245,0.02766798418972332,0.5142534423407917,0.06511291406128883,0.10415109007937638,0.5325628836915385,0.4284117936121621,738,21,9561,9031
42,condition,local-only,client_specific,3,cnn-ae,test1,4827,1034,1035,18592,hard_val_p95,0.8765791356563568,0.949283915758133,0.9521762132644653,0.9570784056186676,0.6256223912211996,0.9693016260976142,0.9896466721446179,0.3239027538726334,0.48806581026867124,0.06086956521739131,0.6760972461273667,0.030977734753146177,0.13204738694476242,0.37405597710468297,0.24200859015992054,972,63,12570,6022
42,condition,local-only,client_specific,3,cnn-ae,test1,4827,1034,1035,18592,fuzzy_warning_as_alarm_hi50,0.8765791356563568,0.949283915758133,0.9521762132644653,0.9570784056186676,0.6256223912211996,0.9693016260976142,0.9896466721446179,0.3239027538726334,0.48806581026867124,0.06086956521739131,0.6760972461273667,0.030977734753146177,0.13204738694476242,0.37405597710468297,0.24200859015992054,972,63,12570,6022
42,condition,local-only,client_specific,3,cnn-ae,test1,4827,1034,1035,18592,fuzzy_fault_only_hi75,0.8765791356563568,0.949283915758133,0.9521762132644653,0.9570784056186676,0.6256223912211996,0.9693016260976142,0.9941740918437286,0.3120697074010327,0.4750286556410676,0.03285024154589372,0.6879302925989673,0.030977734753146177,0.13204738694476242,0.37405597710468297,0.24200859015992054,1001,34,12790,5802
42,condition,local-only,client_specific,3,cnn-ae,test2,1103,236,237,18592,hard_val_p95,0.9220333397388458,0.9917117655277252,0.994255930185318,0.9985380738973617,0.7449616503990646,0.9955417817675547,0.9984582771246868,0.5573364888123924,0.7153607179841215,0.06751054852320675,0.44266351118760755,0.0227308938339795,0.17184031460362587,0.6101568855117766,0.43831657090815074,221,16,8230,10362
42,condition,local-only,client_specific,3,cnn-ae,test2,1103,236,237,18592,fuzzy_warning_as_alarm_hi50,0.9220333397388458,0.9917117655277252,0.994255930185318,0.9985380738973617,0.7449616503990646,0.9955417817675547,0.9984582771246868,0.5573364888123924,0.7153607179841215,0.06751054852320675,0.44266351118760755,0.0227308938339795,0.17184031460362587,0.6101568855117766,0.43831657090815074,221,16,8230,10362
42,condition,local-only,client_specific,3,cnn-ae,test2,1103,236,237,18592,fuzzy_fault_only_hi75,0.9220333397388458,0.9917117655277252,0.994255930185318,0.9985380738973617,0.7449616503990646,0.9955417817675547,0.9991166077738516,0.5474935456110155,0.7073662265462126,0.0379746835443038,0.4525064543889845,0.0227308938339795,0.17184031460362587,0.6101568855117766,0.43831657090815074,228,9,8413,10179
42,condition,local-only,client_specific,3,cnn-ae,test3,7084,1518,1518,18592,hard_val_p95,0.8701868653297424,0.9158560156822204,0.9214901745319366,0.9283880442380905,0.7547858358901445,0.9740838173752608,0.9938224672115568,0.5624462134251291,0.7183485608298413,0.04281949934123847,0.43755378657487093,0.08826454500248633,0.12748876500410813,0.5812184194917811,0.453729654487673,1453,65,8135,10457
42,condition,local-only,client_specific,3,cnn-ae,test3,7084,1518,1518,18592,fuzzy_warning_as_alarm_hi50,0.8701868653297424,0.9158560156822204,0.9214901745319366,0.9283880442380905,0.7547858358901445,0.9740838173752608,0.9938224672115568,0.5624462134251291,0.7183485608298413,0.04281949934123847,0.43755378657487093,0.08826454500248633,0.12748876500410813,0.5812184194917811,0.453729654487673,1453,65,8135,10457
42,condition,local-only,client_specific,3,cnn-ae,test3,7084,1518,1518,18592,fuzzy_fault_only_hi75,0.8701868653297424,0.9158560156822204,0.9214901745319366,0.9283880442380905,0.7547858358901445,0.9740838173752608,0.9966087760764567,0.5216222030981067,0.6848144617448717,0.021739130434782608,0.4783777969018933,0.08826454500248633,0.12748876500410813,0.5812184194917811,0.453729654487673,1485,33,8894,9698
42,condition,centralized,client_specific,3,cnn-ae,test1,4827,1034,1035,18592,hard_val_p95,0.8721120953559875,0.9439463138580322,0.9468110263347626,0.9506502521038055,0.6079732231202243,0.9676650946591014,0.9884057971014493,0.31180077452667815,0.474056507339412,0.06570048309178744,0.6881992254733219,0.03118153563968003,0.13487463964269972,0.3584639087804249,0.22358926913772517,967,68,12795,5797
42,condition,centralized,client_specific,3,cnn-ae,test1,4827,1034,1035,18592,fuzzy_warning_as_alarm_hi50,0.8721120953559875,0.9439463138580322,0.9468110263347626,0.9506502521038055,0.6079732231202243,0.9676650946591014,0.9884057971014493,0.31180077452667815,0.474056507339412,0.06570048309178744,0.6881992254733219,0.03118153563968003,0.13487463964269972,0.3584639087804249,0.22358926913772517,967,68,12795,5797
42,condition,centralized,client_specific,3,cnn-ae,test1,4827,1034,1035,18592,fuzzy_fault_only_hi75,0.8721120953559875,0.9439463138580322,0.9468110263347626,0.9506502521038055,0.6079732231202243,0.9676650946591014,0.9921344297461566,0.2985154905335628,0.4589431902753659,0.04251207729468599,0.7014845094664371,0.03118153563968003,0.13487463964269972,0.3584639087804249,0.22358926913772517,991,44,13042,5550
42,condition,centralized,pooled,3,cnn-ae,test1,4827,1034,1035,18592,hard_val_p95,0.8642392158508301,0.9399631142616273,0.9465691655874252,0.9531837165355682,0.6109070599166854,0.9681288758780947,0.9876250211900323,0.3133605851979346,0.47576660814176636,0.07053140096618357,0.6866394148020654,0.055280990472308555,0.1411945866679766,0.3577782902045869,0.2165837035366103,962,73,12766,5826
42,condition,centralized,pooled,3,cnn-ae,test1,4827,1034,1035,18592,fuzzy_warning_as_alarm_hi50,0.8642392158508301,0.9399631142616273,0.9465691655874252,0.9531837165355682,0.6109070599166854,0.9681288758780947,0.9876250211900323,0.3133605851979346,0.47576660814176636,0.07053140096618357,0.6866394148020654,0.055280990472308555,0.1411945866679766,0.3577782902045869,0.2165837035366103,962,73,12766,5826
42,condition,centralized,pooled,3,cnn-ae,test1,4827,1034,1035,18592,fuzzy_fault_only_hi75,0.8642392158508301,0.9399631142616273,0.9465691655874252,0.9531837165355682,0.6109070599166854,0.9681288758780947,0.9950202877167097,0.29017857142857145,0.4493212292829183,0.02608695652173913,0.7098214285714286,0.055280990472308555,0.1411945866679766,0.3577782902045869,0.2165837035366103,1008,27,13197,5395
42,condition,centralized,adaptive,3,cnn-ae,test1,4827,1034,1035,18592,hard_val_p95,0.8668406135244158,0.9412792637285063,0.9466490824698115,0.9523465960798846,0.6097279646536456,0.9680003455058614,0.9882692961577695,0.31266135972461273,0.4750347307346572,0.06666666666666667,0.6873386402753873,0.04870841188159168,0.1388557069322257,0.3581347222216711,0.21927901528944538,966,69,12779,5813
42,condition,centralized,adaptive,3,cnn-ae,test1,4827,1034,1035,18592,fuzzy_warning_as_alarm_hi50,0.8668406135244158,0.9412792637285063,0.9466490824698115,0.9523465960798846,0.6097279646536456,0.9680003455058614,0.9882692961577695,0.31266135972461273,0.4750347307346572,0.06666666666666667,0.6873386402753873,0.04870841188159168,0.1388557069322257,0.3581347222216711,0.21927901528944538,966,69,12779,5813
42,condition,centralized,adaptive,3,cnn-ae,test1,4827,1034,1035,18592,fuzzy_fault_only_hi75,0.8668406135244158,0.9412792637285063,0.9466490824698115,0.9523465960798846,0.6097279646536456,0.9680003455058614,0.9937876849990864,0.29254518072289154,0.45202576355703306,0.03285024154589372,0.7074548192771084,0.04870841188159168,0.1388557069322257,0.3581347222216711,0.21927901528944538,1001,34,13153,5439
42,condition,centralized,client_specific,3,cnn-ae,test2,1103,236,237,18592,hard_val_p95,0.8411898612976074,0.9532073140144348,0.9555970728397369,0.9608664333820343,0.5425136350102036,0.9899501658853492,0.9970727313668093,0.2381669535283993,0.38449181608995786,0.05485232067510549,0.7618330464716007,0.0400977215996601,0.16620501454629227,0.30916548106200314,0.14296046651571087,224,13,14164,4428
42,condition,centralized,client_specific,3,cnn-ae,test2,1103,236,237,18592,fuzzy_warning_as_alarm_hi50,0.8411898612976074,0.9532073140144348,0.9555970728397369,0.9608664333820343,0.5425136350102036,0.9899501658853492,0.9970727313668093,0.2381669535283993,0.38449181608995786,0.05485232067510549,0.7618330464716007,0.0400977215996601,0.16620501454629227,0.30916548106200314,0.14296046651571087,224,13,14164,4428
42,condition,centralized,client_specific,3,cnn-ae,test2,1103,236,237,18592,fuzzy_fault_only_hi75,0.8411898612976074,0.9532073140144348,0.9555970728397369,0.9608664333820343,0.5425136350102036,0.9899501658853492,0.9985290512380486,0.21907271944922546,0.3593136606237043,0.02531645569620253,0.7809272805507745,0.0400977215996601,0.16620501454629227,0.30916548106200314,0.14296046651571087,231,6,14519,4073
42,condition,centralized,pooled,3,cnn-ae,test2,1103,236,237,18592,hard_val_p95,0.8642392158508301,0.9399631142616273,0.9465691655874252,0.9531837165355682,0.5039118953208856,0.9883297417397776,0.9841216216216216,0.3133605851979346,0.4753590078328982,0.39662447257383965,0.6866394148020654,0.05273779807743374,0.3879748134965742,0.3577782902045869,-0.0301965232919873,143,94,12766,5826
42,condition,centralized,pooled,3,cnn-ae,test2,1103,236,237,18592,fuzzy_warning_as_alarm_hi50,0.8642392158508301,0.9399631142616273,0.9465691655874252,0.9531837165355682,0.5039118953208856,0.9883297417397776,0.9841216216216216,0.3133605851979346,0.4753590078328982,0.39662447257383965,0.6866394148020654,0.05273779807743374,0.3879748134965742,0.3577782902045869,-0.0301965232919873,143,94,12766,5826
42,condition,centralized,pooled,3,cnn-ae,test2,1103,236,237,18592,fuzzy_fault_only_hi75,0.8642392158508301,0.9399631142616273,0.9465691655874252,0.9531837165355682,0.5039118953208856,0.9883297417397776,0.9880952380952381,0.29017857142857145,0.4486113420921337,0.2742616033755274,0.7098214285714286,0.05273779807743374,0.3879748134965742,0.3577782902045869,-0.0301965232919873,172,65,13197,5395
42,condition,centralized,adaptive,3,cnn-ae,test2,1103,236,237,18592,hard_val_p95,0.8539277564073688,0.9458880970326993,0.9506079294181689,0.9566206901391026,0.5214103475384358,0.9893903935000254,0.9889492414309796,0.28399311531841653,0.44126864736116334,0.2489451476793249,0.7160068846815835,0.06346593021403155,0.2729943531323702,0.3358531404167677,0.06285878728439753,178,59,13312,5280
42,condition,centralized,adaptive,3,cnn-ae,test2,1103,236,237,18592,fuzzy_warning_as_alarm_hi50,0.8539277564073688,0.9458880970326993,0.9506079294181689,0.9566206901391026,0.5214103475384358,0.9893903935000254,0.9889492414309796,0.28399311531841653,0.44126864736116334,0.2489451476793249,0.7160068846815835,0.06346593021403155,0.2729943531323702,0.3358531404167677,0.06285878728439753,178,59,13312,5280
42,condition,centralized,adaptive,3,cnn-ae,test2,1103,236,237,18592,fuzzy_fault_only_hi75,0.8539277564073688,0.9458880970326993,0.9506079294181689,0.9566206901391026,0.5214103475384358,0.9893903935000254,0.9949769778149854,0.25570137693631667,0.4068463842533162,0.10126582278481013,0.7442986230636833,0.06346593021403155,0.2729943531323702,0.3358531404167677,0.06285878728439753,213,24,13838,4754
42,condition,centralized,client_specific,3,cnn-ae,test3,7084,1518,1518,18592,hard_val_p95,0.86740842461586,0.9127969801425934,0.9175095677375793,0.9259637254476547,0.6618315086999608,0.9647448774767382,0.991636798088411,0.49107142857142855,0.6568581603654807,0.050724637681159424,0.5089285714285714,0.07454002983590254,0.1278635433989798,0.49225877971070614,0.3643952363117263,1441,77,9462,9130
42,condition,centralized,client_specific,3,cnn-ae,test3,7084,1518,1518,18592,fuzzy_warning_as_alarm_hi50,0.86740842461586,0.9127969801425934,0.9175095677375793,0.9259637254476547,0.6618315086999608,0.9647448774767382,0.991636798088411,0.49107142857142855,0.6568581603654807,0.050724637681159424,0.5089285714285714,0.07454002983590254,0.1278635433989798,0.49225877971070614,0.3643952363117263,1441,77,9462,9130
42,condition,centralized,client_specific,3,cnn-ae,test3,7084,1518,1518,18592,fuzzy_fault_only_hi75,0.86740842461586,0.9127969801425934,0.9175095677375793,0.9259637254476547,0.6618315086999608,0.9647448774767382,0.9964187656679002,0.4489565404475043,0.6190070080462754,0.019762845849802372,0.5510434595524957,0.07454002983590254,0.1278635433989798,0.49225877971070614,0.3643952363117263,1488,30,10245,8347
42,condition,centralized,pooled,3,cnn-ae,test3,7084,1518,1518,18592,hard_val_p95,0.8642392158508301,0.9399631142616273,0.9465691655874252,0.9531837165355682,0.6644577143979645,0.9655965988073958,1.0,0.3133605851979346,0.47718895896469815,0.0,0.6866394148020654,0.04629537543510691,0.07748180593480233,0.3577782902045869,0.2802964842697846,1518,0,12766,5826
42,condition,centralized,pooled,3,cnn-ae,test3,7084,1518,1518,18592,fuzzy_warning_as_alarm_hi50,0.8642392158508301,0.9399631142616273,0.9465691655874252,0.9531837165355682,0.6644577143979645,0.9655965988073958,1.0,0.3133605851979346,0.47718895896469815,0.0,0.6866394148020654,0.04629537543510691,0.07748180593480233,0.3577782902045869,0.2802964842697846,1518,0,12766,5826
42,condition,centralized,pooled,3,cnn-ae,test3,7084,1518,1518,18592,fuzzy_fault_only_hi75,0.8642392158508301,0.9399631142616273,0.9465691655874252,0.9531837165355682,0.6644577143979645,0.9655965988073958,1.0,0.29017857142857145,0.44982698961937717,0.0,0.7098214285714286,0.04629537543510691,0.07748180593480233,0.3577782902045869,0.2802964842697846,1518,0,13197,5395
42,condition,centralized,adaptive,3,cnn-ae,test3,7084,1518,1518,18592,hard_val_p95,0.8650253776637759,0.9332242154281367,0.9393605694289154,0.9464314578083524,0.6640567953632712,0.9655825768636426,1.0,0.34342728055077454,0.5112703687392401,0.0,0.6565727194492255,0.026553953257086028,0.08172740847653602,0.3875838246293097,0.30585641615277365,1518,0,12207,6385
42,condition,centralized,adaptive,3,cnn-ae,test3,7084,1518,1518,18592,fuzzy_warning_as_alarm_hi50,0.8650253776637759,0.9332242154281367,0.9393605694289154,0.9464314578083524,0.6640567953632712,0.9655825768636426,1.0,0.34342728055077454,0.5112703687392401,0.0,0.6565727194492255,0.026553953257086028,0.08172740847653602,0.3875838246293097,0.30585641615277365,1518,0,12207,6385
42,condition,centralized,adaptive,3,cnn-ae,test3,7084,1518,1518,18592,fuzzy_fault_only_hi75,0.8650253776637759,0.9332242154281367,0.9393605694289154,0.9464314578083524,0.6640567953632712,0.9655825768636426,1.0,0.33240103270223753,0.4989504279024705,0.0,0.6675989672977625,0.026553953257086028,0.08172740847653602,0.3875838246293097,0.30585641615277365,1518,0,12412,6180
42,condition,fedavg,client_specific,1,cnn-ae,test1,4827,1034,1035,18592,hard_val_p95,0.9566414058208466,0.9909203290939331,0.9932708948850631,0.9956905788183212,0.5991536539532872,0.9630105256095511,0.987325400931195,0.20530335628227195,0.33992341259239467,0.04734299516908213,0.7946966437177281,0.04004687420390279,0.11662469591115975,0.26464824269772047,0.1480235467865607,986,49,14775,3817
42,condition,fedavg,client_specific,1,cnn-ae,test1,4827,1034,1035,18592,fuzzy_warning_as_alarm_hi50,0.9566414058208466,0.9909203290939331,0.9932708948850631,0.9956905788183212,0.5991536539532872,0.9630105256095511,0.987325400931195,0.20530335628227195,0.33992341259239467,0.04734299516908213,0.7946966437177281,0.04004687420390279,0.11662469591115975,0.26464824269772047,0.1480235467865607,986,49,14775,3817
42,condition,fedavg,client_specific,1,cnn-ae,test1,4827,1034,1035,18592,fuzzy_fault_only_hi75,0.9566414058208466,0.9909203290939331,0.9932708948850631,0.9956905788183212,0.5991536539532872,0.9630105256095511,0.9935356942102305,0.1901355421686747,0.31918735891647854,0.022222222222222223,0.8098644578313253,0.04004687420390279,0.11662469591115975,0.26464824269772047,0.1480235467865607,1012,23,15057,3535
42,condition,fedavg,pooled,1,cnn-ae,test1,4827,1034,1035,18592,hard_val_p95,0.943375289440155,0.9849034488201142,0.9895774543285369,0.9944234359264373,0.5971006957436371,0.9633379022823365,0.9690226876090751,0.2389199655765921,0.3833275802554367,0.13719806763285025,0.7610800344234079,0.056045243796810515,0.19446622955177525,0.31512164168472523,0.12065541213294997,893,142,14150,4442
42,condition,fedavg,pooled,1,cnn-ae,test1,4827,1034,1035,18592,fuzzy_warning_as_alarm_hi50,0.943375289440155,0.9849034488201142,0.9895774543285369,0.9944234359264373,0.5971006957436371,0.9633379022823365,0.9690226876090751,0.2389199655765921,0.3833275802554367,0.13719806763285025,0.7610800344234079,0.056045243796810515,0.19446622955177525,0.31512164168472523,0.12065541213294997,893,142,14150,4442
42,condition,fedavg,pooled,1,cnn-ae,test1,4827,1034,1035,18592,fuzzy_fault_only_hi75,0.943375289440155,0.9849034488201142,0.9895774543285369,0.9944234359264373,0.5971006957436371,0.9633379022823365,0.9817043813192105,0.21934165232358002,0.3585685395234327,0.07342995169082125,0.78065834767642,0.056045243796810515,0.19446622955177525,0.31512164168472523,0.12065541213294997,959,76,14514,4078
42,condition,fedavg,adaptive,1,cnn-ae,test1,4827,1034,1035,18592,hard_val_p95,0.9483968437040506,0.987180987319499,0.9909755132361209,0.9949030809566111,0.5991392588989498,0.9634102033433056,0.9754530855700849,0.22870051635111877,0.37052851727593566,0.10338164251207729,0.7712994836488812,0.047995108778723185,0.16450119632486024,0.29841499983320535,0.13391380350834511,928,107,14340,4252
42,condition,fedavg,adaptive,1,cnn-ae,test1,4827,1034,1035,18592,fuzzy_warning_as_alarm_hi50,0.9483968437040506,0.987180987319499,0.9909755132361209,0.9949030809566111,0.5991392588989498,0.9634102033433056,0.9754530855700849,0.22870051635111877,0.37052851727593566,0.10338164251207729,0.7712994836488812,0.047995108778723185,0.16450119632486024,0.29841499983320535,0.13391380350834511,928,107,14340,4252
42,condition,fedavg,adaptive,1,cnn-ae,test1,4827,1034,1035,18592,fuzzy_fault_only_hi75,0.9483968437040506,0.987180987319499,0.9909755132361209,0.9949030809566111,0.5991392588989498,0.9634102033433056,0.9867684478371501,0.2085843373493976,0.3443743894858361,0.050241545893719805,0.7914156626506024,0.047995108778723185,0.16450119632486024,0.29841499983320535,0.13391380350834511,983,52,14714,3878
42,condition,fedavg,client_specific,1,cnn-ae,test2,1103,236,237,18592,hard_val_p95,0.9333044290542603,0.9849317073822021,0.9865344315767288,0.989241087436676,0.5743423513221058,0.9909955561935941,0.9979231568016614,0.2584444922547332,0.41056094330755755,0.04219409282700422,0.7415555077452668,0.02453661904509002,0.15456355650026596,0.3493630722067908,0.19479951570652485,227,10,13787,4805
42,condition,fedavg,client_specific,1,cnn-ae,test2,1103,236,237,18592,fuzzy_warning_as_alarm_hi50,0.9333044290542603,0.9849317073822021,0.9865344315767288,0.989241087436676,0.5743423513221058,0.9909955561935941,0.9979231568016614,0.2584444922547332,0.41056094330755755,0.04219409282700422,0.7415555077452668,0.02453661904509002,0.15456355650026596,0.3493630722067908,0.19479951570652485,227,10,13787,4805
42,condition,fedavg,client_specific,1,cnn-ae,test2,1103,236,237,18592,fuzzy_fault_only_hi75,0.9333044290542603,0.9849317073822021,0.9865344315767288,0.989241087436676,0.5743423513221058,0.9909955561935941,0.9993533089027807,0.24935456110154905,0.39912186302785074,0.012658227848101266,0.7506454388984509,0.02453661904509002,0.15456355650026596,0.3493630722067908,0.19479951570652485,234,3,13956,4636
42,condition,fedavg,pooled,1,cnn-ae,test2,1103,236,237,18592,hard_val_p95,0.943375289440155,0.9849034488201142,0.9895774543285369,0.9944234359264373,0.5675372148630689,0.9909062098850451,0.9997749268512266,0.2389199655765921,0.3856739743868027,0.004219409282700422,0.7610800344234079,0.0508258537362579,0.1291233169672728,0.31512164168472523,0.18599832471745242,236,1,14150,4442
42,condition,fedavg,pooled,1,cnn-ae,test2,1103,236,237,18592,fuzzy_warning_as_alarm_hi50,0.943375289440155,0.9849034488201142,0.9895774543285369,0.9944234359264373,0.5675372148630689,0.9909062098850451,0.9997749268512266,0.2389199655765921,0.3856739743868027,0.004219409282700422,0.7610800344234079,0.0508258537362579,0.1291233169672728,0.31512164168472523,0.18599832471745242,236,1,14150,4442
42,condition,fedavg,pooled,1,cnn-ae,test2,1103,236,237,18592,fuzzy_fault_only_hi75,0.943375289440155,0.9849034488201142,0.9895774543285369,0.9944234359264373,0.5675372148630689,0.9909062098850451,1.0,0.21934165232358002,0.35977062196735776,0.0,0.78065834767642,0.0508258537362579,0.1291233169672728,0.31512164168472523,0.18599832471745242,237,0,14514,4078
42,condition,fedavg,adaptive,1,cnn-ae,test2,1103,236,237,18592,hard_val_p95,0.9389503429985615,0.9849158651002494,0.9882404074247628,0.9921464095721663,0.570501604065448,0.9909621334076868,0.9995638901003053,0.24655765920826161,0.39554750194149624,0.008438818565400843,0.7534423407917383,0.037495352913059644,0.1371652006325438,0.33152799324962234,0.19436279261707853,235,2,14008,4584
42,condition,fedavg,adaptive,1,cnn-ae,test2,1103,236,237,18592,fuzzy_warning_as_alarm_hi50,0.9389503429985615,0.9849158651002494,0.9882404074247628,0.9921464095721663,0.570501604065448,0.9909621334076868,0.9995638901003053,0.24655765920826161,0.39554750194149624,0.008438818565400843,0.7534423407917383,0.037495352913059644,0.1371652006325438,0.33152799324962234,0.19436279261707853,235,2,14008,4584
42,condition,fedavg,adaptive,1,cnn-ae,test2,1103,236,237,18592,fuzzy_fault_only_hi75,0.9389503429985615,0.9849158651002494,0.9882404074247628,0.9921464095721663,0.570501604065448,0.9909621334076868,0.9997710622710623,0.23488597246127366,0.3804006968641115,0.004219409282700422,0.7651140275387264,0.037495352913059644,0.1371652006325438,0.33152799324962234,0.19436279261707853,236,1,14225,4367
42,condition,fedavg,client_specific,1,cnn-ae,test3,7084,1518,1518,18592,hard_val_p95,0.9354551434516907,0.9631236612796783,0.9669631093740463,0.972676916718483,0.7626783779669779,0.9746798497976497,0.9910601598653765,0.5068308950086059,0.6706761565836299,0.055994729907773384,0.49316910499139416,0.09900546991546494,0.12465640549529627,0.5428067430697494,0.41815033757445313,1433,85,9169,9423
42,condition,fedavg,client_specific,1,cnn-ae,test3,7084,1518,1518,18592,fuzzy_warning_as_alarm_hi50,0.9354551434516907,0.9631236612796783,0.9669631093740463,0.972676916718483,0.7626783779669779,0.9746798497976497,0.9910601598653765,0.5068308950086059,0.6706761565836299,0.055994729907773384,0.49316910499139416,0.09900546991546494,0.12465640549529627,0.5428067430697494,0.41815033757445313,1433,85,9169,9423
42,condition,fedavg,client_specific,1,cnn-ae,test3,7084,1518,1518,18592,fuzzy_fault_only_hi75,0.9354551434516907,0.9631236612796783,0.9669631093740463,0.972676916718483,0.7626783779669779,0.9746798497976497,0.9956150473113317,0.46407056798623064,0.6330618534008364,0.025032938076416336,0.5359294320137694,0.09900546991546494,0.12465640549529627,0.5428067430697494,0.41815033757445313,1480,38,9964,8628
42,condition,fedavg,pooled,1,cnn-ae,test3,7084,1518,1518,18592,hard_val_p95,0.943375289440155,0.9849034488201142,0.9895774543285369,0.9944234359264373,0.7640068142417213,0.9744719116086145,1.0,0.2389199655765921,0.38569071806894156,0.0,0.7610800344234079,0.04664346096469418,0.04861057211594789,0.31512164168472523,0.26651106956877735,1518,0,14150,4442
42,condition,fedavg,pooled,1,cnn-ae,test3,7084,1518,1518,18592,fuzzy_warning_as_alarm_hi50,0.943375289440155,0.9849034488201142,0.9895774543285369,0.9944234359264373,0.7640068142417213,0.9744719116086145,1.0,0.2389199655765921,0.38569071806894156,0.0,0.7610800344234079,0.04664346096469418,0.04861057211594789,0.31512164168472523,0.26651106956877735,1518,0,14150,4442
42,condition,fedavg,pooled,1,cnn-ae,test3,7084,1518,1518,18592,fuzzy_fault_only_hi75,0.943375289440155,0.9849034488201142,0.9895774543285369,0.9944234359264373,0.7640068142417213,0.9744719116086145,1.0,0.21934165232358002,0.35977062196735776,0.0,0.78065834767642,0.04664346096469418,0.04861057211594789,0.31512164168472523,0.26651106956877735,1518,0,14514,4078
42,condition,fedavg,adaptive,1,cnn-ae,test3,7084,1518,1518,18592,hard_val_p95,0.94090855176391,0.9781201114189026,0.9825341931558145,0.9876504599818552,0.7634325592885375,0.9747535592169843,1.0,0.301473752151463,0.46328057197173206,0.0,0.698526247848537,0.07454002983590254,0.060491840226949985,0.37218474552483677,0.3116929052978868,1518,0,12987,5605
42,condition,fedavg,adaptive,1,cnn-ae,test3,7084,1518,1518,18592,fuzzy_warning_as_alarm_hi50,0.94090855176391,0.9781201114189026,0.9825341931558145,0.9876504599818552,0.7634325592885375,0.9747535592169843,1.0,0.301473752151463,0.46328057197173206,0.0,0.698526247848537,0.07454002983590254,0.060491840226949985,0.37218474552483677,0.3116929052978868,1518,0,12987,5605
42,condition,fedavg,adaptive,1,cnn-ae,test3,7084,1518,1518,18592,fuzzy_fault_only_hi75,0.94090855176391,0.9781201114189026,0.9825341931558145,0.9876504599818552,0.7634325592885375,0.9747535592169843,1.0,0.2721600688468158,0.4278707931675968,0.0,0.7278399311531841,0.07454002983590254,0.060491840226949985,0.37218474552483677,0.3116929052978868,1518,0,13532,5060
42,condition,fedavg,client_specific,2,cnn-ae,test1,4827,1034,1035,18592,hard_val_p95,0.8816267549991608,0.9598656356334686,0.9636460483074188,0.9686563438177108,0.6038750758728496,0.9658583633844173,0.9895277613119937,0.2693631669535284,0.4234557984188052,0.051207729468599035,0.7306368330464716,0.03525755337035716,0.1261211680452015,0.32377290842760503,0.19765174038240355,982,53,13584,5008
42,condition,fedavg,client_specific,2,cnn-ae,test1,4827,1034,1035,18592,fuzzy_warning_as_alarm_hi50,0.8816267549991608,0.9598656356334686,0.9636460483074188,0.9686563438177108,0.6038750758728496,0.9658583633844173,0.9895277613119937,0.2693631669535284,0.4234557984188052,0.051207729468599035,0.7306368330464716,0.03525755337035716,0.1261211680452015,0.32377290842760503,0.19765174038240355,982,53,13584,5008
42,condition,fedavg,client_specific,2,cnn-ae,test1,4827,1034,1035,18592,fuzzy_fault_only_hi75,0.8816267549991608,0.9598656356334686,0.9636460483074188,0.9686563438177108,0.6038750758728496,0.9658583633844173,0.9943049989453702,0.2535499139414802,0.40406291518450266,0.02608695652173913,0.7464500860585198,0.03525755337035716,0.1261211680452015,0.32377290842760503,0.19765174038240355,1008,27,13878,4714
42,condition,fedavg,pooled,2,cnn-ae,test1,4827,1034,1035,18592,hard_val_p95,0.8720632791519165,0.954095983505249,0.9593014895915986,0.9662465864419937,0.6070796384294944,0.96551432053497,0.9797887836853605,0.28942555938037867,0.44685268227869124,0.1072463768115942,0.7105744406196214,0.03811076578183115,0.1667367238798456,0.344873575518213,0.17813685163836743,924,111,13211,5381
42,condition,fedavg,pooled,2,cnn-ae,test1,4827,1034,1035,18592,fuzzy_warning_as_alarm_hi50,0.8720632791519165,0.954095983505249,0.9593014895915986,0.9662465864419937,0.6070796384294944,0.96551432053497,0.9797887836853605,0.28942555938037867,0.44685268227869124,0.1072463768115942,0.7105744406196214,0.03811076578183115,0.1667367238798456,0.344873575518213,0.17813685163836743,924,111,13211,5381
42,condition,fedavg,pooled,2,cnn-ae,test1,4827,1034,1035,18592,fuzzy_fault_only_hi75,0.8720632791519165,0.954095983505249,0.9593014895915986,0.9662465864419937,0.6070796384294944,0.96551432053497,0.9885503590141665,0.27398881239242684,0.4290587492103601,0.057004830917874394,0.7260111876075731,0.03811076578183115,0.1667367238798456,0.344873575518213,0.17813685163836743,976,59,13498,5094
42,condition,fedavg,adaptive,2,cnn-ae,test1,4827,1034,1035,18592,hard_val_p95,0.8755630966786948,0.9562074260355897,0.9608914097192398,0.9671284531642532,0.6050604852120698,0.9655729191922791,0.9840823970037453,0.2826484509466437,0.43916095604211935,0.0821256038647343,0.7173515490533563,0.03683701024099455,0.15075560172648608,0.3375686070937719,0.18681300536728582,950,85,13337,5255
42,condition,fedavg,adaptive,2,cnn-ae,test1,4827,1034,1035,18592,fuzzy_warning_as_alarm_hi50,0.8755630966786948,0.9562074260355897,0.9608914097192398,0.9671284531642532,0.6050604852120698,0.9655729191922791,0.9840823970037453,0.2826484509466437,0.43916095604211935,0.0821256038647343,0.7173515490533563,0.03683701024099455,0.15075560172648608,0.3375686070937719,0.18681300536728582,950,85,13337,5255
42,condition,fedavg,adaptive,2,cnn-ae,test1,4827,1034,1035,18592,fuzzy_fault_only_hi75,0.8755630966786948,0.9562074260355897,0.9608914097192398,0.9671284531642532,0.6050604852120698,0.9655729191922791,0.9898446833930705,0.26737306368330466,0.4210214279664606,0.04927536231884058,0.7326269363166954,0.03683701024099455,0.15075560172648608,0.3375686070937719,0.18681300536728582,984,51,13621,4971
42,condition,fedavg,client_specific,2,cnn-ae,test2,1103,236,237,18592,hard_val_p95,0.8504279255867004,0.9602244198322296,0.9619458913803101,0.968328133225441,0.5611204991757264,0.9905141006123601,0.9967238388899595,0.278184165232358,0.4349690929733821,0.07172995780590717,0.721815834767642,0.02676722077646184,0.17131235418912985,0.34546884643483305,0.1741564922457032,220,17,13420,5172
42,condition,fedavg,client_specific,2,cnn-ae,test2,1103,236,237,18592,fuzzy_warning_as_alarm_hi50,0.8504279255867004,0.9602244198322296,0.9619458913803101,0.968328133225441,0.5611204991757264,0.9905141006123601,0.9967238388899595,0.278184165232358,0.4349690929733821,0.07172995780590717,0.721815834767642,0.02676722077646184,0.17131235418912985,0.34546884643483305,0.1741564922457032,220,17,13420,5172
42,condition,fedavg,client_specific,2,cnn-ae,test2,1103,236,237,18592,fuzzy_fault_only_hi75,0.8504279255867004,0.9602244198322296,0.9619458913803101,0.968328133225441,0.5611204991757264,0.9905141006123601,0.9989667286629469,0.2600043029259897,0.4126157654389484,0.02109704641350211,0.7399956970740104,0.02676722077646184,0.17131235418912985,0.34546884643483305,0.1741564922457032,232,5,13758,4834
42,condition,fedavg,pooled,2,cnn-ae,test2,1103,236,237,18592,hard_val_p95,0.8720632791519165,0.954095983505249,0.9593014895915986,0.9662465864419937,0.5344336205581821,0.9900033103214934,0.9928044280442805,0.28942555938037867,0.4481925703814759,0.16455696202531644,0.7105744406196214,0.03744224334802698,0.2321012419633529,0.344873575518213,0.1127723335548601,198,39,13211,5381
42,condition,fedavg,pooled,2,cnn-ae,test2,1103,236,237,18592,fuzzy_warning_as_alarm_hi50,0.8720632791519165,0.954095983505249,0.9593014895915986,0.9662465864419937,0.5344336205581821,0.9900033103214934,0.9928044280442805,0.28942555938037867,0.4481925703814759,0.16455696202531644,0.7105744406196214,0.03744224334802698,0.2321012419633529,0.344873575518213,0.1127723335548601,198,39,13211,5381
42,condition,fedavg,pooled,2,cnn-ae,test2,1103,236,237,18592,fuzzy_fault_only_hi75,0.8720632791519165,0.954095983505249,0.9593014895915986,0.9662465864419937,0.5344336205581821,0.9900033103214934,0.9980407523510971,0.27398881239242684,0.4299459824442944,0.04219409282700422,0.7260111876075731,0.03744224334802698,0.2321012419633529,0.344873575518213,0.1127723335548601,227,10,13498,5094
42,condition,fedavg,adaptive,2,cnn-ae,test2,1103,236,237,18592,hard_val_p95,0.8627899123792311,0.9567227599816228,0.960434935717503,0.967138781095491,0.5437623005584726,0.9901478954366059,0.9943640804057862,0.2846923407917384,0.4426510558227054,0.12658227848101267,0.7153076592082617,0.032927930320250674,0.20222668832149804,0.34469129181804115,0.1424646034965431,207,30,13299,5293
42,condition,fedavg,adaptive,2,cnn-ae,test2,1103,236,237,18592,fuzzy_warning_as_alarm_hi50,0.8627899123792311,0.9567227599816228,0.960434935717503,0.967138781095491,0.5437623005584726,0.9901478954366059,0.9943640804057862,0.2846923407917384,0.4426510558227054,0.12658227848101267,0.7153076592082617,0.032927930320250674,0.20222668832149804,0.34469129181804115,0.1424646034965431,207,30,13299,5293
42,condition,fedavg,adaptive,2,cnn-ae,test2,1103,236,237,18592,fuzzy_fault_only_hi75,0.8627899123792311,0.9567227599816228,0.960434935717503,0.967138781095491,0.5437623005584726,0.9901478954366059,0.9980023971234518,0.26871772805507743,0.423425714043563,0.04219409282700422,0.7312822719449226,0.032927930320250674,0.20222668832149804,0.34469129181804115,0.1424646034965431,227,10,13596,4996
42,condition,fedavg,client_specific,2,cnn-ae,test3,7084,1518,1518,18592,hard_val_p95,0.8731683492660522,0.9194825708866119,0.9240629762411118,0.9308721154928207,0.6807475171720195,0.9659107724891417,0.9920965971459934,0.48612306368330466,0.6525160638221067,0.04743083003952569,0.5138769363166954,0.0720537046245649,0.13159454442221727,0.4992046534881456,0.3676101090659283,1446,72,9554,9038
42,condition,fedavg,client_specific,2,cnn-ae,test3,7084,1518,1518,18592,fuzzy_warning_as_alarm_hi50,0.8731683492660522,0.9194825708866119,0.9240629762411118,0.9308721154928207,0.6807475171720195,0.9659107724891417,0.9920965971459934,0.48612306368330466,0.6525160638221067,0.04743083003952569,0.5138769363166954,0.0720537046245649,0.13159454442221727,0.4992046534881456,0.3676101090659283,1446,72,9554,9038
42,condition,fedavg,client_specific,2,cnn-ae,test3,7084,1518,1518,18592,fuzzy_fault_only_hi75,0.8731683492660522,0.9194825708866119,0.9240629762411118,0.9308721154928207,0.6807475171720195,0.9659107724891417,0.9955894623912266,0.44922547332185886,0.619102331270153,0.024374176548089592,0.5507745266781411,0.0720537046245649,0.13159454442221727,0.4992046534881456,0.3676101090659283,1481,37,10240,8352
42,condition,fedavg,pooled,2,cnn-ae,test3,7084,1518,1518,18592,hard_val_p95,0.8720632791519165,0.954095983505249,0.9593014895915986,0.9662465864419937,0.6839165668886728,0.966878756919771,1.0,0.28942555938037867,0.4489217035831978,0.0,0.7105744406196214,0.03078070611636002,0.07446935726266372,0.344873575518213,0.2704042182555493,1518,0,13211,5381
42,condition,fedavg,pooled,2,cnn-ae,test3,7084,1518,1518,18592,fuzzy_warning_as_alarm_hi50,0.8720632791519165,0.954095983505249,0.9593014895915986,0.9662465864419937,0.6839165668886728,0.966878756919771,1.0,0.28942555938037867,0.4489217035831978,0.0,0.7105744406196214,0.03078070611636002,0.07446935726266372,0.344873575518213,0.2704042182555493,1518,0,13211,5381
42,condition,fedavg,pooled,2,cnn-ae,test3,7084,1518,1518,18592,fuzzy_fault_only_hi75,0.8720632791519165,0.954095983505249,0.9593014895915986,0.9662465864419937,0.6839165668886728,0.966878756919771,1.0,0.27398881239242684,0.43012750147766615,0.0,0.7260111876075731,0.03078070611636002,0.07446935726266372,0.344873575518213,0.2704042182555493,1518,0,13498,5094
42,condition,fedavg,adaptive,2,cnn-ae,test3,7084,1518,1518,18592,hard_val_p95,0.8722759406751825,0.9474349210452655,0.952520131711325,0.959439064656221,0.6837207135997406,0.9668671602260419,1.0,0.314328743545611,0.4783106891471599,0.0,0.685671256454389,0.02680258577821979,0.07852039656717,0.36833119163142214,0.2898107950642521,1518,0,12748,5844
42,condition,fedavg,adaptive,2,cnn-ae,test3,7084,1518,1518,18592,fuzzy_warning_as_alarm_hi50,0.8722759406751825,0.9474349210452655,0.952520131711325,0.959439064656221,0.6837207135997406,0.9668671602260419,1.0,0.314328743545611,0.4783106891471599,0.0,0.685671256454389,0.02680258577821979,0.07852039656717,0.36833119163142214,0.2898107950642521,1518,0,12748,5844
42,condition,fedavg,adaptive,2,cnn-ae,test3,7084,1518,1518,18592,fuzzy_fault_only_hi75,0.8722759406751825,0.9474349210452655,0.952520131711325,0.959439064656221,0.6837207135997406,0.9668671602260419,1.0,0.3021191910499139,0.46404229831880706,0.0,0.6978808089500861,0.02680258577821979,0.07852039656717,0.36833119163142214,0.2898107950642521,1518,0,12975,5617
42,condition,fedavg,client_specific,3,cnn-ae,test1,4827,1034,1035,18592,hard_val_p95,0.8789536356925964,0.9569405078887939,0.96031414270401,0.9644938057661057,0.5990886423540955,0.9657539575483663,0.9908396946564886,0.27925989672977625,0.43571668345082243,0.0463768115942029,0.7207401032702238,0.028481173893106435,0.12528491307458064,0.33054483763198456,0.2052599245574039,987,48,13400,5192
42,condition,fedavg,client_specific,3,cnn-ae,test1,4827,1034,1035,18592,fuzzy_warning_as_alarm_hi50,0.8789536356925964,0.9569405078887939,0.96031414270401,0.9644938057661057,0.5990886423540955,0.9657539575483663,0.9908396946564886,0.27925989672977625,0.43571668345082243,0.0463768115942029,0.7207401032702238,0.028481173893106435,0.12528491307458064,0.33054483763198456,0.2052599245574039,987,48,13400,5192
42,condition,fedavg,client_specific,3,cnn-ae,test1,4827,1034,1035,18592,fuzzy_fault_only_hi75,0.8789536356925964,0.9569405078887939,0.96031414270401,0.9644938057661057,0.5990886423540955,0.9657539575483663,0.994369595817414,0.26597461273666095,0.41969021854445154,0.02705314009661836,0.7340253872633391,0.028481173893106435,0.12528491307458064,0.33054483763198456,0.2052599245574039,1007,28,13647,4945
42,condition,fedavg,pooled,3,cnn-ae,test1,4827,1034,1035,18592,hard_val_p95,0.8692563474178314,0.9513930737972259,0.9573246747255325,0.9628120309114456,0.6029103214098631,0.9656321136063052,0.9842047930283224,0.29157702237521516,0.44987551867219916,0.08405797101449275,0.7084229776247849,0.03632750802465991,0.1575412496066109,0.3462711341113644,0.1887298845047535,948,87,13171,5421
42,condition,fedavg,pooled,3,cnn-ae,test1,4827,1034,1035,18592,fuzzy_warning_as_alarm_hi50,0.8692563474178314,0.9513930737972259,0.9573246747255325,0.9628120309114456,0.6029103214098631,0.9656321136063052,0.9842047930283224,0.29157702237521516,0.44987551867219916,0.08405797101449275,0.7084229776247849,0.03632750802465991,0.1575412496066109,0.3462711341113644,0.1887298845047535,948,87,13171,5421
42,condition,fedavg,pooled,3,cnn-ae,test1,4827,1034,1035,18592,fuzzy_fault_only_hi75,0.8692563474178314,0.9513930737972259,0.9573246747255325,0.9628120309114456,0.6029103214098631,0.9656321136063052,0.9901234567901235,0.2803894148020654,0.43702058096156265,0.050241545893719805,0.7196105851979346,0.03632750802465991,0.1575412496066109,0.3462711341113644,0.1887298845047535,983,52,13379,5213
42,condition,fedavg,adaptive,3,cnn-ae,test1,4827,1034,1035,18592,hard_val_p95,0.8727528802743776,0.9533933015950493,0.9584025815293902,0.9634184252837706,0.601359397216194,0.9656645342117347,0.9857644666296913,0.28679001721170394,0.44431482021582436,0.07439613526570048,0.7132099827882961,0.03301574361848474,0.14522141452742787,0.3408629073791134,0.19564149285168553,958,77,13260,5332
42,condition,fedavg,adaptive,3,cnn-ae,test1,4827,1034,1035,18592,fuzzy_warning_as_alarm_hi50,0.8727528802743776,0.9533933015950493,0.9584025815293902,0.9634184252837706,0.601359397216194,0.9656645342117347,0.9857644666296913,0.28679001721170394,0.44431482021582436,0.07439613526570048,0.7132099827882961,0.03301574361848474,0.14522141452742787,0.3408629073791134,0.19564149285168553,958,77,13260,5332
42,condition,fedavg,adaptive,3,cnn-ae,test1,4827,1034,1035,18592,fuzzy_fault_only_hi75,0.8727528802743776,0.9533933015950493,0.9584025815293902,0.9634184252837706,0.601359397216194,0.9656645342117347,0.9920864697934761,0.27646299483648884,0.43242333739957095,0.03961352657004831,0.7235370051635112,0.03301574361848474,0.14522141452742787,0.3408629073791134,0.19564149285168553,994,41,13452,5140
42,condition,fedavg,client_specific,3,cnn-ae,test2,1103,236,237,18592,hard_val_p95,0.8468626141548157,0.9590617120265961,0.9609435200691223,0.9671936452388764,0.5554338738316739,0.9903602765901325,0.9967015909972836,0.27630163511187605,0.4326623431314748,0.07172995780590717,0.7236983648881239,0.030484890328748206,0.17073788565168835,0.33906170378581396,0.1683238181341256,220,17,13455,5137
42,condition,fedavg,client_specific,3,cnn-ae,test2,1103,236,237,18592,fuzzy_warning_as_alarm_hi50,0.8468626141548157,0.9590617120265961,0.9609435200691223,0.9671936452388764,0.5554338738316739,0.9903602765901325,0.9967015909972836,0.27630163511187605,0.4326623431314748,0.07172995780590717,0.7236983648881239,0.030484890328748206,0.17073788565168835,0.33906170378581396,0.1683238181341256,220,17,13455,5137
42,condition,fedavg,client_specific,3,cnn-ae,test2,1103,236,237,18592,fuzzy_fault_only_hi75,0.8468626141548157,0.9590617120265961,0.9609435200691223,0.9671936452388764,0.5554338738316739,0.9903602765901325,0.9985207100591716,0.25414156626506024,0.40516206482593037,0.029535864978902954,0.7458584337349398,0.030484890328748206,0.17073788565168835,0.33906170378581396,0.1683238181341256,230,7,13867,4725
42,condition,fedavg,pooled,3,cnn-ae,test2,1103,236,237,18592,hard_val_p95,0.8692563474178314,0.9513930737972259,0.9573246747255325,0.9628120309114456,0.5261709133096582,0.9896776227891386,0.9912232583653319,0.29157702237521516,0.45060471302107147,0.20253164556962025,0.7084229776247849,0.0351585320516225,0.2641470105212698,0.3462711341113644,0.08212412359009458,189,48,13171,5421
42,condition,fedavg,pooled,3,cnn-ae,test2,1103,236,237,18592,fuzzy_warning_as_alarm_hi50,0.8692563474178314,0.9513930737972259,0.9573246747255325,0.9628120309114456,0.5261709133096582,0.9896776227891386,0.9912232583653319,0.29157702237521516,0.45060471302107147,0.20253164556962025,0.7084229776247849,0.0351585320516225,0.2641470105212698,0.3462711341113644,0.08212412359009458,189,48,13171,5421
42,condition,fedavg,pooled,3,cnn-ae,test2,1103,236,237,18592,fuzzy_fault_only_hi75,0.8692563474178314,0.9513930737972259,0.9573246747255325,0.9628120309114456,0.5261709133096582,0.9896776227891386,0.995607333842628,0.2803894148020654,0.4375524592915897,0.0970464135021097,0.7196105851979346,0.0351585320516225,0.2641470105212698,0.3462711341113644,0.08212412359009458,214,23,13379,5213
42,condition,fedavg,adaptive,3,cnn-ae,test2,1103,236,237,18592,hard_val_p95,0.8593705685002322,0.9547784165287931,0.9589222245660853,0.9647463073464831,0.5370377304879554,0.9900023144279038,0.9941696445363927,0.284315834767642,0.4421765862227613,0.1308016877637131,0.715684165232358,0.03308725901534867,0.2159907920416205,0.34277886754689657,0.12678807550527607,206,31,13306,5286
42,condition,fedavg,adaptive,3,cnn-ae,test2,1103,236,237,18592,fuzzy_warning_as_alarm_hi50,0.8593705685002322,0.9547784165287931,0.9589222245660853,0.9647463073464831,0.5370377304879554,0.9900023144279038,0.9941696445363927,0.284315834767642,0.4421765862227613,0.1308016877637131,0.715684165232358,0.03308725901534867,0.2159907920416205,0.34277886754689657,0.12678807550527607,206,31,13306,5286
42,condition,fedavg,adaptive,3,cnn-ae,test2,1103,236,237,18592,fuzzy_fault_only_hi75,0.8593705685002322,0.9547784165287931,0.9589222245660853,0.9647463073464831,0.5370377304879554,0.9900023144279038,0.9976218787158145,0.2707616179001721,0.4259243590828327,0.05063291139240506,0.7292383820998278,0.03308725901534867,0.2159907920416205,0.34277886754689657,0.12678807550527607,225,12,13558,5034
42,condition,fedavg,client_specific,3,cnn-ae,test3,7084,1518,1518,18592,hard_val_p95,0.8701333105564117,0.9174912214279175,0.9221587091684341,0.9293709379434586,0.6723166841561616,0.9652462897304299,0.9921702690780767,0.48391781411359724,0.6505422993492408,0.046772068511198944,0.5160821858864028,0.0722526106414719,0.13088988101314764,0.4938297518159592,0.36293987080281154,1447,71,9595,8997
42,condition,fedavg,client_specific,3,cnn-ae,test3,7084,1518,1518,18592,fuzzy_warning_as_alarm_hi50,0.8701333105564117,0.9174912214279175,0.9221587091684341,0.9293709379434586,0.6723166841561616,0.9652462897304299,0.9921702690780767,0.48391781411359724,0.6505422993492408,0.046772068511198944,0.5160821858864028,0.0722526106414719,0.13088988101314764,0.4938297518159592,0.36293987080281154,1447,71,9595,8997
42,condition,fedavg,client_specific,3,cnn-ae,test3,7084,1518,1518,18592,fuzzy_fault_only_hi75,0.8701333105564117,0.9174912214279175,0.9221587091684341,0.9293709379434586,0.6723166841561616,0.9652462897304299,0.995931554385545,0.4476656626506024,0.6176852573379347,0.022397891963109356,0.5523343373493976,0.0722526106414719,0.13088988101314764,0.4938297518159592,0.36293987080281154,1484,34,10269,8323
42,condition,fedavg,pooled,3,cnn-ae,test3,7084,1518,1518,18592,hard_val_p95,0.8692563474178314,0.9513930737972259,0.9573246747255325,0.9628120309114456,0.674869013036902,0.9660836715116277,1.0,0.29157702237521516,0.451505434556282,0.0,0.7084229776247849,0.0286921929388364,0.0747700658465825,0.3462711341113644,0.27150106826478193,1518,0,13171,5421
42,condition,fedavg,pooled,3,cnn-ae,test3,7084,1518,1518,18592,fuzzy_warning_as_alarm_hi50,0.8692563474178314,0.9513930737972259,0.9573246747255325,0.9628120309114456,0.674869013036902,0.9660836715116277,1.0,0.29157702237521516,0.451505434556282,0.0,0.7084229776247849,0.0286921929388364,0.0747700658465825,0.3462711341113644,0.27150106826478193,1518,0,13171,5421
42,condition,fedavg,pooled,3,cnn-ae,test3,7084,1518,1518,18592,fuzzy_fault_only_hi75,0.8692563474178314,0.9513930737972259,0.9573246747255325,0.9628120309114456,0.674869013036902,0.9660836715116277,1.0,0.2803894148020654,0.4379752152909053,0.0,0.7196105851979346,0.0286921929388364,0.0747700658465825,0.3462711341113644,0.27150106826478193,1518,0,13379,5213
42,condition,fedavg,adaptive,3,cnn-ae,test3,7084,1518,1518,18592,hard_val_p95,0.8694279611962469,0.944758786990371,0.9504430123666645,0.956267910564642,0.6747513416171745,0.9660776252848122,1.0,0.3162112736660929,0.4804871071881002,0.0,0.6837887263339071,0.026056688214818498,0.07889446019384333,0.3684163104324988,0.28952185023865545,1518,0,12713,5879
42,condition,fedavg,adaptive,3,cnn-ae,test3,7084,1518,1518,18592,fuzzy_warning_as_alarm_hi50,0.8694279611962469,0.944758786990371,0.9504430123666645,0.956267910564642,0.6747513416171745,0.9660776252848122,1.0,0.3162112736660929,0.4804871071881002,0.0,0.6837887263339071,0.026056688214818498,0.07889446019384333,0.3684163104324988,0.28952185023865545,1518,0,12713,5879
42,condition,fedavg,adaptive,3,cnn-ae,test3,7084,1518,1518,18592,fuzzy_fault_only_hi75,0.8694279611962469,0.944758786990371,0.9504430123666645,0.956267910564642,0.6747513416171745,0.9660776252848122,1.0,0.3063145438898451,0.46897517190266397,0.0,0.6936854561101549,0.026056688214818498,0.07889446019384333,0.3684163104324988,0.28952185023865545,1518,0,12897,5695
42,condition,fedavg-personalized,client_specific,3,cnn-ae,test1,4827,1034,1035,18592,hard_val_p95,0.8767943382263184,0.9509755373001099,0.9550914973020553,0.9582015061378479,0.6076867511453683,0.9676097942140552,0.9922453295734931,0.3028184165232358,0.46402373691584936,0.04251207729468599,0.6971815834767642,0.025627961481632443,0.12391466920890165,0.35481573176693526,0.2309010625580336,991,44,12962,5630
42,condition,fedavg-personalized,client_specific,3,cnn-ae,test1,4827,1034,1035,18592,fuzzy_warning_as_alarm_hi50,0.8767943382263184,0.9509755373001099,0.9550914973020553,0.9582015061378479,0.6076867511453683,0.9676097942140552,0.9922453295734931,0.3028184165232358,0.46402373691584936,0.04251207729468599,0.6971815834767642,0.025627961481632443,0.12391466920890165,0.35481573176693526,0.2309010625580336,991,44,12962,5630
42,condition,fedavg-personalized,client_specific,3,cnn-ae,test1,4827,1034,1035,18592,fuzzy_fault_only_hi75,0.8767943382263184,0.9509755373001099,0.9550914973020553,0.9582015061378479,0.6076867511453683,0.9676097942140552,0.9954553717505908,0.2945352839931153,0.4545718673473623,0.024154589371980676,0.7054647160068847,0.025627961481632443,0.12391466920890165,0.35481573176693526,0.2309010625580336,1010,25,13116,5476
42,condition,fedavg-personalized,client_specific,3,cnn-ae,test2,1103,236,237,18592,hard_val_p95,0.8439209163188934,0.9585792720317841,0.9610153138637543,0.9650402545928956,0.5812398554434737,0.9908261373532731,0.997546706925835,0.284315834767642,0.442509731698129,0.05485232067510549,0.715684165232358,0.020872059057836317,0.17128280024496587,0.36747444080482916,0.1961916405598633,224,13,13306,5286
42,condition,fedavg-personalized,client_specific,3,cnn-ae,test2,1103,236,237,18592,fuzzy_warning_as_alarm_hi50,0.8439209163188934,0.9585792720317841,0.9610153138637543,0.9650402545928956,0.5812398554434737,0.9908261373532731,0.997546706925835,0.284315834767642,0.442509731698129,0.05485232067510549,0.715684165232358,0.020872059057836317,0.17128280024496587,0.36747444080482916,0.1961916405598633,224,13,13306,5286
42,condition,fedavg-personalized,client_specific,3,cnn-ae,test2,1103,236,237,18592,fuzzy_fault_only_hi75,0.8439209163188934,0.9585792720317841,0.9610153138637543,0.9650402545928956,0.5812398554434737,0.9908261373532731,0.9984322947285911,0.27404259896729777,0.4300485334458747,0.03375527426160337,0.7259574010327022,0.020872059057836317,0.17128280024496587,0.36747444080482916,0.1961916405598633,229,8,13497,5095
42,condition,fedavg-personalized,client_specific,3,cnn-ae,test3,7084,1518,1518,18592,hard_val_p95,0.8680556416511536,0.9143953800201416,0.9194383829832077,0.9268086302280426,0.7286815599495667,0.9710532543831616,0.9930827067669173,0.5328098106712564,0.6935274967619981,0.045454545454545456,0.46719018932874357,0.08393833913475883,0.13025361872667476,0.5489262797585336,0.41867266103185885,1449,69,8686,9906
42,condition,fedavg-personalized,client_specific,3,cnn-ae,test3,7084,1518,1518,18592,fuzzy_warning_as_alarm_hi50,0.8680556416511536,0.9143953800201416,0.9194383829832077,0.9268086302280426,0.7286815599495667,0.9710532543831616,0.9930827067669173,0.5328098106712564,0.6935274967619981,0.045454545454545456,0.46719018932874357,0.08393833913475883,0.13025361872667476,0.5489262797585336,0.41867266103185885,1449,69,8686,9906
42,condition,fedavg-personalized,client_specific,3,cnn-ae,test3,7084,1518,1518,18592,fuzzy_fault_only_hi75,0.8680556416511536,0.9143953800201416,0.9194383829832077,0.9268086302280426,0.7286815599495667,0.9710532543831616,0.9960638530505139,0.4899956970740103,0.656860624414161,0.023715415019762844,0.5100043029259896,0.08393833913475883,0.13025361872667476,0.5489262797585336,0.41867266103185885,1482,36,9482,9110
42,condition,fedprox,client_specific,1,cnn-ae,test1,4827,1034,1035,18592,hard_val_p95,0.9742166697978973,0.9963393568992615,0.9987935543060302,1.001922723054886,0.5623055628310343,0.9598909864443936,0.9845410628019323,0.16442555938037864,0.281790109231691,0.0463768115942029,0.8355744406196214,0.11484179956182809,0.11287734808324625,0.2057259492957965,0.09284860121255024,987,48,15535,3057
42,condition,fedprox,client_specific,1,cnn-ae,test1,4827,1034,1035,18592,fuzzy_warning_as_alarm_hi50,0.9742166697978973,0.9963393568992615,0.9987935543060302,1.001922723054886,0.5623055628310343,0.9598909864443936,0.9845410628019323,0.16442555938037864,0.281790109231691,0.0463768115942029,0.8355744406196214,0.11484179956182809,0.11287734808324625,0.2057259492957965,0.09284860121255024,987,48,15535,3057
42,condition,fedprox,client_specific,1,cnn-ae,test1,4827,1034,1035,18592,fuzzy_fault_only_hi75,0.9742166697978973,0.9963393568992615,0.9987935543060302,1.001922723054886,0.5623055628310343,0.9598909864443936,0.9878108239882983,0.10897160068846816,0.19628929903599282,0.024154589371980676,0.8910283993115319,0.11484179956182809,0.11287734808324625,0.2057259492957965,0.09284860121255024,1010,25,16566,2026
42,condition,fedprox,pooled,1,cnn-ae,test1,4827,1034,1035,18592,hard_val_p95,0.9596684575080872,0.9893790245056152,0.9947229951620102,1.00014253616333,0.57451680427715,0.9609853115888967,0.971324717285945,0.2587134251290878,0.40859667006455996,0.13719806763285025,0.7412865748709122,0.1166760075406328,0.2021041902273678,0.3125651988491276,0.11046100862175978,893,142,13782,4810
42,condition,fedprox,pooled,1,cnn-ae,test1,4827,1034,1035,18592,fuzzy_warning_as_alarm_hi50,0.9596684575080872,0.9893790245056152,0.9947229951620102,1.00014253616333,0.57451680427715,0.9609853115888967,0.971324717285945,0.2587134251290878,0.40859667006455996,0.13719806763285025,0.7412865748709122,0.1166760075406328,0.2021041902273678,0.3125651988491276,0.11046100862175978,893,142,13782,4810
42,condition,fedprox,pooled,1,cnn-ae,test1,4827,1034,1035,18592,fuzzy_fault_only_hi75,0.9596684575080872,0.9893790245056152,0.9947229951620102,1.00014253616333,0.57451680427715,0.9609853115888967,0.981986618630983,0.20524956970740102,0.33953198683156866,0.06763285024154589,0.794750430292599,0.1166760075406328,0.2021041902273678,0.3125651988491276,0.11046100862175978,965,70,14776,3816
42,condition,fedprox,adaptive,1,cnn-ae,test1,4827,1034,1035,18592,hard_val_p95,0.9662618022852228,0.9925334925818694,0.9965677991377567,1.000949328483235,0.5719094805723931,0.9607150356391747,0.9786195677434348,0.22649526678141135,0.3678532430661717,0.08888888888888889,0.7735047332185886,0.11733836042186783,0.16025791951951474,0.26957792335401004,0.1093200038344953,943,92,14381,4211
42,condition,fedprox,adaptive,1,cnn-ae,test1,4827,1034,1035,18592,fuzzy_warning_as_alarm_hi50,0.9662618022852228,0.9925334925818694,0.9965677991377567,1.000949328483235,0.5719094805723931,0.9607150356391747,0.9786195677434348,0.22649526678141135,0.3678532430661717,0.08888888888888889,0.7735047332185886,0.11733836042186783,0.16025791951951474,0.26957792335401004,0.1093200038344953,943,92,14381,4211
42,condition,fedprox,adaptive,1,cnn-ae,test1,4827,1034,1035,18592,fuzzy_fault_only_hi75,0.9662618022852228,0.9925334925818694,0.9965677991377567,1.000949328483235,0.5719094805723931,0.9607150356391747,0.9842696629213483,0.16490963855421686,0.28248951950983553,0.04734299516908213,0.8350903614457831,0.11733836042186783,0.16025791951951474,0.26957792335401004,0.1093200038344953,986,49,15526,3066
42,condition,fedprox,client_specific,1,cnn-ae,test2,1103,236,237,18592,hard_val_p95,0.9513795971870422,0.9890713095664978,0.9912118762731552,0.9945230633020401,0.5973024103647864,0.9918667041300342,0.9969991173874669,0.3037865748709122,0.46568000989405123,0.07172995780590717,0.6962134251290878,0.04949811461044134,0.16794082841258406,0.3800918678859566,0.21215103947337255,220,17,12944,5648
42,condition,fedprox,client_specific,1,cnn-ae,test2,1103,236,237,18592,fuzzy_warning_as_alarm_hi50,0.9513795971870422,0.9890713095664978,0.9912118762731552,0.9945230633020401,0.5973024103647864,0.9918667041300342,0.9969991173874669,0.3037865748709122,0.46568000989405123,0.07172995780590717,0.6962134251290878,0.04949811461044134,0.16794082841258406,0.3800918678859566,0.21215103947337255,220,17,12944,5648
42,condition,fedprox,client_specific,1,cnn-ae,test2,1103,236,237,18592,fuzzy_fault_only_hi75,0.9513795971870422,0.9890713095664978,0.9912118762731552,0.9945230633020401,0.5973024103647864,0.9918667041300342,0.9994309559939302,0.2834014629948365,0.4415856520281596,0.012658227848101266,0.7165985370051635,0.04949811461044134,0.16794082841258406,0.3800918678859566,0.21215103947337255,234,3,13323,5269
42,condition,fedprox,pooled,1,cnn-ae,test2,1103,236,237,18592,hard_val_p95,0.9596684575080872,0.9893790245056152,0.9947229951620102,1.00014253616333,0.590070272046595,0.9917426247082588,0.9997921430056121,0.2587134251290878,0.4110584113147887,0.004219409282700422,0.7412865748709122,0.11365446916989749,0.1293853744196628,0.3125651988491276,0.1831798244294648,236,1,13782,4810
42,condition,fedprox,pooled,1,cnn-ae,test2,1103,236,237,18592,fuzzy_warning_as_alarm_hi50,0.9596684575080872,0.9893790245056152,0.9947229951620102,1.00014253616333,0.590070272046595,0.9917426247082588,0.9997921430056121,0.2587134251290878,0.4110584113147887,0.004219409282700422,0.7412865748709122,0.11365446916989749,0.1293853744196628,0.3125651988491276,0.1831798244294648,236,1,13782,4810
42,condition,fedprox,pooled,1,cnn-ae,test2,1103,236,237,18592,fuzzy_fault_only_hi75,0.9596684575080872,0.9893790245056152,0.9947229951620102,1.00014253616333,0.590070272046595,0.9917426247082588,1.0,0.20524956970740102,0.3405926454837558,0.0,0.794750430292599,0.11365446916989749,0.1293853744196628,0.3125651988491276,0.1831798244294648,237,0,14776,3816
42,condition,fedprox,adaptive,1,cnn-ae,test2,1103,236,237,18592,hard_val_p95,0.956159804540937,0.9892487695740138,0.9932367476888659,0.9977638279495451,0.5938841260158174,0.9918110046135218,0.9994202898550725,0.278184165232358,0.43522531240796064,0.012658227848101266,0.721815834767642,0.07838971798820968,0.14065930248611253,0.3461304872731712,0.20547118478705867,234,3,13420,5172
42,condition,fedprox,adaptive,1,cnn-ae,test2,1103,236,237,18592,fuzzy_warning_as_alarm_hi50,0.956159804540937,0.9892487695740138,0.9932367476888659,0.9977638279495451,0.5938841260158174,0.9918110046135218,0.9994202898550725,0.278184165232358,0.43522531240796064,0.012658227848101266,0.721815834767642,0.07838971798820968,0.14065930248611253,0.3461304872731712,0.20547118478705867,234,3,13420,5172
42,condition,fedprox,adaptive,1,cnn-ae,test2,1103,236,237,18592,fuzzy_fault_only_hi75,0.956159804540937,0.9892487695740138,0.9932367476888659,0.9977638279495451,0.5938841260158174,0.9918110046135218,0.999782561426397,0.2473106712564544,0.39653313785520244,0.004219409282700422,0.7526893287435457,0.07838971798820968,0.14065930248611253,0.3461304872731712,0.20547118478705867,236,1,13994,4598
42,condition,fedprox,client_specific,1,cnn-ae,test3,7084,1518,1518,18592,hard_val_p95,0.952737033367157,0.9746306657791137,0.9785369634628296,0.9840339070558548,0.7663807757852414,0.9749283509970715,0.9933296883542919,0.4885972461273666,0.6550095540253091,0.04018445322793149,0.5114027538726333,0.10164097463948285,0.10888306387242384,0.5241523021908284,0.41526923831840457,1457,61,9508,9084
42,condition,fedprox,client_specific,1,cnn-ae,test3,7084,1518,1518,18592,fuzzy_warning_as_alarm_hi50,0.952737033367157,0.9746306657791137,0.9785369634628296,0.9840339070558548,0.7663807757852414,0.9749283509970715,0.9933296883542919,0.4885972461273666,0.6550095540253091,0.04018445322793149,0.5114027538726333,0.10164097463948285,0.10888306387242384,0.5241523021908284,0.41526923831840457,1457,61,9508,9084
42,condition,fedprox,client_specific,1,cnn-ae,test3,7084,1518,1518,18592,fuzzy_fault_only_hi75,0.952737033367157,0.9746306657791137,0.9785369634628296,0.9840339070558548,0.7663807757852414,0.9749283509970715,0.9963609898107715,0.44180292598967297,0.6121627664331495,0.019762845849802372,0.558197074010327,0.10164097463948285,0.10888306387242384,0.5241523021908284,0.41526923831840457,1488,30,10378,8214
42,condition,fedprox,pooled,1,cnn-ae,test3,7084,1518,1518,18592,hard_val_p95,0.9596684575080872,0.9893790245056152,0.9947229951620102,1.00014253616333,0.767755717250708,0.9741833688529136,1.0,0.2587134251290878,0.41107597641227245,0.0,0.7412865748709122,0.1052710094480358,0.041943392957522585,0.3125651988491276,0.270621805891605,1518,0,13782,4810
42,condition,fedprox,pooled,1,cnn-ae,test3,7084,1518,1518,18592,fuzzy_warning_as_alarm_hi50,0.9596684575080872,0.9893790245056152,0.9947229951620102,1.00014253616333,0.767755717250708,0.9741833688529136,1.0,0.2587134251290878,0.41107597641227245,0.0,0.7412865748709122,0.1052710094480358,0.041943392957522585,0.3125651988491276,0.270621805891605,1518,0,13782,4810
42,condition,fedprox,pooled,1,cnn-ae,test3,7084,1518,1518,18592,fuzzy_fault_only_hi75,0.9596684575080872,0.9893790245056152,0.9947229951620102,1.00014253616333,0.767755717250708,0.9741833688529136,1.0,0.20524956970740102,0.3405926454837558,0.0,0.794750430292599,0.1052710094480358,0.041943392957522585,0.3125651988491276,0.270621805891605,1518,0,14776,3816
42,condition,fedprox,adaptive,1,cnn-ae,test3,7084,1518,1518,18592,hard_val_p95,0.9572442213640237,0.9842208487017029,0.9890619993440792,0.9945086115729911,0.7669508319840628,0.9746570748172304,0.9998386836586546,0.3333691910499139,0.5000201686095761,0.0006587615283267457,0.6666308089500861,0.08413724515166583,0.055470836296097135,0.3916499708657085,0.3361791345696114,1517,1,12394,6198
42,condition,fedprox,adaptive,1,cnn-ae,test3,7084,1518,1518,18592,fuzzy_warning_as_alarm_hi50,0.9572442213640237,0.9842208487017029,0.9890619993440792,0.9945086115729911,0.7669508319840628,0.9746570748172304,0.9998386836586546,0.3333691910499139,0.5000201686095761,0.0006587615283267457,0.6666308089500861,0.08413724515166583,0.055470836296097135,0.3916499708657085,0.3361791345696114,1517,1,12394,6198
42,condition,fedprox,adaptive,1,cnn-ae,test3,7084,1518,1518,18592,fuzzy_fault_only_hi75,0.9572442213640237,0.9842208487017029,0.9890619993440792,0.9945086115729911,0.7669508319840628,0.9746570748172304,0.9998190045248869,0.2971170395869191,0.45810009536841234,0.0006587615283267457,0.7028829604130808,0.08413724515166583,0.055470836296097135,0.3916499708657085,0.3361791345696114,1517,1,13068,5524
42,condition,fedprox,client_specific,2,cnn-ae,test1,4827,1034,1035,18592,hard_val_p95,0.8862268030643463,0.9635680139064788,0.968137475848198,0.9737642228603363,0.6059056360015631,0.9656780683652402,0.9889900486978616,0.251237091222031,0.40068625348488096,0.050241545893719805,0.748762908777969,0.037397462678962656,0.12258015859113698,0.31056481499245214,0.18798465640131518,983,52,13921,4671
42,condition,fedprox,client_specific,2,cnn-ae,test1,4827,1034,1035,18592,fuzzy_warning_as_alarm_hi50,0.8862268030643463,0.9635680139064788,0.968137475848198,0.9737642228603363,0.6059056360015631,0.9656780683652402,0.9889900486978616,0.251237091222031,0.40068625348488096,0.050241545893719805,0.748762908777969,0.037397462678962656,0.12258015859113698,0.31056481499245214,0.18798465640131518,983,52,13921,4671
42,condition,fedprox,client_specific,2,cnn-ae,test1,4827,1034,1035,18592,fuzzy_fault_only_hi75,0.8862268030643463,0.9635680139064788,0.968137475848198,0.9737642228603363,0.6059056360015631,0.9656780683652402,0.9945994599459946,0.23773666092943202,0.3837471783295711,0.02318840579710145,0.762263339070568,0.037397462678962656,0.12258015859113698,0.31056481499245214,0.18798465640131518,1011,24,14172,4420
42,condition,fedprox,pooled,2,cnn-ae,test1,4827,1034,1035,18592,hard_val_p95,0.8752862811088562,0.9568032383918762,0.9622154325246811,0.9707894909381867,0.6093487822927321,0.9652615989655433,0.9771621115687008,0.2807659208261618,0.4361995487590875,0.1178743961352657,0.7192340791738382,0.04707800478932083,0.17327682495765334,0.3380919257569019,0.16481510079924855,913,122,13372,5220
42,condition,fedprox,pooled,2,cnn-ae,test1,4827,1034,1035,18592,fuzzy_warning_as_alarm_hi50,0.8752862811088562,0.9568032383918762,0.9622154325246811,0.9707894909381867,0.6093487822927321,0.9652615989655433,0.9771621115687008,0.2807659208261618,0.4361995487590875,0.1178743961352657,0.7192340791738382,0.04707800478932083,0.17327682495765334,0.3380919257569019,0.16481510079924855,913,122,13372,5220
42,condition,fedprox,pooled,2,cnn-ae,test1,4827,1034,1035,18592,fuzzy_fault_only_hi75,0.8752862811088562,0.9568032383918762,0.9622154325246811,0.9707894909381867,0.6093487822927321,0.9652615989655433,0.9861309402406689,0.26005808950086057,0.41157693126197065,0.06570048309178744,0.7399419104991394,0.04707800478932083,0.17327682495765334,0.3380919257569019,0.16481510079924855,967,68,13757,4835
42,condition,fedprox,adaptive,2,cnn-ae,test1,4827,1034,1035,18592,hard_val_p95,0.8794314082095012,0.9593662654969302,0.9644591666327402,0.9719165525132945,0.6083461693565151,0.965572939856027,0.981253661394259,0.2702775387263339,0.4238181588158394,0.0927536231884058,0.7297224612736661,0.0438681408264126,0.1529158129295919,0.32796665848870565,0.17505084555911377,939,96,13567,5025
42,condition,fedprox,adaptive,2,cnn-ae,test1,4827,1034,1035,18592,fuzzy_warning_as_alarm_hi50,0.8794314082095012,0.9593662654969302,0.9644591666327402,0.9719165525132945,0.6083461693565151,0.965572939856027,0.981253661394259,0.2702775387263339,0.4238181588158394,0.0927536231884058,0.7297224612736661,0.0438681408264126,0.1529158129295919,0.32796665848870565,0.17505084555911377,939,96,13567,5025
42,condition,fedprox,adaptive,2,cnn-ae,test1,4827,1034,1035,18592,fuzzy_fault_only_hi75,0.8794314082095012,0.9593662654969302,0.9644591666327402,0.9719165525132945,0.6083461693565151,0.965572939856027,0.989192625556262,0.25107573149741824,0.4004976191497576,0.04927536231884058,0.7489242685025818,0.0438681408264126,0.1529158129295919,0.32796665848870565,0.17505084555911377,984,51,13924,4668
42,condition,fedprox,client_specific,2,cnn-ae,test2,1103,236,237,18592,hard_val_p95,0.8545175492763519,0.9609731733798981,0.9628204703330994,0.9688697874546051,0.5614233607122885,0.9905508249551597,0.9963299208035542,0.2774311531841652,0.4340106861878918,0.08016877637130802,0.7225688468158348,0.0235806468745021,0.17159937127264185,0.3494112079641489,0.17781183669150702,218,19,13434,5158
42,condition,fedprox,client_specific,2,cnn-ae,test2,1103,236,237,18592,fuzzy_warning_as_alarm_hi50,0.8545175492763519,0.9609731733798981,0.9628204703330994,0.9688697874546051,0.5614233607122885,0.9905508249551597,0.9963299208035542,0.2774311531841652,0.4340106861878918,0.08016877637130802,0.7225688468158348,0.0235806468745021,0.17159937127264185,0.3494112079641489,0.17781183669150702,218,19,13434,5158
42,condition,fedprox,client_specific,2,cnn-ae,test2,1103,236,237,18592,fuzzy_fault_only_hi75,0.8545175492763519,0.9609731733798981,0.9628204703330994,0.9688697874546051,0.5614233607122885,0.9905508249551597,0.9985720114239086,0.2632852839931153,0.41670213671575723,0.029535864978902954,0.7367147160068847,0.0235806468745021,0.17159937127264185,0.3494112079641489,0.17781183669150702,230,7,13697,4895
42,condition,fedprox,pooled,2,cnn-ae,test2,1103,236,237,18592,hard_val_p95,0.8752862811088562,0.9568032383918762,0.9622154325246811,0.9707894909381867,0.5423456938059653,0.9902955256535997,0.9961832061068703,0.2807659208261618,0.4380664652567976,0.08438818565400844,0.7192340791738382,0.04556800679802432,0.18744176531370887,0.3380919257569019,0.15065016044319302,217,20,13372,5220
42,condition,fedprox,pooled,2,cnn-ae,test2,1103,236,237,18592,fuzzy_warning_as_alarm_hi50,0.8752862811088562,0.9568032383918762,0.9622154325246811,0.9707894909381867,0.5423456938059653,0.9902955256535997,0.9961832061068703,0.2807659208261618,0.4380664652567976,0.08438818565400844,0.7192340791738382,0.04556800679802432,0.18744176531370887,0.3380919257569019,0.15065016044319302,217,20,13372,5220
42,condition,fedprox,pooled,2,cnn-ae,test2,1103,236,237,18592,fuzzy_fault_only_hi75,0.8752862811088562,0.9568032383918762,0.9622154325246811,0.9707894909381867,0.5423456938059653,0.9902955256535997,0.9991733829303575,0.26005808950086057,0.41270112244462465,0.016877637130801686,0.7399419104991394,0.04556800679802432,0.18744176531370887,0.3380919257569019,0.15065016044319302,233,4,13757,4835
42,condition,fedprox,adaptive,2,cnn-ae,test2,1103,236,237,18592,hard_val_p95,0.8671743573019632,0.9584319461615818,0.9624517503047825,0.9700396864476559,0.5486741268872961,0.9903725559612986,0.9961707830748612,0.2798515490533563,0.4369515011547344,0.08438818565400844,0.7201484509466437,0.03760157204312497,0.17920398578886823,0.3421978021171613,0.16299381632829305,217,20,13389,5203
42,condition,fedprox,adaptive,2,cnn-ae,test2,1103,236,237,18592,fuzzy_warning_as_alarm_hi50,0.8671743573019632,0.9584319461615818,0.9624517503047825,0.9700396864476559,0.5486741268872961,0.9903725559612986,0.9961707830748612,0.2798515490533563,0.4369515011547344,0.08438818565400844,0.7201484509466437,0.03760157204312497,0.17920398578886823,0.3421978021171613,0.16299381632829305,217,20,13389,5203
42,condition,fedprox,adaptive,2,cnn-ae,test2,1103,236,237,18592,fuzzy_fault_only_hi75,0.8671743573019632,0.9584319461615818,0.9624517503047825,0.9700396864476559,0.5486741268872961,0.9903725559612986,0.9989716166186754,0.26124139414802067,0.4141724226144794,0.02109704641350211,0.7387586058519794,0.03760157204312497,0.17920398578886823,0.3421978021171613,0.16299381632829305,232,5,13735,4857
42,condition,fedprox,client_specific,2,cnn-ae,test3,7084,1518,1518,18592,hard_val_p95,0.8744008839130402,0.920140540599823,0.924677562713623,0.9318372178077697,0.6947633312754122,0.9673923816057761,0.9923530696963077,0.4885972461273666,0.6547970878685216,0.0461133069828722,0.5114027538726333,0.07608155146693188,0.13151793413211876,0.5054811809549449,0.3739632468228261,1448,70,9508,9084
42,condition,fedprox,client_specific,2,cnn-ae,test3,7084,1518,1518,18592,fuzzy_warning_as_alarm_hi50,0.8744008839130402,0.920140540599823,0.924677562713623,0.9318372178077697,0.6947633312754122,0.9673923816057761,0.9923530696963077,0.4885972461273666,0.6547970878685216,0.0461133069828722,0.5114027538726333,0.07608155146693188,0.13151793413211876,0.5054811809549449,0.3739632468228261,1448,70,9508,9084
42,condition,fedprox,client_specific,2,cnn-ae,test3,7084,1518,1518,18592,fuzzy_fault_only_hi75,0.8744008839130402,0.920140540599823,0.924677562713623,0.9318372178077697,0.6947633312754122,0.9673923816057761,0.9959552700452058,0.4503012048192771,0.6201940884509963,0.022397891963109356,0.5496987951807228,0.07608155146693188,0.13151793413211876,0.5054811809549449,0.3739632468228261,1484,34,10220,8372
42,condition,fedprox,pooled,2,cnn-ae,test3,7084,1518,1518,18592,hard_val_p95,0.8752862811088562,0.9568032383918762,0.9622154325246811,0.9707894909381867,0.6957681800040365,0.9680473703138489,1.0,0.2807659208261618,0.4384344028221065,0.0,0.7192340791738382,0.03918448533068125,0.07125656561581302,0.3380919257569019,0.2668353601410889,1518,0,13372,5220
42,condition,fedprox,pooled,2,cnn-ae,test3,7084,1518,1518,18592,fuzzy_warning_as_alarm_hi50,0.8752862811088562,0.9568032383918762,0.9622154325246811,0.9707894909381867,0.6957681800040365,0.9680473703138489,1.0,0.2807659208261618,0.4384344028221065,0.0,0.7192340791738382,0.03918448533068125,0.07125656561581302,0.3380919257569019,0.2668353601410889,1518,0,13372,5220
42,condition,fedprox,pooled,2,cnn-ae,test3,7084,1518,1518,18592,fuzzy_fault_only_hi75,0.8752862811088562,0.9568032383918762,0.9622154325246811,0.9707894909381867,0.6957681800040365,0.9680473703138489,1.0,0.26005808950086057,0.4127715883382422,0.0,0.7399419104991394,0.03918448533068125,0.07125656561581302,0.3380919257569019,0.2668353601410889,1518,0,13757,4835
42,condition,fedprox,adaptive,2,cnn-ae,test3,7084,1518,1518,18592,hard_val_p95,0.8751285728810977,0.9502728256901483,0.9555291329184619,0.9638512557691647,0.6959120006281478,0.968057069815262,1.0,0.3086811531841652,0.47174386585015,0.0,0.6913188468158348,0.03257086026852312,0.07549140814221503,0.36366121829797976,0.2881698101557647,1518,0,12853,5739
42,condition,fedprox,adaptive,2,cnn-ae,test3,7084,1518,1518,18592,fuzzy_warning_as_alarm_hi50,0.8751285728810977,0.9502728256901483,0.9555291329184619,0.9638512557691647,0.6959120006281478,0.968057069815262,1.0,0.3086811531841652,0.47174386585015,0.0,0.6913188468158348,0.03257086026852312,0.07549140814221503,0.36366121829797976,0.2881698101557647,1518,0,12853,5739
42,condition,fedprox,adaptive,2,cnn-ae,test3,7084,1518,1518,18592,fuzzy_fault_only_hi75,0.8751285728810977,0.9502728256901483,0.9555291329184619,0.9638512557691647,0.6959120006281478,0.968057069815262,1.0,0.29130808950086057,0.4511829390203266,0.0,0.7086919104991394,0.03257086026852312,0.07549140814221503,0.36366121829797976,0.2881698101557647,1518,0,13176,5416
42,condition,fedprox,client_specific,3,cnn-ae,test1,4827,1034,1035,18592,hard_val_p95,0.879120796918869,0.9566367387771606,0.9605812132358551,0.9641912096738815,0.5977818884232583,0.9658171688593936,0.9915384615384616,0.2773235800344234,0.43342299932750505,0.04251207729468599,0.7226764199655766,0.028735925001273754,0.12305544788234216,0.33038572772247243,0.20733027984013028,991,44,13436,5156
42,condition,fedprox,client_specific,3,cnn-ae,test1,4827,1034,1035,18592,fuzzy_warning_as_alarm_hi50,0.879120796918869,0.9566367387771606,0.9605812132358551,0.9641912096738815,0.5977818884232583,0.9658171688593936,0.9915384615384616,0.2773235800344234,0.43342299932750505,0.04251207729468599,0.7226764199655766,0.028735925001273754,0.12305544788234216,0.33038572772247243,0.20733027984013028,991,44,13436,5156
42,condition,fedprox,client_specific,3,cnn-ae,test1,4827,1034,1035,18592,fuzzy_fault_only_hi75,0.879120796918869,0.9566367387771606,0.9605812132358551,0.9641912096738815,0.5977818884232583,0.9658171688593936,0.9955964771817454,0.2675344234079174,0.4217398677293539,0.021256038647342997,0.7324655765920827,0.028735925001273754,0.12305544788234216,0.33038572772247243,0.20733027984013028,1013,22,13618,4974
42,condition,fedprox,pooled,3,cnn-ae,test1,4827,1034,1035,18592,hard_val_p95,0.8684006035327911,0.951482355594635,0.9571602255105972,0.9624942898750305,0.6028650055709379,0.9658162516383776,0.9833423863842115,0.2921148881239243,0.45042504665146177,0.08888888888888889,0.7078851118760757,0.03530850359199063,0.1591536458647506,0.34692621457808037,0.18777256871332978,943,92,13161,5431
42,condition,fedprox,pooled,3,cnn-ae,test1,4827,1034,1035,18592,fuzzy_warning_as_alarm_hi50,0.8684006035327911,0.951482355594635,0.9571602255105972,0.9624942898750305,0.6028650055709379,0.9658162516383776,0.9833423863842115,0.2921148881239243,0.45042504665146177,0.08888888888888889,0.7078851118760757,0.03530850359199063,0.1591536458647506,0.34692621457808037,0.18777256871332978,943,92,13161,5431
42,condition,fedprox,pooled,3,cnn-ae,test1,4827,1034,1035,18592,fuzzy_fault_only_hi75,0.8684006035327911,0.951482355594635,0.9571602255105972,0.9624942898750305,0.6028650055709379,0.9658162516383776,0.9893899204244032,0.2808734939759036,0.4375366568914956,0.05410628019323672,0.7191265060240963,0.03530850359199063,0.1591536458647506,0.34692621457808037,0.18777256871332978,979,56,13370,5222
42,condition,fedprox,adaptive,3,cnn-ae,test1,4827,1034,1035,18592,hard_val_p95,0.8722777952460468,0.9533465506741927,0.9583975003228915,0.9631080179250029,0.6001447040750996,0.9657317144580436,0.9861751152073732,0.2877581755593804,0.4455177582545697,0.07246376811594203,0.7122418244406197,0.03291384317521781,0.1454613588518666,0.3412437107395229,0.19578235188765633,960,75,13242,5350
42,condition,fedprox,adaptive,3,cnn-ae,test1,4827,1034,1035,18592,fuzzy_warning_as_alarm_hi50,0.8722777952460468,0.9533465506741927,0.9583975003228915,0.9631080179250029,0.6001447040750996,0.9657317144580436,0.9861751152073732,0.2877581755593804,0.4455177582545697,0.07246376811594203,0.7122418244406197,0.03291384317521781,0.1454613588518666,0.3412437107395229,0.19578235188765633,960,75,13242,5350
42,condition,fedprox,adaptive,3,cnn-ae,test1,4827,1034,1035,18592,fuzzy_fault_only_hi75,0.8722777952460468,0.9533465506741927,0.9583975003228915,0.9631080179250029,0.6001447040750996,0.9657317144580436,0.991692426584235,0.27608648881239245,0.4319252776842814,0.04154589371980676,0.7239135111876076,0.03291384317521781,0.1454613588518666,0.3412437107395229,0.19578235188765633,992,43,13459,5133
42,condition,fedprox,client_specific,3,cnn-ae,test2,1103,236,237,18592,hard_val_p95,0.8453899323940277,0.9587198495864868,0.9608825445175171,0.9664300918579102,0.5586811531841653,0.99036402783455,0.9974683544303797,0.2754948364888124,0.43174442618114384,0.05485232067510549,0.7245051635111877,0.027616973816984438,0.16908796818026836,0.3416434103117362,0.1725554421314678,224,13,13470,5122
42,condition,fedprox,client_specific,3,cnn-ae,test2,1103,236,237,18592,fuzzy_warning_as_alarm_hi50,0.8453899323940277,0.9587198495864868,0.9608825445175171,0.9664300918579102,0.5586811531841653,0.99036402783455,0.9974683544303797,0.2754948364888124,0.43174442618114384,0.05485232067510549,0.7245051635111877,0.027616973816984438,0.16908796818026836,0.3416434103117362,0.1725554421314678,224,13,13470,5122
42,condition,fedprox,client_specific,3,cnn-ae,test2,1103,236,237,18592,fuzzy_fault_only_hi75,0.8453899323940277,0.9587198495864868,0.9608825445175171,0.9664300918579102,0.5586811531841653,0.99036402783455,0.998343685300207,0.2593588640275387,0.41174963709333107,0.03375527426160337,0.7406411359724613,0.027616973816984438,0.16908796818026836,0.3416434103117362,0.1725554421314678,229,8,13770,4822
42,condition,fedprox,pooled,3,cnn-ae,test2,1103,236,237,18592,hard_val_p95,0.8684006035327911,0.951482355594635,0.9571602255105972,0.9624942898750305,0.5264159032150301,0.9897030022610188,0.9908775770844737,0.2921148881239243,0.45121090017862336,0.2109704641350211,0.7078851118760757,0.034574326836263214,0.2613060361413115,0.34692621457808037,0.08562017843676889,187,50,13161,5431
42,condition,fedprox,pooled,3,cnn-ae,test2,1103,236,237,18592,fuzzy_warning_as_alarm_hi50,0.8684006035327911,0.951482355594635,0.9571602255105972,0.9624942898750305,0.5264159032150301,0.9897030022610188,0.9908775770844737,0.2921148881239243,0.45121090017862336,0.2109704641350211,0.7078851118760757,0.034574326836263214,0.2613060361413115,0.34692621457808037,0.08562017843676889,187,50,13161,5431
42,condition,fedprox,pooled,3,cnn-ae,test2,1103,236,237,18592,fuzzy_fault_only_hi75,0.8684006035327911,0.951482355594635,0.9571602255105972,0.9624942898750305,0.5264159032150301,0.9897030022610188,0.9963747376454875,0.2808734939759036,0.4382159191037637,0.08016877637130802,0.7191265060240963,0.034574326836263214,0.2613060361413115,0.34692621457808037,0.08562017843676889,218,19,13370,5222
42,condition,fedprox,adaptive,3,cnn-ae,test2,1103,236,237,18592,hard_val_p95,0.8579913828475224,0.9547563440722062,0.9588440720950947,0.964274708671434,0.5371440554260443,0.9898783301579718,0.9943862275449101,0.28582185886402756,0.4440173796791444,0.12658227848101267,0.7141781411359724,0.03154708162940145,0.212856802697997,0.3442274421315038,0.1313706394335068,207,30,13278,5314
42,condition,fedprox,adaptive,3,cnn-ae,test2,1103,236,237,18592,fuzzy_warning_as_alarm_hi50,0.8579913828475224,0.9547563440722062,0.9588440720950947,0.964274708671434,0.5371440554260443,0.9898783301579718,0.9943862275449101,0.28582185886402756,0.4440173796791444,0.12658227848101267,0.7141781411359724,0.03154708162940145,0.212856802697997,0.3442274421315038,0.1313706394335068,207,30,13278,5314
42,condition,fedprox,adaptive,3,cnn-ae,test2,1103,236,237,18592,fuzzy_fault_only_hi75,0.8579913828475224,0.9547563440722062,0.9588440720950947,0.964274708671434,0.5371440554260443,0.9898783301579718,0.997637330183107,0.2725365748709122,0.42811879515018375,0.05063291139240506,0.7274634251290878,0.03154708162940145,0.212856802697997,0.3442274421315038,0.1313706394335068,225,12,13525,5067
42,condition,fedprox,client_specific,3,cnn-ae,test3,7084,1518,1518,18592,hard_val_p95,0.8704003393650055,0.9173725783824921,0.9223348200321198,0.9293160957098007,0.6700571873887419,0.965071556770606,0.99278659416269,0.4811746987951807,0.6481904140854255,0.04281949934123847,0.5188253012048193,0.0739433117851815,0.12976092849746595,0.49130211375636407,0.3615411852588981,1453,65,9646,8946
42,condition,fedprox,client_specific,3,cnn-ae,test3,7084,1518,1518,18592,fuzzy_warning_as_alarm_hi50,0.8704003393650055,0.9173725783824921,0.9223348200321198,0.9293160957098007,0.6700571873887419,0.965071556770606,0.99278659416269,0.4811746987951807,0.6481904140854255,0.04281949934123847,0.5188253012048193,0.0739433117851815,0.12976092849746595,0.49130211375636407,0.3615411852588981,1453,65,9646,8946
42,condition,fedprox,client_specific,3,cnn-ae,test3,7084,1518,1518,18592,fuzzy_fault_only_hi75,0.8704003393650055,0.9173725783824921,0.9223348200321198,0.9293160957098007,0.6700571873887419,0.965071556770606,0.9962713495309117,0.44551419965576594,0.615699100572363,0.020421607378129116,0.5544858003442341,0.0739433117851815,0.12976092849746595,0.49130211375636407,0.3615411852588981,1487,31,10309,8283
42,condition,fedprox,pooled,3,cnn-ae,test3,7084,1518,1518,18592,hard_val_p95,0.8684006035327911,0.951482355594635,0.9571602255105972,0.9624942898750305,0.6732485595969422,0.965961331172658,1.0,0.2921148881239243,0.4521500228947259,0.0,0.7078851118760757,0.02799602187966186,0.07547114880141308,0.34692621457808037,0.2714550657766673,1518,0,13161,5431
42,condition,fedprox,pooled,3,cnn-ae,test3,7084,1518,1518,18592,fuzzy_warning_as_alarm_hi50,0.8684006035327911,0.951482355594635,0.9571602255105972,0.9624942898750305,0.6732485595969422,0.965961331172658,1.0,0.2921148881239243,0.4521500228947259,0.0,0.7078851118760757,0.02799602187966186,0.07547114880141308,0.34692621457808037,0.2714550657766673,1518,0,13161,5431
42,condition,fedprox,pooled,3,cnn-ae,test3,7084,1518,1518,18592,fuzzy_fault_only_hi75,0.8684006035327911,0.951482355594635,0.9571602255105972,0.9624942898750305,0.6732485595969422,0.965961331172658,1.0,0.2808734939759036,0.4385655496766608,0.0,0.7191265060240963,0.02799602187966186,0.07547114880141308,0.34692621457808037,0.2714550657766673,1518,0,13370,5222
42,condition,fedprox,adaptive,3,cnn-ae,test3,7084,1518,1518,18592,hard_val_p95,0.8688283676891709,0.9441859218165287,0.9497107114522365,0.9553971313360539,0.6729494736427357,0.965946456897501,1.0,0.3195460413080895,0.48432723270696615,0.0,0.6804539586919105,0.02625559423172551,0.07973881708837088,0.37045472186713513,0.29071590477876424,1518,0,12651,5941
42,condition,fedprox,adaptive,3,cnn-ae,test3,7084,1518,1518,18592,fuzzy_warning_as_alarm_hi50,0.8688283676891709,0.9441859218165287,0.9497107114522365,0.9553971313360539,0.6729494736427357,0.965946456897501,1.0,0.3195460413080895,0.48432723270696615,0.0,0.6804539586919105,0.02625559423172551,0.07973881708837088,0.37045472186713513,0.29071590477876424,1518,0,12651,5941
42,condition,fedprox,adaptive,3,cnn-ae,test3,7084,1518,1518,18592,fuzzy_fault_only_hi75,0.8688283676891709,0.9441859218165287,0.9497107114522365,0.9553971313360539,0.6729494736427357,0.965946456897501,1.0,0.3085735800344234,0.4716182333840273,0.0,0.6914264199655766,0.02625559423172551,0.07973881708837088,0.37045472186713513,0.29071590477876424,1518,0,12855,5737
42,condition,fedprox-personalized,client_specific,3,cnn-ae,test1,4827,1034,1035,18592,hard_val_p95,0.8762172162532806,0.9513786554336547,0.954748660326004,0.9589945697784423,0.6069596190143597,0.9675892359900206,0.9906919564453811,0.3034100688468158,0.4645474759120481,0.051207729468599035,0.6965899311531841,0.025475110816732052,0.12656245813812442,0.35339156178917025,0.22682910365104583,982,53,12951,5641
42,condition,fedprox-personalized,client_specific,3,cnn-ae,test1,4827,1034,1035,18592,fuzzy_warning_as_alarm_hi50,0.8762172162532806,0.9513786554336547,0.954748660326004,0.9589945697784423,0.6069596190143597,0.9675892359900206,0.9906919564453811,0.3034100688468158,0.4645474759120481,0.051207729468599035,0.6965899311531841,0.025475110816732052,0.12656245813812442,0.35339156178917025,0.22682910365104583,982,53,12951,5641
42,condition,fedprox-personalized,client_specific,3,cnn-ae,test1,4827,1034,1035,18592,fuzzy_fault_only_hi75,0.8762172162532806,0.9513786554336547,0.954748660326004,0.9589945697784423,0.6069596190143597,0.9675892359900206,0.995426271496524,0.2926527538726334,0.45232355141740793,0.024154589371980676,0.7073472461273667,0.025475110816732052,0.12656245813812442,0.35339156178917025,0.22682910365104583,1010,25,13151,5441
42,condition,fedprox-personalized,client_specific,3,cnn-ae,test2,1103,236,237,18592,hard_val_p95,0.8440379798412323,0.9590420722961426,0.9611574113368988,0.9650543659925461,0.5802726048860904,0.9908573953218404,0.9968009032743695,0.28490748709122204,0.44315234669120723,0.07172995780590717,0.715092512908778,0.017048170375484624,0.173854440626645,0.36631136637805595,0.19245692575141093,220,17,13295,5297
42,condition,fedprox-personalized,client_specific,3,cnn-ae,test2,1103,236,237,18592,fuzzy_warning_as_alarm_hi50,0.8440379798412323,0.9590420722961426,0.9611574113368988,0.9650543659925461,0.5802726048860904,0.9908573953218404,0.9968009032743695,0.28490748709122204,0.44315234669120723,0.07172995780590717,0.715092512908778,0.017048170375484624,0.173854440626645,0.36631136637805595,0.19245692575141093,220,17,13295,5297
42,condition,fedprox-personalized,client_specific,3,cnn-ae,test2,1103,236,237,18592,fuzzy_fault_only_hi75,0.8440379798412323,0.9590420722961426,0.9611574113368988,0.9650543659925461,0.5802726048860904,0.9908573953218404,0.9984478075281334,0.2767857142857143,0.43342036553524804,0.03375527426160337,0.7232142857142857,0.017048170375484624,0.173854440626645,0.36631136637805595,0.19245692575141093,229,8,13446,5146
42,condition,fedprox-personalized,client_specific,3,cnn-ae,test3,7084,1518,1518,18592,hard_val_p95,0.8673075139522552,0.914158695936203,0.91991828083992,0.927387285232544,0.7167009370060705,0.9698522484811872,0.9936440677966102,0.5045180722891566,0.6692351598173516,0.039525691699604744,0.4954819277108434,0.09085032322227747,0.12694170657166687,0.5236724906344766,0.39673078406280976,1458,60,9212,9380
42,condition,fedprox-personalized,client_specific,3,cnn-ae,test3,7084,1518,1518,18592,fuzzy_warning_as_alarm_hi50,0.8673075139522552,0.914158695936203,0.91991828083992,0.927387285232544,0.7167009370060705,0.9698522484811872,0.9936440677966102,0.5045180722891566,0.6692351598173516,0.039525691699604744,0.4954819277108434,0.09085032322227747,0.12694170657166687,0.5236724906344766,0.39673078406280976,1458,60,9212,9380
42,condition,fedprox-personalized,client_specific,3,cnn-ae,test3,7084,1518,1518,18592,fuzzy_fault_only_hi75,0.8673075139522552,0.914158695936203,0.91991828083992,0.927387285232544,0.7167009370060705,0.9698522484811872,0.9965075669383003,0.4604130808950086,0.6298285630196454,0.019762845849802372,0.5395869191049913,0.09085032322227747,0.12694170657166687,0.5236724906344766,0.39673078406280976,1488,30,10032,8560
42,condition,fedbn,client_specific,1,cnn-ae,test1,4827,1034,1035,18592,hard_val_p95,0.8881085216999054,0.9611316323280334,0.9648920595645905,0.9707256752252579,0.6585633943642063,0.9722463638664933,0.9918509895227008,0.3207831325301205,0.4847795163584637,0.04734299516908213,0.6792168674698795,0.04926886431955979,0.12248738109209775,0.37682548387314396,0.2543381027810462,986,49,12628,5964
42,condition,fedbn,client_specific,1,cnn-ae,test1,4827,1034,1035,18592,fuzzy_warning_as_alarm_hi50,0.8881085216999054,0.9611316323280334,0.9648920595645905,0.9707256752252579,0.6585633943642063,0.9722463638664933,0.9918509895227008,0.3207831325301205,0.4847795163584637,0.04734299516908213,0.6792168674698795,0.04926886431955979,0.12248738109209775,0.37682548387314396,0.2543381027810462,986,49,12628,5964
42,condition,fedbn,client_specific,1,cnn-ae,test1,4827,1034,1035,18592,fuzzy_fault_only_hi75,0.8881085216999054,0.9611316323280334,0.9648920595645905,0.9707256752252579,0.6585633943642063,0.9722463638664933,0.996957766642806,0.29964500860585197,0.4607940446650124,0.01642512077294686,0.700354991394148,0.04926886431955979,0.12248738109209775,0.37682548387314396,0.2543381027810462,1018,17,13021,5571
42,condition,fedbn,pooled,1,cnn-ae,test1,4827,1034,1035,18592,hard_val_p95,0.8979717493057251,0.9656292021274567,1.0348371028900147,1.0397841835021973,0.647240306983628,0.9715874768441025,0.0,0.0,0.0,0.0,1.0,0.10536505833800378,0.05808363582482314,0.11151370040487851,0.05343006458005537,1035,0,18592,0
42,condition,fedbn,pooled,1,cnn-ae,test1,4827,1034,1035,18592,fuzzy_warning_as_alarm_hi50,0.8979717493057251,0.9656292021274567,1.0348371028900147,1.0397841835021973,0.647240306983628,0.9715874768441025,0.0,0.0,0.0,0.0,1.0,0.10536505833800378,0.05808363582482314,0.11151370040487851,0.05343006458005537,1035,0,18592,0
42,condition,fedbn,pooled,1,cnn-ae,test1,4827,1034,1035,18592,fuzzy_fault_only_hi75,0.8979717493057251,0.9656292021274567,1.0348371028900147,1.0397841835021973,0.647240306983628,0.9715874768441025,0.0,0.0,0.0,0.0,1.0,0.10536505833800378,0.05808363582482314,0.11151370040487851,0.05343006458005537,1035,0,18592,0
42,condition,fedbn,adaptive,1,cnn-ae,test1,4827,1034,1035,18592,hard_val_p95,0.8952133219132469,0.9643713765727678,1.0152757248920983,1.0204707408313223,0.6493729316853334,0.9717573145299445,1.0,0.0029582616179001722,0.005899072236820936,0.0,0.9970417383820999,0.19396749375859784,0.06690867132948528,0.13287365557939226,0.06596498424990699,1035,0,18537,55
42,condition,fedbn,adaptive,1,cnn-ae,test1,4827,1034,1035,18592,fuzzy_warning_as_alarm_hi50,0.8952133219132469,0.9643713765727678,1.0152757248920983,1.0204707408313223,0.6493729316853334,0.9717573145299445,1.0,0.0029582616179001722,0.005899072236820936,0.0,0.9970417383820999,0.19396749375859784,0.06690867132948528,0.13287365557939226,0.06596498424990699,1035,0,18537,55
42,condition,fedbn,adaptive,1,cnn-ae,test1,4827,1034,1035,18592,fuzzy_fault_only_hi75,0.8952133219132469,0.9643713765727678,1.0152757248920983,1.0204707408313223,0.6493729316853334,0.9717573145299445,1.0,0.0016673838209982788,0.0033292165601675346,0.0,0.9983326161790017,0.19396749375859784,0.06690867132948528,0.13287365557939226,0.06596498424990699,1035,0,18561,31
42,condition,fedbn,client_specific,1,cnn-ae,test2,1103,236,237,18592,hard_val_p95,1.0356329679489136,1.0403432250022888,1.0431806147098541,1.0454143583774567,0.5736225870934007,0.9905496061556316,0.9954980303882949,0.09514845094664372,0.1736953213216162,0.03375527426160337,0.9048515490533563,0.12305486218067874,0.09155246525908857,0.16180543371246153,0.07025296845337296,229,8,16823,1769
42,condition,fedbn,client_specific,1,cnn-ae,test2,1103,236,237,18592,fuzzy_warning_as_alarm_hi50,1.0356329679489136,1.0403432250022888,1.0431806147098541,1.0454143583774567,0.5736225870934007,0.9905496061556316,0.9954980303882949,0.09514845094664372,0.1736953213216162,0.03375527426160337,0.9048515490533563,0.12305486218067874,0.09155246525908857,0.16180543371246153,0.07025296845337296,229,8,16823,1769
42,condition,fedbn,client_specific,1,cnn-ae,test2,1103,236,237,18592,fuzzy_fault_only_hi75,1.0356329679489136,1.0403432250022888,1.0431806147098541,1.0454143583774567,0.5736225870934007,0.9905496061556316,0.9966159052453468,0.0633605851979346,0.11914635379791645,0.016877637130801686,0.9366394148020654,0.12305486218067874,0.09155246525908857,0.16180543371246153,0.07025296845337296,233,4,17414,1178
42,condition,fedbn,pooled,1,cnn-ae,test2,1103,236,237,18592,hard_val_p95,0.8979717493057251,0.9656292021274567,1.0348371028900147,1.0397841835021973,0.5633182594755151,0.9900625962592919,0.9885695886661837,0.660552925989673,0.7919393841689505,0.5991561181434599,0.33944707401032703,0.5433639598491689,0.6697175366435427,0.723322619153521,0.05360508250997831,95,142,6311,12281
42,condition,fedbn,pooled,1,cnn-ae,test2,1103,236,237,18592,fuzzy_warning_as_alarm_hi50,0.8979717493057251,0.9656292021274567,1.0348371028900147,1.0397841835021973,0.5633182594755151,0.9900625962592919,0.9885695886661837,0.660552925989673,0.7919393841689505,0.5991561181434599,0.33944707401032703,0.5433639598491689,0.6697175366435427,0.723322619153521,0.05360508250997831,95,142,6311,12281
42,condition,fedbn,pooled,1,cnn-ae,test2,1103,236,237,18592,fuzzy_fault_only_hi75,0.8979717493057251,0.9656292021274567,1.0348371028900147,1.0397841835021973,0.5633182594755151,0.9900625962592919,0.9908118167015585,0.4582078313253012,0.6266274365575579,0.3333333333333333,0.5417921686746988,0.5433639598491689,0.6697175366435427,0.723322619153521,0.05360508250997831,158,79,10073,8519
42,condition,fedbn,adaptive,1,cnn-ae,test2,1103,236,237,18592,hard_val_p95,1.0142412932884444,1.0287331427607835,1.0418840862312098,1.044539465140275,0.5669785834114033,0.9906945620376224,0.9938271604938271,0.14721385542168675,0.2564414878665792,0.07172995780590717,0.8527861445783133,0.7004089436507515,0.34073943861824113,0.39526272513839295,0.054523286520151815,220,17,15855,2737
42,condition,fedbn,adaptive,1,cnn-ae,test2,1103,236,237,18592,fuzzy_warning_as_alarm_hi50,1.0142412932884444,1.0287331427607835,1.0418840862312098,1.044539465140275,0.5669785834114033,0.9906945620376224,0.9938271604938271,0.14721385542168675,0.2564414878665792,0.07172995780590717,0.8527861445783133,0.7004089436507515,0.34073943861824113,0.39526272513839295,0.054523286520151815,220,17,15855,2737
42,condition,fedbn,adaptive,1,cnn-ae,test2,1103,236,237,18592,fuzzy_fault_only_hi75,1.0142412932884444,1.0287331427607835,1.0418840862312098,1.044539465140275,0.5669785834114033,0.9906945620376224,0.9954776710005653,0.09471815834767643,0.1729777515839104,0.03375527426160337,0.9052818416523236,0.7004089436507515,0.34073943861824113,0.39526272513839295,0.054523286520151815,229,8,16831,1761
42,condition,fedbn,client_specific,1,cnn-ae,test3,7084,1518,1518,18592,hard_val_p95,0.8848545849323273,0.9247432947158813,0.9309692561626435,0.9390495073795319,0.807804056428991,0.9801128656539516,0.995090570509565,0.6323149741824441,0.7732684338617378,0.03820816864295125,0.3676850258175559,0.09701640974639483,0.11644384967088633,0.6484362138602503,0.531992364189364,1460,58,6836,11756
42,condition,fedbn,client_specific,1,cnn-ae,test3,7084,1518,1518,18592,fuzzy_warning_as_alarm_hi50,0.8848545849323273,0.9247432947158813,0.9309692561626435,0.9390495073795319,0.807804056428991,0.9801128656539516,0.995090570509565,0.6323149741824441,0.7732684338617378,0.03820816864295125,0.3676850258175559,0.09701640974639483,0.11644384967088633,0.6484362138602503,0.531992364189364,1460,58,6836,11756
42,condition,fedbn,client_specific,1,cnn-ae,test3,7084,1518,1518,18592,fuzzy_fault_only_hi75,0.8848545849323273,0.9247432947158813,0.9309692561626435,0.9390495073795319,0.807804056428991,0.9801128656539516,0.9978060151750617,0.5870804647160068,0.7392231891910196,0.015810276679841896,0.4129195352839931,0.09701640974639483,0.11644384967088633,0.6484362138602503,0.531992364189364,1494,24,7677,10915
42,condition,fedbn,pooled,1,cnn-ae,test3,7084,1518,1518,18592,hard_val_p95,0.8979717493057251,0.9656292021274567,1.0348371028900147,1.0397841835021973,0.8122881843579854,0.9803224159575818,0.0,0.0,0.0,0.0,1.0,0.21859771258080557,0.025062181118513206,0.14061363827720277,0.11555145715868957,1518,0,18592,0
42,condition,fedbn,pooled,1,cnn-ae,test3,7084,1518,1518,18592,fuzzy_warning_as_alarm_hi50,0.8979717493057251,0.9656292021274567,1.0348371028900147,1.0397841835021973,0.8122881843579854,0.9803224159575818,0.0,0.0,0.0,0.0,1.0,0.21859771258080557,0.025062181118513206,0.14061363827720277,0.11555145715868957,1518,0,18592,0
42,condition,fedbn,pooled,1,cnn-ae,test3,7084,1518,1518,18592,fuzzy_fault_only_hi75,0.8979717493057251,0.9656292021274567,1.0348371028900147,1.0397841835021973,0.8122881843579854,0.9803224159575818,0.0,0.0,0.0,0.0,1.0,0.21859771258080557,0.025062181118513206,0.14061363827720277,0.11555145715868957,1518,0,18592,0
42,condition,fedbn,adaptive,1,cnn-ae,test3,7084,1518,1518,18592,hard_val_p95,0.8927629243303279,0.9493934114028162,0.993591188851497,0.9997824512725977,0.8100124949260622,0.9804893301002652,1.0,0.19486876075731496,0.32617600720234075,0.0,0.805131239242685,0.24361014420686225,0.04112510503733623,0.30245700079689763,0.2613318957595614,1518,0,14969,3623
42,condition,fedbn,adaptive,1,cnn-ae,test3,7084,1518,1518,18592,fuzzy_warning_as_alarm_hi50,0.8927629243303279,0.9493934114028162,0.993591188851497,0.9997824512725977,0.8100124949260622,0.9804893301002652,1.0,0.19486876075731496,0.32617600720234075,0.0,0.805131239242685,0.24361014420686225,0.04112510503733623,0.30245700079689763,0.2613318957595614,1518,0,14969,3623
42,condition,fedbn,adaptive,1,cnn-ae,test3,7084,1518,1518,18592,fuzzy_fault_only_hi75,0.8927629243303279,0.9493934114028162,0.993591188851497,0.9997824512725977,0.8100124949260622,0.9804893301002652,1.0,0.1518932874354561,0.2637280537915577,0.0,0.8481067125645438,0.24361014420686225,0.04112510503733623,0.30245700079689763,0.2613318957595614,1518,0,15768,2824
42,condition,fedbn,client_specific,2,cnn-ae,test1,4827,1034,1035,18592,hard_val_p95,0.8781973719596863,0.9529615998268127,0.9566608786582946,0.9605640828609466,0.621642184680752,0.9688654977039592,0.991556091676719,0.30948795180722893,0.47173601147776184,0.04734299516908213,0.6905120481927711,0.027971671676771795,0.12467122167684488,0.3623244895147905,0.23765326783794563,986,49,12838,5754
42,condition,fedbn,client_specific,2,cnn-ae,test1,4827,1034,1035,18592,fuzzy_warning_as_alarm_hi50,0.8781973719596863,0.9529615998268127,0.9566608786582946,0.9605640828609466,0.621642184680752,0.9688654977039592,0.991556091676719,0.30948795180722893,0.47173601147776184,0.04734299516908213,0.6905120481927711,0.027971671676771795,0.12467122167684488,0.3623244895147905,0.23765326783794563,986,49,12838,5754
42,condition,fedbn,client_specific,2,cnn-ae,test1,4827,1034,1035,18592,fuzzy_fault_only_hi75,0.8781973719596863,0.9529615998268127,0.9566608786582946,0.9605640828609466,0.621642184680752,0.9688654977039592,0.9951690821256038,0.2991609294320138,0.46003060253918365,0.02608695652173913,0.7008390705679862,0.027971671676771795,0.12467122167684488,0.3623244895147905,0.23765326783794563,1008,27,13030,5562
42,condition,fedbn,pooled,2,cnn-ae,test1,4827,1034,1035,18592,hard_val_p95,0.8718876242637634,0.9487785637378693,0.9566875576972962,0.9638222169876098,0.6284910345315007,0.9697415927216785,0.9915531804861231,0.3093803786574871,0.47161070798999716,0.04734299516908213,0.6906196213425129,0.059764609976053394,0.12836288387829997,0.36161037404040824,0.23324749016210827,986,49,12840,5752
42,condition,fedbn,pooled,2,cnn-ae,test1,4827,1034,1035,18592,fuzzy_warning_as_alarm_hi50,0.8718876242637634,0.9487785637378693,0.9566875576972962,0.9638222169876098,0.6284910345315007,0.9697415927216785,0.9915531804861231,0.3093803786574871,0.47161070798999716,0.04734299516908213,0.6906196213425129,0.059764609976053394,0.12836288387829997,0.36161037404040824,0.23324749016210827,986,49,12840,5752
42,condition,fedbn,pooled,2,cnn-ae,test1,4827,1034,1035,18592,fuzzy_fault_only_hi75,0.8718876242637634,0.9487785637378693,0.9566875576972962,0.9638222169876098,0.6284910345315007,0.9697415927216785,0.997037037037037,0.2895869191049914,0.4488162720906969,0.015458937198067632,0.7104130808950087,0.059764609976053394,0.12836288387829997,0.36161037404040824,0.23324749016210827,1019,16,13208,5384
42,condition,fedbn,adaptive,2,cnn-ae,test1,4827,1034,1035,18592,hard_val_p95,0.8739926153675419,0.950174063871686,0.956678657319268,0.9627352728367407,0.6265150924609411,0.9696521775464877,0.9915531804861231,0.3093803786574871,0.47161070798999716,0.04734299516908213,0.6906196213425129,0.048300810108523974,0.12683155373546795,0.3618392298569172,0.23500767612144924,986,49,12840,5752
42,condition,fedbn,adaptive,2,cnn-ae,test1,4827,1034,1035,18592,fuzzy_warning_as_alarm_hi50,0.8739926153675419,0.950174063871686,0.956678657319268,0.9627352728367407,0.6265150924609411,0.9696521775464877,0.9915531804861231,0.3093803786574871,0.47161070798999716,0.04734299516908213,0.6906196213425129,0.048300810108523974,0.12683155373546795,0.3618392298569172,0.23500767612144924,986,49,12840,5752
42,condition,fedbn,adaptive,2,cnn-ae,test1,4827,1034,1035,18592,fuzzy_fault_only_hi75,0.8739926153675419,0.950174063871686,0.956678657319268,0.9627352728367407,0.6265150924609411,0.9696521775464877,0.9963410171972191,0.29292168674698793,0.4527392135672126,0.01932367149758454,0.7070783132530121,0.048300810108523974,0.12683155373546795,0.3618392298569172,0.23500767612144924,1015,20,13146,5446
42,condition,fedbn,client_specific,2,cnn-ae,test2,1103,236,237,18592,hard_val_p95,0.8671094477176666,0.9644196629524231,0.9657906293869019,0.9710796713829041,0.6400022558588785,0.9928995055123632,0.997098926602843,0.3697289156626506,0.5394334144236052,0.08438818565400844,0.6302710843373494,0.02963513728822561,0.177041052885037,0.4490746592243963,0.27203360633935936,217,20,11718,6874
42,condition,fedbn,client_specific,2,cnn-ae,test2,1103,236,237,18592,fuzzy_warning_as_alarm_hi50,0.8671094477176666,0.9644196629524231,0.9657906293869019,0.9710796713829041,0.6400022558588785,0.9928995055123632,0.997098926602843,0.3697289156626506,0.5394334144236052,0.08438818565400844,0.6302710843373494,0.02963513728822561,0.177041052885037,0.4490746592243963,0.27203360633935936,217,20,11718,6874
42,condition,fedbn,client_specific,2,cnn-ae,test2,1103,236,237,18592,fuzzy_fault_only_hi75,0.8671094477176666,0.9644196629524231,0.9657906293869019,0.9710796713829041,0.6400022558588785,0.9928995055123632,0.9989294999235357,0.3513339070567986,0.519836059050575,0.029535864978902954,0.6486660929432013,0.02963513728822561,0.177041052885037,0.4490746592243963,0.27203360633935936,230,7,12060,6532
42,condition,fedbn,pooled,2,cnn-ae,test2,1103,236,237,18592,hard_val_p95,0.8718876242637634,0.9487785637378693,0.9566875576972962,0.9638222169876098,0.6064940140308068,0.9908082898076553,0.9857754279959718,0.4212026678141136,0.5902170636116973,0.4767932489451477,0.5787973321858864,0.05512772850390355,0.4275246959068745,0.4925135449116811,0.06498884900480661,124,113,10761,7831
42,condition,fedbn,pooled,2,cnn-ae,test2,1103,236,237,18592,fuzzy_warning_as_alarm_hi50,0.8718876242637634,0.9487785637378693,0.9566875576972962,0.9638222169876098,0.6064940140308068,0.9908082898076553,0.9857754279959718,0.4212026678141136,0.5902170636116973,0.4767932489451477,0.5787973321858864,0.05512772850390355,0.4275246959068745,0.4925135449116811,0.06498884900480661,124,113,10761,7831
42,condition,fedbn,pooled,2,cnn-ae,test2,1103,236,237,18592,fuzzy_fault_only_hi75,0.8718876242637634,0.9487785637378693,0.9566875576972962,0.9638222169876098,0.6064940140308068,0.9908082898076553,0.9899855053366715,0.4040985370051635,0.5739276574615179,0.3206751054852321,0.5959014629948365,0.05512772850390355,0.4275246959068745,0.4925135449116811,0.06498884900480661,161,76,11079,7513
42,condition,fedbn,adaptive,2,cnn-ae,test2,1103,236,237,18592,hard_val_p95,0.8708318012845144,0.9522347424311681,0.9586990430785738,0.9654258804453075,0.6190303710320486,0.9915854434665587,0.9877545759216293,0.41216652323580033,0.5816318785578748,0.4008438818565401,0.5878334767641996,0.04848903287482075,0.37647548263904995,0.4840711154639615,0.10759563282491152,142,95,10929,7663
42,condition,fedbn,adaptive,2,cnn-ae,test2,1103,236,237,18592,fuzzy_warning_as_alarm_hi50,0.8708318012845144,0.9522347424311681,0.9586990430785738,0.9654258804453075,0.6190303710320486,0.9915854434665587,0.9877545759216293,0.41216652323580033,0.5816318785578748,0.4008438818565401,0.5878334767641996,0.04848903287482075,0.37647548263904995,0.4840711154639615,0.10759563282491152,142,95,10929,7663
42,condition,fedbn,adaptive,2,cnn-ae,test2,1103,236,237,18592,fuzzy_fault_only_hi75,0.8708318012845144,0.9522347424311681,0.9586990430785738,0.9654258804453075,0.6190303710320486,0.9915854434665587,0.9926819352215748,0.393986660929432,0.5640907165684802,0.22784810126582278,0.606013339070568,0.04848903287482075,0.37647548263904995,0.4840711154639615,0.10759563282491152,183,54,11267,7325
42,condition,fedbn,client_specific,2,cnn-ae,test3,7084,1518,1518,18592,hard_val_p95,0.8721778988838196,0.9186186492443085,0.9237573146820068,0.93101478099823,0.7472717840588781,0.973307767884967,0.9934146813867907,0.5517426850258176,0.7094543191092053,0.04479578392621871,0.4482573149741824,0.08781700646444555,0.1295457992426903,0.5696037525513878,0.44005795330869757,1450,68,8334,10258
42,condition,fedbn,client_specific,2,cnn-ae,test3,7084,1518,1518,18592,fuzzy_warning_as_alarm_hi50,0.8721778988838196,0.9186186492443085,0.9237573146820068,0.93101478099823,0.7472717840588781,0.973307767884967,0.9934146813867907,0.5517426850258176,0.7094543191092053,0.04479578392621871,0.4482573149741824,0.08781700646444555,0.1295457992426903,0.5696037525513878,0.44005795330869757,1450,68,8334,10258
42,condition,fedbn,client_specific,2,cnn-ae,test3,7084,1518,1518,18592,fuzzy_fault_only_hi75,0.8721778988838196,0.9186186492443085,0.9237573146820068,0.93101478099823,0.7472717840588781,0.973307767884967,0.9967361549799958,0.509197504302926,0.6740477038091848,0.020421607378129116,0.490802495697074,0.08781700646444555,0.1295457992426903,0.5696037525513878,0.44005795330869757,1487,31,9125,9467
42,condition,fedbn,pooled,2,cnn-ae,test3,7084,1518,1518,18592,hard_val_p95,0.8718876242637634,0.9487785637378693,0.9566875576972962,0.9638222169876098,0.7495037143208634,0.9741285519964826,1.0,0.33390705679862304,0.5006451612903225,0.0,0.6660929432013769,0.049627051218299356,0.07408676811431242,0.3994781974406305,0.3253914293263181,1518,0,12384,6208
42,condition,fedbn,pooled,2,cnn-ae,test3,7084,1518,1518,18592,fuzzy_warning_as_alarm_hi50,0.8718876242637634,0.9487785637378693,0.9566875576972962,0.9638222169876098,0.7495037143208634,0.9741285519964826,1.0,0.33390705679862304,0.5006451612903225,0.0,0.6660929432013769,0.049627051218299356,0.07408676811431242,0.3994781974406305,0.3253914293263181,1518,0,12384,6208
42,condition,fedbn,pooled,2,cnn-ae,test3,7084,1518,1518,18592,fuzzy_fault_only_hi75,0.8718876242637634,0.9487785637378693,0.9566875576972962,0.9638222169876098,0.7495037143208634,0.9741285519964826,1.0,0.31395223752151463,0.47787465716975724,0.0,0.6860477624784854,0.049627051218299356,0.07408676811431242,0.3994781974406305,0.3253914293263181,1518,0,12755,5837
42,condition,fedbn,adaptive,2,cnn-ae,test3,7084,1518,1518,18592,hard_val_p95,0.8719457056233391,0.9427438341492661,0.9500985101080968,0.9572577419877359,0.7494906574349346,0.9741274101137493,1.0,0.36391996557659206,0.5336382995504377,0.0,0.6360800344234079,0.03893585280954749,0.07824205631663973,0.4261984138747672,0.3479563575581275,1518,0,11826,6766
42,condition,fedbn,adaptive,2,cnn-ae,test3,7084,1518,1518,18592,fuzzy_warning_as_alarm_hi50,0.8719457056233391,0.9427438341492661,0.9500985101080968,0.9572577419877359,0.7494906574349346,0.9741274101137493,1.0,0.36391996557659206,0.5336382995504377,0.0,0.6360800344234079,0.03893585280954749,0.07824205631663973,0.4261984138747672,0.3479563575581275,1518,0,11826,6766
42,condition,fedbn,adaptive,2,cnn-ae,test3,7084,1518,1518,18592,fuzzy_fault_only_hi75,0.8719457056233391,0.9427438341492661,0.9500985101080968,0.9572577419877359,0.7494906574349346,0.9741274101137493,1.0,0.3476764199655766,0.5159642401021711,0.0,0.6523235800344234,0.03893585280954749,0.07824205631663973,0.4261984138747672,0.3479563575581275,1518,0,12128,6464
42,condition,fedbn,client_specific,3,cnn-ae,test1,4827,1034,1035,18592,hard_val_p95,0.8770500421524048,0.9523319005966187,0.9557744711637497,0.9598201584815979,0.6131550269400583,0.9680564612627751,0.9914230701907929,0.3046471600688468,0.4660769389014606,0.04734299516908213,0.6953528399311532,0.024914658378763947,0.12514688356152018,0.3567554835474145,0.2316085999858943,986,49,12928,5664
42,condition,fedbn,client_specific,3,cnn-ae,test1,4827,1034,1035,18592,fuzzy_warning_as_alarm_hi50,0.8770500421524048,0.9523319005966187,0.9557744711637497,0.9598201584815979,0.6131550269400583,0.9680564612627751,0.9914230701907929,0.3046471600688468,0.4660769389014606,0.04734299516908213,0.6953528399311532,0.024914658378763947,0.12514688356152018,0.3567554835474145,0.2316085999858943,986,49,12928,5664
42,condition,fedbn,client_specific,3,cnn-ae,test1,4827,1034,1035,18592,fuzzy_fault_only_hi75,0.8770500421524048,0.9523319005966187,0.9557744711637497,0.9598201584815979,0.6131550269400583,0.9680564612627751,0.9943769272628333,0.2948580034423408,0.45484339348682845,0.02995169082125604,0.7051419965576592,0.024914658378763947,0.12514688356152018,0.3567554835474145,0.2316085999858943,1004,31,13110,5482
42,condition,fedbn,pooled,3,cnn-ae,test1,4827,1034,1035,18592,hard_val_p95,0.8669297695159912,0.9484212696552277,0.9557404458522797,0.9626696485280991,0.6229674650984893,0.9689909124433185,0.9912572127994405,0.3049160929432014,0.4663732466784583,0.04830917874396135,0.6950839070567987,0.04921791409792633,0.13136978307356983,0.35758884179665745,0.22621905872308762,985,50,12923,5669
42,condition,fedbn,pooled,3,cnn-ae,test1,4827,1034,1035,18592,fuzzy_warning_as_alarm_hi50,0.8669297695159912,0.9484212696552277,0.9557404458522797,0.9626696485280991,0.6229674650984893,0.9689909124433185,0.9912572127994405,0.3049160929432014,0.4663732466784583,0.04830917874396135,0.6950839070567987,0.04921791409792633,0.13136978307356983,0.35758884179665745,0.22621905872308762,985,50,12923,5669
42,condition,fedbn,pooled,3,cnn-ae,test1,4827,1034,1035,18592,fuzzy_fault_only_hi75,0.8669297695159912,0.9484212696552277,0.9557404458522797,0.9626696485280991,0.6229674650984893,0.9689909124433185,0.9966480446927374,0.2878657487091222,0.44670728653701697,0.017391304347826087,0.7121342512908778,0.04921791409792633,0.13136978307356983,0.35758884179665745,0.22621905872308762,1017,18,13240,5352
42,condition,fedbn,adaptive,3,cnn-ae,test1,4827,1034,1035,18592,hard_val_p95,0.870463089535889,0.9497865995324022,0.9557523252075617,0.961674797836866,0.6187909505516891,0.9687274963201602,0.9912556838055264,0.30486230636833045,0.4663101604278075,0.04830917874396135,0.6951376936316696,0.040250675090436644,0.12907627520847437,0.3572272346346665,0.22815095942619212,985,50,12924,5668
42,condition,fedbn,adaptive,3,cnn-ae,test1,4827,1034,1035,18592,fuzzy_warning_as_alarm_hi50,0.870463089535889,0.9497865995324022,0.9557523252075617,0.961674797836866,0.6187909505516891,0.9687274963201602,0.9912556838055264,0.30486230636833045,0.4663101604278075,0.04830917874396135,0.6951376936316696,0.040250675090436644,0.12907627520847437,0.3572272346346665,0.22815095942619212,985,50,12924,5668
42,condition,fedbn,adaptive,3,cnn-ae,test1,4827,1034,1035,18592,fuzzy_fault_only_hi75,0.870463089535889,0.9497865995324022,0.9557523252075617,0.961674797836866,0.6187909505516891,0.9687274963201602,0.9957541074395422,0.2901247848537005,0.44933150068724226,0.022222222222222223,0.7098752151462995,0.040250675090436644,0.12907627520847437,0.3572272346346665,0.22815095942619212,1012,23,13198,5394
42,condition,fedbn,client_specific,3,cnn-ae,test2,1103,236,237,18592,hard_val_p95,0.8547148108482361,0.9631074070930481,0.9651233553886414,0.9700523734092712,0.6058922625402151,0.9918750169121147,0.9973288814691152,0.3213209982788296,0.48604670083801155,0.06751054852320675,0.6786790017211703,0.021243826013064952,0.16957410913772378,0.4015117123148234,0.23193760317709963,221,16,12618,5974
42,condition,fedbn,client_specific,3,cnn-ae,test2,1103,236,237,18592,fuzzy_warning_as_alarm_hi50,0.8547148108482361,0.9631074070930481,0.9651233553886414,0.9700523734092712,0.6058922625402151,0.9918750169121147,0.9973288814691152,0.3213209982788296,0.48604670083801155,0.06751054852320675,0.6786790017211703,0.021243826013064952,0.16957410913772378,0.4015117123148234,0.23193760317709963,221,16,12618,5974
42,condition,fedbn,client_specific,3,cnn-ae,test2,1103,236,237,18592,fuzzy_fault_only_hi75,0.8547148108482361,0.9631074070930481,0.9651233553886414,0.9700523734092712,0.6058922625402151,0.9918750169121147,0.9986139986139986,0.31002581755593805,0.4731571170579544,0.03375527426160337,0.689974182444062,0.021243826013064952,0.16957410913772378,0.4015117123148234,0.23193760317709963,229,8,12828,5764
42,condition,fedbn,pooled,3,cnn-ae,test2,1103,236,237,18592,hard_val_p95,0.8669297695159912,0.9484212696552277,0.9557404458522797,0.9626696485280991,0.569124145769334,0.9898514075245548,0.9848617176128093,0.36391996557659206,0.5314586442541827,0.4388185654008439,0.6360800344234079,0.04641775983854692,0.4091876488880355,0.4302817566547721,0.02109410776673659,133,104,11826,6766
42,condition,fedbn,pooled,3,cnn-ae,test2,1103,236,237,18592,fuzzy_warning_as_alarm_hi50,0.8669297695159912,0.9484212696552277,0.9557404458522797,0.9626696485280991,0.569124145769334,0.9898514075245548,0.9848617176128093,0.36391996557659206,0.5314586442541827,0.4388185654008439,0.6360800344234079,0.04641775983854692,0.4091876488880355,0.4302817566547721,0.02109410776673659,133,104,11826,6766
42,condition,fedbn,pooled,3,cnn-ae,test2,1103,236,237,18592,fuzzy_fault_only_hi75,0.8669297695159912,0.9484212696552277,0.9557404458522797,0.9626696485280991,0.569124145769334,0.9898514075245548,0.9891287704792527,0.3474612736660929,0.514269792620308,0.29957805907172996,0.6525387263339071,0.04641775983854692,0.4091876488880355,0.4302817566547721,0.02109410776673659,166,71,12132,6460
42,condition,fedbn,adaptive,3,cnn-ae,test2,1103,236,237,18592,hard_val_p95,0.8618696538077532,0.9545050851443975,0.95962736919155,0.9657279840621713,0.5897788713624843,0.9910441806866739,0.9901508156355802,0.3460628227194492,0.5128736548425668,0.270042194092827,0.6539371772805508,0.03914174942907218,0.3014361400343392,0.41821629228024826,0.11678015224590904,173,64,12158,6434
42,condition,fedbn,adaptive,3,cnn-ae,test2,1103,236,237,18592,fuzzy_warning_as_alarm_hi50,0.8618696538077532,0.9545050851443975,0.95962736919155,0.9657279840621713,0.5897788713624843,0.9910441806866739,0.9901508156355802,0.3460628227194492,0.5128736548425668,0.270042194092827,0.6539371772805508,0.03914174942907218,0.3014361400343392,0.41821629228024826,0.11678015224590904,173,64,12158,6434
42,condition,fedbn,adaptive,3,cnn-ae,test2,1103,236,237,18592,fuzzy_fault_only_hi75,0.8618696538077532,0.9545050851443975,0.95962736919155,0.9657279840621713,0.5897788713624843,0.9910441806866739,0.9945311243364967,0.33256239242685026,0.49844814381877545,0.14345991561181434,0.6674376075731497,0.03914174942907218,0.3014361400343392,0.41821629228024826,0.11678015224590904,203,34,12409,6183
42,condition,fedbn,client_specific,3,cnn-ae,test3,7084,1518,1518,18592,hard_val_p95,0.8702846169471741,0.916520756483078,0.9218931913375854,0.9283098542690277,0.7442851409874394,0.9729890469241584,0.9940031458906803,0.5438360585197934,0.7030315672368238,0.04018445322793149,0.45616394148020656,0.08552958727001492,0.12581545021232035,0.5642710652002227,0.4384556149879024,1457,61,8481,10111
42,condition,fedbn,client_specific,3,cnn-ae,test3,7084,1518,1518,18592,fuzzy_warning_as_alarm_hi50,0.8702846169471741,0.916520756483078,0.9218931913375854,0.9283098542690277,0.7442851409874394,0.9729890469241584,0.9940031458906803,0.5438360585197934,0.7030315672368238,0.04018445322793149,0.45616394148020656,0.08552958727001492,0.12581545021232035,0.5642710652002227,0.4384556149879024,1457,61,8481,10111
42,condition,fedbn,client_specific,3,cnn-ae,test3,7084,1518,1518,18592,fuzzy_fault_only_hi75,0.8702846169471741,0.916520756483078,0.9218931913375854,0.9283098542690277,0.7442851409874394,0.9729890469241584,0.9962797619047619,0.5041415662650602,0.6695,0.0230566534914361,0.49585843373493976,0.08552958727001492,0.12581545021232035,0.5642710652002227,0.4384556149879024,1483,35,9219,9373
42,condition,fedbn,pooled,3,cnn-ae,test3,7084,1518,1518,18592,hard_val_p95,0.8669297695159912,0.9484212696552277,0.9557404458522797,0.9626696485280991,0.747890790292735,0.9739440805837071,1.0,0.32417168674698793,0.4896218367927211,0.0,0.6758283132530121,0.048731974142217804,0.07514786742808079,0.3914676032273477,0.3163197357992669,1518,0,12565,6027
42,condition,fedbn,pooled,3,cnn-ae,test3,7084,1518,1518,18592,fuzzy_warning_as_alarm_hi50,0.8669297695159912,0.9484212696552277,0.9557404458522797,0.9626696485280991,0.747890790292735,0.9739440805837071,1.0,0.32417168674698793,0.4896218367927211,0.0,0.6758283132530121,0.048731974142217804,0.07514786742808079,0.3914676032273477,0.3163197357992669,1518,0,12565,6027
42,condition,fedbn,pooled,3,cnn-ae,test3,7084,1518,1518,18592,fuzzy_fault_only_hi75,0.8669297695159912,0.9484212696552277,0.9557404458522797,0.9626696485280991,0.747890790292735,0.9739440805837071,1.0,0.30384036144578314,0.4660698816055443,0.0,0.6961596385542169,0.048731974142217804,0.07514786742808079,0.3914676032273477,0.3163197357992669,1518,0,12943,5649
42,condition,fedbn,adaptive,3,cnn-ae,test3,7084,1518,1518,18592,hard_val_p95,0.867764172060399,0.9404871176841586,0.9473221091417126,0.9541238352405516,0.7474838654448397,0.9739007790056273,1.0,0.363973752151463,0.5336961236641823,0.0,0.636026247848537,0.0338637493784187,0.07966878649607397,0.42611581846359736,0.3464470319675234,1518,0,11825,6767
42,condition,fedbn,adaptive,3,cnn-ae,test3,7084,1518,1518,18592,fuzzy_warning_as_alarm_hi50,0.867764172060399,0.9404871176841586,0.9473221091417126,0.9541238352405516,0.7474838654448397,0.9739007790056273,1.0,0.363973752151463,0.5336961236641823,0.0,0.636026247848537,0.0338637493784187,0.07966878649607397,0.42611581846359736,0.3464470319675234,1518,0,11825,6767
42,condition,fedbn,adaptive,3,cnn-ae,test3,7084,1518,1518,18592,fuzzy_fault_only_hi75,0.867764172060399,0.9404871176841586,0.9473221091417126,0.9541238352405516,0.7474838654448397,0.9739007790056273,1.0,0.34923623063683307,0.5176798883795096,0.0,0.6507637693631669,0.0338637493784187,0.07966878649607397,0.42611581846359736,0.3464470319675234,1518,0,12099,6493
42,condition,fedbn-personalized,client_specific,3,cnn-ae,test1,4827,1034,1035,18592,hard_val_p95,0.8764334321022034,0.9516950964927673,0.9553124964237213,0.9585911417007447,0.6077843724795662,0.9675318065718492,0.9921875,0.3005593803786575,0.46136063408190225,0.04251207729468599,0.6994406196213425,0.02435420594079584,0.12389197611777691,0.3530017256013117,0.2291097494835348,991,44,13004,5588
42,condition,fedbn-personalized,client_specific,3,cnn-ae,test1,4827,1034,1035,18592,fuzzy_warning_as_alarm_hi50,0.8764334321022034,0.9516950964927673,0.9553124964237213,0.9585911417007447,0.6077843724795662,0.9675318065718492,0.9921875,0.3005593803786575,0.46136063408190225,0.04251207729468599,0.6994406196213425,0.02435420594079584,0.12389197611777691,0.3530017256013117,0.2291097494835348,991,44,13004,5588
42,condition,fedbn-personalized,client_specific,3,cnn-ae,test1,4827,1034,1035,18592,fuzzy_fault_only_hi75,0.8764334321022034,0.9516950964927673,0.9553124964237213,0.9585911417007447,0.6077843724795662,0.9675318065718492,0.9950567557671183,0.29233003442340794,0.45189989190986946,0.02608695652173913,0.7076699655765921,0.02435420594079584,0.12389197611777691,0.3530017256013117,0.2291097494835348,1008,27,13157,5435
42,condition,fedbn-personalized,client_specific,3,cnn-ae,test2,1103,236,237,18592,hard_val_p95,0.8445458710193634,0.9592826962471008,0.9607563763856888,0.9658244252204895,0.5880784666695716,0.9912204449949888,0.9967231021299836,0.2944814974182444,0.4546398173136807,0.0759493670886076,0.7055185025817556,0.019119443411758457,0.18023763155885753,0.3758652298663118,0.1956275983074543,219,18,13117,5475
42,condition,fedbn-personalized,client_specific,3,cnn-ae,test2,1103,236,237,18592,fuzzy_warning_as_alarm_hi50,0.8445458710193634,0.9592826962471008,0.9607563763856888,0.9658244252204895,0.5880784666695716,0.9912204449949888,0.9967231021299836,0.2944814974182444,0.4546398173136807,0.0759493670886076,0.7055185025817556,0.019119443411758457,0.18023763155885753,0.3758652298663118,0.1956275983074543,219,18,13117,5475
42,condition,fedbn-personalized,client_specific,3,cnn-ae,test2,1103,236,237,18592,fuzzy_fault_only_hi75,0.8445458710193634,0.9592826962471008,0.9607563763856888,0.9658244252204895,0.5880784666695716,0.9912204449949888,0.9979103343465046,0.2825408777969019,0.4403923541247485,0.046413502109704644,0.7174591222030982,0.019119443411758457,0.18023763155885753,0.3758652298663118,0.1956275983074543,226,11,13339,5253
42,condition,fedbn-personalized,client_specific,3,cnn-ae,test3,7084,1518,1518,18592,hard_val_p95,0.8675375580787659,0.914533793926239,0.9196586012840271,0.9269578379392623,0.7341839301021138,0.9717726559053352,0.9931172069825437,0.5354991394148021,0.6958101827585002,0.045454545454545456,0.46450086058519796,0.08602685231228245,0.12892805080882072,0.5523108192292786,0.42338276842045786,1449,69,8636,9956
42,condition,fedbn-personalized,client_specific,3,cnn-ae,test3,7084,1518,1518,18592,fuzzy_warning_as_alarm_hi50,0.8675375580787659,0.914533793926239,0.9196586012840271,0.9269578379392623,0.7341839301021138,0.9717726559053352,0.9931172069825437,0.5354991394148021,0.6958101827585002,0.045454545454545456,0.46450086058519796,0.08602685231228245,0.12892805080882072,0.5523108192292786,0.42338276842045786,1449,69,8636,9956
42,condition,fedbn-personalized,client_specific,3,cnn-ae,test3,7084,1518,1518,18592,fuzzy_fault_only_hi75,0.8675375580787659,0.914533793926239,0.9196586012840271,0.9269578379392623,0.7341839301021138,0.9717726559053352,0.9960728700774517,0.4911252151462995,0.6578767246658741,0.023715415019762844,0.5088747848537005,0.08602685231228245,0.12892805080882072,0.5523108192292786,0.42338276842045786,1482,36,9461,9131
