training_mode,seed,clients_by,calibration_scope,model,client_id,decision_policy,f1,false_alarm_rate,miss_rate,uncertain_rate,mean_health_normal,mean_health_fault,health_gap
local-only,42,bearing,client_specific,cnn-ae,test1_bearing1,hard_val_p95,0.9545237493328839,0.06976744186046512,0.08611230636833046,0.03050397877984085,0.10747872016448148,0.9109338729965999,0.8034551528321184
local-only,42,bearing,client_specific,cnn-ae,test1_bearing1,fuzzy_warning_as_alarm_hi50,0.9545237493328839,0.06976744186046512,0.08611230636833046,0.03050397877984085,0.10747872016448148,0.9109338729965999,0.8034551528321184
local-only,42,bearing,client_specific,cnn-ae,test1_bearing1,fuzzy_fault_only_hi75,0.9432150668977076,0.03488372093023256,0.10703528399311532,0.03050397877984085,0.10747872016448148,0.9109338729965999,0.8034551528321184
local-only,42,bearing,client_specific,cnn-ae,test1_bearing2,hard_val_p95,0.9949496313500958,0.05813953488372093,0.009251290877796902,0.015013262599469496,0.10754082735928612,0.9888188663170563,0.8812780389577701
local-only,42,bearing,client_specific,cnn-ae,test1_bearing2,fuzzy_warning_as_alarm_hi50,0.9949496313500958,0.05813953488372093,0.009251290877796902,0.015013262599469496,0.10754082735928612,0.9888188663170563,0.8812780389577701
local-only,42,bearing,client_specific,cnn-ae,test1_bearing2,fuzzy_fault_only_hi75,0.9906379745461453,0.023255813953488372,0.018233648881239243,0.015013262599469496,0.10754082735928612,0.9888188663170563,0.8812780389577701
local-only,42,bearing,client_specific,cnn-ae,test1_bearing3,hard_val_p95,0.568923076923077,0.046511627906976744,0.6021944922547332,0.06079575596816976,0.10772707633990329,0.4132098433987831,0.3054827670588798
local-only,42,bearing,client_specific,cnn-ae,test1_bearing3,fuzzy_warning_as_alarm_hi50,0.568923076923077,0.046511627906976744,0.6021944922547332,0.06079575596816976,0.10772707633990329,0.4132098433987831,0.3054827670588798
local-only,42,bearing,client_specific,cnn-ae,test1_bearing3,fuzzy_fault_only_hi75,0.5337643394961958,0.01937984496124031,0.6358648881239243,0.06079575596816976,0.10772707633990329,0.4132098433987831,0.3054827670588798
local-only,42,bearing,client_specific,cnn-ae,test1_bearing4,hard_val_p95,0.5989381330722596,0.046511627906976744,0.5722353700516352,0.06355437665782493,0.09866620856659215,0.45480623657736063,0.3561400280107685
local-only,42,bearing,client_specific,cnn-ae,test1_bearing4,fuzzy_warning_as_alarm_hi50,0.5989381330722596,0.046511627906976744,0.5722353700516352,0.06355437665782493,0.09866620856659215,0.45480623657736063,0.3561400280107685
local-only,42,bearing,client_specific,cnn-ae,test1_bearing4,fuzzy_fault_only_hi75,0.5701214823927419,0.01937984496124031,0.6011725473321858,0.06355437665782493,0.09866620856659215,0.45480623657736063,0.3561400280107685
local-only,42,bearing,client_specific,cnn-ae,test2_bearing1,hard_val_p95,0.904642741484382,0.09322033898305085,0.17362306368330466,0.03233564938535542,0.1326309751260139,0.8381621721574172,0.7055311970314033
local-only,42,bearing,client_specific,cnn-ae,test2_bearing1,fuzzy_warning_as_alarm_hi50,0.904642741484382,0.09322033898305085,0.17362306368330466,0.03233564938535542,0.1326309751260139,0.8381621721574172,0.7055311970314033
local-only,42,bearing,client_specific,cnn-ae,test2_bearing1,fuzzy_fault_only_hi75,0.8948713377310276,0.03389830508474576,0.19008175559380378,0.03233564938535542,0.1326309751260139,0.8381621721574172,0.7055311970314033
local-only,42,bearing,client_specific,cnn-ae,test2_bearing3,hard_val_p95,0.2635362210604929,0.07627118644067797,0.8481604991394148,0.09374665954035276,0.13114992740589806,0.21053888236260354,0.07938895495670548
local-only,42,bearing,client_specific,cnn-ae,test2_bearing3,fuzzy_warning_as_alarm_hi50,0.2635362210604929,0.07627118644067797,0.8481604991394148,0.09374665954035276,0.13114992740589806,0.21053888236260354,0.07938895495670548
local-only,42,bearing,client_specific,cnn-ae,test2_bearing3,fuzzy_fault_only_hi75,0.20955864658035328,0.06779661016949153,0.8829066265060241,0.09374665954035276,0.13114992740589806,0.21053888236260354,0.07938895495670548
local-only,42,bearing,client_specific,cnn-ae,test3_bearing1,hard_val_p95,0.862421743777676,0.043478260869565216,0.24053356282271945,0.04103147124179629,0.09944202444622778,0.7967909398339666,0.6973489153877389
local-only,42,bearing,client_specific,cnn-ae,test3_bearing1,fuzzy_warning_as_alarm_hi50,0.862421743777676,0.043478260869565216,0.24053356282271945,0.04103147124179629,0.09944202444622778,0.7967909398339666,0.6973489153877389
local-only,42,bearing,client_specific,cnn-ae,test3_bearing1,fuzzy_fault_only_hi75,0.8543814829634646,0.023715415019762844,0.2534961273666093,0.04103147124179629,0.09944202444622778,0.7967909398339666,0.6973489153877389
local-only,42,bearing,client_specific,cnn-ae,test3_bearing3,hard_val_p95,0.7537211091413855,0.05006587615283267,0.393986660929432,0.04692263965686528,0.1109020984233353,0.6260475564255776,0.5151454580022423
local-only,42,bearing,client_specific,cnn-ae,test3_bearing3,fuzzy_warning_as_alarm_hi50,0.7537211091413855,0.05006587615283267,0.393986660929432,0.04692263965686528,0.1109020984233353,0.6260475564255776,0.5151454580022423
local-only,42,bearing,client_specific,cnn-ae,test3_bearing3,fuzzy_fault_only_hi75,0.7372634149650634,0.028985507246376812,0.415447504302926,0.04692263965686528,0.1109020984233353,0.6260475564255776,0.5151454580022423
centralized,42,bearing,client_specific,cnn-ae,test1_bearing1,hard_val_p95,0.9498927886243088,0.06976744186046512,0.09455679862306368,0.039310344827586205,0.0977921901682137,0.8920106170278824,0.7942184268596687
centralized,42,bearing,client_specific,cnn-ae,test1_bearing1,fuzzy_warning_as_alarm_hi50,0.9498927886243088,0.06976744186046512,0.09455679862306368,0.039310344827586205,0.0977921901682137,0.8920106170278824,0.7942184268596687
centralized,42,bearing,client_specific,cnn-ae,test1_bearing1,fuzzy_fault_only_hi75,0.9326906524358753,0.031007751937984496,0.12575301204819278,0.039310344827586205,0.0977921901682137,0.8920106170278824,0.7942184268596687
centralized,42,bearing,pooled,cnn-ae,test1_bearing1,hard_val_p95,0.47262271513657833,0.0,0.690565834767642,0.050557029177718836,0.0,0.3528000984720271,0.3528000984720271
centralized,42,bearing,pooled,cnn-ae,test1_bearing1,fuzzy_warning_as_alarm_hi50,0.47262271513657833,0.0,0.690565834767642,0.050557029177718836,0.0,0.3528000984720271,0.3528000984720271
centralized,42,bearing,pooled,cnn-ae,test1_bearing1,fuzzy_fault_only_hi75,0.44431428332357126,0.0,0.7143932874354562,0.050557029177718836,0.0,0.3528000984720271,0.3528000984720271
centralized,42,bearing,adaptive,cnn-ae,test1_bearing1,hard_val_p95,0.7973868891691731,0.003875968992248062,0.33691910499139416,0.11883289124668435,0.016547658616291015,0.6982634427287996,0.6817157841125085
centralized,42,bearing,adaptive,cnn-ae,test1_bearing1,fuzzy_warning_as_alarm_hi50,0.7973868891691731,0.003875968992248062,0.33691910499139416,0.11883289124668435,0.016547658616291015,0.6982634427287996,0.6817157841125085
centralized,42,bearing,adaptive,cnn-ae,test1_bearing1,fuzzy_fault_only_hi75,0.7589199292413471,0.0,0.38850043029259895,0.11883289124668435,0.016547658616291015,0.6982634427287996,0.6817157841125085
centralized,42,bearing,client_specific,cnn-ae,test1_bearing2,hard_val_p95,0.9987354373503377,0.05813953488372093,0.0017211703958691911,0.0034482758620689655,0.11305956231750265,0.9979074566679972,0.8848478943504945
centralized,42,bearing,client_specific,cnn-ae,test1_bearing2,fuzzy_warning_as_alarm_hi50,0.9987354373503377,0.05813953488372093,0.0017211703958691911,0.0034482758620689655,0.11305956231750265,0.9979074566679972,0.8848478943504945
centralized,42,bearing,client_specific,cnn-ae,test1_bearing2,fuzzy_fault_only_hi75,0.9981419146357884,0.03875968992248062,0.003173407917383821,0.0034482758620689655,0.11305956231750265,0.9979074566679972,0.8848478943504945
centralized,42,bearing,pooled,cnn-ae,test1_bearing2,hard_val_p95,0.47262271513657833,0.0,0.690565834767642,0.050557029177718836,0.0,0.3528000984720271,0.3528000984720271
centralized,42,bearing,pooled,cnn-ae,test1_bearing2,fuzzy_warning_as_alarm_hi50,0.47262271513657833,0.0,0.690565834767642,0.050557029177718836,0.0,0.3528000984720271,0.3528000984720271
centralized,42,bearing,pooled,cnn-ae,test1_bearing2,fuzzy_fault_only_hi75,0.44431428332357126,0.0,0.7143932874354562,0.050557029177718836,0.0,0.3528000984720271,0.3528000984720271
centralized,42,bearing,adaptive,cnn-ae,test1_bearing2,hard_val_p95,0.9651852057996827,0.0,0.06728700516351119,0.01363395225464191,0.005685823734835332,0.9431409406284191,0.9374551168935839
centralized,42,bearing,adaptive,cnn-ae,test1_bearing2,fuzzy_warning_as_alarm_hi50,0.9651852057996827,0.0,0.06728700516351119,0.01363395225464191,0.005685823734835332,0.9431409406284191,0.9374551168935839
centralized,42,bearing,adaptive,cnn-ae,test1_bearing2,fuzzy_fault_only_hi75,0.9621814731083759,0.0,0.07288080895008606,0.01363395225464191,0.005685823734835332,0.9431409406284191,0.9374551168935839
centralized,42,bearing,client_specific,cnn-ae,test1_bearing3,hard_val_p95,0.47638149815800246,0.07364341085271318,0.6870159208261618,0.02737400530503979,0.12907131988366086,0.312664995442313,0.18359367555865216
centralized,42,bearing,client_specific,cnn-ae,test1_bearing3,fuzzy_warning_as_alarm_hi50,0.47638149815800246,0.07364341085271318,0.6870159208261618,0.02737400530503979,0.12907131988366086,0.312664995442313,0.18359367555865216
centralized,42,bearing,client_specific,cnn-ae,test1_bearing3,fuzzy_fault_only_hi75,0.45502118116122603,0.031007751937984496,0.7053571428571429,0.02737400530503979,0.12907131988366086,0.312664995442313,0.18359367555865216
centralized,42,bearing,pooled,cnn-ae,test1_bearing3,hard_val_p95,0.4722735295324878,0.06976744186046512,0.690565834767642,0.05342175066312997,0.23523744855668108,0.3528000984720271,0.11756264991534601
centralized,42,bearing,pooled,cnn-ae,test1_bearing3,fuzzy_warning_as_alarm_hi50,0.4722735295324878,0.06976744186046512,0.690565834767642,0.05342175066312997,0.23523744855668108,0.3528000984720271,0.11756264991534601
centralized,42,bearing,pooled,cnn-ae,test1_bearing3,fuzzy_fault_only_hi75,0.4441841984190054,0.027131782945736434,0.7143932874354562,0.05342175066312997,0.23523744855668108,0.3528000984720271,0.11756264991534601
centralized,42,bearing,adaptive,cnn-ae,test1_bearing3,hard_val_p95,0.4755078636959371,0.07364341085271318,0.6877689328743546,0.0343236074270557,0.17056612419988149,0.3272990529610352,0.1567329287611537
centralized,42,bearing,adaptive,cnn-ae,test1_bearing3,fuzzy_warning_as_alarm_hi50,0.4755078636959371,0.07364341085271318,0.6877689328743546,0.0343236074270557,0.17056612419988149,0.3272990529610352,0.1567329287611537
centralized,42,bearing,adaptive,cnn-ae,test1_bearing3,fuzzy_fault_only_hi75,0.45225712502600374,0.031007751937984496,0.7076699655765921,0.0343236074270557,0.17056612419988149,0.3272990529610352,0.1567329287611537
centralized,42,bearing,client_specific,cnn-ae,test1_bearing4,hard_val_p95,0.414151747655584,0.03875968992248062,0.7387048192771084,0.0340053050397878,0.09125444842831347,0.2700625313011314,0.1788080828728179
centralized,42,bearing,client_specific,cnn-ae,test1_bearing4,fuzzy_warning_as_alarm_hi50,0.414151747655584,0.03875968992248062,0.7387048192771084,0.0340053050397878,0.09125444842831347,0.2700625313011314,0.1788080828728179
centralized,42,bearing,client_specific,cnn-ae,test1_bearing4,fuzzy_fault_only_hi75,0.3924619640387275,0.015503875968992248,0.7558089500860585,0.0340053050397878,0.09125444842831347,0.2700625313011314,0.1788080828728179
centralized,42,bearing,pooled,cnn-ae,test1_bearing4,hard_val_p95,0.47175071750717507,0.1744186046511628,0.690565834767642,0.053952254641909815,0.29220187432857647,0.3528000984720271,0.06059822414345062
centralized,42,bearing,pooled,cnn-ae,test1_bearing4,fuzzy_warning_as_alarm_hi50,0.47175071750717507,0.1744186046511628,0.690565834767642,0.053952254641909815,0.29220187432857647,0.3528000984720271,0.06059822414345062
centralized,42,bearing,pooled,cnn-ae,test1_bearing4,fuzzy_fault_only_hi75,0.44383149448345033,0.10077519379844961,0.7143932874354562,0.053952254641909815,0.29220187432857647,0.3528000984720271,0.06059822414345062
centralized,42,bearing,adaptive,cnn-ae,test1_bearing4,hard_val_p95,0.43134114473573293,0.06589147286821706,0.7247740963855421,0.04445623342175066,0.15491219254497035,0.2923087890577474,0.13739659651277703
centralized,42,bearing,adaptive,cnn-ae,test1_bearing4,fuzzy_warning_as_alarm_hi50,0.43134114473573293,0.06589147286821706,0.7247740963855421,0.04445623342175066,0.15491219254497035,0.2923087890577474,0.13739659651277703
centralized,42,bearing,adaptive,cnn-ae,test1_bearing4,fuzzy_fault_only_hi75,0.40635709389993147,0.03488372093023256,0.7448902753872634,0.04445623342175066,0.15491219254497035,0.2923087890577474,0.13739659651277703
centralized,42,bearing,client_specific,cnn-ae,test2_bearing1,hard_val_p95,0.8352020043845912,0.03389830508474576,0.28280981067125643,0.05943345804382683,0.08997459731575434,0.7467002817103126,0.6567256843945583
centralized,42,bearing,client_specific,cnn-ae,test2_bearing1,fuzzy_warning_as_alarm_hi50,0.8352020043845912,0.03389830508474576,0.28280981067125643,0.05943345804382683,0.08997459731575434,0.7467002817103126,0.6567256843945583
centralized,42,bearing,client_specific,cnn-ae,test2_bearing1,fuzzy_fault_only_hi75,0.8270989718034442,0.01694915254237288,0.29475043029259895,0.05943345804382683,0.08997459731575434,0.7467002817103126,0.6567256843945583
centralized,42,bearing,pooled,cnn-ae,test2_bearing1,hard_val_p95,0.47262271513657833,0.0,0.690565834767642,0.05093532870122929,0.0,0.3528000984720271,0.3528000984720271
centralized,42,bearing,pooled,cnn-ae,test2_bearing1,fuzzy_warning_as_alarm_hi50,0.47262271513657833,0.0,0.690565834767642,0.05093532870122929,0.0,0.3528000984720271,0.3528000984720271
centralized,42,bearing,pooled,cnn-ae,test2_bearing1,fuzzy_fault_only_hi75,0.44431428332357126,0.0,0.7143932874354562,0.05093532870122929,0.0,0.3528000984720271,0.3528000984720271
centralized,42,bearing,adaptive,cnn-ae,test2_bearing1,hard_val_p95,0.7351520511599429,0.0,0.41878227194492257,0.01127739176910743,0.010339534675023226,0.6079113374338727,0.5975718027588495
centralized,42,bearing,adaptive,cnn-ae,test2_bearing1,fuzzy_warning_as_alarm_hi50,0.7351520511599429,0.0,0.41878227194492257,0.01127739176910743,0.010339534675023226,0.6079113374338727,0.5975718027588495
centralized,42,bearing,adaptive,cnn-ae,test2_bearing1,fuzzy_fault_only_hi75,0.7336875085138265,0.0,0.42061101549053354,0.01127739176910743,0.010339534675023226,0.6079113374338727,0.5975718027588495
centralized,42,bearing,client_specific,cnn-ae,test2_bearing3,hard_val_p95,0.38557354281498196,0.059322033898305086,0.7610800344234079,0.023196151790486372,0.11684271249706939,0.24342416820666749,0.1265814557095981
centralized,42,bearing,client_specific,cnn-ae,test2_bearing3,fuzzy_warning_as_alarm_hi50,0.38557354281498196,0.059322033898305086,0.7610800344234079,0.023196151790486372,0.11684271249706939,0.24342416820666749,0.1265814557095981
centralized,42,bearing,client_specific,cnn-ae,test2_bearing3,fuzzy_fault_only_hi75,0.36716417910447763,0.05084745762711865,0.7750645438898451,0.023196151790486372,0.11684271249706939,0.24342416820666749,0.1265814557095981
centralized,42,bearing,pooled,cnn-ae,test2_bearing3,hard_val_p95,0.4712483617300131,0.6016949152542372,0.690565834767642,0.05440940673436665,0.6083886976163515,0.3528000984720271,-0.2555885991443244
centralized,42,bearing,pooled,cnn-ae,test2_bearing3,fuzzy_warning_as_alarm_hi50,0.4712483617300131,0.6016949152542372,0.690565834767642,0.05440940673436665,0.6083886976163515,0.3528000984720271,-0.2555885991443244
centralized,42,bearing,pooled,cnn-ae,test2_bearing3,fuzzy_fault_only_hi75,0.44355343941861924,0.3474576271186441,0.7143932874354562,0.05440940673436665,0.6083886976163515,0.3528000984720271,-0.2555885991443244
centralized,42,bearing,adaptive,cnn-ae,test2_bearing3,hard_val_p95,0.40326110276764643,0.11864406779661017,0.7472568846815835,0.03677177979690005,0.2765583536924142,0.265692979252798,-0.010865374439616216
centralized,42,bearing,adaptive,cnn-ae,test2_bearing3,fuzzy_warning_as_alarm_hi50,0.40326110276764643,0.11864406779661017,0.7472568846815835,0.03677177979690005,0.2765583536924142,0.265692979252798,-0.010865374439616216
centralized,42,bearing,adaptive,cnn-ae,test2_bearing3,fuzzy_fault_only_hi75,0.380724360090545,0.059322033898305086,0.7647913080895009,0.03677177979690005,0.2765583536924142,0.265692979252798,-0.010865374439616216
centralized,42,bearing,client_specific,cnn-ae,test3_bearing1,hard_val_p95,0.7524367777591693,0.04084321475625823,0.3958691910499139,0.04035967133481474,0.09776446833995125,0.6530819632264835,0.5553174948865323
centralized,42,bearing,client_specific,cnn-ae,test3_bearing1,fuzzy_warning_as_alarm_hi50,0.7524367777591693,0.04084321475625823,0.3958691910499139,0.04035967133481474,0.09776446833995125,0.6530819632264835,0.5553174948865323
centralized,42,bearing,client_specific,cnn-ae,test3_bearing1,fuzzy_fault_only_hi75,0.7428745103336485,0.02766798418972332,0.4084014629948365,0.04035967133481474,0.09776446833995125,0.6530819632264835,0.5553174948865323
centralized,42,bearing,pooled,cnn-ae,test3_bearing1,hard_val_p95,0.47262271513657833,0.0,0.690565834767642,0.049248100873339876,0.0005675044386293889,0.3528000984720271,0.3522325940333977
centralized,42,bearing,pooled,cnn-ae,test3_bearing1,fuzzy_warning_as_alarm_hi50,0.47262271513657833,0.0,0.690565834767642,0.049248100873339876,0.0005675044386293889,0.3528000984720271,0.3522325940333977
centralized,42,bearing,pooled,cnn-ae,test3_bearing1,fuzzy_fault_only_hi75,0.44431428332357126,0.0,0.7143932874354562,0.049248100873339876,0.0005675044386293889,0.3528000984720271,0.3522325940333977
centralized,42,bearing,adaptive,cnn-ae,test3_bearing1,hard_val_p95,0.7240409031638185,0.0,0.43255163511187605,0.0057361376673040155,0.02744615916178239,0.5931975199893119,0.5657513608275295
centralized,42,bearing,adaptive,cnn-ae,test3_bearing1,fuzzy_warning_as_alarm_hi50,0.7240409031638185,0.0,0.43255163511187605,0.0057361376673040155,0.02744615916178239,0.5931975199893119,0.5657513608275295
centralized,42,bearing,adaptive,cnn-ae,test3_bearing1,fuzzy_fault_only_hi75,0.7221993127147767,0.0,0.4348106712564544,0.0057361376673040155,0.02744615916178239,0.5931975199893119,0.5657513608275295
centralized,42,bearing,client_specific,cnn-ae,test3_bearing3,hard_val_p95,0.6227217272357574,0.0461133069828722,0.5470094664371773,0.07529326649785541,0.11004724389451036,0.4623771838807611,0.35232993998625073
centralized,42,bearing,client_specific,cnn-ae,test3_bearing3,fuzzy_warning_as_alarm_hi50,0.6227217272357574,0.0461133069828722,0.5470094664371773,0.07529326649785541,0.11004724389451036,0.4623771838807611,0.35232993998625073
centralized,42,bearing,client_specific,cnn-ae,test3_bearing3,fuzzy_fault_only_hi75,0.5892518759948457,0.026350461133069828,0.5818631669535284,0.07529326649785541,0.11004724389451036,0.4623771838807611,0.35232993998625073
centralized,42,bearing,pooled,cnn-ae,test3_bearing3,hard_val_p95,0.47262271513657833,0.0,0.690565834767642,0.049248100873339876,0.13584602862565598,0.3528000984720271,0.2169540698463711
centralized,42,bearing,pooled,cnn-ae,test3_bearing3,fuzzy_warning_as_alarm_hi50,0.47262271513657833,0.0,0.690565834767642,0.049248100873339876,0.13584602862565598,0.3528000984720271,0.2169540698463711
centralized,42,bearing,pooled,cnn-ae,test3_bearing3,fuzzy_fault_only_hi75,0.44431428332357126,0.0,0.7143932874354562,0.049248100873339876,0.13584602862565598,0.3528000984720271,0.2169540698463711
centralized,42,bearing,adaptive,cnn-ae,test3_bearing3,hard_val_p95,0.5511277316816642,0.006587615283267457,0.6195137693631669,0.050850085266911274,0.10662590514213126,0.4140120860615161,0.30738618091938485
centralized,42,bearing,adaptive,cnn-ae,test3_bearing3,fuzzy_warning_as_alarm_hi50,0.5511277316816642,0.006587615283267457,0.6195137693631669,0.050850085266911274,0.10662590514213126,0.4140120860615161,0.30738618091938485
centralized,42,bearing,adaptive,cnn-ae,test3_bearing3,fuzzy_fault_only_hi75,0.5341898868876365,0.005270092226613966,0.6354883820998278,0.050850085266911274,0.10662590514213126,0.4140120860615161,0.30738618091938485
fedavg,42,bearing,client_specific,cnn-ae,test1_bearing1,hard_val_p95,0.1541513738716397,0.06201550387596899,0.9164156626506024,0.08838196286472148,0.1280705211522813,0.15965668054621748,0.03158615939393619
fedavg,42,bearing,client_specific,cnn-ae,test1_bearing1,fuzzy_warning_as_alarm_hi50,0.1541513738716397,0.06201550387596899,0.9164156626506024,0.08838196286472148,0.1280705211522813,0.15965668054621748,0.03158615939393619
fedavg,42,bearing,client_specific,cnn-ae,test1_bearing1,fuzzy_fault_only_hi75,0.10694479776138387,0.046511627906976744,0.9434703098106713,0.08838196286472148,0.1280705211522813,0.15965668054621748,0.03158615939393619
fedavg,42,bearing,pooled,cnn-ae,test1_bearing1,hard_val_p95,0.23248528574140878,0.10465116279069768,0.868276678141136,0.1470557029177719,0.17259024847076124,0.21185393947848202,0.039263691007720786
fedavg,42,bearing,pooled,cnn-ae,test1_bearing1,fuzzy_warning_as_alarm_hi50,0.23248528574140878,0.10465116279069768,0.868276678141136,0.1470557029177719,0.17259024847076124,0.21185393947848202,0.039263691007720786
fedavg,42,bearing,pooled,cnn-ae,test1_bearing1,fuzzy_fault_only_hi75,0.13557793476627086,0.05426356589147287,0.9272267641996558,0.1470557029177719,0.17259024847076124,0.21185393947848202,0.039263691007720786
fedavg,42,bearing,adaptive,cnn-ae,test1_bearing1,hard_val_p95,0.2017772626291896,0.09689922480620156,0.8876398450946644,0.126684350132626,0.15730472518507826,0.1935055093569396,0.036200784171861344
fedavg,42,bearing,adaptive,cnn-ae,test1_bearing1,fuzzy_warning_as_alarm_hi50,0.2017772626291896,0.09689922480620156,0.8876398450946644,0.126684350132626,0.15730472518507826,0.1935055093569396,0.036200784171861344
fedavg,42,bearing,adaptive,cnn-ae,test1_bearing1,fuzzy_fault_only_hi75,0.1246787280149171,0.05426356589147287,0.9334660068846816,0.126684350132626,0.15730472518507826,0.1935055093569396,0.036200784171861344
fedavg,42,bearing,client_specific,cnn-ae,test1_bearing2,hard_val_p95,0.08099045653856074,0.031007751937984496,0.9577775387263339,0.07564986737400531,0.08563532956432819,0.12821676948520486,0.042581439920876665
fedavg,42,bearing,client_specific,cnn-ae,test1_bearing2,fuzzy_warning_as_alarm_hi50,0.08099045653856074,0.031007751937984496,0.9577775387263339,0.07564986737400531,0.08563532956432819,0.12821676948520486,0.042581439920876665
fedavg,42,bearing,client_specific,cnn-ae,test1_bearing2,fuzzy_fault_only_hi75,0.04046577796511934,0.011627906976744186,0.9793459552495697,0.07564986737400531,0.08563532956432819,0.12821676948520486,0.042581439920876665
fedavg,42,bearing,pooled,cnn-ae,test1_bearing2,hard_val_p95,0.232529434105583,0.08914728682170543,0.868276678141136,0.1470026525198939,0.142810350357935,0.21185393947848202,0.06904358912054703
fedavg,42,bearing,pooled,cnn-ae,test1_bearing2,fuzzy_warning_as_alarm_hi50,0.232529434105583,0.08914728682170543,0.868276678141136,0.1470026525198939,0.142810350357935,0.21185393947848202,0.06904358912054703
fedavg,42,bearing,pooled,cnn-ae,test1_bearing2,fuzzy_fault_only_hi75,0.1355915217718094,0.046511627906976744,0.9272267641996558,0.1470026525198939,0.142810350357935,0.21185393947848202,0.06904358912054703
fedavg,42,bearing,adaptive,cnn-ae,test1_bearing2,hard_val_p95,0.16218084843695985,0.05813953488372093,0.9116824440619621,0.11973474801061008,0.11747905366071852,0.1740199653676641,0.05654091170694557
fedavg,42,bearing,adaptive,cnn-ae,test1_bearing2,fuzzy_warning_as_alarm_hi50,0.16218084843695985,0.05813953488372093,0.9116824440619621,0.11973474801061008,0.11747905366071852,0.1740199653676641,0.05654091170694557
fedavg,42,bearing,adaptive,cnn-ae,test1_bearing2,fuzzy_fault_only_hi75,0.08985417950297803,0.03488372093023256,0.9529367469879518,0.11973474801061008,0.11747905366071852,0.1740199653676641,0.05654091170694557
fedavg,42,bearing,client_specific,cnn-ae,test1_bearing3,hard_val_p95,0.09512107715148722,0.046511627906976744,0.9500322719449226,0.058992042440318304,0.10446197346902401,0.08931340050303854,-0.015148572965985471
fedavg,42,bearing,client_specific,cnn-ae,test1_bearing3,fuzzy_warning_as_alarm_hi50,0.09512107715148722,0.046511627906976744,0.9500322719449226,0.058992042440318304,0.10446197346902401,0.08931340050303854,-0.015148572965985471
fedavg,42,bearing,client_specific,cnn-ae,test1_bearing3,fuzzy_fault_only_hi75,0.06149676881384199,0.023255813953488372,0.9682659208261618,0.058992042440318304,0.10446197346902401,0.08931340050303854,-0.015148572965985471
fedavg,42,bearing,pooled,cnn-ae,test1_bearing3,hard_val_p95,0.23238601318973287,0.13953488372093023,0.868276678141136,0.14848806366047745,0.2675325594942142,0.21185393947848202,-0.05567862001573215
fedavg,42,bearing,pooled,cnn-ae,test1_bearing3,fuzzy_warning_as_alarm_hi50,0.23238601318973287,0.13953488372093023,0.868276678141136,0.14848806366047745,0.2675325594942142,0.21185393947848202,-0.05567862001573215
fedavg,42,bearing,pooled,cnn-ae,test1_bearing3,fuzzy_fault_only_hi75,0.13552361396303902,0.08527131782945736,0.9272267641996558,0.14848806366047745,0.2675325594942142,0.21185393947848202,-0.05567862001573215
fedavg,42,bearing,adaptive,cnn-ae,test1_bearing3,hard_val_p95,0.13459611144517938,0.08139534883720931,0.9277646299483648,0.08413793103448276,0.16075752488040168,0.12967381608924958,-0.031083708791152104
fedavg,42,bearing,adaptive,cnn-ae,test1_bearing3,fuzzy_warning_as_alarm_hi50,0.13459611144517938,0.08139534883720931,0.9277646299483648,0.08413793103448276,0.16075752488040168,0.12967381608924958,-0.031083708791152104
fedavg,42,bearing,adaptive,cnn-ae,test1_bearing3,fuzzy_fault_only_hi75,0.08286524091728936,0.03488372093023256,0.9567555938037866,0.08413793103448276,0.16075752488040168,0.12967381608924958,-0.031083708791152104
fedavg,42,bearing,client_specific,cnn-ae,test1_bearing4,hard_val_p95,0.13064872464350272,0.08914728682170543,0.9300236660929432,0.06737400530503979,0.12170887584886084,0.10961549647305142,-0.012093379375809413
fedavg,42,bearing,client_specific,cnn-ae,test1_bearing4,fuzzy_warning_as_alarm_hi50,0.13064872464350272,0.08914728682170543,0.9300236660929432,0.06737400530503979,0.12170887584886084,0.10961549647305142,-0.012093379375809413
fedavg,42,bearing,client_specific,cnn-ae,test1_bearing4,fuzzy_fault_only_hi75,0.066829496440264,0.031007751937984496,0.9654152323580034,0.06737400530503979,0.12170887584886084,0.10961549647305142,-0.012093379375809413
fedavg,42,bearing,pooled,cnn-ae,test1_bearing4,hard_val_p95,0.23231987857515535,0.16279069767441862,0.868276678141136,0.1476923076923077,0.23897655744943136,0.21185393947848202,-0.027122617970949336
fedavg,42,bearing,pooled,cnn-ae,test1_bearing4,fuzzy_warning_as_alarm_hi50,0.23231987857515535,0.16279069767441862,0.868276678141136,0.1476923076923077,0.23897655744943136,0.21185393947848202,-0.027122617970949336
fedavg,42,bearing,pooled,cnn-ae,test1_bearing4,fuzzy_fault_only_hi75,0.13551004056287244,0.09302325581395349,0.9272267641996558,0.1476923076923077,0.23897655744943136,0.21185393947848202,-0.027122617970949336
fedavg,42,bearing,adaptive,cnn-ae,test1_bearing4,hard_val_p95,0.16623990545597794,0.10852713178294573,0.9092082616179001,0.09527851458885941,0.1649600790099535,0.1477224466799798,-0.01723763232997369
fedavg,42,bearing,adaptive,cnn-ae,test1_bearing4,fuzzy_warning_as_alarm_hi50,0.16623990545597794,0.10852713178294573,0.9092082616179001,0.09527851458885941,0.1649600790099535,0.1477224466799798,-0.01723763232997369
fedavg,42,bearing,adaptive,cnn-ae,test1_bearing4,fuzzy_fault_only_hi75,0.0904378175845609,0.03875968992248062,0.9526140275387264,0.09527851458885941,0.1649600790099535,0.1477224466799798,-0.01723763232997369
fedavg,42,bearing,client_specific,cnn-ae,test2_bearing1,hard_val_p95,0.8793882097910519,0.15254237288135594,0.21450086058519793,0.08118653126670229,0.20089487364772646,0.7935893620446057,0.5926944883968792
fedavg,42,bearing,client_specific,cnn-ae,test2_bearing1,fuzzy_warning_as_alarm_hi50,0.8793882097910519,0.15254237288135594,0.21450086058519793,0.08118653126670229,0.20089487364772646,0.7935893620446057,0.5926944883968792
fedavg,42,bearing,client_specific,cnn-ae,test2_bearing1,fuzzy_fault_only_hi75,0.8523659695231044,0.0847457627118644,0.25688468158347677,0.08118653126670229,0.20089487364772646,0.7935893620446057,0.5926944883968792
fedavg,42,bearing,pooled,cnn-ae,test2_bearing1,hard_val_p95,0.23278361294615274,0.0,0.868276678141136,0.14660609299839658,0.005970213056367946,0.21185393947848202,0.20588372642211408
fedavg,42,bearing,pooled,cnn-ae,test2_bearing1,fuzzy_warning_as_alarm_hi50,0.23278361294615274,0.0,0.868276678141136,0.14660609299839658,0.005970213056367946,0.21185393947848202,0.20588372642211408
fedavg,42,bearing,pooled,cnn-ae,test2_bearing1,fuzzy_fault_only_hi75,0.1356731010278265,0.0,0.9272267641996558,0.14660609299839658,0.005970213056367946,0.21185393947848202,0.20588372642211408
fedavg,42,bearing,adaptive,cnn-ae,test2_bearing1,hard_val_p95,0.7795497801404476,0.03389830508474576,0.36112306368330466,0.1293425975414217,0.07224821163266965,0.6526686473579475,0.5804204357252778
fedavg,42,bearing,adaptive,cnn-ae,test2_bearing1,fuzzy_warning_as_alarm_hi50,0.7795497801404476,0.03389830508474576,0.36112306368330466,0.1293425975414217,0.07224821163266965,0.6526686473579475,0.5804204357252778
fedavg,42,bearing,adaptive,cnn-ae,test2_bearing1,fuzzy_fault_only_hi75,0.7265691880971133,0.01694915254237288,0.42937822719449226,0.1293425975414217,0.07224821163266965,0.6526686473579475,0.5804204357252778
fedavg,42,bearing,client_specific,cnn-ae,test2_bearing3,hard_val_p95,0.29000965472851825,0.0423728813559322,0.8303571428571429,0.08984500267236772,0.09380233896483528,0.19651301489710551,0.10271067593227023
fedavg,42,bearing,client_specific,cnn-ae,test2_bearing3,fuzzy_warning_as_alarm_hi50,0.29000965472851825,0.0423728813559322,0.8303571428571429,0.08984500267236772,0.09380233896483528,0.19651301489710551,0.10271067593227023
fedavg,42,bearing,client_specific,cnn-ae,test2_bearing3,fuzzy_fault_only_hi75,0.19765412950756106,0.00847457627118644,0.89032917383821,0.08984500267236772,0.09380233896483528,0.19651301489710551,0.10271067593227023
fedavg,42,bearing,pooled,cnn-ae,test2_bearing3,hard_val_p95,0.23276148838093427,0.01694915254237288,0.868276678141136,0.14714056654195617,0.15313935804608392,0.21185393947848202,0.058714581432398105
fedavg,42,bearing,pooled,cnn-ae,test2_bearing3,fuzzy_warning_as_alarm_hi50,0.23276148838093427,0.01694915254237288,0.868276678141136,0.14714056654195617,0.15313935804608392,0.21185393947848202,0.058714581432398105
fedavg,42,bearing,pooled,cnn-ae,test2_bearing3,fuzzy_fault_only_hi75,0.1356731010278265,0.0,0.9272267641996558,0.14714056654195617,0.15313935804608392,0.21185393947848202,0.058714581432398105
fedavg,42,bearing,adaptive,cnn-ae,test2_bearing3,hard_val_p95,0.26877065586743004,0.03389830508474576,0.8447181583476764,0.1125066809192945,0.11848942767399356,0.20289805108499126,0.0844086234109977
fedavg,42,bearing,adaptive,cnn-ae,test2_bearing3,fuzzy_warning_as_alarm_hi50,0.26877065586743004,0.03389830508474576,0.8447181583476764,0.1125066809192945,0.11848942767399356,0.20289805108499126,0.0844086234109977
fedavg,42,bearing,adaptive,cnn-ae,test2_bearing3,fuzzy_fault_only_hi75,0.1733962078789665,0.00847457627118644,0.9050666953528399,0.1125066809192945,0.11848942767399356,0.20289805108499126,0.0844086234109977
fedavg,42,bearing,client_specific,cnn-ae,test3_bearing1,hard_val_p95,0.8153214774281806,0.03557312252964427,0.31077882960413084,0.11255232287737067,0.08755474342298908,0.698355049419862,0.610800305996873
fedavg,42,bearing,client_specific,cnn-ae,test3_bearing1,fuzzy_warning_as_alarm_hi50,0.8153214774281806,0.03557312252964427,0.31077882960413084,0.11255232287737067,0.08755474342298908,0.698355049419862,0.610800305996873
fedavg,42,bearing,client_specific,cnn-ae,test3_bearing1,fuzzy_fault_only_hi75,0.7654222664675626,0.013175230566534914,0.37967943201376936,0.11255232287737067,0.08755474342298908,0.698355049419862,0.610800305996873
fedavg,42,bearing,pooled,cnn-ae,test3_bearing1,hard_val_p95,0.23278361294615274,0.0,0.868276678141136,0.14174978037310734,0.004421733420720632,0.21185393947848202,0.2074322060577614
fedavg,42,bearing,pooled,cnn-ae,test3_bearing1,fuzzy_warning_as_alarm_hi50,0.23278361294615274,0.0,0.868276678141136,0.14174978037310734,0.004421733420720632,0.21185393947848202,0.2074322060577614
fedavg,42,bearing,pooled,cnn-ae,test3_bearing1,fuzzy_fault_only_hi75,0.1356731010278265,0.0,0.9272267641996558,0.14174978037310734,0.004421733420720632,0.21185393947848202,0.2074322060577614
fedavg,42,bearing,adaptive,cnn-ae,test3_bearing1,hard_val_p95,0.680947652149241,0.005270092226613966,0.4836488812392427,0.17063717637331405,0.03530752453615586,0.5355666890177654,0.5002591644816096
fedavg,42,bearing,adaptive,cnn-ae,test3_bearing1,fuzzy_warning_as_alarm_hi50,0.680947652149241,0.005270092226613966,0.4836488812392427,0.17063717637331405,0.03530752453615586,0.5355666890177654,0.5002591644816096
fedavg,42,bearing,adaptive,cnn-ae,test3_bearing1,fuzzy_fault_only_hi75,0.5888513641710621,0.002635046113306983,0.5826699655765921,0.17063717637331405,0.03530752453615586,0.5355666890177654,0.5002591644816096
fedavg,42,bearing,client_specific,cnn-ae,test3_bearing3,hard_val_p95,0.5117726873653125,0.07114624505928854,0.6551204819277109,0.18123094413725388,0.1156557858328878,0.36212256465807774,0.24646677882518994
fedavg,42,bearing,client_specific,cnn-ae,test3_bearing3,fuzzy_warning_as_alarm_hi50,0.5117726873653125,0.07114624505928854,0.6551204819277109,0.18123094413725388,0.1156557858328878,0.36212256465807774,0.24646677882518994
fedavg,42,bearing,client_specific,cnn-ae,test3_bearing3,fuzzy_fault_only_hi75,0.3873678738520187,0.02766798418972332,0.7595202237521514,0.18123094413725388,0.1156557858328878,0.36212256465807774,0.24646677882518994
fedavg,42,bearing,pooled,cnn-ae,test3_bearing3,hard_val_p95,0.23268408551068884,0.011857707509881422,0.868276678141136,0.1422665495323239,0.07750171521373278,0.21185393947848202,0.13435222426474924
fedavg,42,bearing,pooled,cnn-ae,test3_bearing3,fuzzy_warning_as_alarm_hi50,0.23268408551068884,0.011857707509881422,0.868276678141136,0.1422665495323239,0.07750171521373278,0.21185393947848202,0.13435222426474924
fedavg,42,bearing,pooled,cnn-ae,test3_bearing3,fuzzy_fault_only_hi75,0.13563229913287556,0.007905138339920948,0.9272267641996558,0.1422665495323239,0.07750171521373278,0.21185393947848202,0.13435222426474924
fedavg,42,bearing,adaptive,cnn-ae,test3_bearing3,hard_val_p95,0.3598783658719316,0.021080368906455864,0.7803894148020654,0.17146400702806056,0.08779889348679118,0.27232502527098373,0.18452613178419255
fedavg,42,bearing,adaptive,cnn-ae,test3_bearing3,fuzzy_warning_as_alarm_hi50,0.3598783658719316,0.021080368906455864,0.7803894148020654,0.17146400702806056,0.08779889348679118,0.27232502527098373,0.18452613178419255
fedavg,42,bearing,adaptive,cnn-ae,test3_bearing3,fuzzy_fault_only_hi75,0.23937529578797917,0.011857707509881422,0.863973752151463,0.17146400702806056,0.08779889348679118,0.27232502527098373,0.18452613178419255
fedavg,42,bearing,client_specific,cnn-ae,test1_bearing1,hard_val_p95,0.8077169593641841,0.03875968992248062,0.3221815834767642,0.08960212201591512,0.11121033297169568,0.6617002606195642,0.5504899276478685
fedavg,42,bearing,client_specific,cnn-ae,test1_bearing1,fuzzy_warning_as_alarm_hi50,0.8077169593641841,0.03875968992248062,0.3221815834767642,0.08960212201591512,0.11121033297169568,0.6617002606195642,0.5504899276478685
fedavg,42,bearing,client_specific,cnn-ae,test1_bearing1,fuzzy_fault_only_hi75,0.756402540956202,0.023255813953488372,0.39156626506024095,0.08960212201591512,0.11121033297169568,0.6617002606195642,0.5504899276478685
fedavg,42,bearing,pooled,cnn-ae,test1_bearing1,hard_val_p95,0.4117546557321032,0.0,0.7407487091222031,0.047214854111405836,0.007212069005937911,0.32628230381153617,0.31907023480559826
fedavg,42,bearing,pooled,cnn-ae,test1_bearing1,fuzzy_warning_as_alarm_hi50,0.4117546557321032,0.0,0.7407487091222031,0.047214854111405836,0.007212069005937911,0.32628230381153617,0.31907023480559826
fedavg,42,bearing,pooled,cnn-ae,test1_bearing1,fuzzy_fault_only_hi75,0.3889081455805893,0.0,0.7586058519793459,0.047214854111405836,0.007212069005937911,0.32628230381153617,0.31907023480559826
fedavg,42,bearing,adaptive,cnn-ae,test1_bearing1,hard_val_p95,0.6395727402421626,0.011627906976744186,0.5297977624784854,0.17225464190981432,0.04281082469449409,0.49173111006799247,0.4489202853734984
fedavg,42,bearing,adaptive,cnn-ae,test1_bearing1,fuzzy_warning_as_alarm_hi50,0.6395727402421626,0.011627906976744186,0.5297977624784854,0.17225464190981432,0.04281082469449409,0.49173111006799247,0.4489202853734984
fedavg,42,bearing,adaptive,cnn-ae,test1_bearing1,fuzzy_fault_only_hi75,0.5470245770327824,0.003875968992248062,0.6234939759036144,0.17225464190981432,0.04281082469449409,0.49173111006799247,0.4489202853734984
fedavg,42,bearing,client_specific,cnn-ae,test1_bearing2,hard_val_p95,0.849446403166945,0.03488372093023256,0.26134896729776247,0.0706631299734748,0.09107367454216941,0.7707090559443499,0.6796353814021805
fedavg,42,bearing,client_specific,cnn-ae,test1_bearing2,fuzzy_warning_as_alarm_hi50,0.849446403166945,0.03488372093023256,0.26134896729776247,0.0706631299734748,0.09107367454216941,0.7707090559443499,0.6796353814021805
fedavg,42,bearing,client_specific,cnn-ae,test1_bearing2,fuzzy_fault_only_hi75,0.8231273141555112,0.007751937984496124,0.30050559380378655,0.0706631299734748,0.09107367454216941,0.7707090559443499,0.6796353814021805
fedavg,42,bearing,pooled,cnn-ae,test1_bearing2,hard_val_p95,0.4117546557321032,0.0,0.7407487091222031,0.047214854111405836,0.0007073054937852281,0.32628230381153617,0.32557499831775094
fedavg,42,bearing,pooled,cnn-ae,test1_bearing2,fuzzy_warning_as_alarm_hi50,0.4117546557321032,0.0,0.7407487091222031,0.047214854111405836,0.0007073054937852281,0.32628230381153617,0.32557499831775094
fedavg,42,bearing,pooled,cnn-ae,test1_bearing2,fuzzy_fault_only_hi75,0.3889081455805893,0.0,0.7586058519793459,0.047214854111405836,0.0007073054937852281,0.32628230381153617,0.32557499831775094
fedavg,42,bearing,adaptive,cnn-ae,test1_bearing2,hard_val_p95,0.7863180913215183,0.003875968992248062,0.3520869191049914,0.09421750663129974,0.030364449047064757,0.6502689857733701,0.6199045367263054
fedavg,42,bearing,adaptive,cnn-ae,test1_bearing2,fuzzy_warning_as_alarm_hi50,0.7863180913215183,0.003875968992248062,0.3520869191049914,0.09421750663129974,0.030364449047064757,0.6502689857733701,0.6199045367263054
fedavg,42,bearing,adaptive,cnn-ae,test1_bearing2,fuzzy_fault_only_hi75,0.7311996724443838,0.003875968992248062,0.4236768502581756,0.09421750663129974,0.030364449047064757,0.6502689857733701,0.6199045367263054
fedavg,42,bearing,client_specific,cnn-ae,test1_bearing3,hard_val_p95,0.3444592790387183,0.031007751937984496,0.7918459552495697,0.02753315649867374,0.10626502459970712,0.21668843525173878,0.11042341065203166
fedavg,42,bearing,client_specific,cnn-ae,test1_bearing3,fuzzy_warning_as_alarm_hi50,0.3444592790387183,0.031007751937984496,0.7918459552495697,0.02753315649867374,0.10626502459970712,0.21668843525173878,0.11042341065203166
fedavg,42,bearing,client_specific,cnn-ae,test1_bearing3,fuzzy_fault_only_hi75,0.3287954351439996,0.023255813953488372,0.8031949225473322,0.02753315649867374,0.10626502459970712,0.21668843525173878,0.11042341065203166
fedavg,42,bearing,pooled,cnn-ae,test1_bearing3,hard_val_p95,0.410142954390742,0.35658914728682173,0.7407487091222031,0.05257294429708223,0.4153340596781605,0.32628230381153617,-0.08905175586662434
fedavg,42,bearing,pooled,cnn-ae,test1_bearing3,fuzzy_warning_as_alarm_hi50,0.410142954390742,0.35658914728682173,0.7407487091222031,0.05257294429708223,0.4153340596781605,0.32628230381153617,-0.08905175586662434
fedavg,42,bearing,pooled,cnn-ae,test1_bearing3,fuzzy_fault_only_hi75,0.38823529411764707,0.15503875968992248,0.7586058519793459,0.05257294429708223,0.4153340596781605,0.32628230381153617,-0.08905175586662434
fedavg,42,bearing,adaptive,cnn-ae,test1_bearing3,hard_val_p95,0.3689975464423414,0.08139534883720931,0.7735047332185886,0.03140583554376658,0.18547619957505104,0.24332235885635853,0.057846159281307485
fedavg,42,bearing,adaptive,cnn-ae,test1_bearing3,fuzzy_warning_as_alarm_hi50,0.3689975464423414,0.08139534883720931,0.7735047332185886,0.03140583554376658,0.18547619957505104,0.24332235885635853,0.057846159281307485
fedavg,42,bearing,adaptive,cnn-ae,test1_bearing3,fuzzy_fault_only_hi75,0.34933451641526175,0.04263565891472868,0.7882422547332186,0.03140583554376658,0.18547619957505104,0.24332235885635853,0.057846159281307485
fedavg,42,bearing,client_specific,cnn-ae,test1_bearing4,hard_val_p95,0.3802393906420022,0.05813953488372093,0.7650602409638554,0.02053050397877984,0.11050787888999823,0.2427500431896694,0.13224216429967117
fedavg,42,bearing,client_specific,cnn-ae,test1_bearing4,fuzzy_warning_as_alarm_hi50,0.3802393906420022,0.05813953488372093,0.7650602409638554,0.02053050397877984,0.11050787888999823,0.2427500431896694,0.13224216429967117
fedavg,42,bearing,client_specific,cnn-ae,test1_bearing4,fuzzy_fault_only_hi75,0.366757397488805,0.03488372093023256,0.7753334767641996,0.02053050397877984,0.11050787888999823,0.2427500431896694,0.13224216429967117
fedavg,42,bearing,pooled,cnn-ae,test1_bearing4,hard_val_p95,0.41098226466575716,0.17054263565891473,0.7407487091222031,0.0506631299734748,0.2729689138364923,0.32628230381153617,0.05331338997504387
fedavg,42,bearing,pooled,cnn-ae,test1_bearing4,fuzzy_warning_as_alarm_hi50,0.41098226466575716,0.17054263565891473,0.7407487091222031,0.0506631299734748,0.2729689138364923,0.32628230381153617,0.05331338997504387
fedavg,42,bearing,pooled,cnn-ae,test1_bearing4,fuzzy_fault_only_hi75,0.38853778893602287,0.08527131782945736,0.7586058519793459,0.0506631299734748,0.2729689138364923,0.32628230381153617,0.05331338997504387
fedavg,42,bearing,adaptive,cnn-ae,test1_bearing4,hard_val_p95,0.3897755287401064,0.08914728682170543,0.7576376936316696,0.02546419098143236,0.16870144255402816,0.2609808762977783,0.09227943374375011
fedavg,42,bearing,adaptive,cnn-ae,test1_bearing4,fuzzy_warning_as_alarm_hi50,0.3897755287401064,0.08914728682170543,0.7576376936316696,0.02546419098143236,0.16870144255402816,0.2609808762977783,0.09227943374375011
fedavg,42,bearing,adaptive,cnn-ae,test1_bearing4,fuzzy_fault_only_hi75,0.3736013986013986,0.05426356589147287,0.7701161790017211,0.02546419098143236,0.16870144255402816,0.2609808762977783,0.09227943374375011
fedavg,42,bearing,client_specific,cnn-ae,test2_bearing1,hard_val_p95,0.9143323996265172,0.1016949152542373,0.15727194492254734,0.03794762159273116,0.14115510109593174,0.8486771135195095,0.7075220124235777
fedavg,42,bearing,client_specific,cnn-ae,test2_bearing1,fuzzy_warning_as_alarm_hi50,0.9143323996265172,0.1016949152542373,0.15727194492254734,0.03794762159273116,0.14115510109593174,0.8486771135195095,0.7075220124235777
fedavg,42,bearing,client_specific,cnn-ae,test2_bearing1,fuzzy_fault_only_hi75,0.8993816750983699,0.07627118644067797,0.18244406196213425,0.03794762159273116,0.14115510109593174,0.8486771135195095,0.7075220124235777
fedavg,42,bearing,pooled,cnn-ae,test2_bearing1,hard_val_p95,0.4117546557321032,0.0,0.7407487091222031,0.04756814537680385,0.0,0.32628230381153617,0.32628230381153617
fedavg,42,bearing,pooled,cnn-ae,test2_bearing1,fuzzy_warning_as_alarm_hi50,0.4117546557321032,0.0,0.7407487091222031,0.04756814537680385,0.0,0.32628230381153617,0.32628230381153617
fedavg,42,bearing,pooled,cnn-ae,test2_bearing1,fuzzy_fault_only_hi75,0.3889081455805893,0.0,0.7586058519793459,0.04756814537680385,0.0,0.32628230381153617,0.32628230381153617
fedavg,42,bearing,adaptive,cnn-ae,test2_bearing1,hard_val_p95,0.8330142789894869,0.00847457627118644,0.286144578313253,0.01892036344200962,0.01968266044300141,0.7293966852022263,0.709714024759225
fedavg,42,bearing,adaptive,cnn-ae,test2_bearing1,fuzzy_warning_as_alarm_hi50,0.8330142789894869,0.00847457627118644,0.286144578313253,0.01892036344200962,0.01968266044300141,0.7293966852022263,0.709714024759225
fedavg,42,bearing,adaptive,cnn-ae,test2_bearing1,fuzzy_fault_only_hi75,0.8254098619578608,0.0,0.2972783993115318,0.01892036344200962,0.01968266044300141,0.7293966852022263,0.709714024759225
fedavg,42,bearing,client_specific,cnn-ae,test2_bearing3,hard_val_p95,0.4169503063308373,0.1016949152542373,0.7364457831325302,0.010368786745056119,0.1362354202451527,0.2681862718362402,0.13195085159108752
fedavg,42,bearing,client_specific,cnn-ae,test2_bearing3,fuzzy_warning_as_alarm_hi50,0.4169503063308373,0.1016949152542373,0.7364457831325302,0.010368786745056119,0.1362354202451527,0.2681862718362402,0.13195085159108752
fedavg,42,bearing,client_specific,cnn-ae,test2_bearing3,fuzzy_fault_only_hi75,0.41127482383087766,0.06779661016949153,0.7410176419965576,0.010368786745056119,0.1362354202451527,0.2681862718362402,0.13195085159108752
fedavg,42,bearing,pooled,cnn-ae,test2_bearing3,hard_val_p95,0.4116140051238258,0.06779661016949153,0.7407487091222031,0.04911811865312667,0.2775195237675748,0.32628230381153617,0.04876278004396134
fedavg,42,bearing,pooled,cnn-ae,test2_bearing3,fuzzy_warning_as_alarm_hi50,0.4116140051238258,0.06779661016949153,0.7407487091222031,0.04911811865312667,0.2775195237675748,0.32628230381153617,0.04876278004396134
fedavg,42,bearing,pooled,cnn-ae,test2_bearing3,fuzzy_fault_only_hi75,0.3888912958710628,0.00847457627118644,0.7586058519793459,0.04911811865312667,0.2775195237675748,0.32628230381153617,0.04876278004396134
fedavg,42,bearing,adaptive,cnn-ae,test2_bearing3,hard_val_p95,0.41566957632531404,0.1016949152542373,0.7374677280550774,0.017316942811330838,0.23628029235270212,0.2765714787325094,0.0402911863798073
fedavg,42,bearing,adaptive,cnn-ae,test2_bearing3,fuzzy_warning_as_alarm_hi50,0.41566957632531404,0.1016949152542373,0.7374677280550774,0.017316942811330838,0.23628029235270212,0.2765714787325094,0.0402911863798073
fedavg,42,bearing,adaptive,cnn-ae,test2_bearing3,fuzzy_fault_only_hi75,0.40715998629667693,0.05084745762711865,0.7442986230636833,0.017316942811330838,0.23628029235270212,0.2765714787325094,0.0402911863798073
fedavg,42,bearing,client_specific,cnn-ae,test3_bearing1,hard_val_p95,0.8632465590380566,0.04216073781291173,0.23929647160068848,0.04785282414345512,0.10213444640593969,0.793023408635817,0.6908889622298773
fedavg,42,bearing,client_specific,cnn-ae,test3_bearing1,fuzzy_warning_as_alarm_hi50,0.8632465590380566,0.04216073781291173,0.23929647160068848,0.04785282414345512,0.10213444640593969,0.793023408635817,0.6908889622298773
fedavg,42,bearing,client_specific,cnn-ae,test3_bearing1,fuzzy_fault_only_hi75,0.8538087320647824,0.02766798418972332,0.25424913941480204,0.04785282414345512,0.10213444640593969,0.793023408635817,0.6908889622298773
fedavg,42,bearing,pooled,cnn-ae,test3_bearing1,hard_val_p95,0.4117546557321032,0.0,0.7407487091222031,0.04599245517027544,0.000305016323919014,0.32628230381153617,0.3259772874876172
fedavg,42,bearing,pooled,cnn-ae,test3_bearing1,fuzzy_warning_as_alarm_hi50,0.4117546557321032,0.0,0.7407487091222031,0.04599245517027544,0.000305016323919014,0.32628230381153617,0.3259772874876172
fedavg,42,bearing,pooled,cnn-ae,test3_bearing1,fuzzy_fault_only_hi75,0.3889081455805893,0.0,0.7586058519793459,0.04599245517027544,0.000305016323919014,0.32628230381153617,0.3259772874876172
fedavg,42,bearing,adaptive,cnn-ae,test3_bearing1,hard_val_p95,0.8059596056898821,0.0013175230566534915,0.32497848537005164,0.028525657588755103,0.02389843947428673,0.6994512053370919,0.6755527658628052
fedavg,42,bearing,adaptive,cnn-ae,test3_bearing1,fuzzy_warning_as_alarm_hi50,0.8059596056898821,0.0013175230566534915,0.32497848537005164,0.028525657588755103,0.02389843947428673,0.6994512053370919,0.6755527658628052
fedavg,42,bearing,adaptive,cnn-ae,test3_bearing1,fuzzy_fault_only_hi75,0.7978792189318505,0.0,0.3362736660929432,0.028525657588755103,0.02389843947428673,0.6994512053370919,0.6755527658628052
fedavg,42,bearing,client_specific,cnn-ae,test3_bearing3,hard_val_p95,0.6547816672681342,0.06060606060606061,0.5120481927710844,0.08604206500956023,0.1170182596085653,0.4927552131495503,0.375736953540985
fedavg,42,bearing,client_specific,cnn-ae,test3_bearing3,fuzzy_warning_as_alarm_hi50,0.6547816672681342,0.06060606060606061,0.5120481927710844,0.08604206500956023,0.1170182596085653,0.4927552131495503,0.375736953540985
fedavg,42,bearing,client_specific,cnn-ae,test3_bearing3,fuzzy_fault_only_hi75,0.6062036412677007,0.014492753623188406,0.5648128227194492,0.08604206500956023,0.1170182596085653,0.4927552131495503,0.375736953540985
fedavg,42,bearing,pooled,cnn-ae,test3_bearing3,hard_val_p95,0.4117546557321032,0.0,0.7407487091222031,0.04599245517027544,0.11005279141529922,0.32628230381153617,0.21622951239623694
fedavg,42,bearing,pooled,cnn-ae,test3_bearing3,fuzzy_warning_as_alarm_hi50,0.4117546557321032,0.0,0.7407487091222031,0.04599245517027544,0.11005279141529922,0.32628230381153617,0.21622951239623694
fedavg,42,bearing,pooled,cnn-ae,test3_bearing3,fuzzy_fault_only_hi75,0.3889081455805893,0.0,0.7586058519793459,0.04599245517027544,0.11005279141529922,0.32628230381153617,0.21622951239623694
fedavg,42,bearing,adaptive,cnn-ae,test3_bearing3,hard_val_p95,0.5515791113361113,0.006587615283267457,0.6190834767641996,0.043873701617487465,0.09503289762210522,0.421661931792449,0.3266290341703438
fedavg,42,bearing,adaptive,cnn-ae,test3_bearing3,fuzzy_warning_as_alarm_hi50,0.5515791113361113,0.006587615283267457,0.6190834767641996,0.043873701617487465,0.09503289762210522,0.421661931792449,0.3266290341703438
fedavg,42,bearing,adaptive,cnn-ae,test3_bearing3,fuzzy_fault_only_hi75,0.5297908512236588,0.0013175230566534915,0.6396299483648882,0.043873701617487465,0.09503289762210522,0.421661931792449,0.3266290341703438
fedavg,42,bearing,client_specific,cnn-ae,test1_bearing1,hard_val_p95,0.8420626769987241,0.046511627906976744,0.27232142857142855,0.15251989389920426,0.10305524149485946,0.744533057197643,0.6414778157027835
fedavg,42,bearing,client_specific,cnn-ae,test1_bearing1,fuzzy_warning_as_alarm_hi50,0.8420626769987241,0.046511627906976744,0.27232142857142855,0.15251989389920426,0.10305524149485946,0.744533057197643,0.6414778157027835
fedavg,42,bearing,client_specific,cnn-ae,test1_bearing1,fuzzy_fault_only_hi75,0.7844585321220835,0.027131782945736434,0.3543997418244406,0.15251989389920426,0.10305524149485946,0.744533057197643,0.6414778157027835
fedavg,42,bearing,pooled,cnn-ae,test1_bearing1,hard_val_p95,0.44795058018198514,0.0,0.711381239242685,0.033421750663129975,0.0015311903486377337,0.34194474515138074,0.340413554802743
fedavg,42,bearing,pooled,cnn-ae,test1_bearing1,fuzzy_warning_as_alarm_hi50,0.44795058018198514,0.0,0.711381239242685,0.033421750663129975,0.0015311903486377337,0.34194474515138074,0.340413554802743
fedavg,42,bearing,pooled,cnn-ae,test1_bearing1,fuzzy_fault_only_hi75,0.42860161433461524,0.0,0.7272482788296041,0.033421750663129975,0.0015311903486377337,0.34194474515138074,0.340413554802743
fedavg,42,bearing,adaptive,cnn-ae,test1_bearing1,hard_val_p95,0.7555882746620265,0.007751937984496124,0.39274956970740105,0.04636604774535809,0.025779260934445086,0.6325734314022675,0.6067941704678225
fedavg,42,bearing,adaptive,cnn-ae,test1_bearing1,fuzzy_warning_as_alarm_hi50,0.7555882746620265,0.007751937984496124,0.39274956970740105,0.04636604774535809,0.025779260934445086,0.6325734314022675,0.6067941704678225
fedavg,42,bearing,adaptive,cnn-ae,test1_bearing1,fuzzy_fault_only_hi75,0.7347827566261781,0.003875968992248062,0.41921256454388983,0.04636604774535809,0.025779260934445086,0.6325734314022675,0.6067941704678225
fedavg,42,bearing,client_specific,cnn-ae,test1_bearing2,hard_val_p95,0.9804319228239421,0.03488372093023256,0.03791953528399312,0.07029177718832891,0.09029491149163052,0.9452645746959117,0.8549696632042812
fedavg,42,bearing,client_specific,cnn-ae,test1_bearing2,fuzzy_warning_as_alarm_hi50,0.9804319228239421,0.03488372093023256,0.03791953528399312,0.07029177718832891,0.09029491149163052,0.9452645746959117,0.8549696632042812
fedavg,42,bearing,client_specific,cnn-ae,test1_bearing2,fuzzy_fault_only_hi75,0.9549822964087,0.007751937984496124,0.08605851979345955,0.07029177718832891,0.09029491149163052,0.9452645746959117,0.8549696632042812
fedavg,42,bearing,pooled,cnn-ae,test1_bearing2,hard_val_p95,0.44795058018198514,0.0,0.711381239242685,0.033421750663129975,0.0,0.34194474515138074,0.34194474515138074
fedavg,42,bearing,pooled,cnn-ae,test1_bearing2,fuzzy_warning_as_alarm_hi50,0.44795058018198514,0.0,0.711381239242685,0.033421750663129975,0.0,0.34194474515138074,0.34194474515138074
fedavg,42,bearing,pooled,cnn-ae,test1_bearing2,fuzzy_fault_only_hi75,0.42860161433461524,0.0,0.7272482788296041,0.033421750663129975,0.0,0.34194474515138074,0.34194474515138074
fedavg,42,bearing,adaptive,cnn-ae,test1_bearing2,hard_val_p95,0.8296352248764675,0.003875968992248062,0.29109294320137696,0.11936339522546419,0.018471429656820137,0.7521675810824822,0.733696151425662
fedavg,42,bearing,adaptive,cnn-ae,test1_bearing2,fuzzy_warning_as_alarm_hi50,0.8296352248764675,0.003875968992248062,0.29109294320137696,0.11936339522546419,0.018471429656820137,0.7521675810824822,0.733696151425662
fedavg,42,bearing,adaptive,cnn-ae,test1_bearing2,fuzzy_fault_only_hi75,0.7969846970138147,0.0,0.3375107573149742,0.11936339522546419,0.018471429656820137,0.7521675810824822,0.733696151425662
fedavg,42,bearing,client_specific,cnn-ae,test1_bearing3,hard_val_p95,0.38373658833239216,0.046511627906976744,0.7624246987951807,0.031511936339522546,0.11382947645371193,0.24411406183264953,0.1302845853789376
fedavg,42,bearing,client_specific,cnn-ae,test1_bearing3,fuzzy_warning_as_alarm_hi50,0.38373658833239216,0.046511627906976744,0.7624246987951807,0.031511936339522546,0.11382947645371193,0.24411406183264953,0.1302845853789376
fedavg,42,bearing,client_specific,cnn-ae,test1_bearing3,fuzzy_fault_only_hi75,0.3621312197269925,0.023255813953488372,0.7788296041308089,0.031511936339522546,0.11382947645371193,0.24411406183264953,0.1302845853789376
fedavg,42,bearing,pooled,cnn-ae,test1_bearing3,hard_val_p95,0.44649692128473956,0.3023255813953488,0.711381239242685,0.03798408488063661,0.39720801126868366,0.34194474515138074,-0.05526326611730292
fedavg,42,bearing,pooled,cnn-ae,test1_bearing3,fuzzy_warning_as_alarm_hi50,0.44649692128473956,0.3023255813953488,0.711381239242685,0.03798408488063661,0.39720801126868366,0.34194474515138074,-0.05526326611730292
fedavg,42,bearing,pooled,cnn-ae,test1_bearing3,fuzzy_fault_only_hi75,0.427914433990127,0.14728682170542637,0.7272482788296041,0.03798408488063661,0.39720801126868366,0.34194474515138074,-0.05526326611730292
fedavg,42,bearing,adaptive,cnn-ae,test1_bearing3,hard_val_p95,0.4044221622316493,0.10077519379844961,0.7461811531841652,0.04015915119363395,0.1870197366829346,0.26717342221628027,0.08015368553334568
fedavg,42,bearing,adaptive,cnn-ae,test1_bearing3,fuzzy_warning_as_alarm_hi50,0.4044221622316493,0.10077519379844961,0.7461811531841652,0.04015915119363395,0.1870197366829346,0.26717342221628027,0.08015368553334568
fedavg,42,bearing,adaptive,cnn-ae,test1_bearing3,fuzzy_fault_only_hi75,0.37836188483501154,0.03488372093023256,0.766566265060241,0.04015915119363395,0.1870197366829346,0.26717342221628027,0.08015368553334568
fedavg,42,bearing,client_specific,cnn-ae,test1_bearing4,hard_val_p95,0.42650541271989173,0.050387596899224806,0.7287543029259896,0.03129973474801061,0.08985866792342105,0.2724567777357123,0.18259810981229124
fedavg,42,bearing,client_specific,cnn-ae,test1_bearing4,fuzzy_warning_as_alarm_hi50,0.42650541271989173,0.050387596899224806,0.7287543029259896,0.03129973474801061,0.08985866792342105,0.2724567777357123,0.18259810981229124
fedavg,42,bearing,client_specific,cnn-ae,test1_bearing4,fuzzy_fault_only_hi75,0.4006880240808428,0.015503875968992248,0.74940834767642,0.03129973474801061,0.08985866792342105,0.2724567777357123,0.18259810981229124
fedavg,42,bearing,pooled,cnn-ae,test1_bearing4,hard_val_p95,0.4474276661385808,0.10852713178294573,0.711381239242685,0.03570291777188329,0.23658030372215821,0.34194474515138074,0.10536444142922252
fedavg,42,bearing,pooled,cnn-ae,test1_bearing4,fuzzy_warning_as_alarm_hi50,0.4474276661385808,0.10852713178294573,0.711381239242685,0.03570291777188329,0.23658030372215821,0.34194474515138074,0.10536444142922252
fedavg,42,bearing,pooled,cnn-ae,test1_bearing4,fuzzy_fault_only_hi75,0.42834818600329433,0.05426356589147287,0.7272482788296041,0.03570291777188329,0.23658030372215821,0.34194474515138074,0.10536444142922252
fedavg,42,bearing,adaptive,cnn-ae,test1_bearing4,hard_val_p95,0.43296277581270004,0.05813953488372093,0.7234832185886403,0.03251989389920425,0.14289505342977565,0.288022631621421,0.14512757819164535
fedavg,42,bearing,adaptive,cnn-ae,test1_bearing4,fuzzy_warning_as_alarm_hi50,0.43296277581270004,0.05813953488372093,0.7234832185886403,0.03251989389920425,0.14289505342977565,0.288022631621421,0.14512757819164535
fedavg,42,bearing,adaptive,cnn-ae,test1_bearing4,fuzzy_fault_only_hi75,0.40896646132785763,0.015503875968992248,0.7429001721170396,0.03251989389920425,0.14289505342977565,0.288022631621421,0.14512757819164535
fedavg,42,bearing,client_specific,cnn-ae,test2_bearing1,hard_val_p95,0.8901485768840623,0.06779661016949153,0.1976118760757315,0.037199358631747725,0.1097903860213486,0.8216297922965001,0.7118394062751515
fedavg,42,bearing,client_specific,cnn-ae,test2_bearing1,fuzzy_warning_as_alarm_hi50,0.8901485768840623,0.06779661016949153,0.1976118760757315,0.037199358631747725,0.1097903860213486,0.8216297922965001,0.7118394062751515
fedavg,42,bearing,client_specific,cnn-ae,test2_bearing1,fuzzy_fault_only_hi75,0.883010029427662,0.059322033898305086,0.20917598967297762,0.037199358631747725,0.1097903860213486,0.8216297922965001,0.7118394062751515
fedavg,42,bearing,pooled,cnn-ae,test2_bearing1,hard_val_p95,0.44795058018198514,0.0,0.711381239242685,0.03367183324425441,0.0,0.34194474515138074,0.34194474515138074
fedavg,42,bearing,pooled,cnn-ae,test2_bearing1,fuzzy_warning_as_alarm_hi50,0.44795058018198514,0.0,0.711381239242685,0.03367183324425441,0.0,0.34194474515138074,0.34194474515138074
fedavg,42,bearing,pooled,cnn-ae,test2_bearing1,fuzzy_fault_only_hi75,0.42860161433461524,0.0,0.7272482788296041,0.03367183324425441,0.0,0.34194474515138074,0.34194474515138074
fedavg,42,bearing,adaptive,cnn-ae,test2_bearing1,hard_val_p95,0.7829274679235402,0.0,0.35671256454388983,0.014965259219668627,0.009622595084482597,0.670106359809822,0.6604837647253394
fedavg,42,bearing,adaptive,cnn-ae,test2_bearing1,fuzzy_warning_as_alarm_hi50,0.7829274679235402,0.0,0.35671256454388983,0.014965259219668627,0.009622595084482597,0.670106359809822,0.6604837647253394
fedavg,42,bearing,adaptive,cnn-ae,test2_bearing1,fuzzy_fault_only_hi75,0.7795319526044573,0.0,0.3612844234079174,0.014965259219668627,0.009622595084482597,0.670106359809822,0.6604837647253394
fedavg,42,bearing,client_specific,cnn-ae,test2_bearing3,hard_val_p95,0.4134959904453165,0.0423728813559322,0.7392964716006885,0.019187600213789416,0.10387100043043944,0.2641773412346044,0.16030634080416495
fedavg,42,bearing,client_specific,cnn-ae,test2_bearing3,fuzzy_warning_as_alarm_hi50,0.4134959904453165,0.0423728813559322,0.7392964716006885,0.019187600213789416,0.10387100043043944,0.2641773412346044,0.16030634080416495
fedavg,42,bearing,client_specific,cnn-ae,test2_bearing3,fuzzy_fault_only_hi75,0.4036909871244635,0.0423728813559322,0.7470417383820999,0.019187600213789416,0.10387100043043944,0.2641773412346044,0.16030634080416495
fedavg,42,bearing,pooled,cnn-ae,test2_bearing3,hard_val_p95,0.4472412068678113,0.3220338983050847,0.711381239242685,0.037252805986103685,0.4190084380188783,0.34194474515138074,-0.07706369286749759
fedavg,42,bearing,pooled,cnn-ae,test2_bearing3,fuzzy_warning_as_alarm_hi50,0.4472412068678113,0.3220338983050847,0.711381239242685,0.037252805986103685,0.4190084380188783,0.34194474515138074,-0.07706369286749759
fedavg,42,bearing,pooled,cnn-ae,test2_bearing3,fuzzy_fault_only_hi75,0.42840246684126043,0.09322033898305085,0.7272482788296041,0.037252805986103685,0.4190084380188783,0.34194474515138074,-0.07706369286749759
fedavg,42,bearing,adaptive,cnn-ae,test2_bearing3,hard_val_p95,0.42203936206311504,0.07627118644067797,0.7324117900172117,0.024692677712453235,0.24357801713390745,0.276399923301124,0.03282190616721656
fedavg,42,bearing,adaptive,cnn-ae,test2_bearing3,fuzzy_warning_as_alarm_hi50,0.42203936206311504,0.07627118644067797,0.7324117900172117,0.024692677712453235,0.24357801713390745,0.276399923301124,0.03282190616721656
fedavg,42,bearing,adaptive,cnn-ae,test2_bearing3,fuzzy_fault_only_hi75,0.40847240051347883,0.0423728813559322,0.743276678141136,0.024692677712453235,0.24357801713390745,0.276399923301124,0.03282190616721656
fedavg,42,bearing,client_specific,cnn-ae,test3_bearing1,hard_val_p95,0.8176999015966734,0.04084321475625823,0.3072289156626506,0.05653454601829363,0.0999976622487981,0.7328495921789029,0.6328519299301048
fedavg,42,bearing,client_specific,cnn-ae,test3_bearing1,fuzzy_warning_as_alarm_hi50,0.8176999015966734,0.04084321475625823,0.3072289156626506,0.05653454601829363,0.0999976622487981,0.7328495921789029,0.6328519299301048
fedavg,42,bearing,client_specific,cnn-ae,test3_bearing1,fuzzy_fault_only_hi75,0.8035742984796375,0.025032938076416336,0.32766781411359724,0.05653454601829363,0.0999976622487981,0.7328495921789029,0.6328519299301048
fedavg,42,bearing,pooled,cnn-ae,test3_bearing1,hard_val_p95,0.44795058018198514,0.0,0.711381239242685,0.032556457030644415,0.0002418182832612805,0.34194474515138074,0.3417029268681194
fedavg,42,bearing,pooled,cnn-ae,test3_bearing1,fuzzy_warning_as_alarm_hi50,0.44795058018198514,0.0,0.711381239242685,0.032556457030644415,0.0002418182832612805,0.34194474515138074,0.3417029268681194
fedavg,42,bearing,pooled,cnn-ae,test3_bearing1,fuzzy_fault_only_hi75,0.42860161433461524,0.0,0.7272482788296041,0.032556457030644415,0.0002418182832612805,0.34194474515138074,0.3417029268681194
fedavg,42,bearing,adaptive,cnn-ae,test3_bearing1,hard_val_p95,0.7515863689776733,0.0,0.3979668674698795,0.021032504780114723,0.025214681027625304,0.6331325444220437,0.6079178633944184
fedavg,42,bearing,adaptive,cnn-ae,test3_bearing1,fuzzy_warning_as_alarm_hi50,0.7515863689776733,0.0,0.3979668674698795,0.021032504780114723,0.025214681027625304,0.6331325444220437,0.6079178633944184
fedavg,42,bearing,adaptive,cnn-ae,test3_bearing1,fuzzy_fault_only_hi75,0.7446743864150434,0.0,0.4067878657487091,0.021032504780114723,0.025214681027625304,0.6331325444220437,0.6079178633944184
fedavg,42,bearing,client_specific,cnn-ae,test3_bearing3,hard_val_p95,0.6254749345235899,0.05138339920948617,0.5439974182444062,0.07239935920624258,0.11536634756868511,0.46417068976274817,0.3488043421940631
fedavg,42,bearing,client_specific,cnn-ae,test3_bearing3,fuzzy_warning_as_alarm_hi50,0.6254749345235899,0.05138339920948617,0.5439974182444062,0.07239935920624258,0.11536634756868511,0.46417068976274817,0.3488043421940631
fedavg,42,bearing,client_specific,cnn-ae,test3_bearing3,fuzzy_fault_only_hi75,0.5899291478801197,0.021080368906455864,0.5812715146299484,0.07239935920624258,0.11536634756868511,0.46417068976274817,0.3488043421940631
fedavg,42,bearing,pooled,cnn-ae,test3_bearing3,hard_val_p95,0.44795058018198514,0.0,0.711381239242685,0.032556457030644415,0.13289053868467465,0.34194474515138074,0.20905420646670608
fedavg,42,bearing,pooled,cnn-ae,test3_bearing3,fuzzy_warning_as_alarm_hi50,0.44795058018198514,0.0,0.711381239242685,0.032556457030644415,0.13289053868467465,0.34194474515138074,0.20905420646670608
fedavg,42,bearing,pooled,cnn-ae,test3_bearing3,fuzzy_fault_only_hi75,0.42860161433461524,0.0,0.7272482788296041,0.032556457030644415,0.13289053868467465,0.34194474515138074,0.20905420646670608
fedavg,42,bearing,adaptive,cnn-ae,test3_bearing3,hard_val_p95,0.5412826044322416,0.003952569169960474,0.6288726333907056,0.03891271768900832,0.10416611425377799,0.4077258362422071,0.3035597219884291
fedavg,42,bearing,adaptive,cnn-ae,test3_bearing3,fuzzy_warning_as_alarm_hi50,0.5412826044322416,0.003952569169960474,0.6288726333907056,0.03891271768900832,0.10416611425377799,0.4077258362422071,0.3035597219884291
fedavg,42,bearing,adaptive,cnn-ae,test3_bearing3,fuzzy_fault_only_hi75,0.5249504165013883,0.0013175230566534915,0.6440942340791739,0.03891271768900832,0.10416611425377799,0.4077258362422071,0.3035597219884291
fedavg-personalized,42,bearing,client_specific,cnn-ae,test1_bearing1,hard_val_p95,0.9546731071669288,0.07364341085271318,0.08578958691910499,0.018885941644562334,0.09965025229220502,0.9110952623338853,0.8114450100416802
fedavg-personalized,42,bearing,client_specific,cnn-ae,test1_bearing1,fuzzy_warning_as_alarm_hi50,0.9546731071669288,0.07364341085271318,0.08578958691910499,0.018885941644562334,0.09965025229220502,0.9110952623338853,0.8114450100416802
fedavg-personalized,42,bearing,client_specific,cnn-ae,test1_bearing1,fuzzy_fault_only_hi75,0.9470108695652174,0.031007751937984496,0.10025817555938038,0.018885941644562334,0.09965025229220502,0.9110952623338853,0.8114450100416802
fedavg-personalized,42,bearing,client_specific,cnn-ae,test1_bearing2,hard_val_p95,0.998195772182577,0.03488372093023256,0.0031196213425129086,0.006949602122015915,0.09621119998309653,0.9953324688822155,0.8991212688991189
fedavg-personalized,42,bearing,client_specific,cnn-ae,test1_bearing2,fuzzy_warning_as_alarm_hi50,0.998195772182577,0.03488372093023256,0.0031196213425129086,0.006949602122015915,0.09621119998309653,0.9953324688822155,0.8991212688991189
fedavg-personalized,42,bearing,client_specific,cnn-ae,test1_bearing2,fuzzy_fault_only_hi75,0.9961940238075958,0.007751937984496124,0.0074763339070567985,0.006949602122015915,0.09621119998309653,0.9953324688822155,0.8991212688991189
fedavg-personalized,42,bearing,client_specific,cnn-ae,test1_bearing3,hard_val_p95,0.4311377245508982,0.03875968992248062,0.7250430292598967,0.025358090185676394,0.10685122956930079,0.27941913668376706,0.17256790711446626
fedavg-personalized,42,bearing,client_specific,cnn-ae,test1_bearing3,fuzzy_warning_as_alarm_hi50,0.4311377245508982,0.03875968992248062,0.7250430292598967,0.025358090185676394,0.10685122956930079,0.27941913668376706,0.17256790711446626
fedavg-personalized,42,bearing,client_specific,cnn-ae,test1_bearing3,fuzzy_fault_only_hi75,0.41545605589400586,0.01937984496124031,0.737736660929432,0.025358090185676394,0.10685122956930079,0.27941913668376706,0.17256790711446626
fedavg-personalized,42,bearing,client_specific,cnn-ae,test1_bearing4,hard_val_p95,0.48979094783844124,0.03875968992248062,0.6755055938037866,0.01750663129973475,0.08900467124816304,0.33029824524149537,0.24129357399333234
fedavg-personalized,42,bearing,client_specific,cnn-ae,test1_bearing4,fuzzy_warning_as_alarm_hi50,0.48979094783844124,0.03875968992248062,0.6755055938037866,0.01750663129973475,0.08900467124816304,0.33029824524149537,0.24129357399333234
fedavg-personalized,42,bearing,client_specific,cnn-ae,test1_bearing4,fuzzy_fault_only_hi75,0.4765727391874181,0.023255813953488372,0.6870697074010327,0.01750663129973475,0.08900467124816304,0.33029824524149537,0.24129357399333234
fedavg-personalized,42,bearing,client_specific,cnn-ae,test2_bearing1,hard_val_p95,0.9086480617425243,0.025423728813559324,0.167276247848537,0.05633351149118119,0.08317216852420195,0.8552444757059533,0.7720723071817513
fedavg-personalized,42,bearing,client_specific,cnn-ae,test2_bearing1,fuzzy_warning_as_alarm_hi50,0.9086480617425243,0.025423728813559324,0.167276247848537,0.05633351149118119,0.08317216852420195,0.8552444757059533,0.7720723071817513
fedavg-personalized,42,bearing,client_specific,cnn-ae,test2_bearing1,fuzzy_fault_only_hi75,0.9010579821502452,0.00847457627118644,0.1800236660929432,0.05633351149118119,0.08317216852420195,0.8552444757059533,0.7720723071817513
fedavg-personalized,42,bearing,client_specific,cnn-ae,test2_bearing3,hard_val_p95,0.43033167355895013,0.059322033898305086,0.7257422547332186,0.019454836985569213,0.10126742717185629,0.27558237720023615,0.17431495002837988
fedavg-personalized,42,bearing,client_specific,cnn-ae,test2_bearing3,fuzzy_warning_as_alarm_hi50,0.43033167355895013,0.059322033898305086,0.7257422547332186,0.019454836985569213,0.10126742717185629,0.27558237720023615,0.17431495002837988
fedavg-personalized,42,bearing,client_specific,cnn-ae,test2_bearing3,fuzzy_fault_only_hi75,0.4167234332425068,0.01694915254237288,0.7367685025817556,0.019454836985569213,0.10126742717185629,0.27558237720023615,0.17431495002837988
fedavg-personalized,42,bearing,client_specific,cnn-ae,test3_bearing1,hard_val_p95,0.854162178796738,0.03293807641633729,0.2535499139414802,0.04278848638313265,0.09527594147313954,0.7867931594857266,0.691517218012587
fedavg-personalized,42,bearing,client_specific,cnn-ae,test3_bearing1,fuzzy_warning_as_alarm_hi50,0.854162178796738,0.03293807641633729,0.2535499139414802,0.04278848638313265,0.09527594147313954,0.7867931594857266,0.691517218012587
fedavg-personalized,42,bearing,client_specific,cnn-ae,test3_bearing1,fuzzy_fault_only_hi75,0.8472497522299306,0.023715415019762844,0.26430722891566266,0.04278848638313265,0.09527594147313954,0.7867931594857266,0.691517218012587
fedavg-personalized,42,bearing,client_specific,cnn-ae,test3_bearing3,hard_val_p95,0.6778794975516287,0.05006587615283267,0.48623063683304646,0.06030696088057465,0.10827415407659546,0.5280486676281867,0.41977451355159123
fedavg-personalized,42,bearing,client_specific,cnn-ae,test3_bearing3,fuzzy_warning_as_alarm_hi50,0.6778794975516287,0.05006587615283267,0.48623063683304646,0.06030696088057465,0.10827415407659546,0.5280486676281867,0.41977451355159123
fedavg-personalized,42,bearing,client_specific,cnn-ae,test3_bearing3,fuzzy_fault_only_hi75,0.6479691927632057,0.021080368906455864,0.5203313253012049,0.06030696088057465,0.10827415407659546,0.5280486676281867,0.41977451355159123
fedprox,42,bearing,client_specific,cnn-ae,test1_bearing1,hard_val_p95,0.2461944483717423,0.05813953488372093,0.8595094664371773,0.12716180371352784,0.11704444564926857,0.19676985995309965,0.07972541430383108
fedprox,42,bearing,client_specific,cnn-ae,test1_bearing1,fuzzy_warning_as_alarm_hi50,0.2461944483717423,0.05813953488372093,0.8595094664371773,0.12716180371352784,0.11704444564926857,0.19676985995309965,0.07972541430383108
fedprox,42,bearing,client_specific,cnn-ae,test1_bearing1,fuzzy_fault_only_hi75,0.14406864212311682,0.03875968992248062,0.9223321858864028,0.12716180371352784,0.11704444564926857,0.19676985995309965,0.07972541430383108
fedprox,42,bearing,pooled,cnn-ae,test1_bearing1,hard_val_p95,0.2828674231940216,0.07751937984496124,0.8350903614457831,0.1743766578249337,0.15466440261132242,0.23783641057369606,0.08317200796237365
fedprox,42,bearing,pooled,cnn-ae,test1_bearing1,fuzzy_warning_as_alarm_hi50,0.2828674231940216,0.07751937984496124,0.8350903614457831,0.1743766578249337,0.15466440261132242,0.23783641057369606,0.08317200796237365
fedprox,42,bearing,pooled,cnn-ae,test1_bearing1,fuzzy_fault_only_hi75,0.16457819437592502,0.03875968992248062,0.9102839931153184,0.1743766578249337,0.15466440261132242,0.23783641057369606,0.08317200796237365
fedprox,42,bearing,adaptive,cnn-ae,test1_bearing1,hard_val_p95,0.26851507257164126,0.06976744186046512,0.8447719449225474,0.15676392572944298,0.140975660437255,0.22220995353972592,0.0812342931024709
fedprox,42,bearing,adaptive,cnn-ae,test1_bearing1,fuzzy_warning_as_alarm_hi50,0.26851507257164126,0.06976744186046512,0.8447719449225474,0.15676392572944298,0.140975660437255,0.22220995353972592,0.0812342931024709
fedprox,42,bearing,adaptive,cnn-ae,test1_bearing1,fuzzy_fault_only_hi75,0.156301105109272,0.03875968992248062,0.9151785714285714,0.15676392572944298,0.140975660437255,0.22220995353972592,0.0812342931024709
fedprox,42,bearing,client_specific,cnn-ae,test1_bearing2,hard_val_p95,0.23489773643999431,0.023255813953488372,0.8668782271944923,0.14148541114058355,0.0847230709688618,0.19332423819974814,0.10860116723088635
fedprox,42,bearing,client_specific,cnn-ae,test1_bearing2,fuzzy_warning_as_alarm_hi50,0.23489773643999431,0.023255813953488372,0.8668782271944923,0.14148541114058355,0.0847230709688618,0.19332423819974814,0.10860116723088635
fedprox,42,bearing,client_specific,cnn-ae,test1_bearing2,fuzzy_fault_only_hi75,0.0972065895835465,0.015503875968992248,0.9489027538726333,0.14148541114058355,0.0847230709688618,0.19332423819974814,0.10860116723088635
fedprox,42,bearing,pooled,cnn-ae,test1_bearing2,hard_val_p95,0.2830240930490169,0.031007751937984496,0.8350903614457831,0.1742705570291777,0.1092849583139705,0.23783641057369606,0.12855145225972556
fedprox,42,bearing,pooled,cnn-ae,test1_bearing2,fuzzy_warning_as_alarm_hi50,0.2830240930490169,0.031007751937984496,0.8350903614457831,0.1742705570291777,0.1092849583139705,0.23783641057369606,0.12855145225972556
fedprox,42,bearing,pooled,cnn-ae,test1_bearing2,fuzzy_fault_only_hi75,0.1646269245953415,0.015503875968992248,0.9102839931153184,0.1742705570291777,0.1092849583139705,0.23783641057369606,0.12855145225972556
fedprox,42,bearing,adaptive,cnn-ae,test1_bearing2,hard_val_p95,0.2663808369838755,0.031007751937984496,0.8462779690189329,0.1660477453580902,0.10055706398444401,0.22159295000891502,0.121035886024471
fedprox,42,bearing,adaptive,cnn-ae,test1_bearing2,fuzzy_warning_as_alarm_hi50,0.2663808369838755,0.031007751937984496,0.8462779690189329,0.1660477453580902,0.10055706398444401,0.22159295000891502,0.121035886024471
fedprox,42,bearing,adaptive,cnn-ae,test1_bearing2,fuzzy_fault_only_hi75,0.13807259073842304,0.015503875968992248,0.9258283132530121,0.1660477453580902,0.10055706398444401,0.22159295000891502,0.121035886024471
fedprox,42,bearing,client_specific,cnn-ae,test1_bearing3,hard_val_p95,0.09841594276954523,0.05813953488372093,0.9482035283993115,0.03920424403183024,0.10889402992948313,0.08769269858520327,-0.02120133134427986
fedprox,42,bearing,client_specific,cnn-ae,test1_bearing3,fuzzy_warning_as_alarm_hi50,0.09841594276954523,0.05813953488372093,0.9482035283993115,0.03920424403183024,0.10889402992948313,0.08769269858520327,-0.02120133134427986
fedprox,42,bearing,client_specific,cnn-ae,test1_bearing3,fuzzy_fault_only_hi75,0.06360276895851767,0.03875968992248062,0.9671364027538726,0.03920424403183024,0.10889402992948313,0.08769269858520327,-0.02120133134427986
fedprox,42,bearing,pooled,cnn-ae,test1_bearing3,hard_val_p95,0.28250253386160507,0.18604651162790697,0.8350903614457831,0.1763395225464191,0.3070145293783333,0.23783641057369606,-0.06917811880463723
fedprox,42,bearing,pooled,cnn-ae,test1_bearing3,fuzzy_warning_as_alarm_hi50,0.28250253386160507,0.18604651162790697,0.8350903614457831,0.1763395225464191,0.3070145293783333,0.23783641057369606,-0.06917811880463723
fedprox,42,bearing,pooled,cnn-ae,test1_bearing3,fuzzy_fault_only_hi75,0.16442407215732663,0.1124031007751938,0.9102839931153184,0.1763395225464191,0.3070145293783333,0.23783641057369606,-0.06917811880463723
fedprox,42,bearing,adaptive,cnn-ae,test1_bearing3,hard_val_p95,0.1496023856858847,0.08914728682170543,0.9190512048192772,0.07745358090185676,0.1776143874647121,0.13514477356827048,-0.042469613896441605
fedprox,42,bearing,adaptive,cnn-ae,test1_bearing3,fuzzy_warning_as_alarm_hi50,0.1496023856858847,0.08914728682170543,0.9190512048192772,0.07745358090185676,0.1776143874647121,0.13514477356827048,-0.042469613896441605
fedprox,42,bearing,adaptive,cnn-ae,test1_bearing3,fuzzy_fault_only_hi75,0.08777880563264467,0.046511627906976744,0.954066265060241,0.07745358090185676,0.1776143874647121,0.13514477356827048,-0.042469613896441605
fedprox,42,bearing,client_specific,cnn-ae,test1_bearing4,hard_val_p95,0.10807238714924766,0.06589147286821706,0.9428248709122203,0.07395225464190981,0.10507589402248055,0.10037451352953367,-0.004701380492946883
fedprox,42,bearing,client_specific,cnn-ae,test1_bearing4,fuzzy_warning_as_alarm_hi50,0.10807238714924766,0.06589147286821706,0.9428248709122203,0.07395225464190981,0.10507589402248055,0.10037451352953367,-0.004701380492946883
fedprox,42,bearing,client_specific,cnn-ae,test1_bearing4,fuzzy_fault_only_hi75,0.049910873440285206,0.023255813953488372,0.9743975903614458,0.07395225464190981,0.10507589402248055,0.10037451352953367,-0.004701380492946883
fedprox,42,bearing,pooled,cnn-ae,test1_bearing4,hard_val_p95,0.28258064516129033,0.16279069767441862,0.8350903614457831,0.17564986737400531,0.2610125148497404,0.23783641057369606,-0.023176104276044357
fedprox,42,bearing,pooled,cnn-ae,test1_bearing4,fuzzy_warning_as_alarm_hi50,0.28258064516129033,0.16279069767441862,0.8350903614457831,0.17564986737400531,0.2610125148497404,0.23783641057369606,-0.023176104276044357
fedprox,42,bearing,pooled,cnn-ae,test1_bearing4,fuzzy_fault_only_hi75,0.16447271113740572,0.08914728682170543,0.9102839931153184,0.17564986737400531,0.2610125148497404,0.23783641057369606,-0.023176104276044357
fedprox,42,bearing,adaptive,cnn-ae,test1_bearing4,hard_val_p95,0.16211679913116453,0.08914728682170543,0.9116824440619621,0.10843501326259947,0.15560343284864506,0.1462514090924344,-0.009352023756210665
fedprox,42,bearing,adaptive,cnn-ae,test1_bearing4,fuzzy_warning_as_alarm_hi50,0.16211679913116453,0.08914728682170543,0.9116824440619621,0.10843501326259947,0.15560343284864506,0.1462514090924344,-0.009352023756210665
fedprox,42,bearing,adaptive,cnn-ae,test1_bearing4,fuzzy_fault_only_hi75,0.07870274736624665,0.03875968992248062,0.9590146299483648,0.10843501326259947,0.15560343284864506,0.1462514090924344,-0.009352023756210665
fedprox,42,bearing,client_specific,cnn-ae,test2_bearing1,hard_val_p95,0.8554109357210992,0.059322033898305086,0.25236660929432014,0.07787279529663281,0.11116359615484932,0.7634064035252187,0.6522428073703694
fedprox,42,bearing,client_specific,cnn-ae,test2_bearing1,fuzzy_warning_as_alarm_hi50,0.8554109357210992,0.059322033898305086,0.25236660929432014,0.07787279529663281,0.11116359615484932,0.7634064035252187,0.6522428073703694
fedprox,42,bearing,client_specific,cnn-ae,test2_bearing1,fuzzy_fault_only_hi75,0.8312961508248232,0.0423728813559322,0.28851118760757316,0.07787279529663281,0.11116359615484932,0.7634064035252187,0.6522428073703694
fedprox,42,bearing,pooled,cnn-ae,test2_bearing1,hard_val_p95,0.28312863606981253,0.0,0.8350903614457831,0.17450561197220738,0.0026683418847253354,0.23783641057369606,0.23516806868897072
fedprox,42,bearing,pooled,cnn-ae,test2_bearing1,fuzzy_warning_as_alarm_hi50,0.28312863606981253,0.0,0.8350903614457831,0.17450561197220738,0.0026683418847253354,0.23783641057369606,0.23516806868897072
fedprox,42,bearing,pooled,cnn-ae,test2_bearing1,fuzzy_fault_only_hi75,0.16465942744323792,0.0,0.9102839931153184,0.17450561197220738,0.0026683418847253354,0.23783641057369606,0.23516806868897072
fedprox,42,bearing,adaptive,cnn-ae,test2_bearing1,hard_val_p95,0.7445048451902624,0.0,0.4070030120481928,0.12287546766435062,0.03130221078704889,0.6168183290285701,0.5855161182415213
fedprox,42,bearing,adaptive,cnn-ae,test2_bearing1,fuzzy_warning_as_alarm_hi50,0.7445048451902624,0.0,0.4070030120481928,0.12287546766435062,0.03130221078704889,0.6168183290285701,0.5855161182415213
fedprox,42,bearing,adaptive,cnn-ae,test2_bearing1,fuzzy_fault_only_hi75,0.6953897972072135,0.0,0.4669750430292599,0.12287546766435062,0.03130221078704889,0.6168183290285701,0.5855161182415213
fedprox,42,bearing,client_specific,cnn-ae,test2_bearing3,hard_val_p95,0.32682619647355166,0.059322033898305086,0.8045933734939759,0.09150187065740246,0.09916559591923506,0.22381937651168787,0.12465378059245281
fedprox,42,bearing,client_specific,cnn-ae,test2_bearing3,fuzzy_warning_as_alarm_hi50,0.32682619647355166,0.059322033898305086,0.8045933734939759,0.09150187065740246,0.09916559591923506,0.22381937651168787,0.12465378059245281
fedprox,42,bearing,client_specific,cnn-ae,test2_bearing3,fuzzy_fault_only_hi75,0.2521853557665194,0.025423728813559324,0.8556906196213425,0.09150187065740246,0.09916559591923506,0.22381937651168787,0.12465378059245281
fedprox,42,bearing,pooled,cnn-ae,test2_bearing3,hard_val_p95,0.2830763549072108,0.03389830508474576,0.8350903614457831,0.17493319080705505,0.1699912841546379,0.23783641057369606,0.06784512641905815
fedprox,42,bearing,pooled,cnn-ae,test2_bearing3,fuzzy_warning_as_alarm_hi50,0.2830763549072108,0.03389830508474576,0.8350903614457831,0.17493319080705505,0.1699912841546379,0.23783641057369606,0.06784512641905815
fedprox,42,bearing,pooled,cnn-ae,test2_bearing3,fuzzy_fault_only_hi75,0.16464317441516138,0.01694915254237288,0.9102839931153184,0.17493319080705505,0.1699912841546379,0.23783641057369606,0.06784512641905815
fedprox,42,bearing,adaptive,cnn-ae,test2_bearing3,hard_val_p95,0.31226462180679704,0.05084745762711865,0.8149203958691911,0.12207375734901123,0.12526820193240296,0.22941297357135404,0.10414477163895108
fedprox,42,bearing,adaptive,cnn-ae,test2_bearing3,fuzzy_warning_as_alarm_hi50,0.31226462180679704,0.05084745762711865,0.8149203958691911,0.12207375734901123,0.12526820193240296,0.22941297357135404,0.10414477163895108
fedprox,42,bearing,adaptive,cnn-ae,test2_bearing3,fuzzy_fault_only_hi75,0.22082954599818208,0.025423728813559324,0.8758605851979346,0.12207375734901123,0.12526820193240296,0.22941297357135404,0.10414477163895108
fedprox,42,bearing,client_specific,cnn-ae,test3_bearing1,hard_val_p95,0.8370277864502029,0.043478260869565216,0.2789909638554217,0.07999586584672627,0.09579121444104839,0.7355266592610574,0.639735444820009
fedprox,42,bearing,client_specific,cnn-ae,test3_bearing1,fuzzy_warning_as_alarm_hi50,0.8370277864502029,0.043478260869565216,0.2789909638554217,0.07999586584672627,0.09579121444104839,0.7355266592610574,0.639735444820009
fedprox,42,bearing,client_specific,cnn-ae,test3_bearing1,fuzzy_fault_only_hi75,0.805314846909301,0.026350461133069828,0.3251936316695353,0.07999586584672627,0.09579121444104839,0.7355266592610574,0.639735444820009
fedprox,42,bearing,pooled,cnn-ae,test3_bearing1,hard_val_p95,0.28312863606981253,0.0,0.8350903614457831,0.1687251304842127,0.003863831840759592,0.23783641057369606,0.23397257873293648
fedprox,42,bearing,pooled,cnn-ae,test3_bearing1,fuzzy_warning_as_alarm_hi50,0.28312863606981253,0.0,0.8350903614457831,0.1687251304842127,0.003863831840759592,0.23783641057369606,0.23397257873293648
fedprox,42,bearing,pooled,cnn-ae,test3_bearing1,fuzzy_fault_only_hi75,0.16465942744323792,0.0,0.9102839931153184,0.1687251304842127,0.003863831840759592,0.23783641057369606,0.23397257873293648
fedprox,42,bearing,adaptive,cnn-ae,test3_bearing1,hard_val_p95,0.7225256793431585,0.0013175230566534915,0.4343803786574871,0.12619502868068833,0.032961885760661114,0.5873262272623045,0.5543643415016435
fedprox,42,bearing,adaptive,cnn-ae,test3_bearing1,fuzzy_warning_as_alarm_hi50,0.7225256793431585,0.0013175230566534915,0.4343803786574871,0.12619502868068833,0.032961885760661114,0.5873262272623045,0.5543643415016435
fedprox,42,bearing,adaptive,cnn-ae,test3_bearing1,fuzzy_fault_only_hi75,0.6609046384327283,0.0,0.5064543889845095,0.12619502868068833,0.032961885760661114,0.5873262272623045,0.5543643415016435
fedprox,42,bearing,client_specific,cnn-ae,test3_bearing3,hard_val_p95,0.6111421234788433,0.08959156785243742,0.5583584337349398,0.14872616402253114,0.1280269550646991,0.4445771743361583,0.3165502192714592
fedprox,42,bearing,client_specific,cnn-ae,test3_bearing3,fuzzy_warning_as_alarm_hi50,0.6111421234788433,0.08959156785243742,0.5583584337349398,0.14872616402253114,0.1280269550646991,0.4445771743361583,0.3165502192714592
fedprox,42,bearing,client_specific,cnn-ae,test3_bearing3,fuzzy_fault_only_hi75,0.5102040816326531,0.030303030303030304,0.6571105851979346,0.14872616402253114,0.1280269550646991,0.4445771743361583,0.3165502192714592
fedprox,42,bearing,pooled,cnn-ae,test3_bearing3,hard_val_p95,0.28308942338765525,0.003952569169960474,0.8350903614457831,0.1690868688956643,0.06956299845527489,0.23783641057369606,0.16827341211842117
fedprox,42,bearing,pooled,cnn-ae,test3_bearing3,fuzzy_warning_as_alarm_hi50,0.28308942338765525,0.003952569169960474,0.8350903614457831,0.1690868688956643,0.06956299845527489,0.23783641057369606,0.16827341211842117
fedprox,42,bearing,pooled,cnn-ae,test3_bearing3,fuzzy_fault_only_hi75,0.1646513005281082,0.0013175230566534915,0.9102839931153184,0.1690868688956643,0.06956299845527489,0.23783641057369606,0.16827341211842117
fedprox,42,bearing,adaptive,cnn-ae,test3_bearing3,hard_val_p95,0.44501086411499247,0.019762845849802372,0.7135864888123924,0.1782853599297194,0.08287847736199062,0.3254391263548822,0.2425606489928916
fedprox,42,bearing,adaptive,cnn-ae,test3_bearing3,fuzzy_warning_as_alarm_hi50,0.44501086411499247,0.019762845849802372,0.7135864888123924,0.1782853599297194,0.08287847736199062,0.3254391263548822,0.2425606489928916
fedprox,42,bearing,adaptive,cnn-ae,test3_bearing3,fuzzy_fault_only_hi75,0.3199313335742682,0.003952569169960474,0.8095417383820999,0.1782853599297194,0.08287847736199062,0.3254391263548822,0.2425606489928916
fedprox,42,bearing,client_specific,cnn-ae,test1_bearing1,hard_val_p95,0.7456770148650015,0.05426356589147287,0.40506669535283996,0.1853580901856764,0.1153365773527393,0.5889723420796565,0.47363576472691726
fedprox,42,bearing,client_specific,cnn-ae,test1_bearing1,fuzzy_warning_as_alarm_hi50,0.7456770148650015,0.05426356589147287,0.40506669535283996,0.1853580901856764,0.1153365773527393,0.5889723420796565,0.47363576472691726
fedprox,42,bearing,client_specific,cnn-ae,test1_bearing1,fuzzy_fault_only_hi75,0.6520746512049285,0.023255813953488372,0.5160821858864028,0.1853580901856764,0.1153365773527393,0.5889723420796565,0.47363576472691726
fedprox,42,bearing,pooled,cnn-ae,test1_bearing1,hard_val_p95,0.3999827890366163,0.003875968992248062,0.75,0.04827586206896552,0.024411319496207028,0.323315775956621,0.29890445646041397
fedprox,42,bearing,pooled,cnn-ae,test1_bearing1,fuzzy_warning_as_alarm_hi50,0.3999827890366163,0.003875968992248062,0.75,0.04827586206896552,0.024411319496207028,0.323315775956621,0.29890445646041397
fedprox,42,bearing,pooled,cnn-ae,test1_bearing1,fuzzy_fault_only_hi75,0.37971153427164583,0.0,0.7656518932874354,0.04827586206896552,0.024411319496207028,0.323315775956621,0.29890445646041397
fedprox,42,bearing,adaptive,cnn-ae,test1_bearing1,hard_val_p95,0.5323229931328439,0.007751937984496124,0.637263339070568,0.08355437665782493,0.05038393241278966,0.4194588742262272,0.36907494181343753
fedprox,42,bearing,adaptive,cnn-ae,test1_bearing1,fuzzy_warning_as_alarm_hi50,0.5323229931328439,0.007751937984496124,0.637263339070568,0.08355437665782493,0.05038393241278966,0.4194588742262272,0.36907494181343753
fedprox,42,bearing,adaptive,cnn-ae,test1_bearing1,fuzzy_fault_only_hi75,0.48829268292682926,0.007751937984496124,0.6769578313253012,0.08355437665782493,0.05038393241278966,0.4194588742262272,0.36907494181343753
fedprox,42,bearing,client_specific,cnn-ae,test1_bearing2,hard_val_p95,0.8304567889590996,0.03488372093023256,0.2895869191049914,0.07527851458885941,0.10055389490779616,0.712521045782066,0.6119671508742698
fedprox,42,bearing,client_specific,cnn-ae,test1_bearing2,fuzzy_warning_as_alarm_hi50,0.8304567889590996,0.03488372093023256,0.2895869191049914,0.07527851458885941,0.10055389490779616,0.712521045782066,0.6119671508742698
fedprox,42,bearing,client_specific,cnn-ae,test1_bearing2,fuzzy_fault_only_hi75,0.790582726326743,0.015503875968992248,0.34617039586919107,0.07527851458885941,0.10055389490779616,0.712521045782066,0.6119671508742698
fedprox,42,bearing,pooled,cnn-ae,test1_bearing2,hard_val_p95,0.4,0.0,0.75,0.04822281167108753,0.0059553078839248005,0.323315775956621,0.3173604680726962
fedprox,42,bearing,pooled,cnn-ae,test1_bearing2,fuzzy_warning_as_alarm_hi50,0.4,0.0,0.75,0.04822281167108753,0.0059553078839248005,0.323315775956621,0.3173604680726962
fedprox,42,bearing,pooled,cnn-ae,test1_bearing2,fuzzy_fault_only_hi75,0.37971153427164583,0.0,0.7656518932874354,0.04822281167108753,0.0059553078839248005,0.323315775956621,0.3173604680726962
fedprox,42,bearing,adaptive,cnn-ae,test1_bearing2,hard_val_p95,0.6707888058901319,0.011627906976744186,0.4952667814113597,0.1706631299734748,0.047793103834974905,0.5395817198936614,0.4917886160586865
fedprox,42,bearing,adaptive,cnn-ae,test1_bearing2,fuzzy_warning_as_alarm_hi50,0.6707888058901319,0.011627906976744186,0.4952667814113597,0.1706631299734748,0.047793103834974905,0.5395817198936614,0.4917886160586865
fedprox,42,bearing,adaptive,cnn-ae,test1_bearing2,fuzzy_fault_only_hi75,0.5974427639271301,0.003875968992248062,0.5740103270223752,0.1706631299734748,0.047793103834974905,0.5395817198936614,0.4917886160586865
fedprox,42,bearing,client_specific,cnn-ae,test1_bearing3,hard_val_p95,0.3314198582832541,0.04263565891472868,0.8012586058519794,0.029177718832891247,0.11873716334436814,0.20733591411536245,0.08859875077099431
fedprox,42,bearing,client_specific,cnn-ae,test1_bearing3,fuzzy_warning_as_alarm_hi50,0.3314198582832541,0.04263565891472868,0.8012586058519794,0.029177718832891247,0.11873716334436814,0.20733591411536245,0.08859875077099431
fedprox,42,bearing,client_specific,cnn-ae,test1_bearing3,fuzzy_fault_only_hi75,0.31241776688897965,0.023255813953488372,0.8148128227194492,0.029177718832891247,0.11873716334436814,0.20733591411536245,0.08859875077099431
fedprox,42,bearing,pooled,cnn-ae,test1_bearing3,hard_val_p95,0.3984740023147156,0.3449612403100775,0.75,0.053527851458885944,0.4148598121461369,0.323315775956621,-0.0915440361895159
fedprox,42,bearing,pooled,cnn-ae,test1_bearing3,fuzzy_warning_as_alarm_hi50,0.3984740023147156,0.3449612403100775,0.75,0.053527851458885944,0.4148598121461369,0.323315775956621,-0.0915440361895159
fedprox,42,bearing,pooled,cnn-ae,test1_bearing3,fuzzy_fault_only_hi75,0.3789684265460555,0.1744186046511628,0.7656518932874354,0.053527851458885944,0.4148598121461369,0.323315775956621,-0.0915440361895159
fedprox,42,bearing,adaptive,cnn-ae,test1_bearing3,hard_val_p95,0.3566226773182681,0.09689922480620156,0.7827022375215146,0.03649867374005305,0.19680254978080405,0.23753839675017646,0.04073584696937241
fedprox,42,bearing,adaptive,cnn-ae,test1_bearing3,fuzzy_warning_as_alarm_hi50,0.3566226773182681,0.09689922480620156,0.7827022375215146,0.03649867374005305,0.19680254978080405,0.23753839675017646,0.04073584696937241
fedprox,42,bearing,adaptive,cnn-ae,test1_bearing3,fuzzy_fault_only_hi75,0.3356887298747764,0.05813953488372093,0.7981389845094664,0.03649867374005305,0.19680254978080405,0.23753839675017646,0.04073584696937241
fedprox,42,bearing,client_specific,cnn-ae,test1_bearing4,hard_val_p95,0.35568126574446457,0.04263565891472868,0.7835628227194492,0.020583554376657823,0.09567832865456423,0.22626334118127087,0.13058501252670662
fedprox,42,bearing,client_specific,cnn-ae,test1_bearing4,fuzzy_warning_as_alarm_hi50,0.35568126574446457,0.04263565891472868,0.7835628227194492,0.020583554376657823,0.09567832865456423,0.22626334118127087,0.13058501252670662
fedprox,42,bearing,client_specific,cnn-ae,test1_bearing4,fuzzy_fault_only_hi75,0.3456219148841553,0.03488372093023256,0.7909853700516352,0.020583554376657823,0.09567832865456423,0.22626334118127087,0.13058501252670662
fedprox,42,bearing,pooled,cnn-ae,test1_bearing4,hard_val_p95,0.3991926826126165,0.1821705426356589,0.75,0.05209549071618037,0.27624521411596026,0.323315775956621,0.04707056184066072
fedprox,42,bearing,pooled,cnn-ae,test1_bearing4,fuzzy_warning_as_alarm_hi50,0.3991926826126165,0.1821705426356589,0.75,0.05209549071618037,0.27624521411596026,0.323315775956621,0.04707056184066072
fedprox,42,bearing,pooled,cnn-ae,test1_bearing4,fuzzy_fault_only_hi75,0.37931484786488484,0.09302325581395349,0.7656518932874354,0.05209549071618037,0.27624521411596026,0.323315775956621,0.04707056184066072
fedprox,42,bearing,adaptive,cnn-ae,test1_bearing4,hard_val_p95,0.3713785557986871,0.05813953488372093,0.7717835628227194,0.02843501326259947,0.15947734657459883,0.24971751099171668,0.09024016441711785
fedprox,42,bearing,adaptive,cnn-ae,test1_bearing4,fuzzy_warning_as_alarm_hi50,0.3713785557986871,0.05813953488372093,0.7717835628227194,0.02843501326259947,0.15947734657459883,0.24971751099171668,0.09024016441711785
fedprox,42,bearing,adaptive,cnn-ae,test1_bearing4,fuzzy_fault_only_hi75,0.35582659419329177,0.04263565891472868,0.7834552495697074,0.02843501326259947,0.15947734657459883,0.24971751099171668,0.09024016441711785
fedprox,42,bearing,client_specific,cnn-ae,test2_bearing1,hard_val_p95,0.883292309539533,0.07627118644067797,0.2086381239242685,0.023035809727418494,0.13043019577750914,0.8106500212622995,0.6802198254847903
fedprox,42,bearing,client_specific,cnn-ae,test2_bearing1,fuzzy_warning_as_alarm_hi50,0.883292309539533,0.07627118644067797,0.2086381239242685,0.023035809727418494,0.13043019577750914,0.8106500212622995,0.6802198254847903
fedprox,42,bearing,client_specific,cnn-ae,test2_bearing1,fuzzy_fault_only_hi75,0.8788764654470932,0.06779661016949153,0.2157379518072289,0.023035809727418494,0.13043019577750914,0.8106500212622995,0.6802198254847903
fedprox,42,bearing,pooled,cnn-ae,test2_bearing1,hard_val_p95,0.4,0.0,0.75,0.04858364510956708,0.0020379402692822205,0.323315775956621,0.32127783568733875
fedprox,42,bearing,pooled,cnn-ae,test2_bearing1,fuzzy_warning_as_alarm_hi50,0.4,0.0,0.75,0.04858364510956708,0.0020379402692822205,0.323315775956621,0.32127783568733875
fedprox,42,bearing,pooled,cnn-ae,test2_bearing1,fuzzy_fault_only_hi75,0.37971153427164583,0.0,0.7656518932874354,0.04858364510956708,0.0020379402692822205,0.323315775956621,0.32127783568733875
fedprox,42,bearing,adaptive,cnn-ae,test2_bearing1,hard_val_p95,0.8395993884746186,0.03389830508474576,0.27630163511187605,0.015873864243719935,0.043071534654800916,0.73793817745072,0.694866642795919
fedprox,42,bearing,adaptive,cnn-ae,test2_bearing1,fuzzy_warning_as_alarm_hi50,0.8395993884746186,0.03389830508474576,0.27630163511187605,0.015873864243719935,0.043071534654800916,0.73793817745072,0.694866642795919
fedprox,42,bearing,adaptive,cnn-ae,test2_bearing1,fuzzy_fault_only_hi75,0.8353637530926059,0.01694915254237288,0.2826484509466437,0.015873864243719935,0.043071534654800916,0.73793817745072,0.694866642795919
fedprox,42,bearing,client_specific,cnn-ae,test2_bearing3,hard_val_p95,0.41154618045176994,0.06779661016949153,0.740802495697074,0.01549973276322822,0.11574832088491606,0.2676339612886735,0.15188564040375746
fedprox,42,bearing,client_specific,cnn-ae,test2_bearing3,fuzzy_warning_as_alarm_hi50,0.41154618045176994,0.06779661016949153,0.740802495697074,0.01549973276322822,0.11574832088491606,0.2676339612886735,0.15188564040375746
fedprox,42,bearing,client_specific,cnn-ae,test2_bearing3,fuzzy_fault_only_hi75,0.40521418464045283,0.03389830508474576,0.7458584337349398,0.01549973276322822,0.11574832088491606,0.2676339612886735,0.15188564040375746
fedprox,42,bearing,pooled,cnn-ae,test2_bearing3,hard_val_p95,0.39994837155272556,0.025423728813559324,0.75,0.049919828968466064,0.25018607503908813,0.323315775956621,0.07312970091753285
fedprox,42,bearing,pooled,cnn-ae,test2_bearing3,fuzzy_warning_as_alarm_hi50,0.39994837155272556,0.025423728813559324,0.75,0.049919828968466064,0.25018607503908813,0.323315775956621,0.07312970091753285
fedprox,42,bearing,pooled,cnn-ae,test2_bearing3,fuzzy_fault_only_hi75,0.37971153427164583,0.0,0.7656518932874354,0.049919828968466064,0.25018607503908813,0.323315775956621,0.07312970091753285
fedprox,42,bearing,adaptive,cnn-ae,test2_bearing3,hard_val_p95,0.4097807036292908,0.06779661016949153,0.7422009466437177,0.022234099412079104,0.20287097816174945,0.2772576599176317,0.07438668175588223
fedprox,42,bearing,adaptive,cnn-ae,test2_bearing3,fuzzy_warning_as_alarm_hi50,0.4097807036292908,0.06779661016949153,0.7422009466437177,0.022234099412079104,0.20287097816174945,0.2772576599176317,0.07438668175588223
fedprox,42,bearing,adaptive,cnn-ae,test2_bearing3,fuzzy_fault_only_hi75,0.39994837155272556,0.025423728813559324,0.75,0.022234099412079104,0.20287097816174945,0.2772576599176317,0.07438668175588223
fedprox,42,bearing,client_specific,cnn-ae,test3_bearing1,hard_val_p95,0.8750981457993597,0.043478260869565216,0.22068631669535285,0.030282672730091467,0.09981666974468474,0.8041101541823219,0.7042934844376372
fedprox,42,bearing,client_specific,cnn-ae,test3_bearing1,fuzzy_warning_as_alarm_hi50,0.8750981457993597,0.043478260869565216,0.22068631669535285,0.030282672730091467,0.09981666974468474,0.8041101541823219,0.7042934844376372
fedprox,42,bearing,client_specific,cnn-ae,test3_bearing1,fuzzy_fault_only_hi75,0.868423452174706,0.030303030303030304,0.23160499139414803,0.030282672730091467,0.09981666974468474,0.8041101541823219,0.7042934844376372
fedprox,42,bearing,pooled,cnn-ae,test3_bearing1,hard_val_p95,0.4,0.0,0.75,0.04697431657278694,0.0006514368557904616,0.323315775956621,0.32266433910083053
fedprox,42,bearing,pooled,cnn-ae,test3_bearing1,fuzzy_warning_as_alarm_hi50,0.4,0.0,0.75,0.04697431657278694,0.0006514368557904616,0.323315775956621,0.32266433910083053
fedprox,42,bearing,pooled,cnn-ae,test3_bearing1,fuzzy_fault_only_hi75,0.37971153427164583,0.0,0.7656518932874354,0.04697431657278694,0.0006514368557904616,0.323315775956621,0.32266433910083053
fedprox,42,bearing,adaptive,cnn-ae,test3_bearing1,hard_val_p95,0.8319095477386935,0.005270092226613966,0.2876506024096386,0.02532168880161232,0.024170898535317297,0.7276858749826041,0.7035149764472868
fedprox,42,bearing,adaptive,cnn-ae,test3_bearing1,fuzzy_warning_as_alarm_hi50,0.8319095477386935,0.005270092226613966,0.2876506024096386,0.02532168880161232,0.024170898535317297,0.7276858749826041,0.7035149764472868
fedprox,42,bearing,adaptive,cnn-ae,test3_bearing1,fuzzy_fault_only_hi75,0.8234475340862358,0.005270092226613966,0.29996772805507743,0.02532168880161232,0.024170898535317297,0.7276858749826041,0.7035149764472868
fedprox,42,bearing,client_specific,cnn-ae,test3_bearing3,hard_val_p95,0.6800014160795836,0.06719367588932806,0.48343373493975905,0.09885794015813136,0.10967576730978183,0.5163700796348208,0.406694312325039
fedprox,42,bearing,client_specific,cnn-ae,test3_bearing3,fuzzy_warning_as_alarm_hi50,0.6800014160795836,0.06719367588932806,0.48343373493975905,0.09885794015813136,0.10967576730978183,0.5163700796348208,0.406694312325039
fedprox,42,bearing,client_specific,cnn-ae,test3_bearing3,fuzzy_fault_only_hi75,0.619443413729128,0.014492753623188406,0.5510434595524957,0.09885794015813136,0.10967576730978183,0.5163700796348208,0.406694312325039
fedprox,42,bearing,pooled,cnn-ae,test3_bearing3,hard_val_p95,0.4,0.0,0.75,0.04697431657278694,0.09208798808488038,0.323315775956621,0.2312277878717406
fedprox,42,bearing,pooled,cnn-ae,test3_bearing3,fuzzy_warning_as_alarm_hi50,0.4,0.0,0.75,0.04697431657278694,0.09208798808488038,0.323315775956621,0.2312277878717406
fedprox,42,bearing,pooled,cnn-ae,test3_bearing3,fuzzy_fault_only_hi75,0.37971153427164583,0.0,0.7656518932874354,0.04697431657278694,0.09208798808488038,0.323315775956621,0.2312277878717406
fedprox,42,bearing,adaptive,cnn-ae,test3_bearing3,hard_val_p95,0.5746809244567093,0.002635046113306983,0.5967620481927711,0.05746473050488347,0.08318933037409076,0.44015776289978437,0.3569684325256936
fedprox,42,bearing,adaptive,cnn-ae,test3_bearing3,fuzzy_warning_as_alarm_hi50,0.5746809244567093,0.002635046113306983,0.5967620481927711,0.05746473050488347,0.08318933037409076,0.44015776289978437,0.3569684325256936
fedprox,42,bearing,adaptive,cnn-ae,test3_bearing3,fuzzy_fault_only_hi75,0.5417826751892083,0.0013175230566534915,0.6284423407917383,0.05746473050488347,0.08318933037409076,0.44015776289978437,0.3569684325256936
fedprox,42,bearing,client_specific,cnn-ae,test1_bearing1,hard_val_p95,0.838602952651456,0.050387596899224806,0.2774311531841652,0.15050397877984084,0.10667207918949786,0.7439559413659118,0.637283862176414
fedprox,42,bearing,client_specific,cnn-ae,test1_bearing1,fuzzy_warning_as_alarm_hi50,0.838602952651456,0.050387596899224806,0.2774311531841652,0.15050397877984084,0.10667207918949786,0.7439559413659118,0.637283862176414
fedprox,42,bearing,client_specific,cnn-ae,test1_bearing1,fuzzy_fault_only_hi75,0.7859660574412533,0.027131782945736434,0.35235585197934594,0.15050397877984084,0.10667207918949786,0.7439559413659118,0.637283862176414
fedprox,42,bearing,pooled,cnn-ae,test1_bearing1,hard_val_p95,0.4422287390029325,0.0,0.7161144578313253,0.037241379310344824,0.0015836169598776578,0.3372956014172852,0.3357119844574076
fedprox,42,bearing,pooled,cnn-ae,test1_bearing1,fuzzy_warning_as_alarm_hi50,0.4422287390029325,0.0,0.7161144578313253,0.037241379310344824,0.0015836169598776578,0.3372956014172852,0.3357119844574076
fedprox,42,bearing,pooled,cnn-ae,test1_bearing1,fuzzy_fault_only_hi75,0.4219996604990664,0.0,0.7325731497418244,0.037241379310344824,0.0015836169598776578,0.3372956014172852,0.3357119844574076
fedprox,42,bearing,adaptive,cnn-ae,test1_bearing1,hard_val_p95,0.7542125891929918,0.007751937984496124,0.39452452667814114,0.05002652519893899,0.02890440188155405,0.6293498969047152,0.6004454950231611
fedprox,42,bearing,adaptive,cnn-ae,test1_bearing1,fuzzy_warning_as_alarm_hi50,0.7542125891929918,0.007751937984496124,0.39452452667814114,0.05002652519893899,0.02890440188155405,0.6293498969047152,0.6004454950231611
fedprox,42,bearing,adaptive,cnn-ae,test1_bearing1,fuzzy_fault_only_hi75,0.7320216865004944,0.003875968992248062,0.4226549053356282,0.05002652519893899,0.02890440188155405,0.6293498969047152,0.6004454950231611
fedprox,42,bearing,client_specific,cnn-ae,test1_bearing2,hard_val_p95,0.9822459307892217,0.03875968992248062,0.03436962134251291,0.07485411140583555,0.09416847993248763,0.9430593313047044,0.8488908513722168
fedprox,42,bearing,client_specific,cnn-ae,test1_bearing2,fuzzy_warning_as_alarm_hi50,0.9822459307892217,0.03875968992248062,0.03436962134251291,0.07485411140583555,0.09416847993248763,0.9430593313047044,0.8488908513722168
fedprox,42,bearing,client_specific,cnn-ae,test1_bearing2,fuzzy_fault_only_hi75,0.9523943661971831,0.011627906976744186,0.09073795180722892,0.07485411140583555,0.09416847993248763,0.9430593313047044,0.8488908513722168
fedprox,42,bearing,pooled,cnn-ae,test1_bearing2,hard_val_p95,0.4422287390029325,0.0,0.7161144578313253,0.037241379310344824,0.0,0.3372956014172852,0.3372956014172852
fedprox,42,bearing,pooled,cnn-ae,test1_bearing2,fuzzy_warning_as_alarm_hi50,0.4422287390029325,0.0,0.7161144578313253,0.037241379310344824,0.0,0.3372956014172852,0.3372956014172852
fedprox,42,bearing,pooled,cnn-ae,test1_bearing2,fuzzy_fault_only_hi75,0.4219996604990664,0.0,0.7325731497418244,0.037241379310344824,0.0,0.3372956014172852,0.3372956014172852
fedprox,42,bearing,adaptive,cnn-ae,test1_bearing2,hard_val_p95,0.8371380323972731,0.003875968992248062,0.28006669535283996,0.11798408488063661,0.01882982918717073,0.7565406157103766,0.7377107865232059
fedprox,42,bearing,adaptive,cnn-ae,test1_bearing2,fuzzy_warning_as_alarm_hi50,0.8371380323972731,0.003875968992248062,0.28006669535283996,0.11798408488063661,0.01882982918717073,0.7565406157103766,0.7377107865232059
fedprox,42,bearing,adaptive,cnn-ae,test1_bearing2,fuzzy_fault_only_hi75,0.7993542137552471,0.0,0.33422977624784855,0.11798408488063661,0.01882982918717073,0.7565406157103766,0.7377107865232059
fedprox,42,bearing,client_specific,cnn-ae,test1_bearing3,hard_val_p95,0.38321167883211676,0.05426356589147287,0.7628012048192772,0.019681697612732096,0.12083668553696635,0.2437509621061442,0.12291427656917785
fedprox,42,bearing,client_specific,cnn-ae,test1_bearing3,fuzzy_warning_as_alarm_hi50,0.38321167883211676,0.05426356589147287,0.7628012048192772,0.019681697612732096,0.12083668553696635,0.2437509621061442,0.12291427656917785
fedprox,42,bearing,client_specific,cnn-ae,test1_bearing3,fuzzy_fault_only_hi75,0.36659788383017955,0.03875968992248062,0.7754410499139415,0.019681697612732096,0.12083668553696635,0.2437509621061442,0.12291427656917785
fedprox,42,bearing,pooled,cnn-ae,test1_bearing3,hard_val_p95,0.4406411754883954,0.3333333333333333,0.7161144578313253,0.04249336870026525,0.4074651926241886,0.3372956014172852,-0.07016959120690341
fedprox,42,bearing,pooled,cnn-ae,test1_bearing3,fuzzy_warning_as_alarm_hi50,0.4406411754883954,0.3333333333333333,0.7161144578313253,0.04249336870026525,0.4074651926241886,0.3372956014172852,-0.07016959120690341
fedprox,42,bearing,pooled,cnn-ae,test1_bearing3,fuzzy_fault_only_hi75,0.42132022709939837,0.14728682170542637,0.7325731497418244,0.04249336870026525,0.4074651926241886,0.3372956014172852,-0.07016959120690341
fedprox,42,bearing,adaptive,cnn-ae,test1_bearing3,hard_val_p95,0.40104792990895033,0.08914728682170543,0.7488704819277109,0.03183023872679045,0.19224622329441463,0.26469196170449694,0.07244573841008231
fedprox,42,bearing,adaptive,cnn-ae,test1_bearing3,fuzzy_warning_as_alarm_hi50,0.40104792990895033,0.08914728682170543,0.7488704819277109,0.03183023872679045,0.19224622329441463,0.26469196170449694,0.07244573841008231
fedprox,42,bearing,adaptive,cnn-ae,test1_bearing3,fuzzy_fault_only_hi75,0.38046742394568484,0.05426356589147287,0.7648988812392427,0.03183023872679045,0.19224622329441463,0.26469196170449694,0.07244573841008231
fedprox,42,bearing,client_specific,cnn-ae,test1_bearing4,hard_val_p95,0.4199082724647528,0.046511627906976744,0.73407917383821,0.021326259946949602,0.09919854740517389,0.27182732125090897,0.17262877384573508
fedprox,42,bearing,client_specific,cnn-ae,test1_bearing4,fuzzy_warning_as_alarm_hi50,0.4199082724647528,0.046511627906976744,0.73407917383821,0.021326259946949602,0.09919854740517389,0.27182732125090897,0.17262877384573508
fedprox,42,bearing,client_specific,cnn-ae,test1_bearing4,fuzzy_fault_only_hi75,0.40570889765129436,0.027131782945736434,0.7454281411359724,0.021326259946949602,0.09919854740517389,0.27182732125090897,0.17262877384573508
fedprox,42,bearing,pooled,cnn-ae,test1_bearing4,hard_val_p95,0.44169212100924726,0.1124031007751938,0.7161144578313253,0.039946949602122014,0.2470695825512912,0.3372956014172852,0.09022601886599402
fedprox,42,bearing,pooled,cnn-ae,test1_bearing4,fuzzy_warning_as_alarm_hi50,0.44169212100924726,0.1124031007751938,0.7161144578313253,0.039946949602122014,0.2470695825512912,0.3372956014172852,0.09022601886599402
fedprox,42,bearing,pooled,cnn-ae,test1_bearing4,fuzzy_fault_only_hi75,0.4217490881330053,0.05426356589147287,0.7325731497418244,0.039946949602122014,0.2470695825512912,0.3372956014172852,0.09022601886599402
fedprox,42,bearing,adaptive,cnn-ae,test1_bearing4,hard_val_p95,0.42654829845698583,0.06976744186046512,0.7286467297762479,0.026525198938992044,0.15367721927280964,0.2847024917364786,0.13102527246366896
fedprox,42,bearing,adaptive,cnn-ae,test1_bearing4,fuzzy_warning_as_alarm_hi50,0.42654829845698583,0.06976744186046512,0.7286467297762479,0.026525198938992044,0.15367721927280964,0.2847024917364786,0.13102527246366896
fedprox,42,bearing,adaptive,cnn-ae,test1_bearing4,fuzzy_fault_only_hi75,0.4104426593744659,0.03488372093023256,0.7416630808950087,0.026525198938992044,0.15367721927280964,0.2847024917364786,0.13102527246366896
fedprox,42,bearing,client_specific,cnn-ae,test2_bearing1,hard_val_p95,0.8844573724772843,0.06779661016949153,0.20680938037865748,0.03874933190807055,0.11682203218724665,0.8121778518774392,0.6953558196901926
fedprox,42,bearing,client_specific,cnn-ae,test2_bearing1,fuzzy_warning_as_alarm_hi50,0.8844573724772843,0.06779661016949153,0.20680938037865748,0.03874933190807055,0.11682203218724665,0.8121778518774392,0.6953558196901926
fedprox,42,bearing,client_specific,cnn-ae,test2_bearing1,fuzzy_fault_only_hi75,0.8760310602169381,0.06779661016949153,0.22025602409638553,0.03874933190807055,0.11682203218724665,0.8121778518774392,0.6953558196901926
fedprox,42,bearing,pooled,cnn-ae,test2_bearing1,hard_val_p95,0.4422287390029325,0.0,0.7161144578313253,0.03752004275788348,0.0,0.3372956014172852,0.3372956014172852
fedprox,42,bearing,pooled,cnn-ae,test2_bearing1,fuzzy_warning_as_alarm_hi50,0.4422287390029325,0.0,0.7161144578313253,0.03752004275788348,0.0,0.3372956014172852,0.3372956014172852
fedprox,42,bearing,pooled,cnn-ae,test2_bearing1,fuzzy_fault_only_hi75,0.4219996604990664,0.0,0.7325731497418244,0.03752004275788348,0.0,0.3372956014172852,0.3372956014172852
fedprox,42,bearing,adaptive,cnn-ae,test2_bearing1,hard_val_p95,0.7811721515668022,0.0,0.35907917383821,0.017423837520042756,0.012054110809246218,0.6671775118288378,0.6551234010195915
fedprox,42,bearing,adaptive,cnn-ae,test2_bearing1,fuzzy_warning_as_alarm_hi50,0.7811721515668022,0.0,0.35907917383821,0.017423837520042756,0.012054110809246218,0.6671775118288378,0.6551234010195915
fedprox,42,bearing,adaptive,cnn-ae,test2_bearing1,fuzzy_fault_only_hi75,0.7769627997237115,0.0,0.3647267641996558,0.017423837520042756,0.012054110809246218,0.6671775118288378,0.6551234010195915
fedprox,42,bearing,client_specific,cnn-ae,test2_bearing3,hard_val_p95,0.41875690842615426,0.0423728813559322,0.7351011187607573,0.015339390700160343,0.10993018351244031,0.2684695660153518,0.1585393825029115
fedprox,42,bearing,client_specific,cnn-ae,test2_bearing3,fuzzy_warning_as_alarm_hi50,0.41875690842615426,0.0423728813559322,0.7351011187607573,0.015339390700160343,0.10993018351244031,0.2684695660153518,0.1585393825029115
fedprox,42,bearing,client_specific,cnn-ae,test2_bearing3,fuzzy_fault_only_hi75,0.411123926694861,0.0423728813559322,0.7411790017211703,0.015339390700160343,0.10993018351244031,0.2684695660153518,0.1585393825029115
fedprox,42,bearing,pooled,cnn-ae,test2_bearing3,hard_val_p95,0.4418030385468547,0.19491525423728814,0.7161144578313253,0.04083377872795296,0.3741435676588388,0.3372956014172852,-0.03684796624155362
fedprox,42,bearing,pooled,cnn-ae,test2_bearing3,fuzzy_warning_as_alarm_hi50,0.4418030385468547,0.19491525423728814,0.7161144578313253,0.04083377872795296,0.3741435676588388,0.3372956014172852,-0.03684796624155362
fedprox,42,bearing,pooled,cnn-ae,test2_bearing3,fuzzy_fault_only_hi75,0.42187433710915956,0.059322033898305086,0.7325731497418244,0.04083377872795296,0.3741435676588388,0.3372956014172852,-0.03684796624155362
fedprox,42,bearing,adaptive,cnn-ae,test2_bearing3,hard_val_p95,0.4237776459622066,0.07627118644067797,0.731013339070568,0.020791020844468197,0.2414539615114651,0.27877064570732396,0.037316684195858874
fedprox,42,bearing,adaptive,cnn-ae,test2_bearing3,fuzzy_warning_as_alarm_hi50,0.4237776459622066,0.07627118644067797,0.731013339070568,0.020791020844468197,0.2414539615114651,0.27877064570732396,0.037316684195858874
fedprox,42,bearing,adaptive,cnn-ae,test2_bearing3,fuzzy_fault_only_hi75,0.41369898067983113,0.0423728813559322,0.7391351118760757,0.020791020844468197,0.2414539615114651,0.27877064570732396,0.037316684195858874
fedprox,42,bearing,client_specific,cnn-ae,test3_bearing1,hard_val_p95,0.8180894953982862,0.03820816864295125,0.3067448364888124,0.05519094620433052,0.09892639952533527,0.7331202105987351,0.6341938110733998
fedprox,42,bearing,client_specific,cnn-ae,test3_bearing1,fuzzy_warning_as_alarm_hi50,0.8180894953982862,0.03820816864295125,0.3067448364888124,0.05519094620433052,0.09892639952533527,0.7331202105987351,0.6341938110733998
fedprox,42,bearing,client_specific,cnn-ae,test3_bearing1,fuzzy_fault_only_hi75,0.804342937907552,0.025032938076416336,0.326592082616179,0.05519094620433052,0.09892639952533527,0.7331202105987351,0.6341938110733998
fedprox,42,bearing,pooled,cnn-ae,test3_bearing1,hard_val_p95,0.4422287390029325,0.0,0.7161144578313253,0.036277194977003775,0.0003906943933837522,0.3372956014172852,0.33690490702390147
fedprox,42,bearing,pooled,cnn-ae,test3_bearing1,fuzzy_warning_as_alarm_hi50,0.4422287390029325,0.0,0.7161144578313253,0.036277194977003775,0.0003906943933837522,0.3372956014172852,0.33690490702390147
fedprox,42,bearing,pooled,cnn-ae,test3_bearing1,fuzzy_fault_only_hi75,0.4219996604990664,0.0,0.7325731497418244,0.036277194977003775,0.0003906943933837522,0.3372956014172852,0.33690490702390147
fedprox,42,bearing,adaptive,cnn-ae,test3_bearing1,hard_val_p95,0.7503276760208368,0.0,0.3995804647160069,0.02206604309854788,0.025416330235036394,0.6321844104382149,0.6067680802031785
fedprox,42,bearing,adaptive,cnn-ae,test3_bearing1,fuzzy_warning_as_alarm_hi50,0.7503276760208368,0.0,0.3995804647160069,0.02206604309854788,0.025416330235036394,0.6321844104382149,0.6067680802031785
fedprox,42,bearing,adaptive,cnn-ae,test3_bearing1,fuzzy_fault_only_hi75,0.743698898574228,0.0,0.4080249569707401,0.02206604309854788,0.025416330235036394,0.6321844104382149,0.6067680802031785
fedprox,42,bearing,client_specific,cnn-ae,test3_bearing3,hard_val_p95,0.6333431128062198,0.05401844532279315,0.535552925989673,0.06971215957831636,0.11181050080359425,0.472251644454506,0.36044114365091173
fedprox,42,bearing,client_specific,cnn-ae,test3_bearing3,fuzzy_warning_as_alarm_hi50,0.6333431128062198,0.05401844532279315,0.535552925989673,0.06971215957831636,0.11181050080359425,0.472251644454506,0.36044114365091173
fedprox,42,bearing,client_specific,cnn-ae,test3_bearing3,fuzzy_fault_only_hi75,0.5996688990894725,0.022397891963109356,0.5713747848537005,0.06971215957831636,0.11181050080359425,0.472251644454506,0.36044114365091173
fedprox,42,bearing,pooled,cnn-ae,test3_bearing3,hard_val_p95,0.4422287390029325,0.0,0.7161144578313253,0.036277194977003775,0.12403746261513551,0.3372956014172852,0.2132581388021497
fedprox,42,bearing,pooled,cnn-ae,test3_bearing3,fuzzy_warning_as_alarm_hi50,0.4422287390029325,0.0,0.7161144578313253,0.036277194977003775,0.12403746261513551,0.3372956014172852,0.2132581388021497
fedprox,42,bearing,pooled,cnn-ae,test3_bearing3,fuzzy_fault_only_hi75,0.4219996604990664,0.0,0.7325731497418244,0.036277194977003775,0.12403746261513551,0.3372956014172852,0.2132581388021497
fedprox,42,bearing,adaptive,cnn-ae,test3_bearing3,hard_val_p95,0.5357325668386029,0.002635046113306983,0.6340899311531841,0.03121285721668131,0.09770865781531321,0.4060317087186596,0.30832305090334644
fedprox,42,bearing,adaptive,cnn-ae,test3_bearing3,fuzzy_warning_as_alarm_hi50,0.5357325668386029,0.002635046113306983,0.6340899311531841,0.03121285721668131,0.09770865781531321,0.4060317087186596,0.30832305090334644
fedprox,42,bearing,adaptive,cnn-ae,test3_bearing3,fuzzy_fault_only_hi75,0.5253222288320444,0.0,0.6437715146299484,0.03121285721668131,0.09770865781531321,0.4060317087186596,0.30832305090334644
fedprox-personalized,42,bearing,client_specific,cnn-ae,test1_bearing1,hard_val_p95,0.9544726864204466,0.08139534883720931,0.08605851979345955,0.02843501326259947,0.106999712423634,0.9072241407938136,0.8002244283701796
fedprox-personalized,42,bearing,client_specific,cnn-ae,test1_bearing1,fuzzy_warning_as_alarm_hi50,0.9544726864204466,0.08139534883720931,0.08605851979345955,0.02843501326259947,0.106999712423634,0.9072241407938136,0.8002244283701796
fedprox-personalized,42,bearing,client_specific,cnn-ae,test1_bearing1,fuzzy_fault_only_hi75,0.9424640400250156,0.03488372093023256,0.10837994836488812,0.02843501326259947,0.106999712423634,0.9072241407938136,0.8002244283701796
fedprox-personalized,42,bearing,client_specific,cnn-ae,test1_bearing2,hard_val_p95,0.998465886152604,0.05426356589147287,0.0023128227194492254,0.007055702917771883,0.10748009397126913,0.9955732352320822,0.8880931412608131
fedprox-personalized,42,bearing,client_specific,cnn-ae,test1_bearing2,fuzzy_warning_as_alarm_hi50,0.998465886152604,0.05426356589147287,0.0023128227194492254,0.007055702917771883,0.10748009397126913,0.9955732352320822,0.8880931412608131
fedprox-personalized,42,bearing,client_specific,cnn-ae,test1_bearing2,fuzzy_fault_only_hi75,0.9963840466296077,0.015503875968992248,0.006992254733218589,0.007055702917771883,0.10748009397126913,0.9955732352320822,0.8880931412608131
fedprox-personalized,42,bearing,client_specific,cnn-ae,test1_bearing3,hard_val_p95,0.41959468071546924,0.027131782945736434,0.7344018932874354,0.022705570291777187,0.10805012386912849,0.2759494463392017,0.16789932247007322
fedprox-personalized,42,bearing,client_specific,cnn-ae,test1_bearing3,fuzzy_warning_as_alarm_hi50,0.41959468071546924,0.027131782945736434,0.7344018932874354,0.022705570291777187,0.10805012386912849,0.2759494463392017,0.16789932247007322
fedprox-personalized,42,bearing,client_specific,cnn-ae,test1_bearing3,fuzzy_fault_only_hi75,0.41336063475812646,0.01937984496124031,0.7394040447504303,0.022705570291777187,0.10805012386912849,0.2759494463392017,0.16789932247007322
fedprox-personalized,42,bearing,client_specific,cnn-ae,test1_bearing4,hard_val_p95,0.4884212236938328,0.04263565891472868,0.6766888984509466,0.014960212201591511,0.09195867450618933,0.330274549390673,0.2383158748844837
fedprox-personalized,42,bearing,client_specific,cnn-ae,test1_bearing4,fuzzy_warning_as_alarm_hi50,0.4884212236938328,0.04263565891472868,0.6766888984509466,0.014960212201591511,0.09195867450618933,0.330274549390673,0.2383158748844837
fedprox-personalized,42,bearing,client_specific,cnn-ae,test1_bearing4,fuzzy_fault_only_hi75,0.4781078648007202,0.015503875968992248,0.6857788296041308,0.014960212201591511,0.09195867450618933,0.330274549390673,0.2383158748844837
fedprox-personalized,42,bearing,client_specific,cnn-ae,test2_bearing1,hard_val_p95,0.9143090712679922,0.00847457627118644,0.15780981067125646,0.05558524853019776,0.08894369137503044,0.8650566525729131,0.7761129611978826
fedprox-personalized,42,bearing,client_specific,cnn-ae,test2_bearing1,fuzzy_warning_as_alarm_hi50,0.9143090712679922,0.00847457627118644,0.15780981067125646,0.05558524853019776,0.08894369137503044,0.8650566525729131,0.7761129611978826
fedprox-personalized,42,bearing,client_specific,cnn-ae,test2_bearing1,fuzzy_fault_only_hi75,0.9074830331697858,0.00847457627118644,0.16932013769363166,0.05558524853019776,0.08894369137503044,0.8650566525729131,0.7761129611978826
fedprox-personalized,42,bearing,client_specific,cnn-ae,test2_bearing3,hard_val_p95,0.4526810599442572,0.05084745762711865,0.7073472461273667,0.028006413682522716,0.135328612580983,0.30622617694111653,0.17089756436013354
fedprox-personalized,42,bearing,client_specific,cnn-ae,test2_bearing3,fuzzy_warning_as_alarm_hi50,0.4526810599442572,0.05084745762711865,0.7073472461273667,0.028006413682522716,0.135328612580983,0.30622617694111653,0.17089756436013354
fedprox-personalized,42,bearing,client_specific,cnn-ae,test2_bearing3,fuzzy_fault_only_hi75,0.44437008532708716,0.03389830508474576,0.7142857142857143,0.028006413682522716,0.135328612580983,0.30622617694111653,0.17089756436013354
fedprox-personalized,42,bearing,client_specific,cnn-ae,test3_bearing1,hard_val_p95,0.8546735152093009,0.03557312252964427,0.2526893287435456,0.041754948064699496,0.09484033207576116,0.7868829027052323,0.6920425706294712
fedprox-personalized,42,bearing,client_specific,cnn-ae,test3_bearing1,fuzzy_warning_as_alarm_hi50,0.8546735152093009,0.03557312252964427,0.2526893287435456,0.041754948064699496,0.09484033207576116,0.7868829027052323,0.6920425706294712
fedprox-personalized,42,bearing,client_specific,cnn-ae,test3_bearing1,fuzzy_fault_only_hi75,0.8476402824228911,0.01844532279314888,0.26387693631669534,0.041754948064699496,0.09484033207576116,0.7868829027052323,0.6920425706294712
fedprox-personalized,42,bearing,client_specific,cnn-ae,test3_bearing3,hard_val_p95,0.6903942098236244,0.05928853754940711,0.47154690189328746,0.05932509947806315,0.1100131844051704,0.5467631536700951,0.4367499692649247
fedprox-personalized,42,bearing,client_specific,cnn-ae,test3_bearing3,fuzzy_warning_as_alarm_hi50,0.6903942098236244,0.05928853754940711,0.47154690189328746,0.05932509947806315,0.1100131844051704,0.5467631536700951,0.4367499692649247
fedprox-personalized,42,bearing,client_specific,cnn-ae,test3_bearing3,fuzzy_fault_only_hi75,0.6633400344629523,0.03293807641633729,0.503065834767642,0.05932509947806315,0.1100131844051704,0.5467631536700951,0.4367499692649247
fedbn,42,bearing,client_specific,cnn-ae,test1_bearing1,hard_val_p95,0.9319362709918185,0.04263565891472868,0.12693631669535285,0.09771883289124668,0.09544611047210547,0.8667341770354778,0.7712880665633723
fedbn,42,bearing,client_specific,cnn-ae,test1_bearing1,fuzzy_warning_as_alarm_hi50,0.9319362709918185,0.04263565891472868,0.12693631669535285,0.09771883289124668,0.09544611047210547,0.8667341770354778,0.7712880665633723
fedbn,42,bearing,client_specific,cnn-ae,test1_bearing1,fuzzy_fault_only_hi75,0.896797153024911,0.031007751937984496,0.18674698795180722,0.09771883289124668,0.09544611047210547,0.8667341770354778,0.7712880665633723
fedbn,42,bearing,pooled,cnn-ae,test1_bearing1,hard_val_p95,0.04387395444263244,0.0,0.9775709982788297,0.041591511936339524,0.08204683972378861,0.22031797929131147,0.13827113956752285
fedbn,42,bearing,pooled,cnn-ae,test1_bearing1,fuzzy_warning_as_alarm_hi50,0.04387395444263244,0.0,0.9775709982788297,0.041591511936339524,0.08204683972378861,0.22031797929131147,0.13827113956752285
fedbn,42,bearing,pooled,cnn-ae,test1_bearing1,fuzzy_fault_only_hi75,0.02674591381872214,0.0,0.9864457831325302,0.041591511936339524,0.08204683972378861,0.22031797929131147,0.13827113956752285
fedbn,42,bearing,adaptive,cnn-ae,test1_bearing1,hard_val_p95,0.8485355130348629,0.011627906976744186,0.26296256454388983,0.11771883289124668,0.07669529646428433,0.7530945907183029,0.6763992942540186
fedbn,42,bearing,adaptive,cnn-ae,test1_bearing1,fuzzy_warning_as_alarm_hi50,0.8485355130348629,0.011627906976744186,0.26296256454388983,0.11771883289124668,0.07669529646428433,0.7530945907183029,0.6763992942540186
fedbn,42,bearing,adaptive,cnn-ae,test1_bearing1,fuzzy_fault_only_hi75,0.8024731113544149,0.007751937984496124,0.32981927710843373,0.11771883289124668,0.07669529646428433,0.7530945907183029,0.6763992942540186
fedbn,42,bearing,client_specific,cnn-ae,test1_bearing2,hard_val_p95,0.9808208668968162,0.027131782945736434,0.03727409638554217,0.03193633952254642,0.08415415179974792,0.9622101582417009,0.8780560064419529
fedbn,42,bearing,client_specific,cnn-ae,test1_bearing2,fuzzy_warning_as_alarm_hi50,0.9808208668968162,0.027131782945736434,0.03727409638554217,0.03193633952254642,0.08415415179974792,0.9622101582417009,0.8780560064419529
fedbn,42,bearing,client_specific,cnn-ae,test1_bearing2,fuzzy_fault_only_hi75,0.971627675460428,0.007751937984496124,0.055077452667814115,0.03193633952254642,0.08415415179974792,0.9622101582417009,0.8780560064419529
fedbn,42,bearing,pooled,cnn-ae,test1_bearing2,hard_val_p95,0.022127659574468085,0.0,0.9888123924268503,0.013740053050397877,0.0011330821739513027,0.1910167048837825,0.1898836227098312
fedbn,42,bearing,pooled,cnn-ae,test1_bearing2,fuzzy_warning_as_alarm_hi50,0.022127659574468085,0.0,0.9888123924268503,0.013740053050397877,0.0011330821739513027,0.1910167048837825,0.1898836227098312
fedbn,42,bearing,pooled,cnn-ae,test1_bearing2,fuzzy_fault_only_hi75,0.015053648641434901,0.0,0.9924160929432013,0.013740053050397877,0.0011330821739513027,0.1910167048837825,0.1898836227098312
fedbn,42,bearing,adaptive,cnn-ae,test1_bearing2,hard_val_p95,0.900408066710036,0.003875968992248062,0.18109939759036145,0.07421750663129974,0.023617016873206297,0.8425714538971462,0.8189544370239399
fedbn,42,bearing,adaptive,cnn-ae,test1_bearing2,fuzzy_warning_as_alarm_hi50,0.900408066710036,0.003875968992248062,0.18109939759036145,0.07421750663129974,0.023617016873206297,0.8425714538971462,0.8189544370239399
fedbn,42,bearing,adaptive,cnn-ae,test1_bearing2,fuzzy_fault_only_hi75,0.8813549124601407,0.003875968992248062,0.2120804647160069,0.07421750663129974,0.023617016873206297,0.8425714538971462,0.8189544370239399
fedbn,42,bearing,client_specific,cnn-ae,test1_bearing3,hard_val_p95,0.1855428738659643,0.031007751937984496,0.8976979345955249,0.0940053050397878,0.08756810708250222,0.15980172487213914,0.07223361778963693
fedbn,42,bearing,client_specific,cnn-ae,test1_bearing3,fuzzy_warning_as_alarm_hi50,0.1855428738659643,0.031007751937984496,0.8976979345955249,0.0940053050397878,0.08756810708250222,0.15980172487213914,0.07223361778963693
fedbn,42,bearing,client_specific,cnn-ae,test1_bearing3,fuzzy_fault_only_hi75,0.11399594320486815,0.015503875968992248,0.9395438898450946,0.0940053050397878,0.08756810708250222,0.15980172487213914,0.07223361778963693
fedbn,42,bearing,pooled,cnn-ae,test1_bearing3,hard_val_p95,0.7574168713081569,0.5038759689922481,0.38618760757314974,0.536604774535809,0.5496276005314275,0.6290306052491466,0.0794030047177191
fedbn,42,bearing,pooled,cnn-ae,test1_bearing3,fuzzy_warning_as_alarm_hi50,0.7574168713081569,0.5038759689922481,0.38618760757314974,0.536604774535809,0.5496276005314275,0.6290306052491466,0.0794030047177191
fedbn,42,bearing,pooled,cnn-ae,test1_bearing3,fuzzy_fault_only_hi75,0.5459575297097214,0.2596899224806202,0.623171256454389,0.536604774535809,0.5496276005314275,0.6290306052491466,0.0794030047177191
fedbn,42,bearing,adaptive,cnn-ae,test1_bearing3,hard_val_p95,0.2803142329020333,0.05813953488372093,0.8368653184165232,0.18419098143236073,0.24538711064704521,0.31807302742224236,0.07268591677519715
fedbn,42,bearing,adaptive,cnn-ae,test1_bearing3,fuzzy_warning_as_alarm_hi50,0.2803142329020333,0.05813953488372093,0.8368653184165232,0.18419098143236073,0.24538711064704521,0.31807302742224236,0.07268591677519715
fedbn,42,bearing,adaptive,cnn-ae,test1_bearing3,fuzzy_fault_only_hi75,0.16541724205957783,0.027131782945736434,0.9097999139414802,0.18419098143236073,0.24538711064704521,0.31807302742224236,0.07268591677519715
fedbn,42,bearing,client_specific,cnn-ae,test1_bearing4,hard_val_p95,0.21059717280507742,0.06201550387596899,0.8822074010327022,0.12557029177718834,0.10040750437414392,0.1711437713337372,0.07073626695959329
fedbn,42,bearing,client_specific,cnn-ae,test1_bearing4,fuzzy_warning_as_alarm_hi50,0.21059717280507742,0.06201550387596899,0.8822074010327022,0.12557029177718834,0.10040750437414392,0.1711437713337372,0.07073626695959329
fedbn,42,bearing,client_specific,cnn-ae,test1_bearing4,fuzzy_fault_only_hi75,0.1266116035455278,0.027131782945736434,0.9323902753872634,0.12557029177718834,0.10040750437414392,0.1711437713337372,0.07073626695959329
fedbn,42,bearing,pooled,cnn-ae,test1_bearing4,hard_val_p95,0.12301947724291049,0.027131782945736434,0.934434165232358,0.29336870026525197,0.2600307926630306,0.2886977188890063,0.02866692622597572
fedbn,42,bearing,pooled,cnn-ae,test1_bearing4,fuzzy_warning_as_alarm_hi50,0.12301947724291049,0.027131782945736434,0.934434165232358,0.29336870026525197,0.2600307926630306,0.2886977188890063,0.02866692622597572
fedbn,42,bearing,pooled,cnn-ae,test1_bearing4,fuzzy_fault_only_hi75,0.03280076182414559,0.0,0.9833261617900172,0.29336870026525197,0.2600307926630306,0.2886977188890063,0.02866692622597572
fedbn,42,bearing,adaptive,cnn-ae,test1_bearing4,hard_val_p95,0.19323202408117687,0.05813953488372093,0.8929647160068847,0.1687002652519894,0.23285536843647864,0.2788609911098868,0.046005622673408186
fedbn,42,bearing,adaptive,cnn-ae,test1_bearing4,fuzzy_warning_as_alarm_hi50,0.19323202408117687,0.05813953488372093,0.8929647160068847,0.1687002652519894,0.23285536843647864,0.2788609911098868,0.046005622673408186
fedbn,42,bearing,adaptive,cnn-ae,test1_bearing4,fuzzy_fault_only_hi75,0.10293292527416475,0.015503875968992248,0.9457293459552496,0.1687002652519894,0.23285536843647864,0.2788609911098868,0.046005622673408186
fedbn,42,bearing,client_specific,cnn-ae,test2_bearing1,hard_val_p95,0.10886359016060175,0.11016949152542373,0.942394578313253,0.048209513629075364,0.15202074418841569,0.11818252612740711,-0.033838218061008576
fedbn,42,bearing,client_specific,cnn-ae,test2_bearing1,fuzzy_warning_as_alarm_hi50,0.10886359016060175,0.11016949152542373,0.942394578313253,0.048209513629075364,0.15202074418841569,0.11818252612740711,-0.033838218061008576
fedbn,42,bearing,client_specific,cnn-ae,test2_bearing1,fuzzy_fault_only_hi75,0.07572936064556177,0.06779661016949153,0.9606282271944923,0.048209513629075364,0.15202074418841569,0.11818252612740711,-0.033838218061008576
fedbn,42,bearing,pooled,cnn-ae,test2_bearing1,hard_val_p95,0.0,0.0,1.0,0.00021378941742383753,0.22889748447793704,0.22922064998224448,0.0003231655043074433
fedbn,42,bearing,pooled,cnn-ae,test2_bearing1,fuzzy_warning_as_alarm_hi50,0.0,0.0,1.0,0.00021378941742383753,0.22889748447793704,0.22922064998224448,0.0003231655043074433
fedbn,42,bearing,pooled,cnn-ae,test2_bearing1,fuzzy_fault_only_hi75,0.0,0.0,1.0,0.00021378941742383753,0.22889748447793704,0.22922064998224448,0.0003231655043074433
fedbn,42,bearing,adaptive,cnn-ae,test2_bearing1,hard_val_p95,0.028307888040712468,0.0423728813559322,0.9856389845094664,0.03527525387493319,0.22998983969582668,0.21376503263022825,-0.016224807065598423
fedbn,42,bearing,adaptive,cnn-ae,test2_bearing1,fuzzy_warning_as_alarm_hi50,0.028307888040712468,0.0423728813559322,0.9856389845094664,0.03527525387493319,0.22998983969582668,0.21376503263022825,-0.016224807065598423
fedbn,42,bearing,adaptive,cnn-ae,test2_bearing1,fuzzy_fault_only_hi75,0.012929422450178982,0.03389830508474576,0.9934918244406197,0.03527525387493319,0.22998983969582668,0.21376503263022825,-0.016224807065598423
fedbn,42,bearing,client_specific,cnn-ae,test2_bearing3,hard_val_p95,0.04900057709459105,0.01694915254237288,0.974881669535284,0.02506680919294495,0.05810366010426544,0.07570807523919548,0.017604415134930045
fedbn,42,bearing,client_specific,cnn-ae,test2_bearing3,fuzzy_warning_as_alarm_hi50,0.04900057709459105,0.01694915254237288,0.974881669535284,0.02506680919294495,0.05810366010426544,0.07570807523919548,0.017604415134930045
fedbn,42,bearing,client_specific,cnn-ae,test2_bearing3,fuzzy_fault_only_hi75,0.036330992237418806,0.00847457627118644,0.9814974182444062,0.02506680919294495,0.05810366010426544,0.07570807523919548,0.017604415134930045
fedbn,42,bearing,pooled,cnn-ae,test2_bearing3,hard_val_p95,0.0,0.0,1.0,5.344735435595938e-05,0.2291373211457788,0.22952758418628805,0.00039026304050923666
fedbn,42,bearing,pooled,cnn-ae,test2_bearing3,fuzzy_warning_as_alarm_hi50,0.0,0.0,1.0,5.344735435595938e-05,0.2291373211457788,0.22952758418628805,0.00039026304050923666
fedbn,42,bearing,pooled,cnn-ae,test2_bearing3,fuzzy_fault_only_hi75,0.0,0.0,1.0,5.344735435595938e-05,0.2291373211457788,0.22952758418628805,0.00039026304050923666
fedbn,42,bearing,adaptive,cnn-ae,test2_bearing3,hard_val_p95,0.009634942725618241,0.0,0.9951592082616179,0.01721004810261892,0.1991023845303894,0.20364874391581952,0.004546359385430132
fedbn,42,bearing,adaptive,cnn-ae,test2_bearing3,fuzzy_warning_as_alarm_hi50,0.009634942725618241,0.0,0.9951592082616179,0.01721004810261892,0.1991023845303894,0.20364874391581952,0.004546359385430132
fedbn,42,bearing,adaptive,cnn-ae,test2_bearing3,fuzzy_fault_only_hi75,0.004614971827206869,0.0,0.9976871772805508,0.01721004810261892,0.1991023845303894,0.20364874391581952,0.004546359385430132
fedbn,42,bearing,client_specific,cnn-ae,test3_bearing1,hard_val_p95,0.8976126379315446,0.052700922266139656,0.1840038726333907,0.03663893338845538,0.10640858150175483,0.8361479182203968,0.729739336718642
fedbn,42,bearing,client_specific,cnn-ae,test3_bearing1,fuzzy_warning_as_alarm_hi50,0.8976126379315446,0.052700922266139656,0.1840038726333907,0.03663893338845538,0.10640858150175483,0.8361479182203968,0.729739336718642
fedbn,42,bearing,client_specific,cnn-ae,test3_bearing1,fuzzy_fault_only_hi75,0.889074576979319,0.02766798418972332,0.19879518072289157,0.03663893338845538,0.10640858150175483,0.8361479182203968,0.729739336718642
fedbn,42,bearing,pooled,cnn-ae,test3_bearing1,hard_val_p95,0.0,0.0,1.0,0.0002067076636866312,0.0003056688269694081,0.1202393926444636,0.11993372381749419
fedbn,42,bearing,pooled,cnn-ae,test3_bearing1,fuzzy_warning_as_alarm_hi50,0.0,0.0,1.0,0.0002067076636866312,0.0003056688269694081,0.1202393926444636,0.11993372381749419
fedbn,42,bearing,pooled,cnn-ae,test3_bearing1,fuzzy_fault_only_hi75,0.0,0.0,1.0,0.0002067076636866312,0.0003056688269694081,0.1202393926444636,0.11993372381749419
fedbn,42,bearing,adaptive,cnn-ae,test3_bearing1,hard_val_p95,0.8415249486077369,0.006587615283267457,0.2733971600688468,0.09927135548550463,0.026066994483249332,0.7250514331230237,0.6989844386397743
fedbn,42,bearing,adaptive,cnn-ae,test3_bearing1,fuzzy_warning_as_alarm_hi50,0.8415249486077369,0.006587615283267457,0.2733971600688468,0.09927135548550463,0.026066994483249332,0.7250514331230237,0.6989844386397743
fedbn,42,bearing,adaptive,cnn-ae,test3_bearing1,fuzzy_fault_only_hi75,0.7976979533770895,0.0013175230566534915,0.33648881239242684,0.09927135548550463,0.026066994483249332,0.7250514331230237,0.6989844386397743
fedbn,42,bearing,client_specific,cnn-ae,test3_bearing3,hard_val_p95,0.758473729772924,0.06851119894598155,0.38737091222030984,0.06030696088057465,0.1163253113583829,0.6253715597123429,0.5090462483539601
fedbn,42,bearing,client_specific,cnn-ae,test3_bearing3,fuzzy_warning_as_alarm_hi50,0.758473729772924,0.06851119894598155,0.38737091222030984,0.06030696088057465,0.1163253113583829,0.6253715597123429,0.5090462483539601
fedbn,42,bearing,client_specific,cnn-ae,test3_bearing3,fuzzy_fault_only_hi75,0.732731914893617,0.02766798418972332,0.4211488812392427,0.06030696088057465,0.1163253113583829,0.6253715597123429,0.5090462483539601
fedbn,42,bearing,pooled,cnn-ae,test3_bearing3,hard_val_p95,0.00021512315800795956,0.0,0.9998924268502581,0.000516769159216578,0.026936206156377266,0.1267263376560342,0.09979013149965693
fedbn,42,bearing,pooled,cnn-ae,test3_bearing3,fuzzy_warning_as_alarm_hi50,0.00021512315800795956,0.0,0.9998924268502581,0.000516769159216578,0.026936206156377266,0.1267263376560342,0.09979013149965693
fedbn,42,bearing,pooled,cnn-ae,test3_bearing3,fuzzy_fault_only_hi75,0.0,0.0,1.0,0.000516769159216578,0.026936206156377266,0.1267263376560342,0.09979013149965693
fedbn,42,bearing,adaptive,cnn-ae,test3_bearing3,hard_val_p95,0.6573512420566147,0.0013175230566534915,0.5103808089500861,0.03901607152085164,0.047241292072241176,0.521049921788036,0.47380862971579485
fedbn,42,bearing,adaptive,cnn-ae,test3_bearing3,fuzzy_warning_as_alarm_hi50,0.6573512420566147,0.0013175230566534915,0.5103808089500861,0.03901607152085164,0.047241292072241176,0.521049921788036,0.47380862971579485
fedbn,42,bearing,adaptive,cnn-ae,test3_bearing3,fuzzy_fault_only_hi75,0.6378754578754579,0.0013175230566534915,0.5316802925989673,0.03901607152085164,0.047241292072241176,0.521049921788036,0.47380862971579485
fedbn,42,bearing,client_specific,cnn-ae,test1_bearing1,hard_val_p95,0.9390768879892807,0.05813953488372093,0.11413511187607574,0.06705570291777188,0.11023311445125981,0.8803544708088268,0.770121356357567
fedbn,42,bearing,client_specific,cnn-ae,test1_bearing1,fuzzy_warning_as_alarm_hi50,0.9390768879892807,0.05813953488372093,0.11413511187607574,0.06705570291777188,0.11023311445125981,0.8803544708088268,0.770121356357567
fedbn,42,bearing,client_specific,cnn-ae,test1_bearing1,fuzzy_fault_only_hi75,0.9140955661286085,0.03488372093023256,0.15780981067125646,0.06705570291777188,0.11023311445125981,0.8803544708088268,0.770121356357567
fedbn,42,bearing,pooled,cnn-ae,test1_bearing1,hard_val_p95,0.43045882402600144,0.0,0.7257422547332186,0.11687002652519894,0.001404389020076112,0.3450731079493853,0.34366871892930917
fedbn,42,bearing,pooled,cnn-ae,test1_bearing1,fuzzy_warning_as_alarm_hi50,0.43045882402600144,0.0,0.7257422547332186,0.11687002652519894,0.001404389020076112,0.3450731079493853,0.34366871892930917
fedbn,42,bearing,pooled,cnn-ae,test1_bearing1,fuzzy_fault_only_hi75,0.36718921529881876,0.0,0.775118330464716,0.11687002652519894,0.001404389020076112,0.3450731079493853,0.34366871892930917
fedbn,42,bearing,adaptive,cnn-ae,test1_bearing1,hard_val_p95,0.8253466847774584,0.003875968992248062,0.29733218588640276,0.07474801061007957,0.028037854354075593,0.730019971171543,0.7019821168174675
fedbn,42,bearing,adaptive,cnn-ae,test1_bearing1,fuzzy_warning_as_alarm_hi50,0.8253466847774584,0.003875968992248062,0.29733218588640276,0.07474801061007957,0.028037854354075593,0.730019971171543,0.7019821168174675
fedbn,42,bearing,adaptive,cnn-ae,test1_bearing1,fuzzy_fault_only_hi75,0.7970367494824017,0.003875968992248062,0.33740318416523235,0.07474801061007957,0.028037854354075593,0.730019971171543,0.7019821168174675
fedbn,42,bearing,client_specific,cnn-ae,test1_bearing2,hard_val_p95,0.9808187647284485,0.01937984496124031,0.03738166953528399,0.026578249336870027,0.08605670645160672,0.9652313150603451,0.8791746086087384
fedbn,42,bearing,client_specific,cnn-ae,test1_bearing2,fuzzy_warning_as_alarm_hi50,0.9808187647284485,0.01937984496124031,0.03738166953528399,0.026578249336870027,0.08605670645160672,0.9652313150603451,0.8791746086087384
fedbn,42,bearing,client_specific,cnn-ae,test1_bearing2,fuzzy_fault_only_hi75,0.9742670380891966,0.011627906976744186,0.05002151462994837,0.026578249336870027,0.08605670645160672,0.9652313150603451,0.8791746086087384
fedbn,42,bearing,pooled,cnn-ae,test1_bearing2,hard_val_p95,0.45894981143022917,0.0,0.702183734939759,0.12546419098143236,0.0,0.36570475808467245,0.36570475808467245
fedbn,42,bearing,pooled,cnn-ae,test1_bearing2,fuzzy_warning_as_alarm_hi50,0.45894981143022917,0.0,0.702183734939759,0.12546419098143236,0.0,0.36570475808467245,0.36570475808467245
fedbn,42,bearing,pooled,cnn-ae,test1_bearing2,fuzzy_fault_only_hi75,0.39259931699304024,0.0,0.7557551635111877,0.12546419098143236,0.0,0.36570475808467245,0.36570475808467245
fedbn,42,bearing,adaptive,cnn-ae,test1_bearing2,hard_val_p95,0.9373267411620131,0.0,0.1179539586919105,0.06954907161803714,0.017531038930745924,0.8870511371949575,0.8695200982642116
fedbn,42,bearing,adaptive,cnn-ae,test1_bearing2,fuzzy_warning_as_alarm_hi50,0.9373267411620131,0.0,0.1179539586919105,0.06954907161803714,0.017531038930745924,0.8870511371949575,0.8695200982642116
fedbn,42,bearing,adaptive,cnn-ae,test1_bearing2,fuzzy_fault_only_hi75,0.9161395633544175,0.0,0.15474397590361447,0.06954907161803714,0.017531038930745924,0.8870511371949575,0.8695200982642116
fedbn,42,bearing,client_specific,cnn-ae,test1_bearing3,hard_val_p95,0.5873106276341269,0.04263565891472868,0.5840146299483648,0.10440318302387268,0.10180922833185745,0.4447203501716901,0.34291112183983263
fedbn,42,bearing,client_specific,cnn-ae,test1_bearing3,fuzzy_warning_as_alarm_hi50,0.5873106276341269,0.04263565891472868,0.5840146299483648,0.10440318302387268,0.10180922833185745,0.4447203501716901,0.34291112183983263
fedbn,42,bearing,client_specific,cnn-ae,test1_bearing3,fuzzy_fault_only_hi75,0.5426411250832452,0.03488372093023256,0.627474182444062,0.10440318302387268,0.10180922833185745,0.4447203501716901,0.34291112183983263
fedbn,42,bearing,pooled,cnn-ae,test1_bearing3,hard_val_p95,0.7961427193828351,0.5193798449612403,0.33390705679862304,0.13416445623342174,0.5458354305788391,0.7015676181218591,0.15573218754301998
fedbn,42,bearing,pooled,cnn-ae,test1_bearing3,fuzzy_warning_as_alarm_hi50,0.7961427193828351,0.5193798449612403,0.33390705679862304,0.13416445623342174,0.5458354305788391,0.7015676181218591,0.15573218754301998
fedbn,42,bearing,pooled,cnn-ae,test1_bearing3,fuzzy_fault_only_hi75,0.7477438185661086,0.2751937984496124,0.4006024096385542,0.13416445623342174,0.5458354305788391,0.7015676181218591,0.15573218754301998
fedbn,42,bearing,adaptive,cnn-ae,test1_bearing3,hard_val_p95,0.6669530355097365,0.10852713178294573,0.49892426850258176,0.12774535809018567,0.23871101278789542,0.5306514625291308,0.29194044974123534
fedbn,42,bearing,adaptive,cnn-ae,test1_bearing3,fuzzy_warning_as_alarm_hi50,0.6669530355097365,0.10852713178294573,0.49892426850258176,0.12774535809018567,0.23871101278789542,0.5306514625291308,0.29194044974123534
fedbn,42,bearing,adaptive,cnn-ae,test1_bearing3,fuzzy_fault_only_hi75,0.6082956203014549,0.050387596899224806,0.5626075731497419,0.12774535809018567,0.23871101278789542,0.5306514625291308,0.29194044974123534
fedbn,42,bearing,client_specific,cnn-ae,test1_bearing4,hard_val_p95,0.6036772983114447,0.05426356589147287,0.5673407917383821,0.05384615384615385,0.09985164947190873,0.4449048575257924,0.3450532080538837
fedbn,42,bearing,client_specific,cnn-ae,test1_bearing4,fuzzy_warning_as_alarm_hi50,0.6036772983114447,0.05426356589147287,0.5673407917383821,0.05384615384615385,0.09985164947190873,0.4449048575257924,0.3450532080538837
fedbn,42,bearing,client_specific,cnn-ae,test1_bearing4,fuzzy_fault_only_hi75,0.5734882472487443,0.03488372093023256,0.5977839931153184,0.05384615384615385,0.09985164947190873,0.4449048575257924,0.3450532080538837
fedbn,42,bearing,pooled,cnn-ae,test1_bearing4,hard_val_p95,0.5096577702973472,0.011627906976744186,0.6579711703958692,0.16122015915119364,0.2010509459717143,0.42292472501586087,0.22187377904414657
fedbn,42,bearing,pooled,cnn-ae,test1_bearing4,fuzzy_warning_as_alarm_hi50,0.5096577702973472,0.011627906976744186,0.6579711703958692,0.16122015915119364,0.2010509459717143,0.42292472501586087,0.22187377904414657
fedbn,42,bearing,pooled,cnn-ae,test1_bearing4,fuzzy_fault_only_hi75,0.42707275803722505,0.0,0.7284853700516352,0.16122015915119364,0.2010509459717143,0.42292472501586087,0.22187377904414657
fedbn,42,bearing,adaptive,cnn-ae,test1_bearing4,hard_val_p95,0.5803571428571429,0.04263565891472868,0.5909530981067126,0.08090185676392574,0.13891058351548433,0.444999411338802,0.3060888278233177
fedbn,42,bearing,adaptive,cnn-ae,test1_bearing4,fuzzy_warning_as_alarm_hi50,0.5803571428571429,0.04263565891472868,0.5909530981067126,0.08090185676392574,0.13891058351548433,0.444999411338802,0.3060888278233177
fedbn,42,bearing,adaptive,cnn-ae,test1_bearing4,fuzzy_fault_only_hi75,0.539485568427253,0.015503875968992248,0.6305400172117039,0.08090185676392574,0.13891058351548433,0.444999411338802,0.3060888278233177
fedbn,42,bearing,client_specific,cnn-ae,test2_bearing1,hard_val_p95,0.9406806208173145,0.059322033898305086,0.11166092943201376,0.05948690539818279,0.10798045638597402,0.8905358297271798,0.7825553733412058
fedbn,42,bearing,client_specific,cnn-ae,test2_bearing1,fuzzy_warning_as_alarm_hi50,0.9406806208173145,0.059322033898305086,0.11166092943201376,0.05948690539818279,0.10798045638597402,0.8905358297271798,0.7825553733412058
fedbn,42,bearing,client_specific,cnn-ae,test2_bearing1,fuzzy_fault_only_hi75,0.9220022608040347,0.03389830508474576,0.14452452667814114,0.05948690539818279,0.10798045638597402,0.8905358297271798,0.7825553733412058
fedbn,42,bearing,pooled,cnn-ae,test2_bearing1,hard_val_p95,0.645391621129326,0.0,0.5235585197934596,0.06798503474078033,0.0055212368701315845,0.5410104568587387,0.5354892199886071
fedbn,42,bearing,pooled,cnn-ae,test2_bearing1,fuzzy_warning_as_alarm_hi50,0.645391621129326,0.0,0.5235585197934596,0.06798503474078033,0.0055212368701315845,0.5410104568587387,0.5354892199886071
fedbn,42,bearing,pooled,cnn-ae,test2_bearing1,fuzzy_fault_only_hi75,0.6194401128684933,0.0,0.5513123924268503,0.06798503474078033,0.0055212368701315845,0.5410104568587387,0.5354892199886071
fedbn,42,bearing,adaptive,cnn-ae,test2_bearing1,hard_val_p95,0.8952403589042723,0.0,0.18965146299483648,0.02346338856226617,0.02787609110415684,0.8260503806308691,0.7981742895267123
fedbn,42,bearing,adaptive,cnn-ae,test2_bearing1,fuzzy_warning_as_alarm_hi50,0.8952403589042723,0.0,0.18965146299483648,0.02346338856226617,0.02787609110415684,0.8260503806308691,0.7981742895267123
fedbn,42,bearing,adaptive,cnn-ae,test2_bearing1,fuzzy_fault_only_hi75,0.8881047784223431,0.0,0.20126936316695354,0.02346338856226617,0.02787609110415684,0.8260503806308691,0.7981742895267123
fedbn,42,bearing,client_specific,cnn-ae,test2_bearing3,hard_val_p95,0.6745279657997862,0.09322033898305085,0.490802495697074,0.015125601282736505,0.1305236469835918,0.510839728383948,0.38031608140035617
fedbn,42,bearing,client_specific,cnn-ae,test2_bearing3,fuzzy_warning_as_alarm_hi50,0.6745279657997862,0.09322033898305085,0.490802495697074,0.015125601282736505,0.1305236469835918,0.510839728383948,0.38031608140035617
fedbn,42,bearing,client_specific,cnn-ae,test2_bearing3,fuzzy_fault_only_hi75,0.6663081666308167,0.07627118644067797,0.5001613597246127,0.015125601282736505,0.1305236469835918,0.510839728383948,0.38031608140035617
fedbn,42,bearing,pooled,cnn-ae,test2_bearing3,hard_val_p95,0.6636487748796436,0.05084745762711865,0.5032271944922547,0.08385889898450027,0.29154016624192636,0.5751840222118229,0.2836438559698965
fedbn,42,bearing,pooled,cnn-ae,test2_bearing3,fuzzy_warning_as_alarm_hi50,0.6636487748796436,0.05084745762711865,0.5032271944922547,0.08385889898450027,0.29154016624192636,0.5751840222118229,0.2836438559698965
fedbn,42,bearing,pooled,cnn-ae,test2_bearing3,fuzzy_fault_only_hi75,0.6337215710769004,0.00847457627118644,0.536144578313253,0.08385889898450027,0.29154016624192636,0.5751840222118229,0.2836438559698965
fedbn,42,bearing,adaptive,cnn-ae,test2_bearing3,hard_val_p95,0.6723048924098062,0.09322033898305085,0.4933304647160069,0.028006413682522716,0.259337373187424,0.524625840166243,0.265288466978819
fedbn,42,bearing,adaptive,cnn-ae,test2_bearing3,fuzzy_warning_as_alarm_hi50,0.6723048924098062,0.09322033898305085,0.4933304647160069,0.028006413682522716,0.259337373187424,0.524625840166243,0.265288466978819
fedbn,42,bearing,adaptive,cnn-ae,test2_bearing3,fuzzy_fault_only_hi75,0.6607618636134515,0.05084745762711865,0.5064543889845095,0.028006413682522716,0.259337373187424,0.524625840166243,0.265288466978819
fedbn,42,bearing,client_specific,cnn-ae,test3_bearing1,hard_val_p95,0.8654478976234004,0.034255599472990776,0.23612306368330466,0.03958451759598987,0.09593856523137449,0.8012343474708818,0.7052957822395074
fedbn,42,bearing,client_specific,cnn-ae,test3_bearing1,fuzzy_warning_as_alarm_hi50,0.8654478976234004,0.034255599472990776,0.23612306368330466,0.03958451759598987,0.09593856523137449,0.8012343474708818,0.7052957822395074
fedbn,42,bearing,client_specific,cnn-ae,test3_bearing1,fuzzy_fault_only_hi75,0.8586323213738117,0.023715415019762844,0.2469879518072289,0.03958451759598987,0.09593856523137449,0.8012343474708818,0.7052957822395074
fedbn,42,bearing,pooled,cnn-ae,test3_bearing1,hard_val_p95,0.36596941465986993,0.0,0.7760327022375215,0.06795514443698,4.445231326570124e-05,0.29045838846517613,0.2904139361519104
fedbn,42,bearing,pooled,cnn-ae,test3_bearing1,fuzzy_warning_as_alarm_hi50,0.36596941465986993,0.0,0.7760327022375215,0.06795514443698,4.445231326570124e-05,0.29045838846517613,0.2904139361519104
fedbn,42,bearing,pooled,cnn-ae,test3_bearing1,fuzzy_fault_only_hi75,0.31678058938029063,0.0,0.8118007745266781,0.06795514443698,4.445231326570124e-05,0.29045838846517613,0.2904139361519104
fedbn,42,bearing,adaptive,cnn-ae,test3_bearing1,hard_val_p95,0.8198178182626084,0.0,0.3053463855421687,0.02527001188569066,0.023295581991736532,0.7179003780231477,0.6946047960314111
fedbn,42,bearing,adaptive,cnn-ae,test3_bearing1,fuzzy_warning_as_alarm_hi50,0.8198178182626084,0.0,0.3053463855421687,0.02527001188569066,0.023295581991736532,0.7179003780231477,0.6946047960314111
fedbn,42,bearing,adaptive,cnn-ae,test3_bearing1,fuzzy_fault_only_hi75,0.812050733203412,0.0,0.3164264199655766,0.02527001188569066,0.023295581991736532,0.7179003780231477,0.6946047960314111
fedbn,42,bearing,client_specific,cnn-ae,test3_bearing3,hard_val_p95,0.7594700752280141,0.05533596837944664,0.3864027538726334,0.07606842023668027,0.11251658423432383,0.62730763926602,0.5147910550316961
fedbn,42,bearing,client_specific,cnn-ae,test3_bearing3,fuzzy_warning_as_alarm_hi50,0.7594700752280141,0.05533596837944664,0.3864027538726334,0.07606842023668027,0.11251658423432383,0.62730763926602,0.5147910550316961
fedbn,42,bearing,client_specific,cnn-ae,test3_bearing3,fuzzy_fault_only_hi75,0.7311153531497137,0.026350461133069828,0.42319277108433734,0.07606842023668027,0.11251658423432383,0.62730763926602,0.5147910550316961
fedbn,42,bearing,pooled,cnn-ae,test3_bearing3,hard_val_p95,0.4667024040245763,0.0,0.6956217728055077,0.09157149501317761,0.1022263209661629,0.3763209636460026,0.2740946426798397
fedbn,42,bearing,pooled,cnn-ae,test3_bearing3,fuzzy_warning_as_alarm_hi50,0.4667024040245763,0.0,0.6956217728055077,0.09157149501317761,0.1022263209661629,0.3763209636460026,0.2740946426798397
fedbn,42,bearing,pooled,cnn-ae,test3_bearing3,fuzzy_fault_only_hi75,0.4152744630071599,0.0,0.7379518072289156,0.09157149501317761,0.1022263209661629,0.3763209636460026,0.2740946426798397
fedbn,42,bearing,adaptive,cnn-ae,test3_bearing3,hard_val_p95,0.6930024953431976,0.002635046113306983,0.46971815834767644,0.03276316469433104,0.08619379520321685,0.5659529443756715,0.4797591491724546
fedbn,42,bearing,adaptive,cnn-ae,test3_bearing3,fuzzy_warning_as_alarm_hi50,0.6930024953431976,0.002635046113306983,0.46971815834767644,0.03276316469433104,0.08619379520321685,0.5659529443756715,0.4797591491724546
fedbn,42,bearing,adaptive,cnn-ae,test3_bearing3,fuzzy_fault_only_hi75,0.6797329924726602,0.0,0.4851549053356282,0.03276316469433104,0.08619379520321685,0.5659529443756715,0.4797591491724546
fedbn,42,bearing,client_specific,cnn-ae,test1_bearing1,hard_val_p95,0.9543985839116631,0.05813953488372093,0.08648881239242685,0.03453580901856764,0.09786098868575722,0.906396848721408,0.8085358600356508
fedbn,42,bearing,client_specific,cnn-ae,test1_bearing1,fuzzy_warning_as_alarm_hi50,0.9543985839116631,0.05813953488372093,0.08648881239242685,0.03453580901856764,0.09786098868575722,0.906396848721408,0.8085358600356508
fedbn,42,bearing,client_specific,cnn-ae,test1_bearing1,fuzzy_fault_only_hi75,0.9404392286438602,0.027131782945736434,0.11209122203098107,0.03453580901856764,0.09786098868575722,0.906396848721408,0.8085358600356508
fedbn,42,bearing,pooled,cnn-ae,test1_bearing1,hard_val_p95,0.49737331285864383,0.0,0.6689974182444062,0.04763925729442971,0.0,0.3818855428898262,0.3818855428898262
fedbn,42,bearing,pooled,cnn-ae,test1_bearing1,fuzzy_warning_as_alarm_hi50,0.49737331285864383,0.0,0.6689974182444062,0.04763925729442971,0.0,0.3818855428898262,0.3818855428898262
fedbn,42,bearing,pooled,cnn-ae,test1_bearing1,fuzzy_fault_only_hi75,0.48042501021659173,0.0,0.683842512908778,0.04763925729442971,0.0,0.3818855428898262,0.3818855428898262
fedbn,42,bearing,adaptive,cnn-ae,test1_bearing1,hard_val_p95,0.8467311747922094,0.003875968992248062,0.2657594664371773,0.11188328912466844,0.017070696385679835,0.7523603313161645,0.7352896349304847
fedbn,42,bearing,adaptive,cnn-ae,test1_bearing1,fuzzy_warning_as_alarm_hi50,0.8467311747922094,0.003875968992248062,0.2657594664371773,0.11188328912466844,0.017070696385679835,0.7523603313161645,0.7352896349304847
fedbn,42,bearing,adaptive,cnn-ae,test1_bearing1,fuzzy_fault_only_hi75,0.8085869913489266,0.0,0.3213209982788296,0.11188328912466844,0.017070696385679835,0.7523603313161645,0.7352896349304847
fedbn,42,bearing,client_specific,cnn-ae,test1_bearing2,hard_val_p95,0.9976559342583861,0.03488372093023256,0.0041953528399311536,0.008010610079575597,0.09769186551396439,0.9941733761719882,0.8964815106580238
fedbn,42,bearing,client_specific,cnn-ae,test1_bearing2,fuzzy_warning_as_alarm_hi50,0.9976559342583861,0.03488372093023256,0.0041953528399311536,0.008010610079575597,0.09769186551396439,0.9941733761719882,0.8964815106580238
fedbn,42,bearing,client_specific,cnn-ae,test1_bearing2,fuzzy_fault_only_hi75,0.9952178964147732,0.011627906976744186,0.009358864027538726,0.008010610079575597,0.09769186551396439,0.9941733761719882,0.8964815106580238
fedbn,42,bearing,pooled,cnn-ae,test1_bearing2,hard_val_p95,0.513234706117553,0.0,0.6547977624784854,0.05427055702917772,0.0,0.3947309431418477,0.3947309431418477
fedbn,42,bearing,pooled,cnn-ae,test1_bearing2,fuzzy_warning_as_alarm_hi50,0.513234706117553,0.0,0.6547977624784854,0.05427055702917772,0.0,0.3947309431418477,0.3947309431418477
fedbn,42,bearing,pooled,cnn-ae,test1_bearing2,fuzzy_fault_only_hi75,0.4953668109901671,0.0,0.6707723752151463,0.05427055702917772,0.0,0.3947309431418477,0.3947309431418477
fedbn,42,bearing,adaptive,cnn-ae,test1_bearing2,hard_val_p95,0.9639453886876568,0.0,0.06959982788296042,0.010928381962864721,0.003688365971185049,0.9399067594231395,0.9362183934519545
fedbn,42,bearing,adaptive,cnn-ae,test1_bearing2,fuzzy_warning_as_alarm_hi50,0.9639453886876568,0.0,0.06959982788296042,0.010928381962864721,0.003688365971185049,0.9399067594231395,0.9362183934519545
fedbn,42,bearing,adaptive,cnn-ae,test1_bearing2,fuzzy_fault_only_hi75,0.9612537363466213,0.0,0.07460197934595525,0.010928381962864721,0.003688365971185049,0.9399067594231395,0.9362183934519545
fedbn,42,bearing,client_specific,cnn-ae,test1_bearing3,hard_val_p95,0.4376994122586062,0.05813953488372093,0.7196105851979346,0.0236604774535809,0.11860547666718038,0.2836182353867601,0.16501275871957974
fedbn,42,bearing,client_specific,cnn-ae,test1_bearing3,fuzzy_warning_as_alarm_hi50,0.4376994122586062,0.05813953488372093,0.7196105851979346,0.0236604774535809,0.11860547666718038,0.2836182353867601,0.16501275871957974
fedbn,42,bearing,client_specific,cnn-ae,test1_bearing3,fuzzy_fault_only_hi75,0.41835346147303965,0.01937984496124031,0.7354238382099828,0.0236604774535809,0.11860547666718038,0.2836182353867601,0.16501275871957974
fedbn,42,bearing,pooled,cnn-ae,test1_bearing3,hard_val_p95,0.46392942534421633,0.1511627906976744,0.6973429432013769,0.05087533156498674,0.33869570525029385,0.36363020496027426,0.024934499709980407
fedbn,42,bearing,pooled,cnn-ae,test1_bearing3,fuzzy_warning_as_alarm_hi50,0.46392942534421633,0.1511627906976744,0.6973429432013769,0.05087533156498674,0.33869570525029385,0.36363020496027426,0.024934499709980407
fedbn,42,bearing,pooled,cnn-ae,test1_bearing3,fuzzy_fault_only_hi75,0.4453630631759155,0.09302325581395349,0.7131561962134251,0.05087533156498674,0.33869570525029385,0.36363020496027426,0.024934499709980407
fedbn,42,bearing,adaptive,cnn-ae,test1_bearing3,hard_val_p95,0.4447136471865993,0.09302325581395349,0.7136940619621343,0.03076923076923077,0.18769756517434213,0.3124351104605145,0.12473754528617234
fedbn,42,bearing,adaptive,cnn-ae,test1_bearing3,fuzzy_warning_as_alarm_hi50,0.4447136471865993,0.09302325581395349,0.7136940619621343,0.03076923076923077,0.18769756517434213,0.3124351104605145,0.12473754528617234
fedbn,42,bearing,adaptive,cnn-ae,test1_bearing3,fuzzy_fault_only_hi75,0.42624476500698,0.03488372093023256,0.7290232358003442,0.03076923076923077,0.18769756517434213,0.3124351104605145,0.12473754528617234
fedbn,42,bearing,client_specific,cnn-ae,test1_bearing4,hard_val_p95,0.48485342019543975,0.05426356589147287,0.6797547332185886,0.018620689655172412,0.10112985804943753,0.3305010911650597,0.2293712331156222
fedbn,42,bearing,client_specific,cnn-ae,test1_bearing4,fuzzy_warning_as_alarm_hi50,0.48485342019543975,0.05426356589147287,0.6797547332185886,0.018620689655172412,0.10112985804943753,0.3305010911650597,0.2293712331156222
fedbn,42,bearing,client_specific,cnn-ae,test1_bearing4,fuzzy_fault_only_hi75,0.4724674578080729,0.031007751937984496,0.690565834767642,0.018620689655172412,0.10112985804943753,0.3305010911650597,0.2293712331156222
fedbn,42,bearing,pooled,cnn-ae,test1_bearing4,hard_val_p95,0.47152600871065825,0.031007751937984496,0.6913726333907056,0.047480106100795755,0.19869795709677,0.3660835653016923,0.1673856082049223
fedbn,42,bearing,pooled,cnn-ae,test1_bearing4,fuzzy_warning_as_alarm_hi50,0.47152600871065825,0.031007751937984496,0.6913726333907056,0.047480106100795755,0.19869795709677,0.3660835653016923,0.1673856082049223
fedbn,42,bearing,pooled,cnn-ae,test1_bearing4,fuzzy_fault_only_hi75,0.4544472152950956,0.003875968992248062,0.7059487951807228,0.047480106100795755,0.19869795709677,0.3660835653016923,0.1673856082049223
fedbn,42,bearing,adaptive,cnn-ae,test1_bearing4,hard_val_p95,0.481182137317332,0.046511627906976744,0.6829819277108434,0.026153846153846153,0.14023028523543207,0.3500981458618483,0.2098678606264162
fedbn,42,bearing,adaptive,cnn-ae,test1_bearing4,fuzzy_warning_as_alarm_hi50,0.481182137317332,0.046511627906976744,0.6829819277108434,0.026153846153846153,0.14023028523543207,0.3500981458618483,0.2098678606264162
fedbn,42,bearing,adaptive,cnn-ae,test1_bearing4,fuzzy_fault_only_hi75,0.4679571663920923,0.027131782945736434,0.6944384681583476,0.026153846153846153,0.14023028523543207,0.3500981458618483,0.2098678606264162
fedbn,42,bearing,client_specific,cnn-ae,test2_bearing1,hard_val_p95,0.9465756915149628,0.1016949152542373,0.10084982788296042,0.03698556921432389,0.1479021810567106,0.9033671902905563,0.7554650092338457
fedbn,42,bearing,client_specific,cnn-ae,test2_bearing1,fuzzy_warning_as_alarm_hi50,0.9465756915149628,0.1016949152542373,0.10084982788296042,0.03698556921432389,0.1479021810567106,0.9033671902905563,0.7554650092338457
fedbn,42,bearing,client_specific,cnn-ae,test2_bearing1,fuzzy_fault_only_hi75,0.9339141399667564,0.06779661016949153,0.12360154905335628,0.03698556921432389,0.1479021810567106,0.9033671902905563,0.7554650092338457
fedbn,42,bearing,pooled,cnn-ae,test2_bearing1,hard_val_p95,0.6389956443761209,0.0,0.5304969879518072,0.048156066274719404,0.0007469919817763731,0.5269231146861123,0.5261761227043359
fedbn,42,bearing,pooled,cnn-ae,test2_bearing1,fuzzy_warning_as_alarm_hi50,0.6389956443761209,0.0,0.5304969879518072,0.048156066274719404,0.0007469919817763731,0.5269231146861123,0.5261761227043359
fedbn,42,bearing,pooled,cnn-ae,test2_bearing1,fuzzy_fault_only_hi75,0.6201061342635544,0.0,0.5506131669535284,0.048156066274719404,0.0007469919817763731,0.5269231146861123,0.5261761227043359
fedbn,42,bearing,adaptive,cnn-ae,test2_bearing1,hard_val_p95,0.8877389249498968,0.0,0.20186101549053356,0.010529128808123999,0.02572065312750023,0.8153668798121976,0.7896462266846973
fedbn,42,bearing,adaptive,cnn-ae,test2_bearing1,fuzzy_warning_as_alarm_hi50,0.8877389249498968,0.0,0.20186101549053356,0.010529128808123999,0.02572065312750023,0.8153668798121976,0.7896462266846973
fedbn,42,bearing,adaptive,cnn-ae,test2_bearing1,fuzzy_fault_only_hi75,0.8844688446884469,0.0,0.20713209982788297,0.010529128808123999,0.02572065312750023,0.8153668798121976,0.7896462266846973
fedbn,42,bearing,client_specific,cnn-ae,test2_bearing3,hard_val_p95,0.5492765492765492,0.059322033898305086,0.6212349397590361,0.02928915018706574,0.10965362019780815,0.38146638028957947,0.2718127600917713
fedbn,42,bearing,client_specific,cnn-ae,test2_bearing3,fuzzy_warning_as_alarm_hi50,0.5492765492765492,0.059322033898305086,0.6212349397590361,0.02928915018706574,0.10965362019780815,0.38146638028957947,0.2718127600917713
fedbn,42,bearing,client_specific,cnn-ae,test2_bearing3,fuzzy_fault_only_hi75,0.5311216429699842,0.03389830508474576,0.6383390705679862,0.02928915018706574,0.10965362019780815,0.38146638028957947,0.2718127600917713
fedbn,42,bearing,pooled,cnn-ae,test2_bearing3,hard_val_p95,0.6206386753400355,0.576271186440678,0.548407917383821,0.05863174772848744,0.6333163328384326,0.5190563617997421,-0.11425997103869046
fedbn,42,bearing,pooled,cnn-ae,test2_bearing3,fuzzy_warning_as_alarm_hi50,0.6206386753400355,0.576271186440678,0.548407917383821,0.05863174772848744,0.6333163328384326,0.5190563617997421,-0.11425997103869046
fedbn,42,bearing,pooled,cnn-ae,test2_bearing3,fuzzy_fault_only_hi75,0.6002403665590025,0.3644067796610169,0.5701914802065404,0.05863174772848744,0.6333163328384326,0.5190563617997421,-0.11425997103869046
fedbn,42,bearing,adaptive,cnn-ae,test2_bearing3,hard_val_p95,0.5650815688996876,0.09322033898305085,0.6059595524956971,0.04265098877605559,0.27426587437491695,0.40800659654977905,0.1337407221748621
fedbn,42,bearing,adaptive,cnn-ae,test2_bearing3,fuzzy_warning_as_alarm_hi50,0.5650815688996876,0.09322033898305085,0.6059595524956971,0.04265098877605559,0.27426587437491695,0.40800659654977905,0.1337407221748621
fedbn,42,bearing,adaptive,cnn-ae,test2_bearing3,fuzzy_fault_only_hi75,0.5437106056453823,0.059322033898305086,0.6265060240963856,0.04265098877605559,0.27426587437491695,0.40800659654977905,0.1337407221748621
fedbn,42,bearing,client_specific,cnn-ae,test3_bearing1,hard_val_p95,0.855007841569544,0.03293807641633729,0.2522590361445783,0.03953284068006822,0.09394750889521523,0.7873046267814079,0.6933571178861927
fedbn,42,bearing,client_specific,cnn-ae,test3_bearing1,fuzzy_warning_as_alarm_hi50,0.855007841569544,0.03293807641633729,0.2522590361445783,0.03953284068006822,0.09394750889521523,0.7873046267814079,0.6933571178861927
fedbn,42,bearing,client_specific,cnn-ae,test3_bearing1,fuzzy_fault_only_hi75,0.8479088629539052,0.021080368906455864,0.26339285714285715,0.03953284068006822,0.09394750889521523,0.7873046267814079,0.6933571178861927
fedbn,42,bearing,pooled,cnn-ae,test3_bearing1,hard_val_p95,0.4901124781743615,0.0,0.6753980206540448,0.04397705544933078,0.0002723445617894569,0.3904673672224243,0.3901950226606348
fedbn,42,bearing,pooled,cnn-ae,test3_bearing1,fuzzy_warning_as_alarm_hi50,0.4901124781743615,0.0,0.6753980206540448,0.04397705544933078,0.0002723445617894569,0.3904673672224243,0.3901950226606348
fedbn,42,bearing,pooled,cnn-ae,test3_bearing1,fuzzy_fault_only_hi75,0.47249722712894876,0.0,0.6906734079173839,0.04397705544933078,0.0002723445617894569,0.3904673672224243,0.3901950226606348
fedbn,42,bearing,adaptive,cnn-ae,test3_bearing1,hard_val_p95,0.8119748234767884,0.0,0.31653399311531843,0.021704304687096273,0.02603175117104657,0.7103078885010327,0.684276137329986
fedbn,42,bearing,adaptive,cnn-ae,test3_bearing1,fuzzy_warning_as_alarm_hi50,0.8119748234767884,0.0,0.31653399311531843,0.021704304687096273,0.02603175117104657,0.7103078885010327,0.684276137329986
fedbn,42,bearing,adaptive,cnn-ae,test3_bearing1,fuzzy_fault_only_hi75,0.8062921348314607,0.0,0.3245481927710843,0.021704304687096273,0.02603175117104657,0.7103078885010327,0.684276137329986
fedbn,42,bearing,client_specific,cnn-ae,test3_bearing3,hard_val_p95,0.683130189012542,0.05928853754940711,0.47999139414802067,0.08542194201850034,0.11588392282089996,0.5260371497937558,0.41015322697285583
fedbn,42,bearing,client_specific,cnn-ae,test3_bearing3,fuzzy_warning_as_alarm_hi50,0.683130189012542,0.05928853754940711,0.47999139414802067,0.08542194201850034,0.11588392282089996,0.5260371497937558,0.41015322697285583
fedbn,42,bearing,client_specific,cnn-ae,test3_bearing3,fuzzy_fault_only_hi75,0.6390259953932215,0.026350461133069828,0.5299591222030982,0.08542194201850034,0.11588392282089996,0.5260371497937558,0.41015322697285583
fedbn,42,bearing,pooled,cnn-ae,test3_bearing3,hard_val_p95,0.4675870595507933,0.0,0.694868760757315,0.04826623947082838,0.13008435223897874,0.37513589031036837,0.24505153807138963
fedbn,42,bearing,pooled,cnn-ae,test3_bearing3,fuzzy_warning_as_alarm_hi50,0.4675870595507933,0.0,0.694868760757315,0.04826623947082838,0.13008435223897874,0.37513589031036837,0.24505153807138963
fedbn,42,bearing,pooled,cnn-ae,test3_bearing3,fuzzy_fault_only_hi75,0.4476266020957709,0.0,0.7116501721170396,0.04826623947082838,0.13008435223897874,0.37513589031036837,0.24505153807138963
fedbn,42,bearing,adaptive,cnn-ae,test3_bearing3,hard_val_p95,0.5915460949928035,0.0013175230566534915,0.5799806368330465,0.05131517751020619,0.1025830652402273,0.46117754436349256,0.35859447912326525
fedbn,42,bearing,adaptive,cnn-ae,test3_bearing3,fuzzy_warning_as_alarm_hi50,0.5915460949928035,0.0013175230566534915,0.5799806368330465,0.05131517751020619,0.1025830652402273,0.46117754436349256,0.35859447912326525
fedbn,42,bearing,adaptive,cnn-ae,test3_bearing3,fuzzy_fault_only_hi75,0.5692958830319353,0.0,0.6020869191049913,0.05131517751020619,0.1025830652402273,0.46117754436349256,0.35859447912326525
fedbn-personalized,42,bearing,client_specific,cnn-ae,test1_bearing1,hard_val_p95,0.9532862727451697,0.06589147286821706,0.08842512908777969,0.021379310344827585,0.09862273482822671,0.9091458761042207,0.810523141275994
fedbn-personalized,42,bearing,client_specific,cnn-ae,test1_bearing1,fuzzy_warning_as_alarm_hi50,0.9532862727451697,0.06589147286821706,0.08842512908777969,0.021379310344827585,0.09862273482822671,0.9091458761042207,0.810523141275994
fedbn-personalized,42,bearing,client_specific,cnn-ae,test1_bearing1,fuzzy_fault_only_hi75,0.9455545163393135,0.03875968992248062,0.10278614457831325,0.021379310344827585,0.09862273482822671,0.9091458761042207,0.810523141275994
fedbn-personalized,42,bearing,client_specific,cnn-ae,test1_bearing2,hard_val_p95,0.9984925164208033,0.03875968992248062,0.0024741824440619622,0.005941644562334218,0.10488954172793792,0.9963861176795392,0.8914965759516013
fedbn-personalized,42,bearing,client_specific,cnn-ae,test1_bearing2,fuzzy_warning_as_alarm_hi50,0.9984925164208033,0.03875968992248062,0.0024741824440619622,0.005941644562334218,0.10488954172793792,0.9963861176795392,0.8914965759516013
fedbn-personalized,42,bearing,client_specific,cnn-ae,test1_bearing2,fuzzy_fault_only_hi75,0.996763579481094,0.027131782945736434,0.006077882960413081,0.005941644562334218,0.10488954172793792,0.9963861176795392,0.8914965759516013
fedbn-personalized,42,bearing,client_specific,cnn-ae,test1_bearing3,hard_val_p95,0.43347928595486696,0.046511627906976744,0.7231067125645438,0.027586206896551724,0.10920958226036476,0.2811262894104008,0.17191670715003604
fedbn-personalized,42,bearing,client_specific,cnn-ae,test1_bearing3,fuzzy_warning_as_alarm_hi50,0.43347928595486696,0.046511627906976744,0.7231067125645438,0.027586206896551724,0.10920958226036476,0.2811262894104008,0.17191670715003604
fedbn-personalized,42,bearing,client_specific,cnn-ae,test1_bearing3,fuzzy_fault_only_hi75,0.4173261850055314,0.023255813953488372,0.7362306368330465,0.027586206896551724,0.10920958226036476,0.2811262894104008,0.17191670715003604
fedbn-personalized,42,bearing,client_specific,cnn-ae,test1_bearing4,hard_val_p95,0.4869855213925492,0.03488372093023256,0.6779797762478486,0.016976127320954906,0.08817338966910758,0.33076357957592534,0.24259018990681774
fedbn-personalized,42,bearing,client_specific,cnn-ae,test1_bearing4,fuzzy_warning_as_alarm_hi50,0.4869855213925492,0.03488372093023256,0.6779797762478486,0.016976127320954906,0.08817338966910758,0.33076357957592534,0.24259018990681774
fedbn-personalized,42,bearing,client_specific,cnn-ae,test1_bearing4,fuzzy_fault_only_hi75,0.4773015678087519,0.027131782945736434,0.6864242685025818,0.016976127320954906,0.08817338966910758,0.33076357957592534,0.24259018990681774
fedbn-personalized,42,bearing,client_specific,cnn-ae,test2_bearing1,hard_val_p95,0.9120374433230949,0.03389830508474576,0.1615210843373494,0.060074826296098345,0.09057649801197862,0.8572862806269644,0.7667097826149858
fedbn-personalized,42,bearing,client_specific,cnn-ae,test2_bearing1,fuzzy_warning_as_alarm_hi50,0.9120374433230949,0.03389830508474576,0.1615210843373494,0.060074826296098345,0.09057649801197862,0.8572862806269644,0.7667097826149858
fedbn-personalized,42,bearing,client_specific,cnn-ae,test2_bearing1,fuzzy_fault_only_hi75,0.9020372010628875,0.01694915254237288,0.17835628227194492,0.060074826296098345,0.09057649801197862,0.8572862806269644,0.7667097826149858
fedbn-personalized,42,bearing,client_specific,cnn-ae,test2_bearing3,hard_val_p95,0.43034983331223364,0.05084745762711865,0.7257422547332186,0.021859967931587388,0.09724266686069268,0.27566839037629487,0.1784257235156022
fedbn-personalized,42,bearing,client_specific,cnn-ae,test2_bearing3,fuzzy_warning_as_alarm_hi50,0.43034983331223364,0.05084745762711865,0.7257422547332186,0.021859967931587388,0.09724266686069268,0.27566839037629487,0.1784257235156022
fedbn-personalized,42,bearing,client_specific,cnn-ae,test2_bearing3,fuzzy_fault_only_hi75,0.4152036816089995,0.03389830508474576,0.7379518072289156,0.021859967931587388,0.09724266686069268,0.27566839037629487,0.1784257235156022
fedbn-personalized,42,bearing,client_specific,cnn-ae,test3_bearing1,hard_val_p95,0.8541801286193421,0.03557312252964427,0.2534423407917384,0.04501059376776394,0.09502652585460154,0.7865052797450637,0.6914787538904621
fedbn-personalized,42,bearing,client_specific,cnn-ae,test3_bearing1,fuzzy_warning_as_alarm_hi50,0.8541801286193421,0.03557312252964427,0.2534423407917384,0.04501059376776394,0.09502652585460154,0.7865052797450637,0.6914787538904621
fedbn-personalized,42,bearing,client_specific,cnn-ae,test3_bearing1,fuzzy_fault_only_hi75,0.8466687325689495,0.022397891963109356,0.2652216006884682,0.04501059376776394,0.09502652585460154,0.7865052797450637,0.6914787538904621
fedbn-personalized,42,bearing,client_specific,cnn-ae,test3_bearing3,hard_val_p95,0.6841120175159798,0.05138339920948617,0.4790232358003442,0.06511291406128883,0.10415109007937638,0.5325628836915385,0.4284117936121621
fedbn-personalized,42,bearing,client_specific,cnn-ae,test3_bearing3,fuzzy_warning_as_alarm_hi50,0.6841120175159798,0.05138339920948617,0.4790232358003442,0.06511291406128883,0.10415109007937638,0.5325628836915385,0.4284117936121621
fedbn-personalized,42,bearing,client_specific,cnn-ae,test3_bearing3,fuzzy_fault_only_hi75,0.6533786716828245,0.02766798418972332,0.5142534423407917,0.06511291406128883,0.10415109007937638,0.5325628836915385,0.4284117936121621
local-only,42,condition,client_specific,cnn-ae,test1,hard_val_p95,0.48806581026867124,0.06086956521739131,0.6760972461273667,0.030977734753146177,0.13204738694476242,0.37405597710468297,0.24200859015992054
local-only,42,condition,client_specific,cnn-ae,test1,fuzzy_warning_as_alarm_hi50,0.48806581026867124,0.06086956521739131,0.6760972461273667,0.030977734753146177,0.13204738694476242,0.37405597710468297,0.24200859015992054
local-only,42,condition,client_specific,cnn-ae,test1,fuzzy_fault_only_hi75,0.4750286556410676,0.03285024154589372,0.6879302925989673,0.030977734753146177,0.13204738694476242,0.37405597710468297,0.24200859015992054
local-only,42,condition,client_specific,cnn-ae,test2,hard_val_p95,0.7153607179841215,0.06751054852320675,0.44266351118760755,0.0227308938339795,0.17184031460362587,0.6101568855117766,0.43831657090815074
local-only,42,condition,client_specific,cnn-ae,test2,fuzzy_warning_as_alarm_hi50,0.7153607179841215,0.06751054852320675,0.44266351118760755,0.0227308938339795,0.17184031460362587,0.6101568855117766,0.43831657090815074
local-only,42,condition,client_specific,cnn-ae,test2,fuzzy_fault_only_hi75,0.7073662265462126,0.0379746835443038,0.4525064543889845,0.0227308938339795,0.17184031460362587,0.6101568855117766,0.43831657090815074
local-only,42,condition,client_specific,cnn-ae,test3,hard_val_p95,0.7183485608298413,0.04281949934123847,0.43755378657487093,0.08826454500248633,0.12748876500410813,0.5812184194917811,0.453729654487673
local-only,42,condition,client_specific,cnn-ae,test3,fuzzy_warning_as_alarm_hi50,0.7183485608298413,0.04281949934123847,0.43755378657487093,0.08826454500248633,0.12748876500410813,0.5812184194917811,0.453729654487673
local-only,42,condition,client_specific,cnn-ae,test3,fuzzy_fault_only_hi75,0.6848144617448717,0.021739130434782608,0.4783777969018933,0.08826454500248633,0.12748876500410813,0.5812184194917811,0.453729654487673
centralized,42,condition,client_specific,cnn-ae,test1,hard_val_p95,0.474056507339412,0.06570048309178744,0.6881992254733219,0.03118153563968003,0.13487463964269972,0.3584639087804249,0.22358926913772517
centralized,42,condition,client_specific,cnn-ae,test1,fuzzy_warning_as_alarm_hi50,0.474056507339412,0.06570048309178744,0.6881992254733219,0.03118153563968003,0.13487463964269972,0.3584639087804249,0.22358926913772517
centralized,42,condition,client_specific,cnn-ae,test1,fuzzy_fault_only_hi75,0.4589431902753659,0.04251207729468599,0.7014845094664371,0.03118153563968003,0.13487463964269972,0.3584639087804249,0.22358926913772517
centralized,42,condition,pooled,cnn-ae,test1,hard_val_p95,0.47576660814176636,0.07053140096618357,0.6866394148020654,0.055280990472308555,0.1411945866679766,0.3577782902045869,0.2165837035366103
centralized,42,condition,pooled,cnn-ae,test1,fuzzy_warning_as_alarm_hi50,0.47576660814176636,0.07053140096618357,0.6866394148020654,0.055280990472308555,0.1411945866679766,0.3577782902045869,0.2165837035366103
centralized,42,condition,pooled,cnn-ae,test1,fuzzy_fault_only_hi75,0.4493212292829183,0.02608695652173913,0.7098214285714286,0.055280990472308555,0.1411945866679766,0.3577782902045869,0.2165837035366103
centralized,42,condition,adaptive,cnn-ae,test1,hard_val_p95,0.4750347307346572,0.06666666666666667,0.6873386402753873,0.04870841188159168,0.1388557069322257,0.3581347222216711,0.21927901528944538
centralized,42,condition,adaptive,cnn-ae,test1,fuzzy_warning_as_alarm_hi50,0.4750347307346572,0.06666666666666667,0.6873386402753873,0.04870841188159168,0.1388557069322257,0.3581347222216711,0.21927901528944538
centralized,42,condition,adaptive,cnn-ae,test1,fuzzy_fault_only_hi75,0.45202576355703306,0.03285024154589372,0.7074548192771084,0.04870841188159168,0.1388557069322257,0.3581347222216711,0.21927901528944538
centralized,42,condition,client_specific,cnn-ae,test2,hard_val_p95,0.38449181608995786,0.05485232067510549,0.7618330464716007,0.0400977215996601,0.16620501454629227,0.30916548106200314,0.14296046651571087
centralized,42,condition,client_specific,cnn-ae,test2,fuzzy_warning_as_alarm_hi50,0.38449181608995786,0.05485232067510549,0.7618330464716007,0.0400977215996601,0.16620501454629227,0.30916548106200314,0.14296046651571087
centralized,42,condition,client_specific,cnn-ae,test2,fuzzy_fault_only_hi75,0.3593136606237043,0.02531645569620253,0.7809272805507745,0.0400977215996601,0.16620501454629227,0.30916548106200314,0.14296046651571087
centralized,42,condition,pooled,cnn-ae,test2,hard_val_p95,0.4753590078328982,0.39662447257383965,0.6866394148020654,0.05273779807743374,0.3879748134965742,0.3577782902045869,-0.0301965232919873
centralized,42,condition,pooled,cnn-ae,test2,fuzzy_warning_as_alarm_hi50,0.4753590078328982,0.39662447257383965,0.6866394148020654,0.05273779807743374,0.3879748134965742,0.3577782902045869,-0.0301965232919873
centralized,42,condition,pooled,cnn-ae,test2,fuzzy_fault_only_hi75,0.4486113420921337,0.2742616033755274,0.7098214285714286,0.05273779807743374,0.3879748134965742,0.3577782902045869,-0.0301965232919873
centralized,42,condition,adaptive,cnn-ae,test2,hard_val_p95,0.44126864736116334,0.2489451476793249,0.7160068846815835,0.06346593021403155,0.2729943531323702,0.3358531404167677,0.06285878728439753
centralized,42,condition,adaptive,cnn-ae,test2,fuzzy_warning_as_alarm_hi50,0.44126864736116334,0.2489451476793249,0.7160068846815835,0.06346593021403155,0.2729943531323702,0.3358531404167677,0.06285878728439753
centralized,42,condition,adaptive,cnn-ae,test2,fuzzy_fault_only_hi75,0.4068463842533162,0.10126582278481013,0.7442986230636833,0.06346593021403155,0.2729943531323702,0.3358531404167677,0.06285878728439753
centralized,42,condition,client_specific,cnn-ae,test3,hard_val_p95,0.6568581603654807,0.050724637681159424,0.5089285714285714,0.07454002983590254,0.1278635433989798,0.49225877971070614,0.3643952363117263
centralized,42,condition,client_specific,cnn-ae,test3,fuzzy_warning_as_alarm_hi50,0.6568581603654807,0.050724637681159424,0.5089285714285714,0.07454002983590254,0.1278635433989798,0.49225877971070614,0.3643952363117263
centralized,42,condition,client_specific,cnn-ae,test3,fuzzy_fault_only_hi75,0.6190070080462754,0.019762845849802372,0.5510434595524957,0.07454002983590254,0.1278635433989798,0.49225877971070614,0.3643952363117263
centralized,42,condition,pooled,cnn-ae,test3,hard_val_p95,0.47718895896469815,0.0,0.6866394148020654,0.04629537543510691,0.07748180593480233,0.3577782902045869,0.2802964842697846
centralized,42,condition,pooled,cnn-ae,test3,fuzzy_warning_as_alarm_hi50,0.47718895896469815,0.0,0.6866394148020654,0.04629537543510691,0.07748180593480233,0.3577782902045869,0.2802964842697846
centralized,42,condition,pooled,cnn-ae,test3,fuzzy_fault_only_hi75,0.44982698961937717,0.0,0.7098214285714286,0.04629537543510691,0.07748180593480233,0.3577782902045869,0.2802964842697846
centralized,42,condition,adaptive,cnn-ae,test3,hard_val_p95,0.5112703687392401,0.0,0.6565727194492255,0.026553953257086028,0.08172740847653602,0.3875838246293097,0.30585641615277365
centralized,42,condition,adaptive,cnn-ae,test3,fuzzy_warning_as_alarm_hi50,0.5112703687392401,0.0,0.6565727194492255,0.026553953257086028,0.08172740847653602,0.3875838246293097,0.30585641615277365
centralized,42,condition,adaptive,cnn-ae,test3,fuzzy_fault_only_hi75,0.4989504279024705,0.0,0.6675989672977625,0.026553953257086028,0.08172740847653602,0.3875838246293097,0.30585641615277365
fedavg,42,condition,client_specific,cnn-ae,test1,hard_val_p95,0.33992341259239467,0.04734299516908213,0.7946966437177281,0.04004687420390279,0.11662469591115975,0.26464824269772047,0.1480235467865607
fedavg,42,condition,client_specific,cnn-ae,test1,fuzzy_warning_as_alarm_hi50,0.33992341259239467,0.04734299516908213,0.7946966437177281,0.04004687420390279,0.11662469591115975,0.26464824269772047,0.1480235467865607
fedavg,42,condition,client_specific,cnn-ae,test1,fuzzy_fault_only_hi75,0.31918735891647854,0.022222222222222223,0.8098644578313253,0.04004687420390279,0.11662469591115975,0.26464824269772047,0.1480235467865607
fedavg,42,condition,pooled,cnn-ae,test1,hard_val_p95,0.3833275802554367,0.13719806763285025,0.7610800344234079,0.056045243796810515,0.19446622955177525,0.31512164168472523,0.12065541213294997
fedavg,42,condition,pooled,cnn-ae,test1,fuzzy_warning_as_alarm_hi50,0.3833275802554367,0.13719806763285025,0.7610800344234079,0.056045243796810515,0.19446622955177525,0.31512164168472523,0.12065541213294997
fedavg,42,condition,pooled,cnn-ae,test1,fuzzy_fault_only_hi75,0.3585685395234327,0.07342995169082125,0.78065834767642,0.056045243796810515,0.19446622955177525,0.31512164168472523,0.12065541213294997
fedavg,42,condition,adaptive,cnn-ae,test1,hard_val_p95,0.37052851727593566,0.10338164251207729,0.7712994836488812,0.047995108778723185,0.16450119632486024,0.29841499983320535,0.13391380350834511
fedavg,42,condition,adaptive,cnn-ae,test1,fuzzy_warning_as_alarm_hi50,0.37052851727593566,0.10338164251207729,0.7712994836488812,0.047995108778723185,0.16450119632486024,0.29841499983320535,0.13391380350834511
fedavg,42,condition,adaptive,cnn-ae,test1,fuzzy_fault_only_hi75,0.3443743894858361,0.050241545893719805,0.7914156626506024,0.047995108778723185,0.16450119632486024,0.29841499983320535,0.13391380350834511
fedavg,42,condition,client_specific,cnn-ae,test2,hard_val_p95,0.41056094330755755,0.04219409282700422,0.7415555077452668,0.02453661904509002,0.15456355650026596,0.3493630722067908,0.19479951570652485
fedavg,42,condition,client_specific,cnn-ae,test2,fuzzy_warning_as_alarm_hi50,0.41056094330755755,0.04219409282700422,0.7415555077452668,0.02453661904509002,0.15456355650026596,0.3493630722067908,0.19479951570652485
fedavg,42,condition,client_specific,cnn-ae,test2,fuzzy_fault_only_hi75,0.39912186302785074,0.012658227848101266,0.7506454388984509,0.02453661904509002,0.15456355650026596,0.3493630722067908,0.19479951570652485
fedavg,42,condition,pooled,cnn-ae,test2,hard_val_p95,0.3856739743868027,0.004219409282700422,0.7610800344234079,0.0508258537362579,0.1291233169672728,0.31512164168472523,0.18599832471745242
fedavg,42,condition,pooled,cnn-ae,test2,fuzzy_warning_as_alarm_hi50,0.3856739743868027,0.004219409282700422,0.7610800344234079,0.0508258537362579,0.1291233169672728,0.31512164168472523,0.18599832471745242
fedavg,42,condition,pooled,cnn-ae,test2,fuzzy_fault_only_hi75,0.35977062196735776,0.0,0.78065834767642,0.0508258537362579,0.1291233169672728,0.31512164168472523,0.18599832471745242
fedavg,42,condition,adaptive,cnn-ae,test2,hard_val_p95,0.39554750194149624,0.008438818565400843,0.7534423407917383,0.037495352913059644,0.1371652006325438,0.33152799324962234,0.19436279261707853
fedavg,42,condition,adaptive,cnn-ae,test2,fuzzy_warning_as_alarm_hi50,0.39554750194149624,0.008438818565400843,0.7534423407917383,0.037495352913059644,0.1371652006325438,0.33152799324962234,0.19436279261707853
fedavg,42,condition,adaptive,cnn-ae,test2,fuzzy_fault_only_hi75,0.3804006968641115,0.004219409282700422,0.7651140275387264,0.037495352913059644,0.1371652006325438,0.33152799324962234,0.19436279261707853
fedavg,42,condition,client_specific,cnn-ae,test3,hard_val_p95,0.6706761565836299,0.055994729907773384,0.49316910499139416,0.09900546991546494,0.12465640549529627,0.5428067430697494,0.41815033757445313
fedavg,42,condition,client_specific,cnn-ae,test3,fuzzy_warning_as_alarm_hi50,0.6706761565836299,0.055994729907773384,0.49316910499139416,0.09900546991546494,0.12465640549529627,0.5428067430697494,0.41815033757445313
fedavg,42,condition,client_specific,cnn-ae,test3,fuzzy_fault_only_hi75,0.6330618534008364,0.025032938076416336,0.5359294320137694,0.09900546991546494,0.12465640549529627,0.5428067430697494,0.41815033757445313
fedavg,42,condition,pooled,cnn-ae,test3,hard_val_p95,0.38569071806894156,0.0,0.7610800344234079,0.04664346096469418,0.04861057211594789,0.31512164168472523,0.26651106956877735
fedavg,42,condition,pooled,cnn-ae,test3,fuzzy_warning_as_alarm_hi50,0.38569071806894156,0.0,0.7610800344234079,0.04664346096469418,0.04861057211594789,0.31512164168472523,0.26651106956877735
fedavg,42,condition,pooled,cnn-ae,test3,fuzzy_fault_only_hi75,0.35977062196735776,0.0,0.78065834767642,0.04664346096469418,0.04861057211594789,0.31512164168472523,0.26651106956877735
fedavg,42,condition,adaptive,cnn-ae,test3,hard_val_p95,0.46328057197173206,0.0,0.698526247848537,0.07454002983590254,0.060491840226949985,0.37218474552483677,0.3116929052978868
fedavg,42,condition,adaptive,cnn-ae,test3,fuzzy_warning_as_alarm_hi50,0.46328057197173206,0.0,0.698526247848537,0.07454002983590254,0.060491840226949985,0.37218474552483677,0.3116929052978868
fedavg,42,condition,adaptive,cnn-ae,test3,fuzzy_fault_only_hi75,0.4278707931675968,0.0,0.7278399311531841,0.07454002983590254,0.060491840226949985,0.37218474552483677,0.3116929052978868
fedavg,42,condition,client_specific,cnn-ae,test1,hard_val_p95,0.4234557984188052,0.051207729468599035,0.7306368330464716,0.03525755337035716,0.1261211680452015,0.32377290842760503,0.19765174038240355
fedavg,42,condition,client_specific,cnn-ae,test1,fuzzy_warning_as_alarm_hi50,0.4234557984188052,0.051207729468599035,0.7306368330464716,0.03525755337035716,0.1261211680452015,0.32377290842760503,0.19765174038240355
fedavg,42,condition,client_specific,cnn-ae,test1,fuzzy_fault_only_hi75,0.40406291518450266,0.02608695652173913,0.7464500860585198,0.03525755337035716,0.1261211680452015,0.32377290842760503,0.19765174038240355
fedavg,42,condition,pooled,cnn-ae,test1,hard_val_p95,0.44685268227869124,0.1072463768115942,0.7105744406196214,0.03811076578183115,0.1667367238798456,0.344873575518213,0.17813685163836743
fedavg,42,condition,pooled,cnn-ae,test1,fuzzy_warning_as_alarm_hi50,0.44685268227869124,0.1072463768115942,0.7105744406196214,0.03811076578183115,0.1667367238798456,0.344873575518213,0.17813685163836743
fedavg,42,condition,pooled,cnn-ae,test1,fuzzy_fault_only_hi75,0.4290587492103601,0.057004830917874394,0.7260111876075731,0.03811076578183115,0.1667367238798456,0.344873575518213,0.17813685163836743
fedavg,42,condition,adaptive,cnn-ae,test1,hard_val_p95,0.43916095604211935,0.0821256038647343,0.7173515490533563,0.03683701024099455,0.15075560172648608,0.3375686070937719,0.18681300536728582
fedavg,42,condition,adaptive,cnn-ae,test1,fuzzy_warning_as_alarm_hi50,0.43916095604211935,0.0821256038647343,0.7173515490533563,0.03683701024099455,0.15075560172648608,0.3375686070937719,0.18681300536728582
fedavg,42,condition,adaptive,cnn-ae,test1,fuzzy_fault_only_hi75,0.4210214279664606,0.04927536231884058,0.7326269363166954,0.03683701024099455,0.15075560172648608,0.3375686070937719,0.18681300536728582
fedavg,42,condition,client_specific,cnn-ae,test2,hard_val_p95,0.4349690929733821,0.07172995780590717,0.721815834767642,0.02676722077646184,0.17131235418912985,0.34546884643483305,0.1741564922457032
fedavg,42,condition,client_specific,cnn-ae,test2,fuzzy_warning_as_alarm_hi50,0.4349690929733821,0.07172995780590717,0.721815834767642,0.02676722077646184,0.17131235418912985,0.34546884643483305,0.1741564922457032
fedavg,42,condition,client_specific,cnn-ae,test2,fuzzy_fault_only_hi75,0.4126157654389484,0.02109704641350211,0.7399956970740104,0.02676722077646184,0.17131235418912985,0.34546884643483305,0.1741564922457032
fedavg,42,condition,pooled,cnn-ae,test2,hard_val_p95,0.4481925703814759,0.16455696202531644,0.7105744406196214,0.03744224334802698,0.2321012419633529,0.344873575518213,0.1127723335548601
fedavg,42,condition,pooled,cnn-ae,test2,fuzzy_warning_as_alarm_hi50,0.4481925703814759,0.16455696202531644,0.7105744406196214,0.03744224334802698,0.2321012419633529,0.344873575518213,0.1127723335548601
fedavg,42,condition,pooled,cnn-ae,test2,fuzzy_fault_only_hi75,0.4299459824442944,0.04219409282700422,0.7260111876075731,0.03744224334802698,0.2321012419633529,0.344873575518213,0.1127723335548601
fedavg,42,condition,adaptive,cnn-ae,test2,hard_val_p95,0.4426510558227054,0.12658227848101267,0.7153076592082617,0.032927930320250674,0.20222668832149804,0.34469129181804115,0.1424646034965431
fedavg,42,condition,adaptive,cnn-ae,test2,fuzzy_warning_as_alarm_hi50,0.4426510558227054,0.12658227848101267,0.7153076592082617,0.032927930320250674,0.20222668832149804,0.34469129181804115,0.1424646034965431
fedavg,42,condition,adaptive,cnn-ae,test2,fuzzy_fault_only_hi75,0.423425714043563,0.04219409282700422,0.7312822719449226,0.032927930320250674,0.20222668832149804,0.34469129181804115,0.1424646034965431
fedavg,42,condition,client_specific,cnn-ae,test3,hard_val_p95,0.6525160638221067,0.04743083003952569,0.5138769363166954,0.0720537046245649,0.13159454442221727,0.4992046534881456,0.3676101090659283
fedavg,42,condition,client_specific,cnn-ae,test3,fuzzy_warning_as_alarm_hi50,0.6525160638221067,0.04743083003952569,0.5138769363166954,0.0720537046245649,0.13159454442221727,0.4992046534881456,0.3676101090659283
fedavg,42,condition,client_specific,cnn-ae,test3,fuzzy_fault_only_hi75,0.619102331270153,0.024374176548089592,0.5507745266781411,0.0720537046245649,0.13159454442221727,0.4992046534881456,0.3676101090659283
fedavg,42,condition,pooled,cnn-ae,test3,hard_val_p95,0.4489217035831978,0.0,0.7105744406196214,0.03078070611636002,0.07446935726266372,0.344873575518213,0.2704042182555493
fedavg,42,condition,pooled,cnn-ae,test3,fuzzy_warning_as_alarm_hi50,0.4489217035831978,0.0,0.7105744406196214,0.03078070611636002,0.07446935726266372,0.344873575518213,0.2704042182555493
fedavg,42,condition,pooled,cnn-ae,test3,fuzzy_fault_only_hi75,0.43012750147766615,0.0,0.7260111876075731,0.03078070611636002,0.07446935726266372,0.344873575518213,0.2704042182555493
fedavg,42,condition,adaptive,cnn-ae,test3,hard_val_p95,0.4783106891471599,0.0,0.685671256454389,0.02680258577821979,0.07852039656717,0.36833119163142214,0.2898107950642521
fedavg,42,condition,adaptive,cnn-ae,test3,fuzzy_warning_as_alarm_hi50,0.4783106891471599,0.0,0.685671256454389,0.02680258577821979,0.07852039656717,0.36833119163142214,0.2898107950642521
fedavg,42,condition,adaptive,cnn-ae,test3,fuzzy_fault_only_hi75,0.46404229831880706,0.0,0.6978808089500861,0.02680258577821979,0.07852039656717,0.36833119163142214,0.2898107950642521
fedavg,42,condition,client_specific,cnn-ae,test1,hard_val_p95,0.43571668345082243,0.0463768115942029,0.7207401032702238,0.028481173893106435,0.12528491307458064,0.33054483763198456,0.2052599245574039
fedavg,42,condition,client_specific,cnn-ae,test1,fuzzy_warning_as_alarm_hi50,0.43571668345082243,0.0463768115942029,0.7207401032702238,0.028481173893106435,0.12528491307458064,0.33054483763198456,0.2052599245574039
fedavg,42,condition,client_specific,cnn-ae,test1,fuzzy_fault_only_hi75,0.41969021854445154,0.02705314009661836,0.7340253872633391,0.028481173893106435,0.12528491307458064,0.33054483763198456,0.2052599245574039
fedavg,42,condition,pooled,cnn-ae,test1,hard_val_p95,0.44987551867219916,0.08405797101449275,0.7084229776247849,0.03632750802465991,0.1575412496066109,0.3462711341113644,0.1887298845047535
fedavg,42,condition,pooled,cnn-ae,test1,fuzzy_warning_as_alarm_hi50,0.44987551867219916,0.08405797101449275,0.7084229776247849,0.03632750802465991,0.1575412496066109,0.3462711341113644,0.1887298845047535
fedavg,42,condition,pooled,cnn-ae,test1,fuzzy_fault_only_hi75,0.43702058096156265,0.050241545893719805,0.7196105851979346,0.03632750802465991,0.1575412496066109,0.3462711341113644,0.1887298845047535
fedavg,42,condition,adaptive,cnn-ae,test1,hard_val_p95,0.44431482021582436,0.07439613526570048,0.7132099827882961,0.03301574361848474,0.14522141452742787,0.3408629073791134,0.19564149285168553
fedavg,42,condition,adaptive,cnn-ae,test1,fuzzy_warning_as_alarm_hi50,0.44431482021582436,0.07439613526570048,0.7132099827882961,0.03301574361848474,0.14522141452742787,0.3408629073791134,0.19564149285168553
fedavg,42,condition,adaptive,cnn-ae,test1,fuzzy_fault_only_hi75,0.43242333739957095,0.03961352657004831,0.7235370051635112,0.03301574361848474,0.14522141452742787,0.3408629073791134,0.19564149285168553
fedavg,42,condition,client_specific,cnn-ae,test2,hard_val_p95,0.4326623431314748,0.07172995780590717,0.7236983648881239,0.030484890328748206,0.17073788565168835,0.33906170378581396,0.1683238181341256
fedavg,42,condition,client_specific,cnn-ae,test2,fuzzy_warning_as_alarm_hi50,0.4326623431314748,0.07172995780590717,0.7236983648881239,0.030484890328748206,0.17073788565168835,0.33906170378581396,0.1683238181341256
fedavg,42,condition,client_specific,cnn-ae,test2,fuzzy_fault_only_hi75,0.40516206482593037,0.029535864978902954,0.7458584337349398,0.030484890328748206,0.17073788565168835,0.33906170378581396,0.1683238181341256
fedavg,42,condition,pooled,cnn-ae,test2,hard_val_p95,0.45060471302107147,0.20253164556962025,0.7084229776247849,0.0351585320516225,0.2641470105212698,0.3462711341113644,0.08212412359009458
fedavg,42,condition,pooled,cnn-ae,test2,fuzzy_warning_as_alarm_hi50,0.45060471302107147,0.20253164556962025,0.7084229776247849,0.0351585320516225,0.2641470105212698,0.3462711341113644,0.08212412359009458
fedavg,42,condition,pooled,cnn-ae,test2,fuzzy_fault_only_hi75,0.4375524592915897,0.0970464135021097,0.7196105851979346,0.0351585320516225,0.2641470105212698,0.3462711341113644,0.08212412359009458
fedavg,42,condition,adaptive,cnn-ae,test2,hard_val_p95,0.4421765862227613,0.1308016877637131,0.715684165232358,0.03308725901534867,0.2159907920416205,0.34277886754689657,0.12678807550527607
fedavg,42,condition,adaptive,cnn-ae,test2,fuzzy_warning_as_alarm_hi50,0.4421765862227613,0.1308016877637131,0.715684165232358,0.03308725901534867,0.2159907920416205,0.34277886754689657,0.12678807550527607
fedavg,42,condition,adaptive,cnn-ae,test2,fuzzy_fault_only_hi75,0.4259243590828327,0.05063291139240506,0.7292383820998278,0.03308725901534867,0.2159907920416205,0.34277886754689657,0.12678807550527607
fedavg,42,condition,client_specific,cnn-ae,test3,hard_val_p95,0.6505422993492408,0.046772068511198944,0.5160821858864028,0.0722526106414719,0.13088988101314764,0.4938297518159592,0.36293987080281154
fedavg,42,condition,client_specific,cnn-ae,test3,fuzzy_warning_as_alarm_hi50,0.6505422993492408,0.046772068511198944,0.5160821858864028,0.0722526106414719,0.13088988101314764,0.4938297518159592,0.36293987080281154
fedavg,42,condition,client_specific,cnn-ae,test3,fuzzy_fault_only_hi75,0.6176852573379347,0.022397891963109356,0.5523343373493976,0.0722526106414719,0.13088988101314764,0.4938297518159592,0.36293987080281154
fedavg,42,condition,pooled,cnn-ae,test3,hard_val_p95,0.451505434556282,0.0,0.7084229776247849,0.0286921929388364,0.0747700658465825,0.3462711341113644,0.27150106826478193
fedavg,42,condition,pooled,cnn-ae,test3,fuzzy_warning_as_alarm_hi50,0.451505434556282,0.0,0.7084229776247849,0.0286921929388364,0.0747700658465825,0.3462711341113644,0.27150106826478193
fedavg,42,condition,pooled,cnn-ae,test3,fuzzy_fault_only_hi75,0.4379752152909053,0.0,0.7196105851979346,0.0286921929388364,0.0747700658465825,0.3462711341113644,0.27150106826478193
fedavg,42,condition,adaptive,cnn-ae,test3,hard_val_p95,0.4804871071881002,0.0,0.6837887263339071,0.026056688214818498,0.07889446019384333,0.3684163104324988,0.28952185023865545
fedavg,42,condition,adaptive,cnn-ae,test3,fuzzy_warning_as_alarm_hi50,0.4804871071881002,0.0,0.6837887263339071,0.026056688214818498,0.07889446019384333,0.3684163104324988,0.28952185023865545
fedavg,42,condition,adaptive,cnn-ae,test3,fuzzy_fault_only_hi75,0.46897517190266397,0.0,0.6936854561101549,0.026056688214818498,0.07889446019384333,0.3684163104324988,0.28952185023865545
fedavg-personalized,42,condition,client_specific,cnn-ae,test1,hard_val_p95,0.46402373691584936,0.04251207729468599,0.6971815834767642,0.025627961481632443,0.12391466920890165,0.35481573176693526,0.2309010625580336
fedavg-personalized,42,condition,client_specific,cnn-ae,test1,fuzzy_warning_as_alarm_hi50,0.46402373691584936,0.04251207729468599,0.6971815834767642,0.025627961481632443,0.12391466920890165,0.35481573176693526,0.2309010625580336
fedavg-personalized,42,condition,client_specific,cnn-ae,test1,fuzzy_fault_only_hi75,0.4545718673473623,0.024154589371980676,0.7054647160068847,0.025627961481632443,0.12391466920890165,0.35481573176693526,0.2309010625580336
fedavg-personalized,42,condition,client_specific,cnn-ae,test2,hard_val_p95,0.442509731698129,0.05485232067510549,0.715684165232358,0.020872059057836317,0.17128280024496587,0.36747444080482916,0.1961916405598633
fedavg-personalized,42,condition,client_specific,cnn-ae,test2,fuzzy_warning_as_alarm_hi50,0.442509731698129,0.05485232067510549,0.715684165232358,0.020872059057836317,0.17128280024496587,0.36747444080482916,0.1961916405598633
fedavg-personalized,42,condition,client_specific,cnn-ae,test2,fuzzy_fault_only_hi75,0.4300485334458747,0.03375527426160337,0.7259574010327022,0.020872059057836317,0.17128280024496587,0.36747444080482916,0.1961916405598633
fedavg-personalized,42,condition,client_specific,cnn-ae,test3,hard_val_p95,0.6935274967619981,0.045454545454545456,0.46719018932874357,0.08393833913475883,0.13025361872667476,0.5489262797585336,0.41867266103185885
fedavg-personalized,42,condition,client_specific,cnn-ae,test3,fuzzy_warning_as_alarm_hi50,0.6935274967619981,0.045454545454545456,0.46719018932874357,0.08393833913475883,0.13025361872667476,0.5489262797585336,0.41867266103185885
fedavg-personalized,42,condition,client_specific,cnn-ae,test3,fuzzy_fault_only_hi75,0.656860624414161,0.023715415019762844,0.5100043029259896,0.08393833913475883,0.13025361872667476,0.5489262797585336,0.41867266103185885
fedprox,42,condition,client_specific,cnn-ae,test1,hard_val_p95,0.281790109231691,0.0463768115942029,0.8355744406196214,0.11484179956182809,0.11287734808324625,0.2057259492957965,0.09284860121255024
fedprox,42,condition,client_specific,cnn-ae,test1,fuzzy_warning_as_alarm_hi50,0.281790109231691,0.0463768115942029,0.8355744406196214,0.11484179956182809,0.11287734808324625,0.2057259492957965,0.09284860121255024
fedprox,42,condition,client_specific,cnn-ae,test1,fuzzy_fault_only_hi75,0.19628929903599282,0.024154589371980676,0.8910283993115319,0.11484179956182809,0.11287734808324625,0.2057259492957965,0.09284860121255024
fedprox,42,condition,pooled,cnn-ae,test1,hard_val_p95,0.40859667006455996,0.13719806763285025,0.7412865748709122,0.1166760075406328,0.2021041902273678,0.3125651988491276,0.11046100862175978
fedprox,42,condition,pooled,cnn-ae,test1,fuzzy_warning_as_alarm_hi50,0.40859667006455996,0.13719806763285025,0.7412865748709122,0.1166760075406328,0.2021041902273678,0.3125651988491276,0.11046100862175978
fedprox,42,condition,pooled,cnn-ae,test1,fuzzy_fault_only_hi75,0.33953198683156866,0.06763285024154589,0.794750430292599,0.1166760075406328,0.2021041902273678,0.3125651988491276,0.11046100862175978
fedprox,42,condition,adaptive,cnn-ae,test1,hard_val_p95,0.3678532430661717,0.08888888888888889,0.7735047332185886,0.11733836042186783,0.16025791951951474,0.26957792335401004,0.1093200038344953
fedprox,42,condition,adaptive,cnn-ae,test1,fuzzy_warning_as_alarm_hi50,0.3678532430661717,0.08888888888888889,0.7735047332185886,0.11733836042186783,0.16025791951951474,0.26957792335401004,0.1093200038344953
fedprox,42,condition,adaptive,cnn-ae,test1,fuzzy_fault_only_hi75,0.28248951950983553,0.04734299516908213,0.8350903614457831,0.11733836042186783,0.16025791951951474,0.26957792335401004,0.1093200038344953
fedprox,42,condition,client_specific,cnn-ae,test2,hard_val_p95,0.46568000989405123,0.07172995780590717,0.6962134251290878,0.04949811461044134,0.16794082841258406,0.3800918678859566,0.21215103947337255
fedprox,42,condition,client_specific,cnn-ae,test2,fuzzy_warning_as_alarm_hi50,0.46568000989405123,0.07172995780590717,0.6962134251290878,0.04949811461044134,0.16794082841258406,0.3800918678859566,0.21215103947337255
fedprox,42,condition,client_specific,cnn-ae,test2,fuzzy_fault_only_hi75,0.4415856520281596,0.012658227848101266,0.7165985370051635,0.04949811461044134,0.16794082841258406,0.3800918678859566,0.21215103947337255
fedprox,42,condition,pooled,cnn-ae,test2,hard_val_p95,0.4110584113147887,0.004219409282700422,0.7412865748709122,0.11365446916989749,0.1293853744196628,0.3125651988491276,0.1831798244294648
fedprox,42,condition,pooled,cnn-ae,test2,fuzzy_warning_as_alarm_hi50,0.4110584113147887,0.004219409282700422,0.7412865748709122,0.11365446916989749,0.1293853744196628,0.3125651988491276,0.1831798244294648
fedprox,42,condition,pooled,cnn-ae,test2,fuzzy_fault_only_hi75,0.3405926454837558,0.0,0.794750430292599,0.11365446916989749,0.1293853744196628,0.3125651988491276,0.1831798244294648
fedprox,42,condition,adaptive,cnn-ae,test2,hard_val_p95,0.43522531240796064,0.012658227848101266,0.721815834767642,0.07838971798820968,0.14065930248611253,0.3461304872731712,0.20547118478705867
fedprox,42,condition,adaptive,cnn-ae,test2,fuzzy_warning_as_alarm_hi50,0.43522531240796064,0.012658227848101266,0.721815834767642,0.07838971798820968,0.14065930248611253,0.3461304872731712,0.20547118478705867
fedprox,42,condition,adaptive,cnn-ae,test2,fuzzy_fault_only_hi75,0.39653313785520244,0.004219409282700422,0.7526893287435457,0.07838971798820968,0.14065930248611253,0.3461304872731712,0.20547118478705867
fedprox,42,condition,client_specific,cnn-ae,test3,hard_val_p95,0.6550095540253091,0.04018445322793149,0.5114027538726333,0.10164097463948285,0.10888306387242384,0.5241523021908284,0.41526923831840457
fedprox,42,condition,client_specific,cnn-ae,test3,fuzzy_warning_as_alarm_hi50,0.6550095540253091,0.04018445322793149,0.5114027538726333,0.10164097463948285,0.10888306387242384,0.5241523021908284,0.41526923831840457
fedprox,42,condition,client_specific,cnn-ae,test3,fuzzy_fault_only_hi75,0.6121627664331495,0.019762845849802372,0.558197074010327,0.10164097463948285,0.10888306387242384,0.5241523021908284,0.41526923831840457
fedprox,42,condition,pooled,cnn-ae,test3,hard_val_p95,0.41107597641227245,0.0,0.7412865748709122,0.1052710094480358,0.041943392957522585,0.3125651988491276,0.270621805891605
fedprox,42,condition,pooled,cnn-ae,test3,fuzzy_warning_as_alarm_hi50,0.41107597641227245,0.0,0.7412865748709122,0.1052710094480358,0.041943392957522585,0.3125651988491276,0.270621805891605
fedprox,42,condition,pooled,cnn-ae,test3,fuzzy_fault_only_hi75,0.3405926454837558,0.0,0.794750430292599,0.1052710094480358,0.041943392957522585,0.3125651988491276,0.270621805891605
fedprox,42,condition,adaptive,cnn-ae,test3,hard_val_p95,0.5000201686095761,0.0006587615283267457,0.6666308089500861,0.08413724515166583,0.055470836296097135,0.3916499708657085,0.3361791345696114
fedprox,42,condition,adaptive,cnn-ae,test3,fuzzy_warning_as_alarm_hi50,0.5000201686095761,0.0006587615283267457,0.6666308089500861,0.08413724515166583,0.055470836296097135,0.3916499708657085,0.3361791345696114
fedprox,42,condition,adaptive,cnn-ae,test3,fuzzy_fault_only_hi75,0.45810009536841234,0.0006587615283267457,0.7028829604130808,0.08413724515166583,0.055470836296097135,0.3916499708657085,0.3361791345696114
fedprox,42,condition,client_specific,cnn-ae,test1,hard_val_p95,0.40068625348488096,0.050241545893719805,0.748762908777969,0.037397462678962656,0.12258015859113698,0.31056481499245214,0.18798465640131518
fedprox,42,condition,client_specific,cnn-ae,test1,fuzzy_warning_as_alarm_hi50,0.40068625348488096,0.050241545893719805,0.748762908777969,0.037397462678962656,0.12258015859113698,0.31056481499245214,0.18798465640131518
fedprox,42,condition,client_specific,cnn-ae,test1,fuzzy_fault_only_hi75,0.3837471783295711,0.02318840579710145,0.762263339070568,0.037397462678962656,0.12258015859113698,0.31056481499245214,0.18798465640131518
fedprox,42,condition,pooled,cnn-ae,test1,hard_val_p95,0.4361995487590875,0.1178743961352657,0.7192340791738382,0.04707800478932083,0.17327682495765334,0.3380919257569019,0.16481510079924855
fedprox,42,condition,pooled,cnn-ae,test1,fuzzy_warning_as_alarm_hi50,0.4361995487590875,0.1178743961352657,0.7192340791738382,0.04707800478932083,0.17327682495765334,0.3380919257569019,0.16481510079924855
fedprox,42,condition,pooled,cnn-ae,test1,fuzzy_fault_only_hi75,0.41157693126197065,0.06570048309178744,0.7399419104991394,0.04707800478932083,0.17327682495765334,0.3380919257569019,0.16481510079924855
fedprox,42,condition,adaptive,cnn-ae,test1,hard_val_p95,0.4238181588158394,0.0927536231884058,0.7297224612736661,0.0438681408264126,0.1529158129295919,0.32796665848870565,0.17505084555911377
fedprox,42,condition,adaptive,cnn-ae,test1,fuzzy_warning_as_alarm_hi50,0.4238181588158394,0.0927536231884058,0.7297224612736661,0.0438681408264126,0.1529158129295919,0.32796665848870565,0.17505084555911377
fedprox,42,condition,adaptive,cnn-ae,test1,fuzzy_fault_only_hi75,0.4004976191497576,0.04927536231884058,0.7489242685025818,0.0438681408264126,0.1529158129295919,0.32796665848870565,0.17505084555911377
fedprox,42,condition,client_specific,cnn-ae,test2,hard_val_p95,0.4340106861878918,0.08016877637130802,0.7225688468158348,0.0235806468745021,0.17159937127264185,0.3494112079641489,0.17781183669150702
fedprox,42,condition,client_specific,cnn-ae,test2,fuzzy_warning_as_alarm_hi50,0.4340106861878918,0.08016877637130802,0.7225688468158348,0.0235806468745021,0.17159937127264185,0.3494112079641489,0.17781183669150702
fedprox,42,condition,client_specific,cnn-ae,test2,fuzzy_fault_only_hi75,0.41670213671575723,0.029535864978902954,0.7367147160068847,0.0235806468745021,0.17159937127264185,0.3494112079641489,0.17781183669150702
fedprox,42,condition,pooled,cnn-ae,test2,hard_val_p95,0.4380664652567976,0.08438818565400844,0.7192340791738382,0.04556800679802432,0.18744176531370887,0.3380919257569019,0.15065016044319302
fedprox,42,condition,pooled,cnn-ae,test2,fuzzy_warning_as_alarm_hi50,0.4380664652567976,0.08438818565400844,0.7192340791738382,0.04556800679802432,0.18744176531370887,0.3380919257569019,0.15065016044319302
fedprox,42,condition,pooled,cnn-ae,test2,fuzzy_fault_only_hi75,0.41270112244462465,0.016877637130801686,0.7399419104991394,0.04556800679802432,0.18744176531370887,0.3380919257569019,0.15065016044319302
fedprox,42,condition,adaptive,cnn-ae,test2,hard_val_p95,0.4369515011547344,0.08438818565400844,0.7201484509466437,0.03760157204312497,0.17920398578886823,0.3421978021171613,0.16299381632829305
fedprox,42,condition,adaptive,cnn-ae,test2,fuzzy_warning_as_alarm_hi50,0.4369515011547344,0.08438818565400844,0.7201484509466437,0.03760157204312497,0.17920398578886823,0.3421978021171613,0.16299381632829305
fedprox,42,condition,adaptive,cnn-ae,test2,fuzzy_fault_only_hi75,0.4141724226144794,0.02109704641350211,0.7387586058519794,0.03760157204312497,0.17920398578886823,0.3421978021171613,0.16299381632829305
fedprox,42,condition,client_specific,cnn-ae,test3,hard_val_p95,0.6547970878685216,0.0461133069828722,0.5114027538726333,0.07608155146693188,0.13151793413211876,0.5054811809549449,0.3739632468228261
fedprox,42,condition,client_specific,cnn-ae,test3,fuzzy_warning_as_alarm_hi50,0.6547970878685216,0.0461133069828722,0.5114027538726333,0.07608155146693188,0.13151793413211876,0.5054811809549449,0.3739632468228261
fedprox,42,condition,client_specific,cnn-ae,test3,fuzzy_fault_only_hi75,0.6201940884509963,0.022397891963109356,0.5496987951807228,0.07608155146693188,0.13151793413211876,0.5054811809549449,0.3739632468228261
fedprox,42,condition,pooled,cnn-ae,test3,hard_val_p95,0.4384344028221065,0.0,0.7192340791738382,0.03918448533068125,0.07125656561581302,0.3380919257569019,0.2668353601410889
fedprox,42,condition,pooled,cnn-ae,test3,fuzzy_warning_as_alarm_hi50,0.4384344028221065,0.0,0.7192340791738382,0.03918448533068125,0.07125656561581302,0.3380919257569019,0.2668353601410889
fedprox,42,condition,pooled,cnn-ae,test3,fuzzy_fault_only_hi75,0.4127715883382422,0.0,0.7399419104991394,0.03918448533068125,0.07125656561581302,0.3380919257569019,0.2668353601410889
fedprox,42,condition,adaptive,cnn-ae,test3,hard_val_p95,0.47174386585015,0.0,0.6913188468158348,0.03257086026852312,0.07549140814221503,0.36366121829797976,0.2881698101557647
fedprox,42,condition,adaptive,cnn-ae,test3,fuzzy_warning_as_alarm_hi50,0.47174386585015,0.0,0.6913188468158348,0.03257086026852312,0.07549140814221503,0.36366121829797976,0.2881698101557647
fedprox,42,condition,adaptive,cnn-ae,test3,fuzzy_fault_only_hi75,0.4511829390203266,0.0,0.7086919104991394,0.03257086026852312,0.07549140814221503,0.36366121829797976,0.2881698101557647
fedprox,42,condition,client_specific,cnn-ae,test1,hard_val_p95,0.43342299932750505,0.04251207729468599,0.7226764199655766,0.028735925001273754,0.12305544788234216,0.33038572772247243,0.20733027984013028
fedprox,42,condition,client_specific,cnn-ae,test1,fuzzy_warning_as_alarm_hi50,0.43342299932750505,0.04251207729468599,0.7226764199655766,0.028735925001273754,0.12305544788234216,0.33038572772247243,0.20733027984013028
fedprox,42,condition,client_specific,cnn-ae,test1,fuzzy_fault_only_hi75,0.4217398677293539,0.021256038647342997,0.7324655765920827,0.028735925001273754,0.12305544788234216,0.33038572772247243,0.20733027984013028
fedprox,42,condition,pooled,cnn-ae,test1,hard_val_p95,0.45042504665146177,0.08888888888888889,0.7078851118760757,0.03530850359199063,0.1591536458647506,0.34692621457808037,0.18777256871332978
fedprox,42,condition,pooled,cnn-ae,test1,fuzzy_warning_as_alarm_hi50,0.45042504665146177,0.08888888888888889,0.7078851118760757,0.03530850359199063,0.1591536458647506,0.34692621457808037,0.18777256871332978
fedprox,42,condition,pooled,cnn-ae,test1,fuzzy_fault_only_hi75,0.4375366568914956,0.05410628019323672,0.7191265060240963,0.03530850359199063,0.1591536458647506,0.34692621457808037,0.18777256871332978
fedprox,42,condition,adaptive,cnn-ae,test1,hard_val_p95,0.4455177582545697,0.07246376811594203,0.7122418244406197,0.03291384317521781,0.1454613588518666,0.3412437107395229,0.19578235188765633
fedprox,42,condition,adaptive,cnn-ae,test1,fuzzy_warning_as_alarm_hi50,0.4455177582545697,0.07246376811594203,0.7122418244406197,0.03291384317521781,0.1454613588518666,0.3412437107395229,0.19578235188765633
fedprox,42,condition,adaptive,cnn-ae,test1,fuzzy_fault_only_hi75,0.4319252776842814,0.04154589371980676,0.7239135111876076,0.03291384317521781,0.1454613588518666,0.3412437107395229,0.19578235188765633
fedprox,42,condition,client_specific,cnn-ae,test2,hard_val_p95,0.43174442618114384,0.05485232067510549,0.7245051635111877,0.027616973816984438,0.16908796818026836,0.3416434103117362,0.1725554421314678
fedprox,42,condition,client_specific,cnn-ae,test2,fuzzy_warning_as_alarm_hi50,0.43174442618114384,0.05485232067510549,0.7245051635111877,0.027616973816984438,0.16908796818026836,0.3416434103117362,0.1725554421314678
fedprox,42,condition,client_specific,cnn-ae,test2,fuzzy_fault_only_hi75,0.41174963709333107,0.03375527426160337,0.7406411359724613,0.027616973816984438,0.16908796818026836,0.3416434103117362,0.1725554421314678
fedprox,42,condition,pooled,cnn-ae,test2,hard_val_p95,0.45121090017862336,0.2109704641350211,0.7078851118760757,0.034574326836263214,0.2613060361413115,0.34692621457808037,0.08562017843676889
fedprox,42,condition,pooled,cnn-ae,test2,fuzzy_warning_as_alarm_hi50,0.45121090017862336,0.2109704641350211,0.7078851118760757,0.034574326836263214,0.2613060361413115,0.34692621457808037,0.08562017843676889
fedprox,42,condition,pooled,cnn-ae,test2,fuzzy_fault_only_hi75,0.4382159191037637,0.08016877637130802,0.7191265060240963,0.034574326836263214,0.2613060361413115,0.34692621457808037,0.08562017843676889
fedprox,42,condition,adaptive,cnn-ae,test2,hard_val_p95,0.4440173796791444,0.12658227848101267,0.7141781411359724,0.03154708162940145,0.212856802697997,0.3442274421315038,0.1313706394335068
fedprox,42,condition,adaptive,cnn-ae,test2,fuzzy_warning_as_alarm_hi50,0.4440173796791444,0.12658227848101267,0.7141781411359724,0.03154708162940145,0.212856802697997,0.3442274421315038,0.1313706394335068
fedprox,42,condition,adaptive,cnn-ae,test2,fuzzy_fault_only_hi75,0.42811879515018375,0.05063291139240506,0.7274634251290878,0.03154708162940145,0.212856802697997,0.3442274421315038,0.1313706394335068
fedprox,42,condition,client_specific,cnn-ae,test3,hard_val_p95,0.6481904140854255,0.04281949934123847,0.5188253012048193,0.0739433117851815,0.12976092849746595,0.49130211375636407,0.3615411852588981
fedprox,42,condition,client_specific,cnn-ae,test3,fuzzy_warning_as_alarm_hi50,0.6481904140854255,0.04281949934123847,0.5188253012048193,0.0739433117851815,0.12976092849746595,0.49130211375636407,0.3615411852588981
fedprox,42,condition,client_specific,cnn-ae,test3,fuzzy_fault_only_hi75,0.615699100572363,0.020421607378129116,0.5544858003442341,0.0739433117851815,0.12976092849746595,0.49130211375636407,0.3615411852588981
fedprox,42,condition,pooled,cnn-ae,test3,hard_val_p95,0.4521500228947259,0.0,0.7078851118760757,0.02799602187966186,0.07547114880141308,0.34692621457808037,0.2714550657766673
fedprox,42,condition,pooled,cnn-ae,test3,fuzzy_warning_as_alarm_hi50,0.4521500228947259,0.0,0.7078851118760757,0.02799602187966186,0.07547114880141308,0.34692621457808037,0.2714550657766673
fedprox,42,condition,pooled,cnn-ae,test3,fuzzy_fault_only_hi75,0.4385655496766608,0.0,0.7191265060240963,0.02799602187966186,0.07547114880141308,0.34692621457808037,0.2714550657766673
fedprox,42,condition,adaptive,cnn-ae,test3,hard_val_p95,0.48432723270696615,0.0,0.6804539586919105,0.02625559423172551,0.07973881708837088,0.37045472186713513,0.29071590477876424
fedprox,42,condition,adaptive,cnn-ae,test3,fuzzy_warning_as_alarm_hi50,0.48432723270696615,0.0,0.6804539586919105,0.02625559423172551,0.07973881708837088,0.37045472186713513,0.29071590477876424
fedprox,42,condition,adaptive,cnn-ae,test3,fuzzy_fault_only_hi75,0.4716182333840273,0.0,0.6914264199655766,0.02625559423172551,0.07973881708837088,0.37045472186713513,0.29071590477876424
fedprox-personalized,42,condition,client_specific,cnn-ae,test1,hard_val_p95,0.4645474759120481,0.051207729468599035,0.6965899311531841,0.025475110816732052,0.12656245813812442,0.35339156178917025,0.22682910365104583
fedprox-personalized,42,condition,client_specific,cnn-ae,test1,fuzzy_warning_as_alarm_hi50,0.4645474759120481,0.051207729468599035,0.6965899311531841,0.025475110816732052,0.12656245813812442,0.35339156178917025,0.22682910365104583
fedprox-personalized,42,condition,client_specific,cnn-ae,test1,fuzzy_fault_only_hi75,0.45232355141740793,0.024154589371980676,0.7073472461273667,0.025475110816732052,0.12656245813812442,0.35339156178917025,0.22682910365104583
fedprox-personalized,42,condition,client_specific,cnn-ae,test2,hard_val_p95,0.44315234669120723,0.07172995780590717,0.715092512908778,0.017048170375484624,0.173854440626645,0.36631136637805595,0.19245692575141093
fedprox-personalized,42,condition,client_specific,cnn-ae,test2,fuzzy_warning_as_alarm_hi50,0.44315234669120723,0.07172995780590717,0.715092512908778,0.017048170375484624,0.173854440626645,0.36631136637805595,0.19245692575141093
fedprox-personalized,42,condition,client_specific,cnn-ae,test2,fuzzy_fault_only_hi75,0.43342036553524804,0.03375527426160337,0.7232142857142857,0.017048170375484624,0.173854440626645,0.36631136637805595,0.19245692575141093
fedprox-personalized,42,condition,client_specific,cnn-ae,test3,hard_val_p95,0.6692351598173516,0.039525691699604744,0.4954819277108434,0.09085032322227747,0.12694170657166687,0.5236724906344766,0.39673078406280976
fedprox-personalized,42,condition,client_specific,cnn-ae,test3,fuzzy_warning_as_alarm_hi50,0.6692351598173516,0.039525691699604744,0.4954819277108434,0.09085032322227747,0.12694170657166687,0.5236724906344766,0.39673078406280976
fedprox-personalized,42,condition,client_specific,cnn-ae,test3,fuzzy_fault_only_hi75,0.6298285630196454,0.019762845849802372,0.5395869191049913,0.09085032322227747,0.12694170657166687,0.5236724906344766,0.39673078406280976
fedbn,42,condition,client_specific,cnn-ae,test1,hard_val_p95,0.4847795163584637,0.04734299516908213,0.6792168674698795,0.04926886431955979,0.12248738109209775,0.37682548387314396,0.2543381027810462
fedbn,42,condition,client_specific,cnn-ae,test1,fuzzy_warning_as_alarm_hi50,0.4847795163584637,0.04734299516908213,0.6792168674698795,0.04926886431955979,0.12248738109209775,0.37682548387314396,0.2543381027810462
fedbn,42,condition,client_specific,cnn-ae,test1,fuzzy_fault_only_hi75,0.4607940446650124,0.01642512077294686,0.700354991394148,0.04926886431955979,0.12248738109209775,0.37682548387314396,0.2543381027810462
fedbn,42,condition,pooled,cnn-ae,test1,hard_val_p95,0.0,0.0,1.0,0.10536505833800378,0.05808363582482314,0.11151370040487851,0.05343006458005537
fedbn,42,condition,pooled,cnn-ae,test1,fuzzy_warning_as_alarm_hi50,0.0,0.0,1.0,0.10536505833800378,0.05808363582482314,0.11151370040487851,0.05343006458005537
fedbn,42,condition,pooled,cnn-ae,test1,fuzzy_fault_only_hi75,0.0,0.0,1.0,0.10536505833800378,0.05808363582482314,0.11151370040487851,0.05343006458005537
fedbn,42,condition,adaptive,cnn-ae,test1,hard_val_p95,0.005899072236820936,0.0,0.9970417383820999,0.19396749375859784,0.06690867132948528,0.13287365557939226,0.06596498424990699
fedbn,42,condition,adaptive,cnn-ae,test1,fuzzy_warning_as_alarm_hi50,0.005899072236820936,0.0,0.9970417383820999,0.19396749375859784,0.06690867132948528,0.13287365557939226,0.06596498424990699
fedbn,42,condition,adaptive,cnn-ae,test1,fuzzy_fault_only_hi75,0.0033292165601675346,0.0,0.9983326161790017,0.19396749375859784,0.06690867132948528,0.13287365557939226,0.06596498424990699
fedbn,42,condition,client_specific,cnn-ae,test2,hard_val_p95,0.1736953213216162,0.03375527426160337,0.9048515490533563,0.12305486218067874,0.09155246525908857,0.16180543371246153,0.07025296845337296
fedbn,42,condition,client_specific,cnn-ae,test2,fuzzy_warning_as_alarm_hi50,0.1736953213216162,0.03375527426160337,0.9048515490533563,0.12305486218067874,0.09155246525908857,0.16180543371246153,0.07025296845337296
fedbn,42,condition,client_specific,cnn-ae,test2,fuzzy_fault_only_hi75,0.11914635379791645,0.016877637130801686,0.9366394148020654,0.12305486218067874,0.09155246525908857,0.16180543371246153,0.07025296845337296
fedbn,42,condition,pooled,cnn-ae,test2,hard_val_p95,0.7919393841689505,0.5991561181434599,0.33944707401032703,0.5433639598491689,0.6697175366435427,0.723322619153521,0.05360508250997831
fedbn,42,condition,pooled,cnn-ae,test2,fuzzy_warning_as_alarm_hi50,0.7919393841689505,0.5991561181434599,0.33944707401032703,0.5433639598491689,0.6697175366435427,0.723322619153521,0.05360508250997831
fedbn,42,condition,pooled,cnn-ae,test2,fuzzy_fault_only_hi75,0.6266274365575579,0.3333333333333333,0.5417921686746988,0.5433639598491689,0.6697175366435427,0.723322619153521,0.05360508250997831
fedbn,42,condition,adaptive,cnn-ae,test2,hard_val_p95,0.2564414878665792,0.07172995780590717,0.8527861445783133,0.7004089436507515,0.34073943861824113,0.39526272513839295,0.054523286520151815
fedbn,42,condition,adaptive,cnn-ae,test2,fuzzy_warning_as_alarm_hi50,0.2564414878665792,0.07172995780590717,0.8527861445783133,0.7004089436507515,0.34073943861824113,0.39526272513839295,0.054523286520151815
fedbn,42,condition,adaptive,cnn-ae,test2,fuzzy_fault_only_hi75,0.1729777515839104,0.03375527426160337,0.9052818416523236,0.7004089436507515,0.34073943861824113,0.39526272513839295,0.054523286520151815
fedbn,42,condition,client_specific,cnn-ae,test3,hard_val_p95,0.7732684338617378,0.03820816864295125,0.3676850258175559,0.09701640974639483,0.11644384967088633,0.6484362138602503,0.531992364189364
fedbn,42,condition,client_specific,cnn-ae,test3,fuzzy_warning_as_alarm_hi50,0.7732684338617378,0.03820816864295125,0.3676850258175559,0.09701640974639483,0.11644384967088633,0.6484362138602503,0.531992364189364
fedbn,42,condition,client_specific,cnn-ae,test3,fuzzy_fault_only_hi75,0.7392231891910196,0.015810276679841896,0.4129195352839931,0.09701640974639483,0.11644384967088633,0.6484362138602503,0.531992364189364
fedbn,42,condition,pooled,cnn-ae,test3,hard_val_p95,0.0,0.0,1.0,0.21859771258080557,0.025062181118513206,0.14061363827720277,0.11555145715868957
fedbn,42,condition,pooled,cnn-ae,test3,fuzzy_warning_as_alarm_hi50,0.0,0.0,1.0,0.21859771258080557,0.025062181118513206,0.14061363827720277,0.11555145715868957
fedbn,42,condition,pooled,cnn-ae,test3,fuzzy_fault_only_hi75,0.0,0.0,1.0,0.21859771258080557,0.025062181118513206,0.14061363827720277,0.11555145715868957
fedbn,42,condition,adaptive,cnn-ae,test3,hard_val_p95,0.32617600720234075,0.0,0.805131239242685,0.24361014420686225,0.04112510503733623,0.30245700079689763,0.2613318957595614
fedbn,42,condition,adaptive,cnn-ae,test3,fuzzy_warning_as_alarm_hi50,0.32617600720234075,0.0,0.805131239242685,0.24361014420686225,0.04112510503733623,0.30245700079689763,0.2613318957595614
fedbn,42,condition,adaptive,cnn-ae,test3,fuzzy_fault_only_hi75,0.2637280537915577,0.0,0.8481067125645438,0.24361014420686225,0.04112510503733623,0.30245700079689763,0.2613318957595614
fedbn,42,condition,client_specific,cnn-ae,test1,hard_val_p95,0.47173601147776184,0.04734299516908213,0.6905120481927711,0.027971671676771795,0.12467122167684488,0.3623244895147905,0.23765326783794563
fedbn,42,condition,client_specific,cnn-ae,test1,fuzzy_warning_as_alarm_hi50,0.47173601147776184,0.04734299516908213,0.6905120481927711,0.027971671676771795,0.12467122167684488,0.3623244895147905,0.23765326783794563
fedbn,42,condition,client_specific,cnn-ae,test1,fuzzy_fault_only_hi75,0.46003060253918365,0.02608695652173913,0.7008390705679862,0.027971671676771795,0.12467122167684488,0.3623244895147905,0.23765326783794563
fedbn,42,condition,pooled,cnn-ae,test1,hard_val_p95,0.47161070798999716,0.04734299516908213,0.6906196213425129,0.059764609976053394,0.12836288387829997,0.36161037404040824,0.23324749016210827
fedbn,42,condition,pooled,cnn-ae,test1,fuzzy_warning_as_alarm_hi50,0.47161070798999716,0.04734299516908213,0.6906196213425129,0.059764609976053394,0.12836288387829997,0.36161037404040824,0.23324749016210827
fedbn,42,condition,pooled,cnn-ae,test1,fuzzy_fault_only_hi75,0.4488162720906969,0.015458937198067632,0.7104130808950087,0.059764609976053394,0.12836288387829997,0.36161037404040824,0.23324749016210827
fedbn,42,condition,adaptive,cnn-ae,test1,hard_val_p95,0.47161070798999716,0.04734299516908213,0.6906196213425129,0.048300810108523974,0.12683155373546795,0.3618392298569172,0.23500767612144924
fedbn,42,condition,adaptive,cnn-ae,test1,fuzzy_warning_as_alarm_hi50,0.47161070798999716,0.04734299516908213,0.6906196213425129,0.048300810108523974,0.12683155373546795,0.3618392298569172,0.23500767612144924
fedbn,42,condition,adaptive,cnn-ae,test1,fuzzy_fault_only_hi75,0.4527392135672126,0.01932367149758454,0.7070783132530121,0.048300810108523974,0.12683155373546795,0.3618392298569172,0.23500767612144924
fedbn,42,condition,client_specific,cnn-ae,test2,hard_val_p95,0.5394334144236052,0.08438818565400844,0.6302710843373494,0.02963513728822561,0.177041052885037,0.4490746592243963,0.27203360633935936
fedbn,42,condition,client_specific,cnn-ae,test2,fuzzy_warning_as_alarm_hi50,0.5394334144236052,0.08438818565400844,0.6302710843373494,0.02963513728822561,0.177041052885037,0.4490746592243963,0.27203360633935936
fedbn,42,condition,client_specific,cnn-ae,test2,fuzzy_fault_only_hi75,0.519836059050575,0.029535864978902954,0.6486660929432013,0.02963513728822561,0.177041052885037,0.4490746592243963,0.27203360633935936
fedbn,42,condition,pooled,cnn-ae,test2,hard_val_p95,0.5902170636116973,0.4767932489451477,0.5787973321858864,0.05512772850390355,0.4275246959068745,0.4925135449116811,0.06498884900480661
fedbn,42,condition,pooled,cnn-ae,test2,fuzzy_warning_as_alarm_hi50,0.5902170636116973,0.4767932489451477,0.5787973321858864,0.05512772850390355,0.4275246959068745,0.4925135449116811,0.06498884900480661
fedbn,42,condition,pooled,cnn-ae,test2,fuzzy_fault_only_hi75,0.5739276574615179,0.3206751054852321,0.5959014629948365,0.05512772850390355,0.4275246959068745,0.4925135449116811,0.06498884900480661
fedbn,42,condition,adaptive,cnn-ae,test2,hard_val_p95,0.5816318785578748,0.4008438818565401,0.5878334767641996,0.04848903287482075,0.37647548263904995,0.4840711154639615,0.10759563282491152
fedbn,42,condition,adaptive,cnn-ae,test2,fuzzy_warning_as_alarm_hi50,0.5816318785578748,0.4008438818565401,0.5878334767641996,0.04848903287482075,0.37647548263904995,0.4840711154639615,0.10759563282491152
fedbn,42,condition,adaptive,cnn-ae,test2,fuzzy_fault_only_hi75,0.5640907165684802,0.22784810126582278,0.606013339070568,0.04848903287482075,0.37647548263904995,0.4840711154639615,0.10759563282491152
fedbn,42,condition,client_specific,cnn-ae,test3,hard_val_p95,0.7094543191092053,0.04479578392621871,0.4482573149741824,0.08781700646444555,0.1295457992426903,0.5696037525513878,0.44005795330869757
fedbn,42,condition,client_specific,cnn-ae,test3,fuzzy_warning_as_alarm_hi50,0.7094543191092053,0.04479578392621871,0.4482573149741824,0.08781700646444555,0.1295457992426903,0.5696037525513878,0.44005795330869757
fedbn,42,condition,client_specific,cnn-ae,test3,fuzzy_fault_only_hi75,0.6740477038091848,0.020421607378129116,0.490802495697074,0.08781700646444555,0.1295457992426903,0.5696037525513878,0.44005795330869757
fedbn,42,condition,pooled,cnn-ae,test3,hard_val_p95,0.5006451612903225,0.0,0.6660929432013769,0.049627051218299356,0.07408676811431242,0.3994781974406305,0.3253914293263181
fedbn,42,condition,pooled,cnn-ae,test3,fuzzy_warning_as_alarm_hi50,0.5006451612903225,0.0,0.6660929432013769,0.049627051218299356,0.07408676811431242,0.3994781974406305,0.3253914293263181
fedbn,42,condition,pooled,cnn-ae,test3,fuzzy_fault_only_hi75,0.47787465716975724,0.0,0.6860477624784854,0.049627051218299356,0.07408676811431242,0.3994781974406305,0.3253914293263181
fedbn,42,condition,adaptive,cnn-ae,test3,hard_val_p95,0.5336382995504377,0.0,0.6360800344234079,0.03893585280954749,0.07824205631663973,0.4261984138747672,0.3479563575581275
fedbn,42,condition,adaptive,cnn-ae,test3,fuzzy_warning_as_alarm_hi50,0.5336382995504377,0.0,0.6360800344234079,0.03893585280954749,0.07824205631663973,0.4261984138747672,0.3479563575581275
fedbn,42,condition,adaptive,cnn-ae,test3,fuzzy_fault_only_hi75,0.5159642401021711,0.0,0.6523235800344234,0.03893585280954749,0.07824205631663973,0.4261984138747672,0.3479563575581275
fedbn,42,condition,client_specific,cnn-ae,test1,hard_val_p95,0.4660769389014606,0.04734299516908213,0.6953528399311532,0.024914658378763947,0.12514688356152018,0.3567554835474145,0.2316085999858943
fedbn,42,condition,client_specific,cnn-ae,test1,fuzzy_warning_as_alarm_hi50,0.4660769389014606,0.04734299516908213,0.6953528399311532,0.024914658378763947,0.12514688356152018,0.3567554835474145,0.2316085999858943
fedbn,42,condition,client_specific,cnn-ae,test1,fuzzy_fault_only_hi75,0.45484339348682845,0.02995169082125604,0.7051419965576592,0.024914658378763947,0.12514688356152018,0.3567554835474145,0.2316085999858943
fedbn,42,condition,pooled,cnn-ae,test1,hard_val_p95,0.4663732466784583,0.04830917874396135,0.6950839070567987,0.04921791409792633,0.13136978307356983,0.35758884179665745,0.22621905872308762
fedbn,42,condition,pooled,cnn-ae,test1,fuzzy_warning_as_alarm_hi50,0.4663732466784583,0.04830917874396135,0.6950839070567987,0.04921791409792633,0.13136978307356983,0.35758884179665745,0.22621905872308762
fedbn,42,condition,pooled,cnn-ae,test1,fuzzy_fault_only_hi75,0.44670728653701697,0.017391304347826087,0.7121342512908778,0.04921791409792633,0.13136978307356983,0.35758884179665745,0.22621905872308762
fedbn,42,condition,adaptive,cnn-ae,test1,hard_val_p95,0.4663101604278075,0.04830917874396135,0.6951376936316696,0.040250675090436644,0.12907627520847437,0.3572272346346665,0.22815095942619212
fedbn,42,condition,adaptive,cnn-ae,test1,fuzzy_warning_as_alarm_hi50,0.4663101604278075,0.04830917874396135,0.6951376936316696,0.040250675090436644,0.12907627520847437,0.3572272346346665,0.22815095942619212
fedbn,42,condition,adaptive,cnn-ae,test1,fuzzy_fault_only_hi75,0.44933150068724226,0.022222222222222223,0.7098752151462995,0.040250675090436644,0.12907627520847437,0.3572272346346665,0.22815095942619212
fedbn,42,condition,client_specific,cnn-ae,test2,hard_val_p95,0.48604670083801155,0.06751054852320675,0.6786790017211703,0.021243826013064952,0.16957410913772378,0.4015117123148234,0.23193760317709963
fedbn,42,condition,client_specific,cnn-ae,test2,fuzzy_warning_as_alarm_hi50,0.48604670083801155,0.06751054852320675,0.6786790017211703,0.021243826013064952,0.16957410913772378,0.4015117123148234,0.23193760317709963
fedbn,42,condition,client_specific,cnn-ae,test2,fuzzy_fault_only_hi75,0.4731571170579544,0.03375527426160337,0.689974182444062,0.021243826013064952,0.16957410913772378,0.4015117123148234,0.23193760317709963
fedbn,42,condition,pooled,cnn-ae,test2,hard_val_p95,0.5314586442541827,0.4388185654008439,0.6360800344234079,0.04641775983854692,0.4091876488880355,0.4302817566547721,0.02109410776673659
fedbn,42,condition,pooled,cnn-ae,test2,fuzzy_warning_as_alarm_hi50,0.5314586442541827,0.4388185654008439,0.6360800344234079,0.04641775983854692,0.4091876488880355,0.4302817566547721,0.02109410776673659
fedbn,42,condition,pooled,cnn-ae,test2,fuzzy_fault_only_hi75,0.514269792620308,0.29957805907172996,0.6525387263339071,0.04641775983854692,0.4091876488880355,0.4302817566547721,0.02109410776673659
fedbn,42,condition,adaptive,cnn-ae,test2,hard_val_p95,0.5128736548425668,0.270042194092827,0.6539371772805508,0.03914174942907218,0.3014361400343392,0.41821629228024826,0.11678015224590904
fedbn,42,condition,adaptive,cnn-ae,test2,fuzzy_warning_as_alarm_hi50,0.5128736548425668,0.270042194092827,0.6539371772805508,0.03914174942907218,0.3014361400343392,0.41821629228024826,0.11678015224590904
fedbn,42,condition,adaptive,cnn-ae,test2,fuzzy_fault_only_hi75,0.49844814381877545,0.14345991561181434,0.6674376075731497,0.03914174942907218,0.3014361400343392,0.41821629228024826,0.11678015224590904
fedbn,42,condition,client_specific,cnn-ae,test3,hard_val_p95,0.7030315672368238,0.04018445322793149,0.45616394148020656,0.08552958727001492,0.12581545021232035,0.5642710652002227,0.4384556149879024
fedbn,42,condition,client_specific,cnn-ae,test3,fuzzy_warning_as_alarm_hi50,0.7030315672368238,0.04018445322793149,0.45616394148020656,0.08552958727001492,0.12581545021232035,0.5642710652002227,0.4384556149879024
fedbn,42,condition,client_specific,cnn-ae,test3,fuzzy_fault_only_hi75,0.6695,0.0230566534914361,0.49585843373493976,0.08552958727001492,0.12581545021232035,0.5642710652002227,0.4384556149879024
fedbn,42,condition,pooled,cnn-ae,test3,hard_val_p95,0.4896218367927211,0.0,0.6758283132530121,0.048731974142217804,0.07514786742808079,0.3914676032273477,0.3163197357992669
fedbn,42,condition,pooled,cnn-ae,test3,fuzzy_warning_as_alarm_hi50,0.4896218367927211,0.0,0.6758283132530121,0.048731974142217804,0.07514786742808079,0.3914676032273477,0.3163197357992669
fedbn,42,condition,pooled,cnn-ae,test3,fuzzy_fault_only_hi75,0.4660698816055443,0.0,0.6961596385542169,0.048731974142217804,0.07514786742808079,0.3914676032273477,0.3163197357992669
fedbn,42,condition,adaptive,cnn-ae,test3,hard_val_p95,0.5336961236641823,0.0,0.636026247848537,0.0338637493784187,0.07966878649607397,0.42611581846359736,0.3464470319675234
fedbn,42,condition,adaptive,cnn-ae,test3,fuzzy_warning_as_alarm_hi50,0.5336961236641823,0.0,0.636026247848537,0.0338637493784187,0.07966878649607397,0.42611581846359736,0.3464470319675234
fedbn,42,condition,adaptive,cnn-ae,test3,fuzzy_fault_only_hi75,0.5176798883795096,0.0,0.6507637693631669,0.0338637493784187,0.07966878649607397,0.42611581846359736,0.3464470319675234
fedbn-personalized,42,condition,client_specific,cnn-ae,test1,hard_val_p95,0.46136063408190225,0.04251207729468599,0.6994406196213425,0.02435420594079584,0.12389197611777691,0.3530017256013117,0.2291097494835348
fedbn-personalized,42,condition,client_specific,cnn-ae,test1,fuzzy_warning_as_alarm_hi50,0.46136063408190225,0.04251207729468599,0.6994406196213425,0.02435420594079584,0.12389197611777691,0.3530017256013117,0.2291097494835348
fedbn-personalized,42,condition,client_specific,cnn-ae,test1,fuzzy_fault_only_hi75,0.45189989190986946,0.02608695652173913,0.7076699655765921,0.02435420594079584,0.12389197611777691,0.3530017256013117,0.2291097494835348
fedbn-personalized,42,condition,client_specific,cnn-ae,test2,hard_val_p95,0.4546398173136807,0.0759493670886076,0.7055185025817556,0.019119443411758457,0.18023763155885753,0.3758652298663118,0.1956275983074543
fedbn-personalized,42,condition,client_specific,cnn-ae,test2,fuzzy_warning_as_alarm_hi50,0.4546398173136807,0.0759493670886076,0.7055185025817556,0.019119443411758457,0.18023763155885753,0.3758652298663118,0.1956275983074543
fedbn-personalized,42,condition,client_specific,cnn-ae,test2,fuzzy_fault_only_hi75,0.4403923541247485,0.046413502109704644,0.7174591222030982,0.019119443411758457,0.18023763155885753,0.3758652298663118,0.1956275983074543
fedbn-personalized,42,condition,client_specific,cnn-ae,test3,hard_val_p95,0.6958101827585002,0.045454545454545456,0.46450086058519796,0.08602685231228245,0.12892805080882072,0.5523108192292786,0.42338276842045786
fedbn-personalized,42,condition,client_specific,cnn-ae,test3,fuzzy_warning_as_alarm_hi50,0.6958101827585002,0.045454545454545456,0.46450086058519796,0.08602685231228245,0.12892805080882072,0.5523108192292786,0.42338276842045786
fedbn-personalized,42,condition,client_specific,cnn-ae,test3,fuzzy_fault_only_hi75,0.6578767246658741,0.023715415019762844,0.5088747848537005,0.08602685231228245,0.12892805080882072,0.5523108192292786,0.42338276842045786
